ISO-10303-21;
HEADER;
FILE_DESCRIPTION (( 'STEP AP214' ),
    '1' );
FILE_NAME ('MSS1038t.STEP',
    '2010-11-18T16:36:19',
    ( '' ),
    ( '' ),
    'SwSTEP 2.0',
    'SolidWorks 2009',
    '' );
FILE_SCHEMA (( 'AUTOMOTIVE_DESIGN' ));
ENDSEC;

DATA;
#1 = ORIENTED_EDGE ( 'NONE', *, *, #98, .T. ) ;
#2 = ORIENTED_EDGE ( 'NONE', *, *, #88, .T. ) ;
#3 = ORIENTED_EDGE ( 'NONE', *, *, #3603, .F. ) ;
#4 = ORIENTED_EDGE ( 'NONE', *, *, #83, .T. ) ;
#5 = ORIENTED_EDGE ( 'NONE', *, *, #93, .T. ) ;
#6 = VERTEX_POINT ( 'NONE', #960 ) ;
#7 = VERTEX_POINT ( 'NONE', #959 ) ;
#8 = ORIENTED_EDGE ( 'NONE', *, *, #527, .T. ) ;
#9 = ORIENTED_EDGE ( 'NONE', *, *, #325, .F. ) ;
#10 = EDGE_LOOP ( 'NONE', ( #5, #2, #1, #3784 ) ) ;
#11 = ORIENTED_EDGE ( 'NONE', *, *, #12, .T. ) ;
#12 = EDGE_CURVE ( 'NONE', #7, #6, #958, .T. ) ;
#13 = ORIENTED_EDGE ( 'NONE', *, *, #573, .F. ) ;
#14 = ORIENTED_EDGE ( 'NONE', *, *, #553, .F. ) ;
#15 = EDGE_CURVE ( 'NONE', #3779, #7, #954, .T. ) ;
#16 = ADVANCED_FACE ( 'NONE', ( #949 ), #996, .F. ) ;
#17 = ORIENTED_EDGE ( 'NONE', *, *, #582, .F. ) ;
#18 = ORIENTED_EDGE ( 'NONE', *, *, #519, .T. ) ;
#19 = EDGE_CURVE ( 'NONE', #3605, #529, #991, .T. ) ;
#20 = ORIENTED_EDGE ( 'NONE', *, *, #19, .T. ) ;
#21 = ORIENTED_EDGE ( 'NONE', *, *, #590, .F. ) ;
#22 = ORIENTED_EDGE ( 'NONE', *, *, #607, .F. ) ;
#23 = VERTEX_POINT ( 'NONE', #987 ) ;
#24 = EDGE_LOOP ( 'NONE', ( #3686, #3706, #3678, #3649 ) ) ;
#25 = EDGE_CURVE ( 'NONE', #107, #164, #985, .T. ) ;
#26 = ORIENTED_EDGE ( 'NONE', *, *, #25, .T. ) ;
#27 = ORIENTED_EDGE ( 'NONE', *, *, #117, .T. ) ;
#28 = ORIENTED_EDGE ( 'NONE', *, *, #2279, .T. ) ;
#29 = EDGE_LOOP ( 'NONE', ( #30, #28, #27, #26 ) ) ;
#30 = ORIENTED_EDGE ( 'NONE', *, *, #33, .T. ) ;
#31 = ADVANCED_FACE ( 'NONE', ( #981 ), #1018, .F. ) ;
#32 = ORIENTED_EDGE ( 'NONE', *, *, #33, .F. ) ;
#33 = EDGE_CURVE ( 'NONE', #164, #23, #1013, .T. ) ;
#34 = ORIENTED_EDGE ( 'NONE', *, *, #45, .T. ) ;
#35 = VERTEX_POINT ( 'NONE', #1009 ) ;
#36 = ORIENTED_EDGE ( 'NONE', *, *, #869, .T. ) ;
#37 = ORIENTED_EDGE ( 'NONE', *, *, #143, .T. ) ;
#38 = VERTEX_POINT ( 'NONE', #1008 ) ;
#39 = ORIENTED_EDGE ( 'NONE', *, *, #40, .T. ) ;
#40 = EDGE_CURVE ( 'NONE', #38, #42, #1007, .T. ) ;
#41 = ORIENTED_EDGE ( 'NONE', *, *, #47, .T. ) ;
#42 = VERTEX_POINT ( 'NONE', #1003 ) ;
#43 = ORIENTED_EDGE ( 'NONE', *, *, #381, .T. ) ;
#44 = ORIENTED_EDGE ( 'NONE', *, *, #300, .T. ) ;
#45 = EDGE_CURVE ( 'NONE', #876, #38, #1002, .T. ) ;
#46 = ORIENTED_EDGE ( 'NONE', *, *, #462, .T. ) ;
#47 = EDGE_CURVE ( 'NONE', #324, #35, #1053, .T. ) ;
#48 = ORIENTED_EDGE ( 'NONE', *, *, #451, .T. ) ;
#49 = ORIENTED_EDGE ( 'NONE', *, *, #486, .T. ) ;
#50 = ORIENTED_EDGE ( 'NONE', *, *, #472, .T. ) ;
#51 = EDGE_CURVE ( 'NONE', #69, #96, #1049, .T. ) ;
#52 = EDGE_LOOP ( 'NONE', ( #50, #49, #48, #36, #34, #39, #73, #74 ) ) ;
#53 = ADVANCED_FACE ( 'NONE', ( #1044 ), #1029, .F. ) ;
#54 = ORIENTED_EDGE ( 'NONE', *, *, #321, .T. ) ;
#55 = ORIENTED_EDGE ( 'NONE', *, *, #51, .T. ) ;
#56 = ORIENTED_EDGE ( 'NONE', *, *, #67, .T. ) ;
#57 = EDGE_LOOP ( 'NONE', ( #61, #58, #62, #63, #55, #80, #86, #65 ) ) ;
#58 = ORIENTED_EDGE ( 'NONE', *, *, #249, .F. ) ;
#59 = EDGE_LOOP ( 'NONE', ( #56, #70, #90, #91 ) ) ;
#60 = ADVANCED_FACE ( 'NONE', ( #1028 ), #1065, .F. ) ;
#61 = ORIENTED_EDGE ( 'NONE', *, *, #901, .T. ) ;
#62 = ORIENTED_EDGE ( 'NONE', *, *, #146, .F. ) ;
#63 = ORIENTED_EDGE ( 'NONE', *, *, #64, .T. ) ;
#64 = EDGE_CURVE ( 'NONE', #140, #69, #1060, .T. ) ;
#65 = ORIENTED_EDGE ( 'NONE', *, *, #904, .T. ) ;
#66 = EDGE_CURVE ( 'NONE', #42, #864, #1056, .T. ) ;
#67 = EDGE_CURVE ( 'NONE', #35, #72, #1105, .T. ) ;
#68 = ADVANCED_FACE ( 'NONE', ( #1100 ), #1085, .F. ) ;
#69 = VERTEX_POINT ( 'NONE', #1084 ) ;
#70 = ORIENTED_EDGE ( 'NONE', *, *, #89, .T. ) ;
#71 = EDGE_CURVE ( 'NONE', #87, #934, #1083, .T. ) ;
#72 = VERTEX_POINT ( 'NONE', #1140 ) ;
#73 = ORIENTED_EDGE ( 'NONE', *, *, #66, .T. ) ;
#74 = ORIENTED_EDGE ( 'NONE', *, *, #854, .T. ) ;
#75 = ORIENTED_EDGE ( 'NONE', *, *, #88, .F. ) ;
#76 = EDGE_LOOP ( 'NONE', ( #77, #84, #75, #4 ) ) ;
#77 = ORIENTED_EDGE ( 'NONE', *, *, #862, .T. ) ;
#78 = ORIENTED_EDGE ( 'NONE', *, *, #83, .F. ) ;
#79 = EDGE_LOOP ( 'NONE', ( #81, #78, #85, #94, #106, #100, #104, #112 ) ) ;
#80 = ORIENTED_EDGE ( 'NONE', *, *, #98, .F. ) ;
#81 = ORIENTED_EDGE ( 'NONE', *, *, #925, .T. ) ;
#82 = VERTEX_POINT ( 'NONE', #1139 ) ;
#83 = EDGE_CURVE ( 'NONE', #82, #860, #1138, .T. ) ;
#84 = ORIENTED_EDGE ( 'NONE', *, *, #71, .F. ) ;
#85 = ORIENTED_EDGE ( 'NONE', *, *, #93, .F. ) ;
#86 = ORIENTED_EDGE ( 'NONE', *, *, #71, .T. ) ;
#87 = VERTEX_POINT ( 'NONE', #1134 ) ;
#88 = EDGE_CURVE ( 'NONE', #82, #87, #1133, .T. ) ;
#89 = EDGE_CURVE ( 'NONE', #72, #69, #1129, .T. ) ;
#90 = ORIENTED_EDGE ( 'NONE', *, *, #64, .F. ) ;
#91 = ORIENTED_EDGE ( 'NONE', *, *, #141, .F. ) ;
#92 = VERTEX_POINT ( 'NONE', #1125 ) ;
#93 = EDGE_CURVE ( 'NONE', #92, #82, #1124, .T. ) ;
#94 = ORIENTED_EDGE ( 'NONE', *, *, #95, .T. ) ;
#95 = EDGE_CURVE ( 'NONE', #92, #72, #1120, .T. ) ;
#96 = VERTEX_POINT ( 'NONE', #1116 ) ;
#97 = ADVANCED_FACE ( 'NONE', ( #1115 ), #1163, .F. ) ;
#98 = EDGE_CURVE ( 'NONE', #87, #96, #1157, .T. ) ;
#99 = ADVANCED_FACE ( 'NONE', ( #1153 ), #1194, .F. ) ;
#100 = ORIENTED_EDGE ( 'NONE', *, *, #47, .F. ) ;
#101 = ORIENTED_EDGE ( 'NONE', *, *, #115, .F. ) ;
#102 = ORIENTED_EDGE ( 'NONE', *, *, #51, .F. ) ;
#103 = EDGE_LOOP ( 'NONE', ( #105, #134, #122, #130 ) ) ;
#104 = ORIENTED_EDGE ( 'NONE', *, *, #298, .T. ) ;
#105 = ORIENTED_EDGE ( 'NONE', *, *, #108, .T. ) ;
#106 = ORIENTED_EDGE ( 'NONE', *, *, #67, .F. ) ;
#107 = VERTEX_POINT ( 'NONE', #1189 ) ;
#108 = EDGE_CURVE ( 'NONE', #38, #110, #1188, .T. ) ;
#109 = ORIENTED_EDGE ( 'NONE', *, *, #89, .F. ) ;
#110 = VERTEX_POINT ( 'NONE', #1184 ) ;
#111 = EDGE_LOOP ( 'NONE', ( #113, #101, #102, #109 ) ) ;
#112 = ORIENTED_EDGE ( 'NONE', *, *, #325, .T. ) ;
#113 = ORIENTED_EDGE ( 'NONE', *, *, #95, .F. ) ;
#114 = ADVANCED_FACE ( 'NONE', ( #1183 ), #1221, .T. ) ;
#115 = EDGE_CURVE ( 'NONE', #96, #92, #1215, .T. ) ;
#116 = ADVANCED_FACE ( 'NONE', ( #1211 ), #1252, .F. ) ;
#117 = EDGE_CURVE ( 'NONE', #118, #107, #1247, .T. ) ;
#118 = VERTEX_POINT ( 'NONE', #1243 ) ;
#119 = EDGE_CURVE ( 'NONE', #23, #833, #1242, .T. ) ;
#120 = VERTEX_POINT ( 'NONE', #1238 ) ;
#121 = ORIENTED_EDGE ( 'NONE', *, *, #830, .T. ) ;
#122 = ORIENTED_EDGE ( 'NONE', *, *, #129, .F. ) ;
#123 = ORIENTED_EDGE ( 'NONE', *, *, #129, .T. ) ;
#124 = ORIENTED_EDGE ( 'NONE', *, *, #125, .T. ) ;
#125 = EDGE_CURVE ( 'NONE', #118, #822, #1236, .T. ) ;
#126 = ORIENTED_EDGE ( 'NONE', *, *, #158, .T. ) ;
#127 = ORIENTED_EDGE ( 'NONE', *, *, #885, .T. ) ;
#128 = ADVANCED_FACE ( 'NONE', ( #1232 ), #1274, .F. ) ;
#129 = EDGE_CURVE ( 'NONE', #42, #120, #1268, .T. ) ;
#130 = ORIENTED_EDGE ( 'NONE', *, *, #40, .F. ) ;
#131 = EDGE_LOOP ( 'NONE', ( #121, #133, #32, #165, #163, #161, #162, #155 ) ) ;
#132 = ADVANCED_FACE ( 'NONE', ( #1264 ), #1299, .F. ) ;
#133 = ORIENTED_EDGE ( 'NONE', *, *, #119, .F. ) ;
#134 = ORIENTED_EDGE ( 'NONE', *, *, #137, .T. ) ;
#135 = EDGE_LOOP ( 'NONE', ( #138, #139, #136, #123, #126, #159, #124, #127 ) ) ;
#136 = ORIENTED_EDGE ( 'NONE', *, *, #66, .F. ) ;
#137 = EDGE_CURVE ( 'NONE', #110, #120, #1294, .T. ) ;
#138 = ORIENTED_EDGE ( 'NONE', *, *, #816, .T. ) ;
#139 = ORIENTED_EDGE ( 'NONE', *, *, #863, .F. ) ;
#140 = VERTEX_POINT ( 'NONE', #1290 ) ;
#141 = EDGE_CURVE ( 'NONE', #35, #140, #1289, .T. ) ;
#142 = ORIENTED_EDGE ( 'NONE', *, *, #146, .T. ) ;
#143 = EDGE_CURVE ( 'NONE', #319, #463, #1284, .T. ) ;
#144 = ORIENTED_EDGE ( 'NONE', *, *, #453, .T. ) ;
#145 = ORIENTED_EDGE ( 'NONE', *, *, #141, .T. ) ;
#146 = EDGE_CURVE ( 'NONE', #140, #250, #1332, .T. ) ;
#147 = ORIENTED_EDGE ( 'NONE', *, *, #148, .T. ) ;
#148 = EDGE_CURVE ( 'NONE', #174, #463, #1328, .T. ) ;
#149 = ORIENTED_EDGE ( 'NONE', *, *, #148, .F. ) ;
#150 = ORIENTED_EDGE ( 'NONE', *, *, #318, .T. ) ;
#151 = ORIENTED_EDGE ( 'NONE', *, *, #143, .F. ) ;
#152 = ADVANCED_FACE ( 'NONE', ( #1323 ), #1308, .F. ) ;
#153 = EDGE_LOOP ( 'NONE', ( #147, #151, #150, #144 ) ) ;
#154 = ADVANCED_FACE ( 'NONE', ( #1306 ), #1348, .F. ) ;
#155 = ORIENTED_EDGE ( 'NONE', *, *, #874, .T. ) ;
#156 = EDGE_LOOP ( 'NONE', ( #3325, #2869, #2253, #1823 ) ) ;
#157 = ADVANCED_FACE ( 'NONE', ( #1346 ), #1382, .F. ) ;
#158 = EDGE_CURVE ( 'NONE', #120, #107, #1377, .T. ) ;
#159 = ORIENTED_EDGE ( 'NONE', *, *, #117, .F. ) ;
#160 = EDGE_CURVE ( 'NONE', #164, #110, #1373, .T. ) ;
#161 = ORIENTED_EDGE ( 'NONE', *, *, #45, .F. ) ;
#162 = ORIENTED_EDGE ( 'NONE', *, *, #890, .T. ) ;
#163 = ORIENTED_EDGE ( 'NONE', *, *, #108, .F. ) ;
#164 = VERTEX_POINT ( 'NONE', #1369 ) ;
#165 = ORIENTED_EDGE ( 'NONE', *, *, #160, .T. ) ;
#166 = ORIENTED_EDGE ( 'NONE', *, *, #794, .F. ) ;
#167 = ORIENTED_EDGE ( 'NONE', *, *, #777, .F. ) ;
#168 = ORIENTED_EDGE ( 'NONE', *, *, #664, .F. ) ;
#169 = ORIENTED_EDGE ( 'NONE', *, *, #785, .F. ) ;
#170 = DIRECTION ( 'NONE',  ( 1.000000000000000000, -0.0000000000000000000, -0.0000000000000000000 ) ) ;
#171 =( NAMED_UNIT ( * ) SI_UNIT ( $, .STERADIAN. ) SOLID_ANGLE_UNIT ( ) );
#172 =( NAMED_UNIT ( * ) PLANE_ANGLE_UNIT ( ) SI_UNIT ( $, .RADIAN. ) );
#173 = CARTESIAN_POINT ( 'NONE',  ( 0.8958472342562610000, 3.889999999999999700, -2.558355370748213600 ) ) ;
#174 = VERTEX_POINT ( 'NONE', #1368 ) ;
#175 = ORIENTED_EDGE ( 'NONE', *, *, #531, .T. ) ;
#176 = EDGE_LOOP ( 'NONE', ( #177, #178 ) ) ;
#177 = ORIENTED_EDGE ( 'NONE', *, *, #223, .T. ) ;
#178 = ORIENTED_EDGE ( 'NONE', *, *, #179, .T. ) ;
#179 = EDGE_CURVE ( 'NONE', #221, #224, #1367, .T. ) ;
#180 = EDGE_LOOP ( 'NONE', ( #181, #185, #188, #191, #197, #195, #928 ) ) ;
#181 = ORIENTED_EDGE ( 'NONE', *, *, #182, .T. ) ;
#182 = EDGE_CURVE ( 'NONE', #183, #184, #1414, .T. ) ;
#183 = VERTEX_POINT ( 'NONE', #1410 ) ;
#184 = VERTEX_POINT ( 'NONE', #1409 ) ;
#185 = ORIENTED_EDGE ( 'NONE', *, *, #186, .T. ) ;
#186 = EDGE_CURVE ( 'NONE', #184, #187, #1408, .T. ) ;
#187 = VERTEX_POINT ( 'NONE', #1404 ) ;
#188 = ORIENTED_EDGE ( 'NONE', *, *, #189, .T. ) ;
#189 = EDGE_CURVE ( 'NONE', #187, #190, #1403, .T. ) ;
#190 = VERTEX_POINT ( 'NONE', #1399 ) ;
#191 = ORIENTED_EDGE ( 'NONE', *, *, #192, .T. ) ;
#192 = EDGE_CURVE ( 'NONE', #190, #193, #1398, .T. ) ;
#193 = VERTEX_POINT ( 'NONE', #1394 ) ;
#194 = VERTEX_POINT ( 'NONE', #1393 ) ;
#195 = ORIENTED_EDGE ( 'NONE', *, *, #200, .T. ) ;
#196 = EDGE_CURVE ( 'NONE', #193, #198, #1392, .T. ) ;
#197 = ORIENTED_EDGE ( 'NONE', *, *, #196, .T. ) ;
#198 = VERTEX_POINT ( 'NONE', #1388 ) ;
#199 = ORIENTED_EDGE ( 'NONE', *, *, #389, .T. ) ;
#200 = EDGE_CURVE ( 'NONE', #198, #194, #1453, .T. ) ;
#201 = EDGE_CURVE ( 'NONE', #283, #202, #1449, .T. ) ;
#202 = VERTEX_POINT ( 'NONE', #1445 ) ;
#203 = ORIENTED_EDGE ( 'NONE', *, *, #204, .T. ) ;
#204 = EDGE_CURVE ( 'NONE', #202, #205, #1444, .T. ) ;
#205 = VERTEX_POINT ( 'NONE', #1440 ) ;
#206 = ORIENTED_EDGE ( 'NONE', *, *, #207, .T. ) ;
#207 = EDGE_CURVE ( 'NONE', #205, #208, #1439, .T. ) ;
#208 = VERTEX_POINT ( 'NONE', #1435 ) ;
#209 = ORIENTED_EDGE ( 'NONE', *, *, #210, .T. ) ;
#210 = EDGE_CURVE ( 'NONE', #208, #211, #1434, .T. ) ;
#211 = VERTEX_POINT ( 'NONE', #1430 ) ;
#212 = MANIFOLD_SOLID_BREP ( 'NONE', #851 ) ;
#213 = ADVANCED_FACE ( 'NONE', ( #1472 ), #1471, .T. ) ;
#214 = EDGE_LOOP ( 'NONE', ( #215, #219, #222, #225 ) ) ;
#215 = ORIENTED_EDGE ( 'NONE', *, *, #217, .T. ) ;
#216 = VERTEX_POINT ( 'NONE', #1470 ) ;
#217 = EDGE_CURVE ( 'NONE', #216, #218, #1465, .T. ) ;
#218 = VERTEX_POINT ( 'NONE', #1460 ) ;
#219 = ORIENTED_EDGE ( 'NONE', *, *, #220, .T. ) ;
#220 = EDGE_CURVE ( 'NONE', #218, #221, #1459, .T. ) ;
#221 = VERTEX_POINT ( 'NONE', #1455 ) ;
#222 = ORIENTED_EDGE ( 'NONE', *, *, #223, .F. ) ;
#223 = EDGE_CURVE ( 'NONE', #224, #221, #1454, .T. ) ;
#224 = VERTEX_POINT ( 'NONE', #1503 ) ;
#225 = ORIENTED_EDGE ( 'NONE', *, *, #226, .F. ) ;
#226 = EDGE_CURVE ( 'NONE', #216, #224, #1502, .T. ) ;
#227 = ADVANCED_FACE ( 'NONE', ( #1498 ), #1496, .F. ) ;
#228 = EDGE_LOOP ( 'NONE', ( #229, #254, #257, #260 ) ) ;
#229 = ORIENTED_EDGE ( 'NONE', *, *, #252, .F. ) ;
#230 = VERTEX_POINT ( 'NONE', #1497 ) ;
#231 = ORIENTED_EDGE ( 'NONE', *, *, #232, .T. ) ;
#232 = EDGE_CURVE ( 'NONE', #282, #233, #1491, .T. ) ;
#233 = VERTEX_POINT ( 'NONE', #1487 ) ;
#234 = ORIENTED_EDGE ( 'NONE', *, *, #235, .T. ) ;
#235 = EDGE_CURVE ( 'NONE', #233, #236, #1486, .T. ) ;
#236 = VERTEX_POINT ( 'NONE', #1482 ) ;
#237 = ORIENTED_EDGE ( 'NONE', *, *, #238, .T. ) ;
#238 = EDGE_CURVE ( 'NONE', #236, #239, #1481, .T. ) ;
#239 = VERTEX_POINT ( 'NONE', #1477 ) ;
#240 = ORIENTED_EDGE ( 'NONE', *, *, #241, .T. ) ;
#241 = EDGE_CURVE ( 'NONE', #239, #275, #1536, .T. ) ;
#242 = VERTEX_POINT ( 'NONE', #1532 ) ;
#243 = ORIENTED_EDGE ( 'NONE', *, *, #244, .F. ) ;
#244 = EDGE_CURVE ( 'NONE', #920, #242, #1530, .T. ) ;
#245 = ORIENTED_EDGE ( 'NONE', *, *, #919, .T. ) ;
#246 = ADVANCED_FACE ( 'NONE', ( #1526 ), #1511, .F. ) ;
#247 = EDGE_LOOP ( 'NONE', ( #248, #251, #311, #314, #317, #320 ) ) ;
#248 = ORIENTED_EDGE ( 'NONE', *, *, #249, .T. ) ;
#249 = EDGE_CURVE ( 'NONE', #250, #902, #1574, .T. ) ;
#250 = VERTEX_POINT ( 'NONE', #1570 ) ;
#251 = ORIENTED_EDGE ( 'NONE', *, *, #963, .T. ) ;
#252 = EDGE_CURVE ( 'NONE', #230, #253, #1569, .T. ) ;
#253 = VERTEX_POINT ( 'NONE', #1564 ) ;
#254 = ORIENTED_EDGE ( 'NONE', *, *, #255, .T. ) ;
#255 = EDGE_CURVE ( 'NONE', #230, #256, #1563, .T. ) ;
#256 = VERTEX_POINT ( 'NONE', #1559 ) ;
#257 = ORIENTED_EDGE ( 'NONE', *, *, #258, .T. ) ;
#258 = EDGE_CURVE ( 'NONE', #256, #259, #1558, .T. ) ;
#259 = VERTEX_POINT ( 'NONE', #1553 ) ;
#260 = ORIENTED_EDGE ( 'NONE', *, *, #261, .F. ) ;
#261 = EDGE_CURVE ( 'NONE', #253, #259, #1551, .T. ) ;
#262 = ADVANCED_FACE ( 'NONE', ( #1547, #1546, #1545, #1544, #1543 ), #1589, .T. ) ;
#263 = EDGE_LOOP ( 'NONE', ( #264, #284, #203, #206, #209, #267, #270 ) ) ;
#264 = ORIENTED_EDGE ( 'NONE', *, *, #265, .T. ) ;
#265 = EDGE_CURVE ( 'NONE', #266, #283, #1584, .T. ) ;
#266 = VERTEX_POINT ( 'NONE', #1580 ) ;
#267 = ORIENTED_EDGE ( 'NONE', *, *, #268, .T. ) ;
#268 = EDGE_CURVE ( 'NONE', #211, #269, #1579, .T. ) ;
#269 = VERTEX_POINT ( 'NONE', #1575 ) ;
#270 = ORIENTED_EDGE ( 'NONE', *, *, #271, .T. ) ;
#271 = EDGE_CURVE ( 'NONE', #269, #266, #1628, .T. ) ;
#272 = EDGE_LOOP ( 'NONE', ( #273, #277, #280, #231, #234, #237, #240 ) ) ;
#273 = ORIENTED_EDGE ( 'NONE', *, *, #274, .T. ) ;
#274 = EDGE_CURVE ( 'NONE', #275, #276, #1624, .T. ) ;
#275 = VERTEX_POINT ( 'NONE', #1620 ) ;
#276 = VERTEX_POINT ( 'NONE', #1619 ) ;
#277 = ORIENTED_EDGE ( 'NONE', *, *, #278, .T. ) ;
#278 = EDGE_CURVE ( 'NONE', #276, #279, #1618, .T. ) ;
#279 = VERTEX_POINT ( 'NONE', #1614 ) ;
#280 = ORIENTED_EDGE ( 'NONE', *, *, #281, .T. ) ;
#281 = EDGE_CURVE ( 'NONE', #279, #282, #1613, .T. ) ;
#282 = VERTEX_POINT ( 'NONE', #1609 ) ;
#283 = VERTEX_POINT ( 'NONE', #1608 ) ;
#284 = ORIENTED_EDGE ( 'NONE', *, *, #201, .T. ) ;
#285 = ORIENTED_EDGE ( 'NONE', *, *, #915, .T. ) ;
#286 = ORIENTED_EDGE ( 'NONE', *, *, #287, .F. ) ;
#287 = EDGE_CURVE ( 'NONE', #288, #910, #1607, .T. ) ;
#288 = VERTEX_POINT ( 'NONE', #1603 ) ;
#289 = ORIENTED_EDGE ( 'NONE', *, *, #290, .T. ) ;
#290 = EDGE_CURVE ( 'NONE', #288, #291, #1602, .T. ) ;
#291 = VERTEX_POINT ( 'NONE', #1598 ) ;
#292 = ORIENTED_EDGE ( 'NONE', *, *, #293, .F. ) ;
#293 = EDGE_CURVE ( 'NONE', #294, #291, #1661, .T. ) ;
#294 = VERTEX_POINT ( 'NONE', #1657 ) ;
#295 = ORIENTED_EDGE ( 'NONE', *, *, #358, .F. ) ;
#296 = VERTEX_POINT ( 'NONE', #1656 ) ;
#297 = ORIENTED_EDGE ( 'NONE', *, *, #298, .F. ) ;
#298 = EDGE_CURVE ( 'NONE', #324, #326, #1655, .T. ) ;
#299 = ORIENTED_EDGE ( 'NONE', *, *, #300, .F. ) ;
#300 = EDGE_CURVE ( 'NONE', #301, #324, #1651, .T. ) ;
#301 = VERTEX_POINT ( 'NONE', #1647 ) ;
#302 = ORIENTED_EDGE ( 'NONE', *, *, #303, .T. ) ;
#303 = EDGE_CURVE ( 'NONE', #301, #242, #1645, .T. ) ;
#304 = ORIENTED_EDGE ( 'NONE', *, *, #328, .T. ) ;
#305 = ADVANCED_FACE ( 'NONE', ( #1641 ), #1685, .F. ) ;
#306 = EDGE_LOOP ( 'NONE', ( #307, #310, #370, #285, #286, #289, #292, #295, #359, #361, #362, #363, #364, #367, #343, #346 ) ) ;
#307 = ORIENTED_EDGE ( 'NONE', *, *, #308, .F. ) ;
#308 = EDGE_CURVE ( 'NONE', #313, #309, #1680, .T. ) ;
#309 = VERTEX_POINT ( 'NONE', #1676 ) ;
#310 = ORIENTED_EDGE ( 'NONE', *, *, #312, .T. ) ;
#311 = ORIENTED_EDGE ( 'NONE', *, *, #312, .F. ) ;
#312 = EDGE_CURVE ( 'NONE', #313, #961, #1675, .T. ) ;
#313 = VERTEX_POINT ( 'NONE', #1671 ) ;
#314 = ORIENTED_EDGE ( 'NONE', *, *, #315, .F. ) ;
#315 = EDGE_CURVE ( 'NONE', #316, #313, #1670, .T. ) ;
#316 = VERTEX_POINT ( 'NONE', #1666 ) ;
#317 = ORIENTED_EDGE ( 'NONE', *, *, #318, .F. ) ;
#318 = EDGE_CURVE ( 'NONE', #319, #316, #1665, .T. ) ;
#319 = VERTEX_POINT ( 'NONE', #1714 ) ;
#320 = ORIENTED_EDGE ( 'NONE', *, *, #321, .F. ) ;
#321 = EDGE_CURVE ( 'NONE', #250, #319, #1712, .T. ) ;
#322 = ADVANCED_FACE ( 'NONE', ( #1708 ), #1693, .F. ) ;
#323 = EDGE_LOOP ( 'NONE', ( #297, #299, #302, #304 ) ) ;
#324 = VERTEX_POINT ( 'NONE', #1688 ) ;
#325 = EDGE_CURVE ( 'NONE', #326, #924, #1744, .T. ) ;
#326 = VERTEX_POINT ( 'NONE', #1740 ) ;
#327 = ORIENTED_EDGE ( 'NONE', *, *, #328, .F. ) ;
#328 = EDGE_CURVE ( 'NONE', #242, #326, #1739, .T. ) ;
#329 = VERTEX_POINT ( 'NONE', #1735 ) ;
#330 = ORIENTED_EDGE ( 'NONE', *, *, #331, .F. ) ;
#331 = EDGE_CURVE ( 'NONE', #294, #356, #1733, .T. ) ;
#332 = ADVANCED_FACE ( 'NONE', ( #1729 ), #1776, .F. ) ;
#333 = ORIENTED_EDGE ( 'NONE', *, *, #344, .T. ) ;
#334 = ORIENTED_EDGE ( 'NONE', *, *, #335, .T. ) ;
#335 = EDGE_CURVE ( 'NONE', #369, #336, #1771, .T. ) ;
#336 = VERTEX_POINT ( 'NONE', #1767 ) ;
#337 = ORIENTED_EDGE ( 'NONE', *, *, #338, .F. ) ;
#338 = EDGE_CURVE ( 'NONE', #339, #336, #1766, .T. ) ;
#339 = VERTEX_POINT ( 'NONE', #1762 ) ;
#340 = ORIENTED_EDGE ( 'NONE', *, *, #341, .F. ) ;
#341 = EDGE_CURVE ( 'NONE', #345, #339, #1760, .T. ) ;
#342 = ADVANCED_FACE ( 'NONE', ( #1756 ), #1803, .F. ) ;
#343 = ORIENTED_EDGE ( 'NONE', *, *, #344, .F. ) ;
#344 = EDGE_CURVE ( 'NONE', #345, #369, #1798, .T. ) ;
#345 = VERTEX_POINT ( 'NONE', #1794 ) ;
#346 = ORIENTED_EDGE ( 'NONE', *, *, #347, .F. ) ;
#347 = EDGE_CURVE ( 'NONE', #309, #345, #1792, .T. ) ;
#348 = ADVANCED_FACE ( 'NONE', ( #1788 ), #1827, .F. ) ;
#349 = EDGE_LOOP ( 'NONE', ( #350, #351, #354, #330 ) ) ;
#350 = ORIENTED_EDGE ( 'NONE', *, *, #293, .T. ) ;
#351 = ORIENTED_EDGE ( 'NONE', *, *, #352, .T. ) ;
#352 = EDGE_CURVE ( 'NONE', #291, #353, #1821, .T. ) ;
#353 = VERTEX_POINT ( 'NONE', #1817 ) ;
#354 = ORIENTED_EDGE ( 'NONE', *, *, #355, .F. ) ;
#355 = EDGE_CURVE ( 'NONE', #356, #353, #1816, .T. ) ;
#356 = VERTEX_POINT ( 'NONE', #1812 ) ;
#357 = EDGE_LOOP ( 'NONE', ( #333, #334, #337, #340 ) ) ;
#358 = EDGE_CURVE ( 'NONE', #296, #294, #1811, .T. ) ;
#359 = ORIENTED_EDGE ( 'NONE', *, *, #360, .F. ) ;
#360 = EDGE_CURVE ( 'NONE', #856, #296, #1807, .T. ) ;
#361 = ORIENTED_EDGE ( 'NONE', *, *, #930, .T. ) ;
#362 = ORIENTED_EDGE ( 'NONE', *, *, #881, .F. ) ;
#363 = ORIENTED_EDGE ( 'NONE', *, *, #826, .T. ) ;
#364 = ORIENTED_EDGE ( 'NONE', *, *, #365, .F. ) ;
#365 = EDGE_CURVE ( 'NONE', #366, #842, #1857, .T. ) ;
#366 = VERTEX_POINT ( 'NONE', #1853 ) ;
#367 = ORIENTED_EDGE ( 'NONE', *, *, #368, .T. ) ;
#368 = EDGE_CURVE ( 'NONE', #366, #369, #1852, .T. ) ;
#369 = VERTEX_POINT ( 'NONE', #1847 ) ;
#370 = ORIENTED_EDGE ( 'NONE', *, *, #964, .F. ) ;
#371 = EDGE_LOOP ( 'NONE', ( #372, #374 ) ) ;
#372 = ORIENTED_EDGE ( 'NONE', *, *, #373, .F. ) ;
#373 = EDGE_CURVE ( 'NONE', #259, #256, #1846, .T. ) ;
#374 = ORIENTED_EDGE ( 'NONE', *, *, #258, .F. ) ;
#375 = ADVANCED_FACE ( 'NONE', ( #1841 ), #1840, .F. ) ;
#376 = EDGE_LOOP ( 'NONE', ( #435, #436, #438, #439 ) ) ;
#377 = ORIENTED_EDGE ( 'NONE', *, *, #922, .T. ) ;
#378 = ORIENTED_EDGE ( 'NONE', *, *, #244, .T. ) ;
#379 = ORIENTED_EDGE ( 'NONE', *, *, #303, .F. ) ;
#380 = ORIENTED_EDGE ( 'NONE', *, *, #381, .F. ) ;
#381 = EDGE_CURVE ( 'NONE', #382, #301, #1835, .T. ) ;
#382 = VERTEX_POINT ( 'NONE', #1831 ) ;
#383 = ORIENTED_EDGE ( 'NONE', *, *, #384, .T. ) ;
#384 = EDGE_CURVE ( 'NONE', #382, #339, #1890, .T. ) ;
#385 = ORIENTED_EDGE ( 'NONE', *, *, #338, .T. ) ;
#386 = ORIENTED_EDGE ( 'NONE', *, *, #387, .T. ) ;
#387 = EDGE_CURVE ( 'NONE', #336, #329, #1886, .T. ) ;
#388 = ORIENTED_EDGE ( 'NONE', *, *, #412, .T. ) ;
#389 = EDGE_CURVE ( 'NONE', #329, #366, #1880, .T. ) ;
#390 = ORIENTED_EDGE ( 'NONE', *, *, #365, .T. ) ;
#391 = ORIENTED_EDGE ( 'NONE', *, *, #838, .T. ) ;
#392 = ADVANCED_FACE ( 'NONE', ( #1876, #1875 ), #1860, .T. ) ;
#393 = EDGE_LOOP ( 'NONE', ( #394, #397, #398, #400, #377, #378, #379, #380, #383, #385, #386, #388, #447, #448, #449, #450 ) ) ;
#394 = ORIENTED_EDGE ( 'NONE', *, *, #395, .T. ) ;
#395 = EDGE_CURVE ( 'NONE', #396, #356, #1924, .T. ) ;
#396 = VERTEX_POINT ( 'NONE', #1916 ) ;
#397 = ORIENTED_EDGE ( 'NONE', *, *, #355, .T. ) ;
#398 = ORIENTED_EDGE ( 'NONE', *, *, #399, .T. ) ;
#399 = EDGE_CURVE ( 'NONE', #353, #406, #1915, .T. ) ;
#400 = ORIENTED_EDGE ( 'NONE', *, *, #405, .T. ) ;
#401 = EDGE_LOOP ( 'NONE', ( #402, #403, #404, #407 ) ) ;
#402 = ORIENTED_EDGE ( 'NONE', *, *, #287, .T. ) ;
#403 = ORIENTED_EDGE ( 'NONE', *, *, #909, .T. ) ;
#404 = ORIENTED_EDGE ( 'NONE', *, *, #405, .F. ) ;
#405 = EDGE_CURVE ( 'NONE', #406, #923, #1911, .T. ) ;
#406 = VERTEX_POINT ( 'NONE', #1907 ) ;
#407 = ORIENTED_EDGE ( 'NONE', *, *, #408, .T. ) ;
#408 = EDGE_CURVE ( 'NONE', #406, #288, #1905, .T. ) ;
#409 = ADVANCED_FACE ( 'NONE', ( #1901 ), #1947, .F. ) ;
#410 = EDGE_LOOP ( 'NONE', ( #411, #199, #390, #391 ) ) ;
#411 = ORIENTED_EDGE ( 'NONE', *, *, #412, .F. ) ;
#412 = EDGE_CURVE ( 'NONE', #329, #825, #1941, .T. ) ;
#413 = ORIENTED_EDGE ( 'NONE', *, *, #387, .F. ) ;
#414 = ORIENTED_EDGE ( 'NONE', *, *, #335, .F. ) ;
#415 = ORIENTED_EDGE ( 'NONE', *, *, #368, .F. ) ;
#416 = ORIENTED_EDGE ( 'NONE', *, *, #389, .F. ) ;
#417 = ADVANCED_FACE ( 'NONE', ( #1937 ), #1979, .F. ) ;
#418 = EDGE_LOOP ( 'NONE', ( #419, #420, #476, #478 ) ) ;
#419 = ORIENTED_EDGE ( 'NONE', *, *, #360, .T. ) ;
#420 = ORIENTED_EDGE ( 'NONE', *, *, #421, .F. ) ;
#421 = EDGE_CURVE ( 'NONE', #422, #296, #1974, .T. ) ;
#422 = VERTEX_POINT ( 'NONE', #1970 ) ;
#423 = ORIENTED_EDGE ( 'NONE', *, *, #252, .T. ) ;
#424 = ADVANCED_FACE ( 'NONE', ( #1969 ), #1968, .T. ) ;
#425 = EDGE_LOOP ( 'NONE', ( #426, #427, #428, #429 ) ) ;
#426 = ORIENTED_EDGE ( 'NONE', *, *, #220, .F. ) ;
#427 = ORIENTED_EDGE ( 'NONE', *, *, #444, .T. ) ;
#428 = ORIENTED_EDGE ( 'NONE', *, *, #226, .T. ) ;
#429 = ORIENTED_EDGE ( 'NONE', *, *, #179, .F. ) ;
#430 = ADVANCED_FACE ( 'NONE', ( #1965 ), #2001, .F. ) ;
#431 = EDGE_LOOP ( 'NONE', ( #432, #433, #434, #488 ) ) ;
#432 = ORIENTED_EDGE ( 'NONE', *, *, #399, .F. ) ;
#433 = ORIENTED_EDGE ( 'NONE', *, *, #352, .F. ) ;
#434 = ORIENTED_EDGE ( 'NONE', *, *, #290, .F. ) ;
#435 = ORIENTED_EDGE ( 'NONE', *, *, #255, .F. ) ;
#436 = ORIENTED_EDGE ( 'NONE', *, *, #437, .F. ) ;
#437 = EDGE_CURVE ( 'NONE', #253, #230, #2000, .T. ) ;
#438 = ORIENTED_EDGE ( 'NONE', *, *, #261, .T. ) ;
#439 = ORIENTED_EDGE ( 'NONE', *, *, #373, .T. ) ;
#440 = ADVANCED_FACE ( 'NONE', ( #1991, #1990 ), #1989, .T. ) ;
#441 = EDGE_LOOP ( 'NONE', ( #442, #443 ) ) ;
#442 = ORIENTED_EDGE ( 'NONE', *, *, #217, .F. ) ;
#443 = ORIENTED_EDGE ( 'NONE', *, *, #444, .F. ) ;
#444 = EDGE_CURVE ( 'NONE', #218, #216, #1987, .T. ) ;
#445 = EDGE_LOOP ( 'NONE', ( #446, #423 ) ) ;
#446 = ORIENTED_EDGE ( 'NONE', *, *, #437, .T. ) ;
#447 = ORIENTED_EDGE ( 'NONE', *, *, #835, .T. ) ;
#448 = ORIENTED_EDGE ( 'NONE', *, *, #818, .T. ) ;
#449 = ORIENTED_EDGE ( 'NONE', *, *, #872, .F. ) ;
#450 = ORIENTED_EDGE ( 'NONE', *, *, #451, .F. ) ;
#451 = EDGE_CURVE ( 'NONE', #396, #870, #2029, .T. ) ;
#452 = ORIENTED_EDGE ( 'NONE', *, *, #453, .F. ) ;
#453 = EDGE_CURVE ( 'NONE', #316, #174, #2025, .T. ) ;
#454 = ORIENTED_EDGE ( 'NONE', *, *, #315, .T. ) ;
#455 = ADVANCED_FACE ( 'NONE', ( #2020 ), #2062, .F. ) ;
#456 = EDGE_LOOP ( 'NONE', ( #457, #458, #459, #460, #461, #149 ) ) ;
#457 = ORIENTED_EDGE ( 'NONE', *, *, #3603, .T. ) ;
#458 = ORIENTED_EDGE ( 'NONE', *, *, #347, .T. ) ;
#459 = ORIENTED_EDGE ( 'NONE', *, *, #341, .T. ) ;
#460 = ORIENTED_EDGE ( 'NONE', *, *, #384, .F. ) ;
#461 = ORIENTED_EDGE ( 'NONE', *, *, #462, .F. ) ;
#462 = EDGE_CURVE ( 'NONE', #463, #382, #2063, .T. ) ;
#463 = VERTEX_POINT ( 'NONE', #2054 ) ;
#464 = ORIENTED_EDGE ( 'NONE', *, *, #465, .F. ) ;
#465 = EDGE_CURVE ( 'NONE', #422, #487, #2052, .T. ) ;
#466 = ADVANCED_FACE ( 'NONE', ( #2048 ), #2089, .F. ) ;
#467 = EDGE_LOOP ( 'NONE', ( #468, #469, #470, #471 ) ) ;
#468 = ORIENTED_EDGE ( 'NONE', *, *, #933, .T. ) ;
#469 = ORIENTED_EDGE ( 'NONE', *, *, #477, .T. ) ;
#470 = ORIENTED_EDGE ( 'NONE', *, *, #465, .T. ) ;
#471 = ORIENTED_EDGE ( 'NONE', *, *, #472, .F. ) ;
#472 = EDGE_CURVE ( 'NONE', #936, #487, #2083, .T. ) ;
#473 = ADVANCED_FACE ( 'NONE', ( #2079 ), #2064, .F. ) ;
#474 = EDGE_LOOP ( 'NONE', ( #475, #3, #452, #454 ) ) ;
#475 = ORIENTED_EDGE ( 'NONE', *, *, #308, .T. ) ;
#476 = ORIENTED_EDGE ( 'NONE', *, *, #477, .F. ) ;
#477 = EDGE_CURVE ( 'NONE', #859, #422, #2113, .T. ) ;
#478 = ORIENTED_EDGE ( 'NONE', *, *, #858, .T. ) ;
#479 = ADVANCED_FACE ( 'NONE', ( #2109 ), #2094, .F. ) ;
#480 = EDGE_LOOP ( 'NONE', ( #481, #482, #483, #484, #485, #464 ) ) ;
#481 = ORIENTED_EDGE ( 'NONE', *, *, #421, .T. ) ;
#482 = ORIENTED_EDGE ( 'NONE', *, *, #358, .T. ) ;
#483 = ORIENTED_EDGE ( 'NONE', *, *, #331, .T. ) ;
#484 = ORIENTED_EDGE ( 'NONE', *, *, #395, .F. ) ;
#485 = ORIENTED_EDGE ( 'NONE', *, *, #486, .F. ) ;
#486 = EDGE_CURVE ( 'NONE', #487, #396, #2146, .T. ) ;
#487 = VERTEX_POINT ( 'NONE', #2142 ) ;
#488 = ORIENTED_EDGE ( 'NONE', *, *, #408, .F. ) ;
#489 = ADVANCED_FACE ( 'NONE', ( #2141 ), #2125, .T. ) ;
#490 = EDGE_LOOP ( 'NONE', ( #413, #414, #415, #416 ) ) ;
#491 = ADVANCED_FACE ( 'NONE', ( #2124 ), #2159, .T. ) ;
#492 = ORIENTED_EDGE ( 'NONE', *, *, #241, .F. ) ;
#493 = ORIENTED_EDGE ( 'NONE', *, *, #514, .F. ) ;
#494 = ORIENTED_EDGE ( 'NONE', *, *, #495, .T. ) ;
#495 = EDGE_CURVE ( 'NONE', #512, #496, #2154, .T. ) ;
#496 = VERTEX_POINT ( 'NONE', #2150 ) ;
#497 = ORIENTED_EDGE ( 'NONE', *, *, #498, .T. ) ;
#498 = EDGE_CURVE ( 'NONE', #496, #275, #2148, .T. ) ;
#499 = ADVANCED_FACE ( 'NONE', ( #2198 ), #2183, .T. ) ;
#500 = EDGE_LOOP ( 'NONE', ( #501, #559, #560, #562 ) ) ;
#501 = ORIENTED_EDGE ( 'NONE', *, *, #274, .F. ) ;
#502 = EDGE_CURVE ( 'NONE', #3768, #503, #2178, .T. ) ;
#503 = VERTEX_POINT ( 'NONE', #2174 ) ;
#504 = ORIENTED_EDGE ( 'NONE', *, *, #505, .T. ) ;
#505 = EDGE_CURVE ( 'NONE', #503, #236, #2226, .T. ) ;
#506 = ADVANCED_FACE ( 'NONE', ( #2222 ), #2207, .T. ) ;
#507 = EDGE_LOOP ( 'NONE', ( #508, #509, #510, #513 ) ) ;
#508 = ORIENTED_EDGE ( 'NONE', *, *, #238, .F. ) ;
#509 = ORIENTED_EDGE ( 'NONE', *, *, #505, .F. ) ;
#510 = ORIENTED_EDGE ( 'NONE', *, *, #511, .T. ) ;
#511 = EDGE_CURVE ( 'NONE', #503, #512, #2202, .T. ) ;
#512 = VERTEX_POINT ( 'NONE', #2258 ) ;
#513 = ORIENTED_EDGE ( 'NONE', *, *, #514, .T. ) ;
#514 = EDGE_CURVE ( 'NONE', #512, #239, #2257, .T. ) ;
#515 = EDGE_LOOP ( 'NONE', ( #492, #493, #494, #497 ) ) ;
#516 = EDGE_CURVE ( 'NONE', #526, #517, #2252, .T. ) ;
#517 = VERTEX_POINT ( 'NONE', #2248 ) ;
#518 = EDGE_LOOP ( 'NONE', ( #521, #523, #640, #643 ) ) ;
#519 = EDGE_CURVE ( 'NONE', #529, #526, #2247, .T. ) ;
#520 = ORIENTED_EDGE ( 'NONE', *, *, #536, .F. ) ;
#521 = ORIENTED_EDGE ( 'NONE', *, *, #201, .F. ) ;
#522 = VERTEX_POINT ( 'NONE', #2243 ) ;
#523 = ORIENTED_EDGE ( 'NONE', *, *, #638, .F. ) ;
#524 = ORIENTED_EDGE ( 'NONE', *, *, #516, .T. ) ;
#525 = ADVANCED_FACE ( 'NONE', ( #2242 ), #2293, .T. ) ;
#526 = VERTEX_POINT ( 'NONE', #2288 ) ;
#527 = EDGE_CURVE ( 'NONE', #6, #530, #2287, .T. ) ;
#528 = ORIENTED_EDGE ( 'NONE', *, *, #599, .F. ) ;
#529 = VERTEX_POINT ( 'NONE', #2283 ) ;
#530 = VERTEX_POINT ( 'NONE', #2282 ) ;
#531 = EDGE_CURVE ( 'NONE', #530, #3605, #2281, .T. ) ;
#532 = EDGE_LOOP ( 'NONE', ( #587, #588, #589, #592 ) ) ;
#533 = ORIENTED_EDGE ( 'NONE', *, *, #189, .F. ) ;
#534 = ORIENTED_EDGE ( 'NONE', *, *, #556, .F. ) ;
#535 = ORIENTED_EDGE ( 'NONE', *, *, #536, .T. ) ;
#536 = EDGE_CURVE ( 'NONE', #554, #537, #2276, .T. ) ;
#537 = VERTEX_POINT ( 'NONE', #2272 ) ;
#538 = ORIENTED_EDGE ( 'NONE', *, *, #539, .T. ) ;
#539 = EDGE_CURVE ( 'NONE', #537, #190, #2270, .T. ) ;
#540 = ADVANCED_FACE ( 'NONE', ( #2266 ), #2313, .T. ) ;
#541 = EDGE_LOOP ( 'NONE', ( #542, #543, #598, #600 ) ) ;
#542 = ORIENTED_EDGE ( 'NONE', *, *, #192, .F. ) ;
#543 = ORIENTED_EDGE ( 'NONE', *, *, #539, .F. ) ;
#544 = VERTEX_POINT ( 'NONE', #2308 ) ;
#545 = ORIENTED_EDGE ( 'NONE', *, *, #3691, .F. ) ;
#546 = ADVANCED_FACE ( 'NONE', ( #2307 ), #2344, .T. ) ;
#547 = EDGE_LOOP ( 'NONE', ( #548, #549, #552, #555 ) ) ;
#548 = ORIENTED_EDGE ( 'NONE', *, *, #186, .F. ) ;
#549 = ORIENTED_EDGE ( 'NONE', *, *, #550, .F. ) ;
#550 = EDGE_CURVE ( 'NONE', #551, #184, #2339, .T. ) ;
#551 = VERTEX_POINT ( 'NONE', #2335 ) ;
#552 = ORIENTED_EDGE ( 'NONE', *, *, #553, .T. ) ;
#553 = EDGE_CURVE ( 'NONE', #551, #554, #2334, .T. ) ;
#554 = VERTEX_POINT ( 'NONE', #2330 ) ;
#555 = ORIENTED_EDGE ( 'NONE', *, *, #556, .T. ) ;
#556 = EDGE_CURVE ( 'NONE', #554, #187, #2328, .T. ) ;
#557 = ADVANCED_FACE ( 'NONE', ( #2324 ), #2367, .T. ) ;
#558 = EDGE_LOOP ( 'NONE', ( #533, #534, #535, #538 ) ) ;
#559 = ORIENTED_EDGE ( 'NONE', *, *, #498, .F. ) ;
#560 = ORIENTED_EDGE ( 'NONE', *, *, #561, .T. ) ;
#561 = EDGE_CURVE ( 'NONE', #496, #3475, #2361, .T. ) ;
#562 = ORIENTED_EDGE ( 'NONE', *, *, #3516, .T. ) ;
#563 = ADVANCED_FACE ( 'NONE', ( #2357 ), #2399, .F. ) ;
#564 = EDGE_LOOP ( 'NONE', ( #565, #566, #567, #568, #569, #570, #545 ) ) ;
#565 = ORIENTED_EDGE ( 'NONE', *, *, #3761, .F. ) ;
#566 = ORIENTED_EDGE ( 'NONE', *, *, #561, .F. ) ;
#567 = ORIENTED_EDGE ( 'NONE', *, *, #495, .F. ) ;
#568 = ORIENTED_EDGE ( 'NONE', *, *, #511, .F. ) ;
#569 = ORIENTED_EDGE ( 'NONE', *, *, #502, .F. ) ;
#570 = ORIENTED_EDGE ( 'NONE', *, *, #3770, .F. ) ;
#571 = VERTEX_POINT ( 'NONE', #2394 ) ;
#572 = ORIENTED_EDGE ( 'NONE', *, *, #573, .T. ) ;
#573 = EDGE_CURVE ( 'NONE', #591, #574, #2393, .T. ) ;
#574 = VERTEX_POINT ( 'NONE', #2389 ) ;
#575 = ORIENTED_EDGE ( 'NONE', *, *, #576, .T. ) ;
#576 = EDGE_CURVE ( 'NONE', #574, #183, #2387, .T. ) ;
#577 = ADVANCED_FACE ( 'NONE', ( #2383 ), #2423, .T. ) ;
#578 = EDGE_LOOP ( 'NONE', ( #579, #580, #581, #583 ) ) ;
#579 = ORIENTED_EDGE ( 'NONE', *, *, #182, .F. ) ;
#580 = ORIENTED_EDGE ( 'NONE', *, *, #576, .F. ) ;
#581 = ORIENTED_EDGE ( 'NONE', *, *, #582, .T. ) ;
#582 = EDGE_CURVE ( 'NONE', #574, #551, #2417, .T. ) ;
#583 = ORIENTED_EDGE ( 'NONE', *, *, #550, .T. ) ;
#584 = ADVANCED_FACE ( 'NONE', ( #2413 ), #2454, .F. ) ;
#585 = EDGE_CURVE ( 'NONE', #711, #522, #2448, .T. ) ;
#586 = ADVANCED_FACE ( 'NONE', ( #2444 ), #2486, .T. ) ;
#587 = ORIENTED_EDGE ( 'NONE', *, *, #200, .F. ) ;
#588 = ORIENTED_EDGE ( 'NONE', *, *, #610, .F. ) ;
#589 = ORIENTED_EDGE ( 'NONE', *, *, #590, .T. ) ;
#590 = EDGE_CURVE ( 'NONE', #608, #591, #2481, .T. ) ;
#591 = VERTEX_POINT ( 'NONE', #2477 ) ;
#592 = ORIENTED_EDGE ( 'NONE', *, *, #593, .T. ) ;
#593 = EDGE_CURVE ( 'NONE', #591, #194, #2475, .T. ) ;
#594 = ADVANCED_FACE ( 'NONE', ( #2471 ), #2513, .T. ) ;
#595 = EDGE_LOOP ( 'NONE', ( #596, #597, #572, #575 ) ) ;
#596 = ORIENTED_EDGE ( 'NONE', *, *, #926, .F. ) ;
#597 = ORIENTED_EDGE ( 'NONE', *, *, #593, .F. ) ;
#598 = ORIENTED_EDGE ( 'NONE', *, *, #599, .T. ) ;
#599 = EDGE_CURVE ( 'NONE', #537, #544, #2508, .T. ) ;
#600 = ORIENTED_EDGE ( 'NONE', *, *, #601, .T. ) ;
#601 = EDGE_CURVE ( 'NONE', #544, #193, #2504, .T. ) ;
#602 = ADVANCED_FACE ( 'NONE', ( #2499 ), #2541, .T. ) ;
#603 = EDGE_LOOP ( 'NONE', ( #604, #605, #606, #609 ) ) ;
#604 = ORIENTED_EDGE ( 'NONE', *, *, #196, .F. ) ;
#605 = ORIENTED_EDGE ( 'NONE', *, *, #601, .F. ) ;
#606 = ORIENTED_EDGE ( 'NONE', *, *, #607, .T. ) ;
#607 = EDGE_CURVE ( 'NONE', #544, #608, #2536, .T. ) ;
#608 = VERTEX_POINT ( 'NONE', #2532 ) ;
#609 = ORIENTED_EDGE ( 'NONE', *, *, #610, .T. ) ;
#610 = EDGE_CURVE ( 'NONE', #608, #198, #2530, .T. ) ;
#611 = ADVANCED_FACE ( 'NONE', ( #2526 ), #2566, .T. ) ;
#612 = ORIENTED_EDGE ( 'NONE', *, *, #210, .F. ) ;
#613 = ORIENTED_EDGE ( 'NONE', *, *, #635, .F. ) ;
#614 = ORIENTED_EDGE ( 'NONE', *, *, #615, .T. ) ;
#615 = EDGE_CURVE ( 'NONE', #633, #616, #2561, .T. ) ;
#616 = VERTEX_POINT ( 'NONE', #2557 ) ;
#617 = ORIENTED_EDGE ( 'NONE', *, *, #618, .T. ) ;
#618 = EDGE_CURVE ( 'NONE', #616, #211, #2555, .T. ) ;
#619 = ADVANCED_FACE ( 'NONE', ( #2551 ), #2589, .T. ) ;
#620 = EDGE_LOOP ( 'NONE', ( #621, #622, #623, #679 ) ) ;
#621 = ORIENTED_EDGE ( 'NONE', *, *, #268, .F. ) ;
#622 = ORIENTED_EDGE ( 'NONE', *, *, #618, .F. ) ;
#623 = ORIENTED_EDGE ( 'NONE', *, *, #624, .T. ) ;
#624 = EDGE_CURVE ( 'NONE', #616, #678, #2584, .T. ) ;
#625 = ORIENTED_EDGE ( 'NONE', *, *, #626, .T. ) ;
#626 = EDGE_CURVE ( 'NONE', #571, #205, #2580, .T. ) ;
#627 = ADVANCED_FACE ( 'NONE', ( #2575 ), #2613, .T. ) ;
#628 = EDGE_LOOP ( 'NONE', ( #629, #630, #631, #634 ) ) ;
#629 = ORIENTED_EDGE ( 'NONE', *, *, #207, .F. ) ;
#630 = ORIENTED_EDGE ( 'NONE', *, *, #626, .F. ) ;
#631 = ORIENTED_EDGE ( 'NONE', *, *, #632, .T. ) ;
#632 = EDGE_CURVE ( 'NONE', #571, #633, #2608, .T. ) ;
#633 = VERTEX_POINT ( 'NONE', #2604 ) ;
#634 = ORIENTED_EDGE ( 'NONE', *, *, #635, .T. ) ;
#635 = EDGE_CURVE ( 'NONE', #633, #208, #2602, .T. ) ;
#636 = ADVANCED_FACE ( 'NONE', ( #2650 ), #2635, .T. ) ;
#637 = EDGE_LOOP ( 'NONE', ( #612, #613, #614, #617 ) ) ;
#638 = EDGE_CURVE ( 'NONE', #639, #283, #2630, .T. ) ;
#639 = VERTEX_POINT ( 'NONE', #2626 ) ;
#640 = ORIENTED_EDGE ( 'NONE', *, *, #641, .T. ) ;
#641 = EDGE_CURVE ( 'NONE', #639, #642, #2678, .T. ) ;
#642 = VERTEX_POINT ( 'NONE', #2674 ) ;
#643 = ORIENTED_EDGE ( 'NONE', *, *, #644, .T. ) ;
#644 = EDGE_CURVE ( 'NONE', #642, #202, #2672, .T. ) ;
#645 = ADVANCED_FACE ( 'NONE', ( #2668 ), #2653, .T. ) ;
#646 = EDGE_LOOP ( 'NONE', ( #647, #648, #649, #625 ) ) ;
#647 = ORIENTED_EDGE ( 'NONE', *, *, #204, .F. ) ;
#648 = ORIENTED_EDGE ( 'NONE', *, *, #644, .F. ) ;
#649 = ORIENTED_EDGE ( 'NONE', *, *, #650, .T. ) ;
#650 = EDGE_CURVE ( 'NONE', #642, #571, #2706, .T. ) ;
#651 = ADVANCED_FACE ( 'NONE', ( #2701 ), #2686, .T. ) ;
#652 = EDGE_LOOP ( 'NONE', ( #653, #708, #709, #712 ) ) ;
#653 = ORIENTED_EDGE ( 'NONE', *, *, #527, .F. ) ;
#654 = ORIENTED_EDGE ( 'NONE', *, *, #615, .F. ) ;
#655 = ORIENTED_EDGE ( 'NONE', *, *, #632, .F. ) ;
#656 = ORIENTED_EDGE ( 'NONE', *, *, #650, .F. ) ;
#657 = ADVANCED_FACE ( 'NONE', ( #2685 ), #2719, .T. ) ;
#658 = EDGE_LOOP ( 'NONE', ( #659, #660, #663, #719 ) ) ;
#659 = ORIENTED_EDGE ( 'NONE', *, *, #15, .F. ) ;
#660 = ORIENTED_EDGE ( 'NONE', *, *, #661, .F. ) ;
#661 = EDGE_CURVE ( 'NONE', #662, #3779, #2714, .T. ) ;
#662 = VERTEX_POINT ( 'NONE', #2709 ) ;
#663 = ORIENTED_EDGE ( 'NONE', *, *, #664, .T. ) ;
#664 = EDGE_CURVE ( 'NONE', #662, #665, #2710, .T. ) ;
#665 = VERTEX_POINT ( 'NONE', #2758 ) ;
#666 = EDGE_LOOP ( 'NONE', ( #667, #668, #669, #671 ) ) ;
#667 = ORIENTED_EDGE ( 'NONE', *, *, #265, .F. ) ;
#668 = ORIENTED_EDGE ( 'NONE', *, *, #689, .F. ) ;
#669 = ORIENTED_EDGE ( 'NONE', *, *, #670, .T. ) ;
#670 = EDGE_CURVE ( 'NONE', #687, #639, #2756, .T. ) ;
#671 = ORIENTED_EDGE ( 'NONE', *, *, #638, .T. ) ;
#672 = ADVANCED_FACE ( 'NONE', ( #2752 ), #2737, .F. ) ;
#673 = EDGE_LOOP ( 'NONE', ( #674, #675, #676, #677, #654, #655, #656 ) ) ;
#674 = ORIENTED_EDGE ( 'NONE', *, *, #641, .F. ) ;
#675 = ORIENTED_EDGE ( 'NONE', *, *, #670, .F. ) ;
#676 = ORIENTED_EDGE ( 'NONE', *, *, #686, .F. ) ;
#677 = ORIENTED_EDGE ( 'NONE', *, *, #624, .F. ) ;
#678 = VERTEX_POINT ( 'NONE', #2788 ) ;
#679 = ORIENTED_EDGE ( 'NONE', *, *, #680, .T. ) ;
#680 = EDGE_CURVE ( 'NONE', #678, #269, #2786, .T. ) ;
#681 = ADVANCED_FACE ( 'NONE', ( #2782 ), #2767, .T. ) ;
#682 = EDGE_LOOP ( 'NONE', ( #683, #684, #685, #688 ) ) ;
#683 = ORIENTED_EDGE ( 'NONE', *, *, #271, .F. ) ;
#684 = ORIENTED_EDGE ( 'NONE', *, *, #680, .F. ) ;
#685 = ORIENTED_EDGE ( 'NONE', *, *, #686, .T. ) ;
#686 = EDGE_CURVE ( 'NONE', #678, #687, #2762, .T. ) ;
#687 = VERTEX_POINT ( 'NONE', #2817 ) ;
#688 = ORIENTED_EDGE ( 'NONE', *, *, #689, .T. ) ;
#689 = EDGE_CURVE ( 'NONE', #687, #266, #2816, .T. ) ;
#690 = ORIENTED_EDGE ( 'NONE', *, *, #516, .F. ) ;
#691 = ORIENTED_EDGE ( 'NONE', *, *, #768, .F. ) ;
#692 = ORIENTED_EDGE ( 'NONE', *, *, #693, .T. ) ;
#693 = EDGE_CURVE ( 'NONE', #766, #694, #2812, .T. ) ;
#694 = VERTEX_POINT ( 'NONE', #2808 ) ;
#695 = ORIENTED_EDGE ( 'NONE', *, *, #696, .T. ) ;
#696 = EDGE_CURVE ( 'NONE', #522, #3605, #2806, .T. ) ;
#697 = ADVANCED_FACE ( 'NONE', ( #2802 ), #2848, .T. ) ;
#698 = EDGE_LOOP ( 'NONE', ( #699, #700, #701, #704 ) ) ;
#699 = ORIENTED_EDGE ( 'NONE', *, *, #19, .F. ) ;
#700 = ORIENTED_EDGE ( 'NONE', *, *, #696, .F. ) ;
#701 = ORIENTED_EDGE ( 'NONE', *, *, #702, .T. ) ;
#702 = EDGE_CURVE ( 'NONE', #522, #703, #2843, .T. ) ;
#703 = VERTEX_POINT ( 'NONE', #2839 ) ;
#704 = ORIENTED_EDGE ( 'NONE', *, *, #705, .T. ) ;
#705 = EDGE_CURVE ( 'NONE', #703, #529, #2837, .T. ) ;
#706 = ADVANCED_FACE ( 'NONE', ( #2833 ), #2877, .T. ) ;
#707 = EDGE_LOOP ( 'NONE', ( #762, #763, #764, #767 ) ) ;
#708 = ORIENTED_EDGE ( 'NONE', *, *, #729, .F. ) ;
#709 = ORIENTED_EDGE ( 'NONE', *, *, #710, .T. ) ;
#710 = EDGE_CURVE ( 'NONE', #727, #711, #2872, .T. ) ;
#711 = VERTEX_POINT ( 'NONE', #2867 ) ;
#712 = ORIENTED_EDGE ( 'NONE', *, *, #713, .T. ) ;
#713 = EDGE_CURVE ( 'NONE', #711, #530, #2865, .T. ) ;
#714 = ADVANCED_FACE ( 'NONE', ( #2861 ), #2903, .T. ) ;
#715 = EDGE_LOOP ( 'NONE', ( #716, #717, #718, #695 ) ) ;
#716 = ORIENTED_EDGE ( 'NONE', *, *, #531, .F. ) ;
#717 = ORIENTED_EDGE ( 'NONE', *, *, #713, .F. ) ;
#718 = ORIENTED_EDGE ( 'NONE', *, *, #585, .T. ) ;
#719 = ORIENTED_EDGE ( 'NONE', *, *, #720, .T. ) ;
#720 = EDGE_CURVE ( 'NONE', #665, #7, #2897, .T. ) ;
#721 = ADVANCED_FACE ( 'NONE', ( #2893 ), #2931, .T. ) ;
#722 = EDGE_LOOP ( 'NONE', ( #723, #724, #725, #728 ) ) ;
#723 = ORIENTED_EDGE ( 'NONE', *, *, #12, .F. ) ;
#724 = ORIENTED_EDGE ( 'NONE', *, *, #720, .F. ) ;
#725 = ORIENTED_EDGE ( 'NONE', *, *, #726, .T. ) ;
#726 = EDGE_CURVE ( 'NONE', #665, #727, #2926, .T. ) ;
#727 = VERTEX_POINT ( 'NONE', #2922 ) ;
#728 = ORIENTED_EDGE ( 'NONE', *, *, #729, .T. ) ;
#729 = EDGE_CURVE ( 'NONE', #727, #6, #2921, .T. ) ;
#730 = ORIENTED_EDGE ( 'NONE', *, *, #805, .F. ) ;
#731 = ORIENTED_EDGE ( 'NONE', *, *, #732, .T. ) ;
#732 = EDGE_CURVE ( 'NONE', #803, #733, #2917, .T. ) ;
#733 = VERTEX_POINT ( 'NONE', #2913 ) ;
#734 = ORIENTED_EDGE ( 'NONE', *, *, #735, .T. ) ;
#735 = EDGE_CURVE ( 'NONE', #733, #899, #2912, .T. ) ;
#736 = EDGE_LOOP ( 'NONE', ( #737, #738, #739, #742 ) ) ;
#737 = ORIENTED_EDGE ( 'NONE', *, *, #969, .F. ) ;
#738 = ORIENTED_EDGE ( 'NONE', *, *, #760, .F. ) ;
#739 = ORIENTED_EDGE ( 'NONE', *, *, #740, .T. ) ;
#740 = EDGE_CURVE ( 'NONE', #758, #741, #2908, .T. ) ;
#741 = VERTEX_POINT ( 'NONE', #2958 ) ;
#742 = ORIENTED_EDGE ( 'NONE', *, *, #743, .T. ) ;
#743 = EDGE_CURVE ( 'NONE', #741, #965, #2956, .T. ) ;
#744 = ADVANCED_FACE ( 'NONE', ( #2952 ), #2937, .T. ) ;
#745 = EDGE_LOOP ( 'NONE', ( #746, #747, #748, #804 ) ) ;
#746 = ORIENTED_EDGE ( 'NONE', *, *, #967, .F. ) ;
#747 = ORIENTED_EDGE ( 'NONE', *, *, #743, .F. ) ;
#748 = ORIENTED_EDGE ( 'NONE', *, *, #749, .T. ) ;
#749 = EDGE_CURVE ( 'NONE', #741, #803, #2989, .T. ) ;
#750 = ORIENTED_EDGE ( 'NONE', *, *, #751, .T. ) ;
#751 = EDGE_CURVE ( 'NONE', #694, #517, #2984, .T. ) ;
#752 = ADVANCED_FACE ( 'NONE', ( #2980 ), #2965, .T. ) ;
#753 = EDGE_LOOP ( 'NONE', ( #754, #755, #756, #759 ) ) ;
#754 = ORIENTED_EDGE ( 'NONE', *, *, #3775, .F. ) ;
#755 = ORIENTED_EDGE ( 'NONE', *, *, #751, .F. ) ;
#756 = ORIENTED_EDGE ( 'NONE', *, *, #757, .T. ) ;
#757 = EDGE_CURVE ( 'NONE', #694, #758, #3015, .T. ) ;
#758 = VERTEX_POINT ( 'NONE', #3011 ) ;
#759 = ORIENTED_EDGE ( 'NONE', *, *, #760, .T. ) ;
#760 = EDGE_CURVE ( 'NONE', #758, #3776, #3009, .T. ) ;
#761 = ADVANCED_FACE ( 'NONE', ( #3005 ), #2990, .T. ) ;
#762 = ORIENTED_EDGE ( 'NONE', *, *, #519, .F. ) ;
#763 = ORIENTED_EDGE ( 'NONE', *, *, #705, .F. ) ;
#764 = ORIENTED_EDGE ( 'NONE', *, *, #765, .T. ) ;
#765 = EDGE_CURVE ( 'NONE', #703, #766, #3041, .T. ) ;
#766 = VERTEX_POINT ( 'NONE', #3037 ) ;
#767 = ORIENTED_EDGE ( 'NONE', *, *, #768, .T. ) ;
#768 = EDGE_CURVE ( 'NONE', #766, #526, #3035, .T. ) ;
#769 = ADVANCED_FACE ( 'NONE', ( #3031 ), #3016, .T. ) ;
#770 = EDGE_LOOP ( 'NONE', ( #690, #691, #692, #750 ) ) ;
#771 = ORIENTED_EDGE ( 'NONE', *, *, #732, .F. ) ;
#772 = ORIENTED_EDGE ( 'NONE', *, *, #749, .F. ) ;
#773 = ORIENTED_EDGE ( 'NONE', *, *, #740, .F. ) ;
#774 = ORIENTED_EDGE ( 'NONE', *, *, #757, .F. ) ;
#775 = ORIENTED_EDGE ( 'NONE', *, *, #693, .F. ) ;
#776 = ORIENTED_EDGE ( 'NONE', *, *, #777, .T. ) ;
#777 = EDGE_CURVE ( 'NONE', #795, #802, #3070, .T. ) ;
#778 = ORIENTED_EDGE ( 'NONE', *, *, #779, .T. ) ;
#779 = EDGE_CURVE ( 'NONE', #802, #3774, #3064, .T. ) ;
#780 = ADVANCED_FACE ( 'NONE', ( #3059 ), #3098, .T. ) ;
#781 = EDGE_LOOP ( 'NONE', ( #782, #783, #784, #786 ) ) ;
#782 = ORIENTED_EDGE ( 'NONE', *, *, #3777, .F. ) ;
#783 = ORIENTED_EDGE ( 'NONE', *, *, #779, .F. ) ;
#784 = ORIENTED_EDGE ( 'NONE', *, *, #785, .T. ) ;
#785 = EDGE_CURVE ( 'NONE', #802, #662, #3092, .T. ) ;
#786 = ORIENTED_EDGE ( 'NONE', *, *, #661, .T. ) ;
#787 = ADVANCED_FACE ( 'NONE', ( #3088 ), #3073, .T. ) ;
#788 = EDGE_LOOP ( 'NONE', ( #168, #169, #167, #166, #771, #772, #773, #774, #775, #846, #847, #848, #849, #850 ) ) ;
#789 = ADVANCED_FACE ( 'NONE', ( #3127 ), #3108, .T. ) ;
#790 = EDGE_LOOP ( 'NONE', ( #791, #792, #793, #796 ) ) ;
#791 = ORIENTED_EDGE ( 'NONE', *, *, #895, .F. ) ;
#792 = ORIENTED_EDGE ( 'NONE', *, *, #735, .F. ) ;
#793 = ORIENTED_EDGE ( 'NONE', *, *, #794, .T. ) ;
#794 = EDGE_CURVE ( 'NONE', #733, #795, #3102, .T. ) ;
#795 = VERTEX_POINT ( 'NONE', #3155 ) ;
#796 = ORIENTED_EDGE ( 'NONE', *, *, #797, .T. ) ;
#797 = EDGE_CURVE ( 'NONE', #795, #896, #3153, .T. ) ;
#798 = ADVANCED_FACE ( 'NONE', ( #3149 ), #3134, .T. ) ;
#799 = EDGE_LOOP ( 'NONE', ( #800, #801, #776, #778 ) ) ;
#800 = ORIENTED_EDGE ( 'NONE', *, *, #831, .F. ) ;
#801 = ORIENTED_EDGE ( 'NONE', *, *, #797, .F. ) ;
#802 = VERTEX_POINT ( 'NONE', #3133 ) ;
#803 = VERTEX_POINT ( 'NONE', #3185 ) ;
#804 = ORIENTED_EDGE ( 'NONE', *, *, #805, .T. ) ;
#805 = EDGE_CURVE ( 'NONE', #803, #892, #3183, .T. ) ;
#806 = ADVANCED_FACE ( 'NONE', ( #3179 ), #3164, .T. ) ;
#807 = EDGE_LOOP ( 'NONE', ( #808, #730, #731, #734 ) ) ;
#808 = ORIENTED_EDGE ( 'NONE', *, *, #968, .F. ) ;
#809 = VERTEX_POINT ( 'NONE', #3163 ) ;
#810 = ORIENTED_EDGE ( 'NONE', *, *, #885, .F. ) ;
#811 = EDGE_LOOP ( 'NONE', ( #873, #817, #886, #819 ) ) ;
#812 = ORIENTED_EDGE ( 'NONE', *, *, #844, .T. ) ;
#813 = VERTEX_POINT ( 'NONE', #3158 ) ;
#814 = ADVANCED_FACE ( 'NONE', ( #3157 ), #3199, .F. ) ;
#815 = ORIENTED_EDGE ( 'NONE', *, *, #816, .F. ) ;
#816 = EDGE_CURVE ( 'NONE', #845, #887, #3193, .T. ) ;
#817 = ORIENTED_EDGE ( 'NONE', *, *, #883, .F. ) ;
#818 = EDGE_CURVE ( 'NONE', #828, #884, #3189, .T. ) ;
#819 = ORIENTED_EDGE ( 'NONE', *, *, #841, .T. ) ;
#820 = ORIENTED_EDGE ( 'NONE', *, *, #883, .T. ) ;
#821 = EDGE_LOOP ( 'NONE', ( #839, #829, #840, #834, #837, #836, #843, #810 ) ) ;
#822 = VERTEX_POINT ( 'NONE', #3242 ) ;
#823 = VERTEX_POINT ( 'NONE', #3241 ) ;
#824 = ADVANCED_FACE ( 'NONE', ( #3240 ), #3224, .F. ) ;
#825 = VERTEX_POINT ( 'NONE', #3219 ) ;
#826 = EDGE_CURVE ( 'NONE', #827, #842, #3218, .T. ) ;
#827 = VERTEX_POINT ( 'NONE', #3271 ) ;
#828 = VERTEX_POINT ( 'NONE', #3270 ) ;
#829 = ORIENTED_EDGE ( 'NONE', *, *, #830, .F. ) ;
#830 = EDGE_CURVE ( 'NONE', #823, #833, #3269, .T. ) ;
#831 = EDGE_CURVE ( 'NONE', #896, #3774, #3265, .T. ) ;
#832 = EDGE_CURVE ( 'NONE', #833, #822, #3261, .T. ) ;
#833 = VERTEX_POINT ( 'NONE', #3257 ) ;
#834 = ORIENTED_EDGE ( 'NONE', *, *, #835, .F. ) ;
#835 = EDGE_CURVE ( 'NONE', #825, #828, #3256, .T. ) ;
#836 = ORIENTED_EDGE ( 'NONE', *, *, #826, .F. ) ;
#837 = ORIENTED_EDGE ( 'NONE', *, *, #838, .F. ) ;
#838 = EDGE_CURVE ( 'NONE', #842, #825, #3252, .T. ) ;
#839 = ORIENTED_EDGE ( 'NONE', *, *, #832, .F. ) ;
#840 = ORIENTED_EDGE ( 'NONE', *, *, #841, .F. ) ;
#841 = EDGE_CURVE ( 'NONE', #828, #823, #3248, .T. ) ;
#842 = VERTEX_POINT ( 'NONE', #3244 ) ;
#843 = ORIENTED_EDGE ( 'NONE', *, *, #844, .F. ) ;
#844 = EDGE_CURVE ( 'NONE', #845, #827, #3243, .T. ) ;
#845 = VERTEX_POINT ( 'NONE', #3297 ) ;
#846 = ORIENTED_EDGE ( 'NONE', *, *, #765, .F. ) ;
#847 = ORIENTED_EDGE ( 'NONE', *, *, #702, .F. ) ;
#848 = ORIENTED_EDGE ( 'NONE', *, *, #585, .F. ) ;
#849 = ORIENTED_EDGE ( 'NONE', *, *, #710, .F. ) ;
#850 = ORIENTED_EDGE ( 'NONE', *, *, #726, .F. ) ;
#851 = CLOSED_SHELL ( 'NONE', ( #213, #227, #262, #824, #891, #814, #888, #868, #855, #905, #3778, #246, #322, #305, #348, #332, #342, #409, #392, #375, #440, #424, #430, #489, #417, #479, #466, #473, #455, #152, #154, #53, #60, #68, #97, #116, #16, #114, #99, #132, #128, #157, #31, #3690, #3651, #3760, #3769, #3765, #506, #491, #499, #563, #546, #557, #540, #602, #586, #594, #577, #584, #525, #645, #627, #636, #619, #681, #611, #672, #657, #721, #651, #714, #697, #706, #769, #752, #761, #744, #806, #789, #798, #780, #787 ) ) ;
#852 = ORIENTED_EDGE ( 'NONE', *, *, #858, .F. ) ;
#853 = ORIENTED_EDGE ( 'NONE', *, *, #854, .F. ) ;
#854 = EDGE_CURVE ( 'NONE', #864, #936, #3295, .T. ) ;
#855 = ADVANCED_FACE ( 'NONE', ( #3291 ), #3276, .F. ) ;
#856 = VERTEX_POINT ( 'NONE', #3275 ) ;
#857 = EDGE_LOOP ( 'NONE', ( #861, #931, #918, #917, #921, #911, #913, #916 ) ) ;
#858 = EDGE_CURVE ( 'NONE', #859, #856, #3331, .T. ) ;
#859 = VERTEX_POINT ( 'NONE', #3327 ) ;
#860 = VERTEX_POINT ( 'NONE', #3326 ) ;
#861 = ORIENTED_EDGE ( 'NONE', *, *, #862, .F. ) ;
#862 = EDGE_CURVE ( 'NONE', #860, #934, #3324, .T. ) ;
#863 = EDGE_CURVE ( 'NONE', #864, #887, #3320, .T. ) ;
#864 = VERTEX_POINT ( 'NONE', #3316 ) ;
#865 = ORIENTED_EDGE ( 'NONE', *, *, #863, .T. ) ;
#866 = ORIENTED_EDGE ( 'NONE', *, *, #875, .T. ) ;
#867 = EDGE_LOOP ( 'NONE', ( #865, #866, #935, #852, #932, #853 ) ) ;
#868 = ADVANCED_FACE ( 'NONE', ( #3315 ), #3359, .F. ) ;
#869 = EDGE_CURVE ( 'NONE', #870, #876, #3354, .T. ) ;
#870 = VERTEX_POINT ( 'NONE', #3350 ) ;
#871 = ORIENTED_EDGE ( 'NONE', *, *, #872, .T. ) ;
#872 = EDGE_CURVE ( 'NONE', #870, #884, #3349, .T. ) ;
#873 = ORIENTED_EDGE ( 'NONE', *, *, #874, .F. ) ;
#874 = EDGE_CURVE ( 'NONE', #809, #823, #3345, .T. ) ;
#875 = EDGE_CURVE ( 'NONE', #887, #813, #3341, .T. ) ;
#876 = VERTEX_POINT ( 'NONE', #3337 ) ;
#877 = ORIENTED_EDGE ( 'NONE', *, *, #869, .F. ) ;
#878 = ORIENTED_EDGE ( 'NONE', *, *, #875, .F. ) ;
#879 = EDGE_LOOP ( 'NONE', ( #889, #877, #871, #820 ) ) ;
#880 = ORIENTED_EDGE ( 'NONE', *, *, #881, .T. ) ;
#881 = EDGE_CURVE ( 'NONE', #827, #813, #3335, .T. ) ;
#882 = EDGE_LOOP ( 'NONE', ( #815, #812, #880, #878 ) ) ;
#883 = EDGE_CURVE ( 'NONE', #884, #809, #3387, .T. ) ;
#884 = VERTEX_POINT ( 'NONE', #3383 ) ;
#885 = EDGE_CURVE ( 'NONE', #822, #845, #3382, .T. ) ;
#886 = ORIENTED_EDGE ( 'NONE', *, *, #818, .F. ) ;
#887 = VERTEX_POINT ( 'NONE', #3378 ) ;
#888 = ADVANCED_FACE ( 'NONE', ( #3377 ), #3361, .F. ) ;
#889 = ORIENTED_EDGE ( 'NONE', *, *, #890, .F. ) ;
#890 = EDGE_CURVE ( 'NONE', #876, #809, #3407, .T. ) ;
#891 = ADVANCED_FACE ( 'NONE', ( #3403 ), #3388, .F. ) ;
#892 = VERTEX_POINT ( 'NONE', #3443 ) ;
#893 = ORIENTED_EDGE ( 'NONE', *, *, #831, .T. ) ;
#894 = ORIENTED_EDGE ( 'NONE', *, *, #895, .T. ) ;
#895 = EDGE_CURVE ( 'NONE', #899, #896, #3442, .T. ) ;
#896 = VERTEX_POINT ( 'NONE', #3438 ) ;
#897 = ORIENTED_EDGE ( 'NONE', *, *, #969, .T. ) ;
#898 = ORIENTED_EDGE ( 'NONE', *, *, #967, .T. ) ;
#899 = VERTEX_POINT ( 'NONE', #3437 ) ;
#900 = ORIENTED_EDGE ( 'NONE', *, *, #914, .T. ) ;
#901 = EDGE_CURVE ( 'NONE', #908, #902, #3436, .T. ) ;
#902 = VERTEX_POINT ( 'NONE', #3432 ) ;
#903 = ORIENTED_EDGE ( 'NONE', *, *, #964, .T. ) ;
#904 = EDGE_CURVE ( 'NONE', #934, #908, #3430, .T. ) ;
#905 = ADVANCED_FACE ( 'NONE', ( #3426 ), #3473, .F. ) ;
#906 = EDGE_LOOP ( 'NONE', ( #907, #900, #903, #962 ) ) ;
#907 = ORIENTED_EDGE ( 'NONE', *, *, #901, .F. ) ;
#908 = VERTEX_POINT ( 'NONE', #3468 ) ;
#909 = EDGE_CURVE ( 'NONE', #910, #923, #3467, .T. ) ;
#910 = VERTEX_POINT ( 'NONE', #3463 ) ;
#911 = ORIENTED_EDGE ( 'NONE', *, *, #915, .F. ) ;
#912 = VERTEX_POINT ( 'NONE', #3462 ) ;
#913 = ORIENTED_EDGE ( 'NONE', *, *, #914, .F. ) ;
#914 = EDGE_CURVE ( 'NONE', #908, #912, #3461, .T. ) ;
#915 = EDGE_CURVE ( 'NONE', #912, #910, #3456, .T. ) ;
#916 = ORIENTED_EDGE ( 'NONE', *, *, #904, .F. ) ;
#917 = ORIENTED_EDGE ( 'NONE', *, *, #922, .F. ) ;
#918 = ORIENTED_EDGE ( 'NONE', *, *, #919, .F. ) ;
#919 = EDGE_CURVE ( 'NONE', #920, #924, #3452, .T. ) ;
#920 = VERTEX_POINT ( 'NONE', #3448 ) ;
#921 = ORIENTED_EDGE ( 'NONE', *, *, #909, .F. ) ;
#922 = EDGE_CURVE ( 'NONE', #923, #920, #3506, .T. ) ;
#923 = VERTEX_POINT ( 'NONE', #3502 ) ;
#924 = VERTEX_POINT ( 'NONE', #3501 ) ;
#925 = EDGE_CURVE ( 'NONE', #924, #860, #3499, .T. ) ;
#926 = EDGE_CURVE ( 'NONE', #194, #183, #3495, .T. ) ;
#927 = ORIENTED_EDGE ( 'NONE', *, *, #3777, .T. ) ;
#928 = ORIENTED_EDGE ( 'NONE', *, *, #926, .T. ) ;
#929 = EDGE_LOOP ( 'NONE', ( #927, #3781, #11, #8, #175, #20, #18, #524, #3783, #897, #898, #966, #894, #893 ) ) ;
#930 = EDGE_CURVE ( 'NONE', #856, #813, #3491, .T. ) ;
#931 = ORIENTED_EDGE ( 'NONE', *, *, #925, .F. ) ;
#932 = ORIENTED_EDGE ( 'NONE', *, *, #933, .F. ) ;
#933 = EDGE_CURVE ( 'NONE', #936, #859, #3487, .T. ) ;
#934 = VERTEX_POINT ( 'NONE', #3483 ) ;
#935 = ORIENTED_EDGE ( 'NONE', *, *, #930, .F. ) ;
#936 = VERTEX_POINT ( 'NONE', #3482 ) ;
#937 =( NAMED_UNIT ( * ) SI_UNIT ( $, .STERADIAN. ) SOLID_ANGLE_UNIT ( ) );
#938 =( NAMED_UNIT ( * ) PLANE_ANGLE_UNIT ( ) SI_UNIT ( $, .RADIAN. ) );
#939 =( LENGTH_UNIT ( ) NAMED_UNIT ( * ) SI_UNIT ( .MILLI., .METRE. ) );
#940 = MECHANICAL_DESIGN_GEOMETRIC_PRESENTATION_REPRESENTATION (  '', ( #942 ), #997 ) ;
#941 = PRESENTATION_LAYER_ASSIGNMENT (  '', '', ( #942 ) ) ;
#942 = STYLED_ITEM ( 'NONE', ( #943 ), #16 ) ;
#943 = PRESENTATION_STYLE_ASSIGNMENT (( #944 ) ) ;
#944 = SURFACE_STYLE_USAGE ( .BOTH. , #945 ) ;
#945 = SURFACE_SIDE_STYLE ('',( #946 ) ) ;
#946 = SURFACE_STYLE_FILL_AREA ( #947 ) ;
#947 = FILL_AREA_STYLE ('',( #953 ) ) ;
#948 = COLOUR_RGB ( '',0.8274509803921568100, 0.8392156862745098200, 0.8274509803921568100 ) ;
#949 = FACE_OUTER_BOUND ( 'NONE', #10, .T. ) ;
#950 = DIRECTION ( 'NONE',  ( 1.000000000000000000, 0.0000000000000000000, 0.0000000000000000000 ) ) ;
#951 = VECTOR ( 'NONE', #950, 1000.000000000000000 ) ;
#952 = CARTESIAN_POINT ( 'NONE',  ( -0.1567731582397663700, 3.899999999999999900, 1.567578874280853900 ) ) ;
#953 = FILL_AREA_STYLE_COLOUR ( '', #948 ) ;
#954 = LINE ( 'NONE', #952, #951 ) ;
#955 = DIRECTION ( 'NONE',  ( 0.5611165363451807700, 0.0000000000000000000, -0.8277368136309919400 ) ) ;
#956 = VECTOR ( 'NONE', #955, 1000.000000000000000 ) ;
#957 = CARTESIAN_POINT ( 'NONE',  ( -0.1490706934510338500, 3.899999999999999900, 1.567578874280853900 ) ) ;
#958 = LINE ( 'NONE', #957, #956 ) ;
#959 = CARTESIAN_POINT ( 'NONE',  ( -0.1490706934510338500, 3.899999999999999900, 1.567578874280853900 ) ) ;
#960 = CARTESIAN_POINT ( 'NONE',  ( 0.5375490248588252800, 3.899999999999999900, 0.5547047545625439800 ) ) ;
#961 = VERTEX_POINT ( 'NONE', #3481 ) ;
#962 = ORIENTED_EDGE ( 'NONE', *, *, #963, .F. ) ;
#963 = EDGE_CURVE ( 'NONE', #902, #961, #3479, .T. ) ;
#964 = EDGE_CURVE ( 'NONE', #912, #961, #3543, .T. ) ;
#965 = VERTEX_POINT ( 'NONE', #3539 ) ;
#966 = ORIENTED_EDGE ( 'NONE', *, *, #968, .T. ) ;
#967 = EDGE_CURVE ( 'NONE', #965, #892, #3538, .T. ) ;
#968 = EDGE_CURVE ( 'NONE', #892, #899, #3534, .T. ) ;
#969 = EDGE_CURVE ( 'NONE', #3776, #965, #3530, .T. ) ;
#970 =( NAMED_UNIT ( * ) PLANE_ANGLE_UNIT ( ) SI_UNIT ( $, .RADIAN. ) );
#971 =( LENGTH_UNIT ( ) NAMED_UNIT ( * ) SI_UNIT ( .MILLI., .METRE. ) );
#972 = MECHANICAL_DESIGN_GEOMETRIC_PRESENTATION_REPRESENTATION (  '', ( #974 ), #1019 ) ;
#973 = PRESENTATION_LAYER_ASSIGNMENT (  '', '', ( #974 ) ) ;
#974 = STYLED_ITEM ( 'NONE', ( #975 ), #31 ) ;
#975 = PRESENTATION_STYLE_ASSIGNMENT (( #976 ) ) ;
#976 = SURFACE_STYLE_USAGE ( .BOTH. , #977 ) ;
#977 = SURFACE_SIDE_STYLE ('',( #978 ) ) ;
#978 = SURFACE_STYLE_FILL_AREA ( #979 ) ;
#979 = FILL_AREA_STYLE ('',( #986 ) ) ;
#980 = COLOUR_RGB ( '',0.8274509803921568100, 0.8392156862745098200, 0.8274509803921568100 ) ;
#981 = FACE_OUTER_BOUND ( 'NONE', #29, .T. ) ;
#982 = DIRECTION ( 'NONE',  ( -0.0000000000000000000, 1.000000000000000000, -0.0000000000000000000 ) ) ;
#983 = VECTOR ( 'NONE', #982, 1000.000000000000000 ) ;
#984 = CARTESIAN_POINT ( 'NONE',  ( 2.371213203435594200, 2.399999999999999500, -5.149497474683057500 ) ) ;
#985 = LINE ( 'NONE', #984, #983 ) ;
#986 = FILL_AREA_STYLE_COLOUR ( '', #980 ) ;
#987 = CARTESIAN_POINT ( 'NONE',  ( 3.870279579551073800, 2.399999999999999500, -3.650431098567574800 ) ) ;
#988 = DIRECTION ( 'NONE',  ( 0.5707827724612920500, 0.0000000000000000000, 0.8211011062356455800 ) ) ;
#989 = VECTOR ( 'NONE', #988, 1000.000000000000000 ) ;
#990 = CARTESIAN_POINT ( 'NONE',  ( 0.03083687697150129200, 3.899999999999999900, 1.785998768647050900 ) ) ;
#991 = LINE ( 'NONE', #990, #989 ) ;
#992 = DIRECTION ( 'NONE',  ( -0.7071067811865464600, 0.0000000000000000000, -0.7071067811865486800 ) ) ;
#993 = DIRECTION ( 'NONE',  ( 0.7071067811865486800, 0.0000000000000000000, -0.7071067811865464600 ) ) ;
#994 = CARTESIAN_POINT ( 'NONE',  ( -2.385355339059323400, 2.400000000000000400, 5.135355339059327000 ) ) ;
#995 = AXIS2_PLACEMENT_3D ( 'NONE', #994, #993, #992 ) ;
#996 = PLANE ( 'NONE',  #995 ) ;
#997 =( GEOMETRIC_REPRESENTATION_CONTEXT ( 3 ) GLOBAL_UNCERTAINTY_ASSIGNED_CONTEXT ( ( #998 ) ) GLOBAL_UNIT_ASSIGNED_CONTEXT ( ( #939, #938, #937 ) ) REPRESENTATION_CONTEXT ( 'NONE', 'WORKASPACE' ) );
#998 = UNCERTAINTY_MEASURE_WITH_UNIT (LENGTH_MEASURE( 1.000000000000000100E-005 ), #939, 'distance_accuracy_value', 'NONE');
#999 = DIRECTION ( 'NONE',  ( 1.000000000000000000, 0.0000000000000000000, 0.0000000000000000000 ) ) ;
#1000 = VECTOR ( 'NONE', #999, 1000.000000000000000 ) ;
#1001 = CARTESIAN_POINT ( 'NONE',  ( 1.499999999999974000, 2.400000000000000400, -5.149999999999999500 ) ) ;
#1002 = LINE ( 'NONE', #1001, #1000 ) ;
#1003 = CARTESIAN_POINT ( 'NONE',  ( 2.349999999999997000, 1.400000000000000100, -5.149999999999999500 ) ) ;
#1004 = DIRECTION ( 'NONE',  ( 0.0000000000000000000, -1.000000000000000000, 0.0000000000000000000 ) ) ;
#1005 = VECTOR ( 'NONE', #1004, 1000.000000000000000 ) ;
#1006 = CARTESIAN_POINT ( 'NONE',  ( 2.349999999999997000, 2.400000000000000400, -5.149999999999999500 ) ) ;
#1007 = LINE ( 'NONE', #1006, #1005 ) ;
#1008 = CARTESIAN_POINT ( 'NONE',  ( 2.349999999999997000, 2.400000000000000400, -5.149999999999999500 ) ) ;
#1009 = CARTESIAN_POINT ( 'NONE',  ( -2.349999999999996100, 2.400000000000000400, 5.149999999999999500 ) ) ;
#1010 = DIRECTION ( 'NONE',  ( 0.7071067811865464600, -4.130293990420966400E-016, 0.7071067811865486800 ) ) ;
#1011 = VECTOR ( 'NONE', #1010, 999.9999999999998900 ) ;
#1012 = CARTESIAN_POINT ( 'NONE',  ( 2.385355339059324700, 2.400000000000000400, -5.135355339059327800 ) ) ;
#1013 = LINE ( 'NONE', #1012, #1011 ) ;
#1014 = DIRECTION ( 'NONE',  ( 0.7071067811865464600, 0.0000000000000000000, 0.7071067811865486800 ) ) ;
#1015 = DIRECTION ( 'NONE',  ( -0.7071067811865486800, 0.0000000000000000000, 0.7071067811865464600 ) ) ;
#1016 = CARTESIAN_POINT ( 'NONE',  ( 3.870279579551073800, 2.399999999999999500, -3.650431098567574800 ) ) ;
#1017 = AXIS2_PLACEMENT_3D ( 'NONE', #1016, #1015, #1014 ) ;
#1018 = PLANE ( 'NONE',  #1017 ) ;
#1019 =( GEOMETRIC_REPRESENTATION_CONTEXT ( 3 ) GLOBAL_UNCERTAINTY_ASSIGNED_CONTEXT ( ( #1020 ) ) GLOBAL_UNIT_ASSIGNED_CONTEXT ( ( #971, #970, #1021 ) ) REPRESENTATION_CONTEXT ( 'NONE', 'WORKASPACE' ) );
#1020 = UNCERTAINTY_MEASURE_WITH_UNIT (LENGTH_MEASURE( 1.000000000000000100E-005 ), #971, 'distance_accuracy_value', 'NONE');
#1021 =( NAMED_UNIT ( * ) SI_UNIT ( $, .STERADIAN. ) SOLID_ANGLE_UNIT ( ) );
#1022 = FILL_AREA_STYLE_COLOUR ( '', #1027 ) ;
#1023 = DIRECTION ( 'NONE',  ( 1.000000000000000000, 0.0000000000000000000, -0.0000000000000000000 ) ) ;
#1024 = DIRECTION ( 'NONE',  ( 0.0000000000000000000, -0.0000000000000000000, 1.000000000000000000 ) ) ;
#1025 = CARTESIAN_POINT ( 'NONE',  ( 1.500000000000001100, -0.1000000000000000100, -5.149999999999999500 ) ) ;
#1026 = AXIS2_PLACEMENT_3D ( 'NONE', #1025, #1024, #1023 ) ;
#1027 = COLOUR_RGB ( '',0.8274509803921568100, 0.8392156862745098200, 0.8274509803921568100 ) ;
#1028 = FACE_OUTER_BOUND ( 'NONE', #57, .T. ) ;
#1029 = PLANE ( 'NONE',  #1026 ) ;
#1030 =( GEOMETRIC_REPRESENTATION_CONTEXT ( 3 ) GLOBAL_UNCERTAINTY_ASSIGNED_CONTEXT ( ( #1031 ) ) GLOBAL_UNIT_ASSIGNED_CONTEXT ( ( #1034, #1033, #1032 ) ) REPRESENTATION_CONTEXT ( 'NONE', 'WORKASPACE' ) );
#1031 = UNCERTAINTY_MEASURE_WITH_UNIT (LENGTH_MEASURE( 1.000000000000000100E-005 ), #1034, 'distance_accuracy_value', 'NONE');
#1032 =( NAMED_UNIT ( * ) SI_UNIT ( $, .STERADIAN. ) SOLID_ANGLE_UNIT ( ) );
#1033 =( NAMED_UNIT ( * ) PLANE_ANGLE_UNIT ( ) SI_UNIT ( $, .RADIAN. ) );
#1034 =( LENGTH_UNIT ( ) NAMED_UNIT ( * ) SI_UNIT ( .MILLI., .METRE. ) );
#1035 = MECHANICAL_DESIGN_GEOMETRIC_PRESENTATION_REPRESENTATION (  '', ( #1037 ), #1030 ) ;
#1036 = PRESENTATION_LAYER_ASSIGNMENT (  '', '', ( #1037 ) ) ;
#1037 = STYLED_ITEM ( 'NONE', ( #1038 ), #53 ) ;
#1038 = PRESENTATION_STYLE_ASSIGNMENT (( #1039 ) ) ;
#1039 = SURFACE_STYLE_USAGE ( .BOTH. , #1040 ) ;
#1040 = SURFACE_SIDE_STYLE ('',( #1041 ) ) ;
#1041 = SURFACE_STYLE_FILL_AREA ( #1042 ) ;
#1042 = FILL_AREA_STYLE ('',( #1048 ) ) ;
#1043 = COLOUR_RGB ( '',0.8274509803921568100, 0.8392156862745098200, 0.8274509803921568100 ) ;
#1044 = FACE_OUTER_BOUND ( 'NONE', #52, .T. ) ;
#1045 = DIRECTION ( 'NONE',  ( -1.000000000000000000, -0.0000000000000000000, -1.752335333352409800E-014 ) ) ;
#1046 = VECTOR ( 'NONE', #1045, 1000.000000000000000 ) ;
#1047 = CARTESIAN_POINT ( 'NONE',  ( -1.500000000000000200, 1.399999999999999900, 5.149497474683073500 ) ) ;
#1048 = FILL_AREA_STYLE_COLOUR ( '', #1043 ) ;
#1049 = LINE ( 'NONE', #1047, #1046 ) ;
#1050 = DIRECTION ( 'NONE',  ( -1.000000000000000000, 0.0000000000000000000, 0.0000000000000000000 ) ) ;
#1051 = VECTOR ( 'NONE', #1050, 1000.000000000000000 ) ;
#1052 = CARTESIAN_POINT ( 'NONE',  ( -1.500000000000000200, 2.400000000000000400, 5.149999999999999500 ) ) ;
#1053 = LINE ( 'NONE', #1052, #1051 ) ;
#1054 = CARTESIAN_POINT ( 'NONE',  ( 1.499999999999984900, 1.399999999999999900, -5.149999999999999500 ) ) ;
#1055 = VECTOR ( 'NONE', #170, 1000.000000000000000 ) ;
#1056 = LINE ( 'NONE', #1054, #1107 ) ;
#1057 = DIRECTION ( 'NONE',  ( -0.0000000000000000000, -0.0000000000000000000, -1.000000000000000000 ) ) ;
#1058 = VECTOR ( 'NONE', #1057, 1000.000000000000000 ) ;
#1059 = CARTESIAN_POINT ( 'NONE',  ( -2.349999999999996100, 1.399999999999999900, 5.149999999999999500 ) ) ;
#1060 = LINE ( 'NONE', #1059, #1058 ) ;
#1061 = DIRECTION ( 'NONE',  ( 0.0000000000000000000, 0.0000000000000000000, 1.000000000000000000 ) ) ;
#1062 = DIRECTION ( 'NONE',  ( 0.0000000000000000000, 1.000000000000000000, -0.0000000000000000000 ) ) ;
#1063 = CARTESIAN_POINT ( 'NONE',  ( -1.500000000000000200, 1.399999999999999900, 5.149999999999999500 ) ) ;
#1064 = AXIS2_PLACEMENT_3D ( 'NONE', #1063, #1062, #1061 ) ;
#1065 = PLANE ( 'NONE',  #1064 ) ;
#1066 =( GEOMETRIC_REPRESENTATION_CONTEXT ( 3 ) GLOBAL_UNCERTAINTY_ASSIGNED_CONTEXT ( ( #1067 ) ) GLOBAL_UNIT_ASSIGNED_CONTEXT ( ( #1070, #1069, #1068 ) ) REPRESENTATION_CONTEXT ( 'NONE', 'WORKASPACE' ) );
#1067 = UNCERTAINTY_MEASURE_WITH_UNIT (LENGTH_MEASURE( 1.000000000000000100E-005 ), #1070, 'distance_accuracy_value', 'NONE');
#1068 =( NAMED_UNIT ( * ) SI_UNIT ( $, .STERADIAN. ) SOLID_ANGLE_UNIT ( ) );
#1069 =( NAMED_UNIT ( * ) PLANE_ANGLE_UNIT ( ) SI_UNIT ( $, .RADIAN. ) );
#1070 =( LENGTH_UNIT ( ) NAMED_UNIT ( * ) SI_UNIT ( .MILLI., .METRE. ) );
#1071 = MECHANICAL_DESIGN_GEOMETRIC_PRESENTATION_REPRESENTATION (  '', ( #1073 ), #1066 ) ;
#1072 = PRESENTATION_LAYER_ASSIGNMENT (  '', '', ( #1073 ) ) ;
#1073 = STYLED_ITEM ( 'NONE', ( #1074 ), #60 ) ;
#1074 = PRESENTATION_STYLE_ASSIGNMENT (( #1075 ) ) ;
#1075 = SURFACE_STYLE_USAGE ( .BOTH. , #1076 ) ;
#1076 = SURFACE_SIDE_STYLE ('',( #1077 ) ) ;
#1077 = SURFACE_STYLE_FILL_AREA ( #1078 ) ;
#1078 = FILL_AREA_STYLE ('',( #1022 ) ) ;
#1079 = DIRECTION ( 'NONE',  ( -0.0000000000000000000, 0.0000000000000000000, -1.000000000000000000 ) ) ;
#1080 = DIRECTION ( 'NONE',  ( 1.000000000000000000, 0.0000000000000000000, -0.0000000000000000000 ) ) ;
#1081 = CARTESIAN_POINT ( 'NONE',  ( -2.349999999999996100, 2.400000000000000400, 5.149999999999999500 ) ) ;
#1082 = AXIS2_PLACEMENT_3D ( 'NONE', #1081, #1080, #1079 ) ;
#1083 = LINE ( 'NONE', #1143, #1142 ) ;
#1084 = CARTESIAN_POINT ( 'NONE',  ( -2.349999999999996100, 1.399999999999999900, 5.149497474683058400 ) ) ;
#1085 = PLANE ( 'NONE',  #1082 ) ;
#1086 =( GEOMETRIC_REPRESENTATION_CONTEXT ( 3 ) GLOBAL_UNCERTAINTY_ASSIGNED_CONTEXT ( ( #1087 ) ) GLOBAL_UNIT_ASSIGNED_CONTEXT ( ( #1090, #1089, #1088 ) ) REPRESENTATION_CONTEXT ( 'NONE', 'WORKASPACE' ) );
#1087 = UNCERTAINTY_MEASURE_WITH_UNIT (LENGTH_MEASURE( 1.000000000000000100E-005 ), #1090, 'distance_accuracy_value', 'NONE');
#1088 =( NAMED_UNIT ( * ) SI_UNIT ( $, .STERADIAN. ) SOLID_ANGLE_UNIT ( ) );
#1089 =( NAMED_UNIT ( * ) PLANE_ANGLE_UNIT ( ) SI_UNIT ( $, .RADIAN. ) );
#1090 =( LENGTH_UNIT ( ) NAMED_UNIT ( * ) SI_UNIT ( .MILLI., .METRE. ) );
#1091 = MECHANICAL_DESIGN_GEOMETRIC_PRESENTATION_REPRESENTATION (  '', ( #1093 ), #1086 ) ;
#1092 = PRESENTATION_LAYER_ASSIGNMENT (  '', '', ( #1093 ) ) ;
#1093 = STYLED_ITEM ( 'NONE', ( #1094 ), #68 ) ;
#1094 = PRESENTATION_STYLE_ASSIGNMENT (( #1095 ) ) ;
#1095 = SURFACE_STYLE_USAGE ( .BOTH. , #1096 ) ;
#1096 = SURFACE_SIDE_STYLE ('',( #1097 ) ) ;
#1097 = SURFACE_STYLE_FILL_AREA ( #1098 ) ;
#1098 = FILL_AREA_STYLE ('',( #1104 ) ) ;
#1099 = COLOUR_RGB ( '',0.8274509803921568100, 0.8392156862745098200, 0.8274509803921568100 ) ;
#1100 = FACE_OUTER_BOUND ( 'NONE', #59, .T. ) ;
#1101 = DIRECTION ( 'NONE',  ( -0.0000000000000000000, -0.0000000000000000000, -1.000000000000000000 ) ) ;
#1102 = VECTOR ( 'NONE', #1101, 1000.000000000000000 ) ;
#1103 = CARTESIAN_POINT ( 'NONE',  ( -2.349999999999996100, 2.400000000000000400, 5.149999999999999500 ) ) ;
#1104 = FILL_AREA_STYLE_COLOUR ( '', #1099 ) ;
#1105 = LINE ( 'NONE', #1103, #1102 ) ;
#1106 = DIRECTION ( 'NONE',  ( -1.000000000000000000, -2.551063935259974000E-016, -0.0000000000000000000 ) ) ;
#1107 = VECTOR ( 'NONE', #1106, 1000.000000000000000 ) ;
#1108 = PRESENTATION_STYLE_ASSIGNMENT (( #1109 ) ) ;
#1109 = SURFACE_STYLE_USAGE ( .BOTH. , #1110 ) ;
#1110 = SURFACE_SIDE_STYLE ('',( #1111 ) ) ;
#1111 = SURFACE_STYLE_FILL_AREA ( #1112 ) ;
#1112 = FILL_AREA_STYLE ('',( #1114 ) ) ;
#1113 = COLOUR_RGB ( '',0.8274509803921568100, 0.8392156862745098200, 0.8274509803921568100 ) ;
#1114 = FILL_AREA_STYLE_COLOUR ( '', #1113 ) ;
#1115 = FACE_OUTER_BOUND ( 'NONE', #79, .T. ) ;
#1116 = CARTESIAN_POINT ( 'NONE',  ( -2.371213203435592400, 1.399999999999999900, 5.149497474683058400 ) ) ;
#1117 = DIRECTION ( 'NONE',  ( 1.000000000000000000, -0.0000000000000000000, 1.752335333352409800E-014 ) ) ;
#1118 = VECTOR ( 'NONE', #1117, 1000.000000000000000 ) ;
#1119 = CARTESIAN_POINT ( 'NONE',  ( -3.870279579551099100, 2.400000000000000400, 5.149497474683031800 ) ) ;
#1120 = LINE ( 'NONE', #1119, #1118 ) ;
#1121 = DIRECTION ( 'NONE',  ( -0.7071067811865464600, -0.0000000000000000000, -0.7071067811865486800 ) ) ;
#1122 = VECTOR ( 'NONE', #1121, 999.9999999999998900 ) ;
#1123 = CARTESIAN_POINT ( 'NONE',  ( -3.870279579551072900, 2.400000000000000400, 3.650431098567573400 ) ) ;
#1124 = LINE ( 'NONE', #1123, #1122 ) ;
#1125 = CARTESIAN_POINT ( 'NONE',  ( -2.371213203435591900, 2.400000000000000400, 5.149497474683058400 ) ) ;
#1126 = DIRECTION ( 'NONE',  ( 0.0000000000000000000, -1.000000000000000000, 0.0000000000000000000 ) ) ;
#1127 = VECTOR ( 'NONE', #1126, 1000.000000000000000 ) ;
#1128 = CARTESIAN_POINT ( 'NONE',  ( -2.349999999999996100, 1.399999999999999900, 5.149497474683058400 ) ) ;
#1129 = LINE ( 'NONE', #1128, #1127 ) ;
#1130 = DIRECTION ( 'NONE',  ( 0.0000000000000000000, -1.000000000000000000, 0.0000000000000000000 ) ) ;
#1131 = VECTOR ( 'NONE', #1130, 1000.000000000000000 ) ;
#1132 = CARTESIAN_POINT ( 'NONE',  ( -3.870279579551072900, 2.400000000000000400, 3.650431098567573400 ) ) ;
#1133 = LINE ( 'NONE', #1132, #1131 ) ;
#1134 = CARTESIAN_POINT ( 'NONE',  ( -3.870279579551072900, 1.399999999999999900, 3.650431098567573400 ) ) ;
#1135 = DIRECTION ( 'NONE',  ( 0.7071067811865486800, -0.0000000000000000000, -0.7071067811865464600 ) ) ;
#1136 = VECTOR ( 'NONE', #1135, 999.9999999999998900 ) ;
#1137 = CARTESIAN_POINT ( 'NONE',  ( -3.870279579551072900, 2.400000000000000400, 3.650431098567573400 ) ) ;
#1138 = LINE ( 'NONE', #1137, #1136 ) ;
#1139 = CARTESIAN_POINT ( 'NONE',  ( -3.870279579551072900, 2.400000000000000400, 3.650431098567573400 ) ) ;
#1140 = CARTESIAN_POINT ( 'NONE',  ( -2.349999999999996100, 2.400000000000000400, 5.149497474683058400 ) ) ;
#1141 = DIRECTION ( 'NONE',  ( 0.7071067811865486800, -0.0000000000000000000, -0.7071067811865464600 ) ) ;
#1142 = VECTOR ( 'NONE', #1141, 999.9999999999998900 ) ;
#1143 = CARTESIAN_POINT ( 'NONE',  ( -3.870279579551072900, 1.399999999999999900, 3.650431098567573400 ) ) ;
#1144 = MECHANICAL_DESIGN_GEOMETRIC_PRESENTATION_REPRESENTATION (  '', ( #1146 ), #1195 ) ;
#1145 = PRESENTATION_LAYER_ASSIGNMENT (  '', '', ( #1146 ) ) ;
#1146 = STYLED_ITEM ( 'NONE', ( #1147 ), #99 ) ;
#1147 = PRESENTATION_STYLE_ASSIGNMENT (( #1148 ) ) ;
#1148 = SURFACE_STYLE_USAGE ( .BOTH. , #1149 ) ;
#1149 = SURFACE_SIDE_STYLE ('',( #1150 ) ) ;
#1150 = SURFACE_STYLE_FILL_AREA ( #1151 ) ;
#1151 = FILL_AREA_STYLE ('',( #1158 ) ) ;
#1152 = COLOUR_RGB ( '',0.8274509803921568100, 0.8392156862745098200, 0.8274509803921568100 ) ;
#1153 = FACE_OUTER_BOUND ( 'NONE', #103, .T. ) ;
#1154 = DIRECTION ( 'NONE',  ( 0.7071067811865464600, 0.0000000000000000000, 0.7071067811865486800 ) ) ;
#1155 = VECTOR ( 'NONE', #1154, 999.9999999999998900 ) ;
#1156 = CARTESIAN_POINT ( 'NONE',  ( -3.870279579551072900, 1.399999999999999900, 3.650431098567573400 ) ) ;
#1157 = LINE ( 'NONE', #1156, #1155 ) ;
#1158 = FILL_AREA_STYLE_COLOUR ( '', #1152 ) ;
#1159 = DIRECTION ( 'NONE',  ( 0.0000000000000000000, -0.0000000000000000000, -1.000000000000000000 ) ) ;
#1160 = DIRECTION ( 'NONE',  ( 0.0000000000000000000, -1.000000000000000000, 0.0000000000000000000 ) ) ;
#1161 = CARTESIAN_POINT ( 'NONE',  ( -3.870279579551072900, 2.400000000000000400, 3.650431098567573400 ) ) ;
#1162 = AXIS2_PLACEMENT_3D ( 'NONE', #1161, #1160, #1159 ) ;
#1163 = PLANE ( 'NONE',  #1162 ) ;
#1164 =( GEOMETRIC_REPRESENTATION_CONTEXT ( 3 ) GLOBAL_UNCERTAINTY_ASSIGNED_CONTEXT ( ( #1165 ) ) GLOBAL_UNIT_ASSIGNED_CONTEXT ( ( #1168, #1167, #1166 ) ) REPRESENTATION_CONTEXT ( 'NONE', 'WORKASPACE' ) );
#1165 = UNCERTAINTY_MEASURE_WITH_UNIT (LENGTH_MEASURE( 1.000000000000000100E-005 ), #1168, 'distance_accuracy_value', 'NONE');
#1166 =( NAMED_UNIT ( * ) SI_UNIT ( $, .STERADIAN. ) SOLID_ANGLE_UNIT ( ) );
#1167 =( NAMED_UNIT ( * ) PLANE_ANGLE_UNIT ( ) SI_UNIT ( $, .RADIAN. ) );
#1168 =( LENGTH_UNIT ( ) NAMED_UNIT ( * ) SI_UNIT ( .MILLI., .METRE. ) );
#1169 = MECHANICAL_DESIGN_GEOMETRIC_PRESENTATION_REPRESENTATION (  '', ( #1171 ), #1164 ) ;
#1170 = PRESENTATION_LAYER_ASSIGNMENT (  '', '', ( #1171 ) ) ;
#1171 = STYLED_ITEM ( 'NONE', ( #1108 ), #97 ) ;
#1172 =( LENGTH_UNIT ( ) NAMED_UNIT ( * ) SI_UNIT ( .MILLI., .METRE. ) );
#1173 = MECHANICAL_DESIGN_GEOMETRIC_PRESENTATION_REPRESENTATION (  '', ( #1175 ), #1222 ) ;
#1174 = PRESENTATION_LAYER_ASSIGNMENT (  '', '', ( #1175 ) ) ;
#1175 = STYLED_ITEM ( 'NONE', ( #1176 ), #114 ) ;
#1176 = PRESENTATION_STYLE_ASSIGNMENT (( #1177 ) ) ;
#1177 = SURFACE_STYLE_USAGE ( .BOTH. , #1178 ) ;
#1178 = SURFACE_SIDE_STYLE ('',( #1179 ) ) ;
#1179 = SURFACE_STYLE_FILL_AREA ( #1180 ) ;
#1180 = FILL_AREA_STYLE ('',( #1181 ) ) ;
#1181 = FILL_AREA_STYLE_COLOUR ( '', #1182 ) ;
#1182 = COLOUR_RGB ( '',0.8274509803921568100, 0.8392156862745098200, 0.8274509803921568100 ) ;
#1183 = FACE_OUTER_BOUND ( 'NONE', #111, .T. ) ;
#1184 = CARTESIAN_POINT ( 'NONE',  ( 2.349999999999997000, 2.400000000000000400, -5.149497474683057500 ) ) ;
#1185 = DIRECTION ( 'NONE',  ( -0.0000000000000000000, -0.0000000000000000000, 1.000000000000000000 ) ) ;
#1186 = VECTOR ( 'NONE', #1185, 1000.000000000000000 ) ;
#1187 = CARTESIAN_POINT ( 'NONE',  ( 2.349999999999997000, 2.400000000000000400, -5.149999999999999500 ) ) ;
#1188 = LINE ( 'NONE', #1187, #1186 ) ;
#1189 = CARTESIAN_POINT ( 'NONE',  ( 2.371213203435594600, 1.400000000000000100, -5.149497474683057500 ) ) ;
#1190 = DIRECTION ( 'NONE',  ( -0.0000000000000000000, 0.0000000000000000000, 1.000000000000000000 ) ) ;
#1191 = DIRECTION ( 'NONE',  ( -1.000000000000000000, 0.0000000000000000000, -0.0000000000000000000 ) ) ;
#1192 = CARTESIAN_POINT ( 'NONE',  ( 2.349999999999997000, 2.400000000000000400, -5.149999999999999500 ) ) ;
#1193 = AXIS2_PLACEMENT_3D ( 'NONE', #1192, #1191, #1190 ) ;
#1194 = PLANE ( 'NONE',  #1193 ) ;
#1195 =( GEOMETRIC_REPRESENTATION_CONTEXT ( 3 ) GLOBAL_UNCERTAINTY_ASSIGNED_CONTEXT ( ( #1196 ) ) GLOBAL_UNIT_ASSIGNED_CONTEXT ( ( #1199, #1198, #1197 ) ) REPRESENTATION_CONTEXT ( 'NONE', 'WORKASPACE' ) );
#1196 = UNCERTAINTY_MEASURE_WITH_UNIT (LENGTH_MEASURE( 1.000000000000000100E-005 ), #1199, 'distance_accuracy_value', 'NONE');
#1197 =( NAMED_UNIT ( * ) SI_UNIT ( $, .STERADIAN. ) SOLID_ANGLE_UNIT ( ) );
#1198 =( NAMED_UNIT ( * ) PLANE_ANGLE_UNIT ( ) SI_UNIT ( $, .RADIAN. ) );
#1199 =( LENGTH_UNIT ( ) NAMED_UNIT ( * ) SI_UNIT ( .MILLI., .METRE. ) );
#1200 =( NAMED_UNIT ( * ) PLANE_ANGLE_UNIT ( ) SI_UNIT ( $, .RADIAN. ) );
#1201 =( LENGTH_UNIT ( ) NAMED_UNIT ( * ) SI_UNIT ( .MILLI., .METRE. ) );
#1202 = MECHANICAL_DESIGN_GEOMETRIC_PRESENTATION_REPRESENTATION (  '', ( #1204 ), #1253 ) ;
#1203 = PRESENTATION_LAYER_ASSIGNMENT (  '', '', ( #1204 ) ) ;
#1204 = STYLED_ITEM ( 'NONE', ( #1205 ), #116 ) ;
#1205 = PRESENTATION_STYLE_ASSIGNMENT (( #1206 ) ) ;
#1206 = SURFACE_STYLE_USAGE ( .BOTH. , #1207 ) ;
#1207 = SURFACE_SIDE_STYLE ('',( #1208 ) ) ;
#1208 = SURFACE_STYLE_FILL_AREA ( #1209 ) ;
#1209 = FILL_AREA_STYLE ('',( #1216 ) ) ;
#1210 = COLOUR_RGB ( '',0.8274509803921568100, 0.8392156862745098200, 0.8274509803921568100 ) ;
#1211 = FACE_OUTER_BOUND ( 'NONE', #76, .T. ) ;
#1212 = DIRECTION ( 'NONE',  ( -0.0000000000000000000, 1.000000000000000000, -0.0000000000000000000 ) ) ;
#1213 = VECTOR ( 'NONE', #1212, 1000.000000000000000 ) ;
#1214 = CARTESIAN_POINT ( 'NONE',  ( -2.371213203435592400, 2.400000000000000400, 5.149497474683058400 ) ) ;
#1215 = LINE ( 'NONE', #1214, #1213 ) ;
#1216 = FILL_AREA_STYLE_COLOUR ( '', #1210 ) ;
#1217 = DIRECTION ( 'NONE',  ( 1.000000000000000000, 0.0000000000000000000, 1.752335333352409800E-014 ) ) ;
#1218 = DIRECTION ( 'NONE',  ( -1.752335333352409800E-014, 0.0000000000000000000, 1.000000000000000000 ) ) ;
#1219 = CARTESIAN_POINT ( 'NONE',  ( -2.349999999999996100, 2.400000000000000400, 5.149497474683058400 ) ) ;
#1220 = AXIS2_PLACEMENT_3D ( 'NONE', #1219, #1218, #1217 ) ;
#1221 = PLANE ( 'NONE',  #1220 ) ;
#1222 =( GEOMETRIC_REPRESENTATION_CONTEXT ( 3 ) GLOBAL_UNCERTAINTY_ASSIGNED_CONTEXT ( ( #1223 ) ) GLOBAL_UNIT_ASSIGNED_CONTEXT ( ( #1172, #1225, #1224 ) ) REPRESENTATION_CONTEXT ( 'NONE', 'WORKASPACE' ) );
#1223 = UNCERTAINTY_MEASURE_WITH_UNIT (LENGTH_MEASURE( 1.000000000000000100E-005 ), #1172, 'distance_accuracy_value', 'NONE');
#1224 =( NAMED_UNIT ( * ) SI_UNIT ( $, .STERADIAN. ) SOLID_ANGLE_UNIT ( ) );
#1225 =( NAMED_UNIT ( * ) PLANE_ANGLE_UNIT ( ) SI_UNIT ( $, .RADIAN. ) );
#1226 = PRESENTATION_STYLE_ASSIGNMENT (( #1227 ) ) ;
#1227 = SURFACE_STYLE_USAGE ( .BOTH. , #1228 ) ;
#1228 = SURFACE_SIDE_STYLE ('',( #1229 ) ) ;
#1229 = SURFACE_STYLE_FILL_AREA ( #1230 ) ;
#1230 = FILL_AREA_STYLE ('',( #1237 ) ) ;
#1231 = COLOUR_RGB ( '',0.8274509803921568100, 0.8392156862745098200, 0.8274509803921568100 ) ;
#1232 = FACE_OUTER_BOUND ( 'NONE', #131, .T. ) ;
#1233 = DIRECTION ( 'NONE',  ( -0.7071067811865487900, -0.0000000000000000000, 0.7071067811865463500 ) ) ;
#1234 = VECTOR ( 'NONE', #1233, 999.9999999999998900 ) ;
#1235 = CARTESIAN_POINT ( 'NONE',  ( 3.870279579551073800, 1.399999999999999900, -3.650431098567574800 ) ) ;
#1236 = LINE ( 'NONE', #1235, #1234 ) ;
#1237 = FILL_AREA_STYLE_COLOUR ( '', #1231 ) ;
#1238 = CARTESIAN_POINT ( 'NONE',  ( 2.349999999999997000, 1.400000000000000100, -5.149497474683057500 ) ) ;
#1239 = DIRECTION ( 'NONE',  ( -0.7071067811865487900, -0.0000000000000000000, 0.7071067811865463500 ) ) ;
#1240 = VECTOR ( 'NONE', #1239, 999.9999999999998900 ) ;
#1241 = CARTESIAN_POINT ( 'NONE',  ( 3.870279579551073800, 2.399999999999999500, -3.650431098567574800 ) ) ;
#1242 = LINE ( 'NONE', #1241, #1240 ) ;
#1243 = CARTESIAN_POINT ( 'NONE',  ( 3.870279579551073800, 1.399999999999999900, -3.650431098567574800 ) ) ;
#1244 = DIRECTION ( 'NONE',  ( -0.7071067811865464600, 1.032573497605241600E-016, -0.7071067811865486800 ) ) ;
#1245 = VECTOR ( 'NONE', #1244, 999.9999999999998900 ) ;
#1246 = CARTESIAN_POINT ( 'NONE',  ( 2.385355339059324700, 1.400000000000000100, -5.135355339059327800 ) ) ;
#1247 = LINE ( 'NONE', #1246, #1245 ) ;
#1248 = DIRECTION ( 'NONE',  ( 0.7071067811865486800, 0.0000000000000000000, -0.7071067811865464600 ) ) ;
#1249 = DIRECTION ( 'NONE',  ( 0.7071067811865464600, 0.0000000000000000000, 0.7071067811865486800 ) ) ;
#1250 = CARTESIAN_POINT ( 'NONE',  ( -3.870279579551072900, 2.400000000000000400, 3.650431098567573400 ) ) ;
#1251 = AXIS2_PLACEMENT_3D ( 'NONE', #1250, #1249, #1248 ) ;
#1252 = PLANE ( 'NONE',  #1251 ) ;
#1253 =( GEOMETRIC_REPRESENTATION_CONTEXT ( 3 ) GLOBAL_UNCERTAINTY_ASSIGNED_CONTEXT ( ( #1254 ) ) GLOBAL_UNIT_ASSIGNED_CONTEXT ( ( #1201, #1200, #1255 ) ) REPRESENTATION_CONTEXT ( 'NONE', 'WORKASPACE' ) );
#1254 = UNCERTAINTY_MEASURE_WITH_UNIT (LENGTH_MEASURE( 1.000000000000000100E-005 ), #1201, 'distance_accuracy_value', 'NONE');
#1255 =( NAMED_UNIT ( * ) SI_UNIT ( $, .STERADIAN. ) SOLID_ANGLE_UNIT ( ) );
#1256 = PRESENTATION_LAYER_ASSIGNMENT (  '', '', ( #1257 ) ) ;
#1257 = STYLED_ITEM ( 'NONE', ( #1258 ), #132 ) ;
#1258 = PRESENTATION_STYLE_ASSIGNMENT (( #1259 ) ) ;
#1259 = SURFACE_STYLE_USAGE ( .BOTH. , #1260 ) ;
#1260 = SURFACE_SIDE_STYLE ('',( #1261 ) ) ;
#1261 = SURFACE_STYLE_FILL_AREA ( #1262 ) ;
#1262 = FILL_AREA_STYLE ('',( #1269 ) ) ;
#1263 = COLOUR_RGB ( '',0.8274509803921568100, 0.8392156862745098200, 0.8274509803921568100 ) ;
#1264 = FACE_OUTER_BOUND ( 'NONE', #135, .T. ) ;
#1265 = DIRECTION ( 'NONE',  ( -0.0000000000000000000, -0.0000000000000000000, 1.000000000000000000 ) ) ;
#1266 = VECTOR ( 'NONE', #1265, 1000.000000000000000 ) ;
#1267 = CARTESIAN_POINT ( 'NONE',  ( 2.349999999999997000, 1.400000000000000100, -5.149999999999999500 ) ) ;
#1268 = LINE ( 'NONE', #1267, #1266 ) ;
#1269 = FILL_AREA_STYLE_COLOUR ( '', #1263 ) ;
#1270 = DIRECTION ( 'NONE',  ( 0.0000000000000000000, 2.920558888920715400E-016, -1.000000000000000000 ) ) ;
#1271 = DIRECTION ( 'NONE',  ( -2.920558888920705500E-016, -1.000000000000000000, -2.920558888920715400E-016 ) ) ;
#1272 = CARTESIAN_POINT ( 'NONE',  ( 2.385355339059324700, 2.400000000000000400, -5.135355339059327800 ) ) ;
#1273 = AXIS2_PLACEMENT_3D ( 'NONE', #1272, #1271, #1270 ) ;
#1274 = PLANE ( 'NONE',  #1273 ) ;
#1275 =( GEOMETRIC_REPRESENTATION_CONTEXT ( 3 ) GLOBAL_UNCERTAINTY_ASSIGNED_CONTEXT ( ( #1276 ) ) GLOBAL_UNIT_ASSIGNED_CONTEXT ( ( #1279, #1278, #1277 ) ) REPRESENTATION_CONTEXT ( 'NONE', 'WORKASPACE' ) );
#1276 = UNCERTAINTY_MEASURE_WITH_UNIT (LENGTH_MEASURE( 1.000000000000000100E-005 ), #1279, 'distance_accuracy_value', 'NONE');
#1277 =( NAMED_UNIT ( * ) SI_UNIT ( $, .STERADIAN. ) SOLID_ANGLE_UNIT ( ) );
#1278 =( NAMED_UNIT ( * ) PLANE_ANGLE_UNIT ( ) SI_UNIT ( $, .RADIAN. ) );
#1279 =( LENGTH_UNIT ( ) NAMED_UNIT ( * ) SI_UNIT ( .MILLI., .METRE. ) );
#1280 = MECHANICAL_DESIGN_GEOMETRIC_PRESENTATION_REPRESENTATION (  '', ( #1282 ), #1275 ) ;
#1281 = PRESENTATION_LAYER_ASSIGNMENT (  '', '', ( #1282 ) ) ;
#1282 = STYLED_ITEM ( 'NONE', ( #1226 ), #128 ) ;
#1283 = CARTESIAN_POINT ( 'NONE',  ( 1.500000000000000200, -0.1000000000000000100, 5.149999999999999500 ) ) ;
#1284 = LINE ( 'NONE', #1283, #1055 ) ;
#1285 = DIRECTION ( 'NONE',  ( -1.807003620809174900E-016, 0.0000000000000000000, -1.000000000000000000 ) ) ;
#1286 = DIRECTION ( 'NONE',  ( 0.0000000000000000000, -1.000000000000000000, 0.0000000000000000000 ) ) ;
#1287 = VECTOR ( 'NONE', #1286, 1000.000000000000000 ) ;
#1288 = CARTESIAN_POINT ( 'NONE',  ( -2.349999999999996100, 2.400000000000000400, 5.149999999999999500 ) ) ;
#1289 = LINE ( 'NONE', #1288, #1287 ) ;
#1290 = CARTESIAN_POINT ( 'NONE',  ( -2.349999999999996100, 1.399999999999999900, 5.149999999999999500 ) ) ;
#1291 = DIRECTION ( 'NONE',  ( 0.0000000000000000000, -1.000000000000000000, 0.0000000000000000000 ) ) ;
#1292 = VECTOR ( 'NONE', #1291, 1000.000000000000000 ) ;
#1293 = CARTESIAN_POINT ( 'NONE',  ( 2.349999999999997000, 1.400000000000000100, -5.149497474683057500 ) ) ;
#1294 = LINE ( 'NONE', #1293, #1292 ) ;
#1295 = DIRECTION ( 'NONE',  ( -1.000000000000000000, -2.551063935259974000E-016, 0.0000000000000000000 ) ) ;
#1296 = DIRECTION ( 'NONE',  ( -2.551063935259974000E-016, 1.000000000000000000, 0.0000000000000000000 ) ) ;
#1297 = CARTESIAN_POINT ( 'NONE',  ( 1.499999999999984900, 1.399999999999999900, -5.149999999999999500 ) ) ;
#1298 = AXIS2_PLACEMENT_3D ( 'NONE', #1297, #1296, #1295 ) ;
#1299 = PLANE ( 'NONE',  #1298 ) ;
#1300 =( GEOMETRIC_REPRESENTATION_CONTEXT ( 3 ) GLOBAL_UNCERTAINTY_ASSIGNED_CONTEXT ( ( #1301 ) ) GLOBAL_UNIT_ASSIGNED_CONTEXT ( ( #1304, #1303, #1302 ) ) REPRESENTATION_CONTEXT ( 'NONE', 'WORKASPACE' ) );
#1301 = UNCERTAINTY_MEASURE_WITH_UNIT (LENGTH_MEASURE( 1.000000000000000100E-005 ), #1304, 'distance_accuracy_value', 'NONE');
#1302 =( NAMED_UNIT ( * ) SI_UNIT ( $, .STERADIAN. ) SOLID_ANGLE_UNIT ( ) );
#1303 =( NAMED_UNIT ( * ) PLANE_ANGLE_UNIT ( ) SI_UNIT ( $, .RADIAN. ) );
#1304 =( LENGTH_UNIT ( ) NAMED_UNIT ( * ) SI_UNIT ( .MILLI., .METRE. ) );
#1305 = MECHANICAL_DESIGN_GEOMETRIC_PRESENTATION_REPRESENTATION (  '', ( #1257 ), #1300 ) ;
#1306 = FACE_OUTER_BOUND ( 'NONE', #3604, .T. ) ;
#1307 = FILL_AREA_STYLE_COLOUR ( '', #1362 ) ;
#1308 = PLANE ( 'NONE',  #1366 ) ;
#1309 =( GEOMETRIC_REPRESENTATION_CONTEXT ( 3 ) GLOBAL_UNCERTAINTY_ASSIGNED_CONTEXT ( ( #1310 ) ) GLOBAL_UNIT_ASSIGNED_CONTEXT ( ( #1313, #1312, #1311 ) ) REPRESENTATION_CONTEXT ( 'NONE', 'WORKASPACE' ) );
#1310 = UNCERTAINTY_MEASURE_WITH_UNIT (LENGTH_MEASURE( 1.000000000000000100E-005 ), #1313, 'distance_accuracy_value', 'NONE');
#1311 =( NAMED_UNIT ( * ) SI_UNIT ( $, .STERADIAN. ) SOLID_ANGLE_UNIT ( ) );
#1312 =( NAMED_UNIT ( * ) PLANE_ANGLE_UNIT ( ) SI_UNIT ( $, .RADIAN. ) );
#1313 =( LENGTH_UNIT ( ) NAMED_UNIT ( * ) SI_UNIT ( .MILLI., .METRE. ) );
#1314 = MECHANICAL_DESIGN_GEOMETRIC_PRESENTATION_REPRESENTATION (  '', ( #1316 ), #1309 ) ;
#1315 = PRESENTATION_LAYER_ASSIGNMENT (  '', '', ( #1316 ) ) ;
#1316 = STYLED_ITEM ( 'NONE', ( #1317 ), #152 ) ;
#1317 = PRESENTATION_STYLE_ASSIGNMENT (( #1318 ) ) ;
#1318 = SURFACE_STYLE_USAGE ( .BOTH. , #1319 ) ;
#1319 = SURFACE_SIDE_STYLE ('',( #1320 ) ) ;
#1320 = SURFACE_STYLE_FILL_AREA ( #1321 ) ;
#1321 = FILL_AREA_STYLE ('',( #1327 ) ) ;
#1322 = COLOUR_RGB ( '',0.8274509803921568100, 0.8392156862745098200, 0.8274509803921568100 ) ;
#1323 = FACE_OUTER_BOUND ( 'NONE', #153, .T. ) ;
#1324 = DIRECTION ( 'NONE',  ( 5.421010862427524100E-016, -0.0000000000000000000, 1.000000000000000000 ) ) ;
#1325 = VECTOR ( 'NONE', #1324, 1000.000000000000000 ) ;
#1326 = CARTESIAN_POINT ( 'NONE',  ( 1.500000000000000200, -0.1000000000000000100, 4.999999999999999100 ) ) ;
#1327 = FILL_AREA_STYLE_COLOUR ( '', #1322 ) ;
#1328 = LINE ( 'NONE', #1326, #1325 ) ;
#1329 = DIRECTION ( 'NONE',  ( 1.000000000000000000, -0.0000000000000000000, -0.0000000000000000000 ) ) ;
#1330 = VECTOR ( 'NONE', #1329, 1000.000000000000000 ) ;
#1331 = CARTESIAN_POINT ( 'NONE',  ( -1.500000000000000200, 1.399999999999999900, 5.149999999999999500 ) ) ;
#1332 = LINE ( 'NONE', #1331, #1330 ) ;
#1333 = MECHANICAL_DESIGN_GEOMETRIC_PRESENTATION_REPRESENTATION (  '', ( #1335 ), #1383 ) ;
#1334 = PRESENTATION_LAYER_ASSIGNMENT (  '', '', ( #1335 ) ) ;
#1335 = STYLED_ITEM ( 'NONE', ( #1336 ), #157 ) ;
#1336 = PRESENTATION_STYLE_ASSIGNMENT (( #1337 ) ) ;
#1337 = SURFACE_STYLE_USAGE ( .BOTH. , #1338 ) ;
#1338 = SURFACE_SIDE_STYLE ('',( #1339 ) ) ;
#1339 = SURFACE_STYLE_FILL_AREA ( #1340 ) ;
#1340 = FILL_AREA_STYLE ('',( #1347 ) ) ;
#1341 = COLOUR_RGB ( '',0.8274509803921568100, 0.8392156862745098200, 0.8274509803921568100 ) ;
#1342 = DIRECTION ( 'NONE',  ( -1.000000000000000000, 0.0000000000000000000, -0.0000000000000000000 ) ) ;
#1343 = DIRECTION ( 'NONE',  ( 0.0000000000000000000, 0.0000000000000000000, -1.000000000000000000 ) ) ;
#1344 = CARTESIAN_POINT ( 'NONE',  ( -1.500000000000000200, -0.1000000000000000100, 5.149999999999999500 ) ) ;
#1345 = AXIS2_PLACEMENT_3D ( 'NONE', #1344, #1343, #1342 ) ;
#1346 = FACE_OUTER_BOUND ( 'NONE', #156, .T. ) ;
#1347 = FILL_AREA_STYLE_COLOUR ( '', #1341 ) ;
#1348 = PLANE ( 'NONE',  #1345 ) ;
#1349 =( GEOMETRIC_REPRESENTATION_CONTEXT ( 3 ) GLOBAL_UNCERTAINTY_ASSIGNED_CONTEXT ( ( #1350 ) ) GLOBAL_UNIT_ASSIGNED_CONTEXT ( ( #1353, #1352, #1351 ) ) REPRESENTATION_CONTEXT ( 'NONE', 'WORKASPACE' ) );
#1350 = UNCERTAINTY_MEASURE_WITH_UNIT (LENGTH_MEASURE( 1.000000000000000100E-005 ), #1353, 'distance_accuracy_value', 'NONE');
#1351 =( NAMED_UNIT ( * ) SI_UNIT ( $, .STERADIAN. ) SOLID_ANGLE_UNIT ( ) );
#1352 =( NAMED_UNIT ( * ) PLANE_ANGLE_UNIT ( ) SI_UNIT ( $, .RADIAN. ) );
#1353 =( LENGTH_UNIT ( ) NAMED_UNIT ( * ) SI_UNIT ( .MILLI., .METRE. ) );
#1354 = MECHANICAL_DESIGN_GEOMETRIC_PRESENTATION_REPRESENTATION (  '', ( #1356 ), #1349 ) ;
#1355 = PRESENTATION_LAYER_ASSIGNMENT (  '', '', ( #1356 ) ) ;
#1356 = STYLED_ITEM ( 'NONE', ( #1357 ), #154 ) ;
#1357 = PRESENTATION_STYLE_ASSIGNMENT (( #1358 ) ) ;
#1358 = SURFACE_STYLE_USAGE ( .BOTH. , #1359 ) ;
#1359 = SURFACE_SIDE_STYLE ('',( #1360 ) ) ;
#1360 = SURFACE_STYLE_FILL_AREA ( #1361 ) ;
#1361 = FILL_AREA_STYLE ('',( #1307 ) ) ;
#1362 = COLOUR_RGB ( '',0.8274509803921568100, 0.8392156862745098200, 0.8274509803921568100 ) ;
#1363 = DIRECTION ( 'NONE',  ( 0.0000000000000000000, -0.0000000000000000000, 1.000000000000000000 ) ) ;
#1364 = DIRECTION ( 'NONE',  ( -0.0000000000000000000, 1.000000000000000000, 0.0000000000000000000 ) ) ;
#1365 = CARTESIAN_POINT ( 'NONE',  ( 1.500000000000000200, -0.1000000000000000100, 4.999999999999999100 ) ) ;
#1366 = AXIS2_PLACEMENT_3D ( 'NONE', #1365, #1364, #1363 ) ;
#1367 = CIRCLE ( 'NONE', #1418, 4.880000000000000800 ) ;
#1368 = CARTESIAN_POINT ( 'NONE',  ( 1.499999999999999600, -0.1000000000000000100, 3.799999999999999400 ) ) ;
#1369 = CARTESIAN_POINT ( 'NONE',  ( 2.371213203435594600, 2.400000000000000400, -5.149497474683057500 ) ) ;
#1370 = DIRECTION ( 'NONE',  ( -1.000000000000000000, 2.920558888920654300E-016, 1.752335333352409800E-014 ) ) ;
#1371 = VECTOR ( 'NONE', #1370, 1000.000000000000000 ) ;
#1372 = CARTESIAN_POINT ( 'NONE',  ( 2.385355339059324300, 2.400000000000000400, -5.149497474683058400 ) ) ;
#1373 = LINE ( 'NONE', #1372, #1371 ) ;
#1374 = DIRECTION ( 'NONE',  ( 1.000000000000000000, 2.551063935259974000E-016, -1.752335333352409800E-014 ) ) ;
#1375 = VECTOR ( 'NONE', #1374, 1000.000000000000000 ) ;
#1376 = CARTESIAN_POINT ( 'NONE',  ( 1.499999999999984900, 1.399999999999999900, -5.149497474683043300 ) ) ;
#1377 = LINE ( 'NONE', #1376, #1375 ) ;
#1378 = DIRECTION ( 'NONE',  ( -0.7071067811865487900, 0.0000000000000000000, 0.7071067811865463500 ) ) ;
#1379 = DIRECTION ( 'NONE',  ( -0.7071067811865463500, 0.0000000000000000000, -0.7071067811865487900 ) ) ;
#1380 = CARTESIAN_POINT ( 'NONE',  ( 3.870279579551073800, 1.399999999999999900, -3.650431098567574800 ) ) ;
#1381 = AXIS2_PLACEMENT_3D ( 'NONE', #1380, #1379, #1378 ) ;
#1382 = PLANE ( 'NONE',  #1381 ) ;
#1383 =( GEOMETRIC_REPRESENTATION_CONTEXT ( 3 ) GLOBAL_UNCERTAINTY_ASSIGNED_CONTEXT ( ( #1384 ) ) GLOBAL_UNIT_ASSIGNED_CONTEXT ( ( #1387, #1386, #1385 ) ) REPRESENTATION_CONTEXT ( 'NONE', 'WORKASPACE' ) );
#1384 = UNCERTAINTY_MEASURE_WITH_UNIT (LENGTH_MEASURE( 1.000000000000000100E-005 ), #1387, 'distance_accuracy_value', 'NONE');
#1385 =( NAMED_UNIT ( * ) SI_UNIT ( $, .STERADIAN. ) SOLID_ANGLE_UNIT ( ) );
#1386 =( NAMED_UNIT ( * ) PLANE_ANGLE_UNIT ( ) SI_UNIT ( $, .RADIAN. ) );
#1387 =( LENGTH_UNIT ( ) NAMED_UNIT ( * ) SI_UNIT ( .MILLI., .METRE. ) );
#1388 = CARTESIAN_POINT ( 'NONE',  ( 0.7318947694675286300, 3.899999999999999900, -2.630428434128495600 ) ) ;
#1389 = DIRECTION ( 'NONE',  ( 0.0000000000000000000, 0.0000000000000000000, 1.000000000000000000 ) ) ;
#1390 = VECTOR ( 'NONE', #1389, 1000.000000000000000 ) ;
#1391 = CARTESIAN_POINT ( 'NONE',  ( 0.7318947694675286300, 3.899999999999999900, -2.840045511593284600 ) ) ;
#1392 = LINE ( 'NONE', #1391, #1390 ) ;
#1393 = CARTESIAN_POINT ( 'NONE',  ( -0.2914326953212039200, 3.899999999999999900, -0.3752567791989179800 ) ) ;
#1394 = CARTESIAN_POINT ( 'NONE',  ( 0.7318947694675286300, 3.899999999999999900, -2.840045511593284600 ) ) ;
#1395 = DIRECTION ( 'NONE',  ( 1.000000000000000000, 0.0000000000000000000, 0.0000000000000000000 ) ) ;
#1396 = VECTOR ( 'NONE', #1395, 1000.000000000000000 ) ;
#1397 = CARTESIAN_POINT ( 'NONE',  ( -0.7238710756028941000, 3.899999999999999900, -2.840045511593284600 ) ) ;
#1398 = LINE ( 'NONE', #1397, #1396 ) ;
#1399 = CARTESIAN_POINT ( 'NONE',  ( -0.7238710756028941000, 3.899999999999999900, -2.840045511593284600 ) ) ;
#1400 = DIRECTION ( 'NONE',  ( 0.0000000000000000000, 0.0000000000000000000, -1.000000000000000000 ) ) ;
#1401 = VECTOR ( 'NONE', #1400, 1000.000000000000000 ) ;
#1402 = CARTESIAN_POINT ( 'NONE',  ( -0.7238710756028941000, 3.899999999999999900, -2.558355370748213600 ) ) ;
#1403 = LINE ( 'NONE', #1402, #1401 ) ;
#1404 = CARTESIAN_POINT ( 'NONE',  ( -0.7238710756028941000, 3.899999999999999900, -2.558355370748213600 ) ) ;
#1405 = DIRECTION ( 'NONE',  ( -1.000000000000000000, 0.0000000000000000000, 0.0000000000000000000 ) ) ;
#1406 = VECTOR ( 'NONE', #1405, 1000.000000000000000 ) ;
#1407 = CARTESIAN_POINT ( 'NONE',  ( 0.3995884314393594600, 3.899999999999999900, -2.558355370748213600 ) ) ;
#1408 = LINE ( 'NONE', #1407, #1406 ) ;
#1409 = CARTESIAN_POINT ( 'NONE',  ( 0.3995884314393593500, 3.899999999999999900, -2.558355370748213600 ) ) ;
#1410 = CARTESIAN_POINT ( 'NONE',  ( -0.5923789981381053500, 3.899999999999999900, -0.3752567791989179800 ) ) ;
#1411 = DIRECTION ( 'NONE',  ( 0.4136819341461172000, 0.0000000000000000000, -0.9104214723748158500 ) ) ;
#1412 = VECTOR ( 'NONE', #1411, 1000.000000000000000 ) ;
#1413 = CARTESIAN_POINT ( 'NONE',  ( -0.5923789981381053500, 3.899999999999999900, -0.3752567791989179800 ) ) ;
#1414 = LINE ( 'NONE', #1413, #1412 ) ;
#1415 = DIRECTION ( 'NONE',  ( 0.0000000000000000000, 0.0000000000000000000, 1.000000000000000000 ) ) ;
#1416 = DIRECTION ( 'NONE',  ( 0.0000000000000000000, 1.000000000000000000, 0.0000000000000000000 ) ) ;
#1417 = CARTESIAN_POINT ( 'NONE',  ( 0.0000000000000000000, 3.899999999999999900, 0.0000000000000000000 ) ) ;
#1418 = AXIS2_PLACEMENT_3D ( 'NONE', #1417, #1416, #1415 ) ;
#1419 =( LENGTH_UNIT ( ) NAMED_UNIT ( * ) SI_UNIT ( .MILLI., .METRE. ) );
#1420 = MECHANICAL_DESIGN_GEOMETRIC_PRESENTATION_REPRESENTATION (  '', ( #1422 ), #1473 ) ;
#1421 = PRESENTATION_LAYER_ASSIGNMENT (  '', '', ( #1422 ) ) ;
#1422 = STYLED_ITEM ( 'NONE', ( #1423 ), #212 ) ;
#1423 = PRESENTATION_STYLE_ASSIGNMENT (( #1424 ) ) ;
#1424 = SURFACE_STYLE_USAGE ( .BOTH. , #1425 ) ;
#1425 = SURFACE_SIDE_STYLE ('',( #1426 ) ) ;
#1426 = SURFACE_STYLE_FILL_AREA ( #1427 ) ;
#1427 = FILL_AREA_STYLE ('',( #1428 ) ) ;
#1428 = FILL_AREA_STYLE_COLOUR ( '', #1429 ) ;
#1429 = COLOUR_RGB ( '',0.7960784313725489700, 0.8235294117647058400, 0.9372549019607843100 ) ;
#1430 = CARTESIAN_POINT ( 'NONE',  ( 2.351613079326683800, 3.899999999999999900, -2.630428434128495600 ) ) ;
#1431 = DIRECTION ( 'NONE',  ( 0.0000000000000000000, 0.0000000000000000000, 1.000000000000000000 ) ) ;
#1432 = VECTOR ( 'NONE', #1431, 1000.000000000000000 ) ;
#1433 = CARTESIAN_POINT ( 'NONE',  ( 2.351613079326683800, 3.899999999999999900, -2.840045511593284600 ) ) ;
#1434 = LINE ( 'NONE', #1433, #1432 ) ;
#1435 = CARTESIAN_POINT ( 'NONE',  ( 2.351613079326683800, 3.899999999999999900, -2.840045511593284600 ) ) ;
#1436 = DIRECTION ( 'NONE',  ( 1.000000000000000000, 0.0000000000000000000, 0.0000000000000000000 ) ) ;
#1437 = VECTOR ( 'NONE', #1436, 1000.000000000000000 ) ;
#1438 = CARTESIAN_POINT ( 'NONE',  ( 0.8958472342562610000, 3.899999999999999900, -2.840045511593284600 ) ) ;
#1439 = LINE ( 'NONE', #1438, #1437 ) ;
#1440 = CARTESIAN_POINT ( 'NONE',  ( 0.8958472342562610000, 3.899999999999999900, -2.840045511593284600 ) ) ;
#1441 = DIRECTION ( 'NONE',  ( 0.0000000000000000000, 0.0000000000000000000, -1.000000000000000000 ) ) ;
#1442 = VECTOR ( 'NONE', #1441, 1000.000000000000000 ) ;
#1443 = CARTESIAN_POINT ( 'NONE',  ( 0.8958472342562610000, 3.899999999999999900, -2.558355370748213600 ) ) ;
#1444 = LINE ( 'NONE', #1443, #1442 ) ;
#1445 = CARTESIAN_POINT ( 'NONE',  ( 0.8958472342562610000, 3.899999999999999900, -2.558355370748213600 ) ) ;
#1446 = DIRECTION ( 'NONE',  ( -1.000000000000000000, 0.0000000000000000000, 0.0000000000000000000 ) ) ;
#1447 = VECTOR ( 'NONE', #1446, 1000.000000000000000 ) ;
#1448 = CARTESIAN_POINT ( 'NONE',  ( 2.019306741298514400, 3.899999999999999900, -2.558355370748213600 ) ) ;
#1449 = LINE ( 'NONE', #1448, #1447 ) ;
#1450 = DIRECTION ( 'NONE',  ( -0.4132170265578690200, 0.0000000000000000000, 0.9106325762691962500 ) ) ;
#1451 = VECTOR ( 'NONE', #1450, 1000.000000000000000 ) ;
#1452 = CARTESIAN_POINT ( 'NONE',  ( 0.7318947694675286300, 3.899999999999999900, -2.630428434128495600 ) ) ;
#1453 = LINE ( 'NONE', #1452, #1451 ) ;
#1454 = CIRCLE ( 'NONE', #1507, 4.880000000000000800 ) ;
#1455 = CARTESIAN_POINT ( 'NONE',  ( 5.976079006653202000E-016, 3.899999999999999900, -4.880000000000000800 ) ) ;
#1456 = DIRECTION ( 'NONE',  ( -0.0000000000000000000, 1.000000000000000000, -0.0000000000000000000 ) ) ;
#1457 = VECTOR ( 'NONE', #1456, 1000.000000000000000 ) ;
#1458 = CARTESIAN_POINT ( 'NONE',  ( 5.976079006653202000E-016, 2.899999999999999900, -4.880000000000000800 ) ) ;
#1459 = LINE ( 'NONE', #1458, #1457 ) ;
#1460 = CARTESIAN_POINT ( 'NONE',  ( 5.976079006653202000E-016, 2.899999999999999900, -4.880000000000000800 ) ) ;
#1461 = DIRECTION ( 'NONE',  ( 0.0000000000000000000, 0.0000000000000000000, 1.000000000000000000 ) ) ;
#1462 = DIRECTION ( 'NONE',  ( 0.0000000000000000000, 1.000000000000000000, 0.0000000000000000000 ) ) ;
#1463 = CARTESIAN_POINT ( 'NONE',  ( 0.0000000000000000000, 2.899999999999999900, 0.0000000000000000000 ) ) ;
#1464 = AXIS2_PLACEMENT_3D ( 'NONE', #1463, #1462, #1461 ) ;
#1465 = CIRCLE ( 'NONE', #1464, 4.880000000000000800 ) ;
#1466 = DIRECTION ( 'NONE',  ( 0.0000000000000000000, 0.0000000000000000000, 1.000000000000000000 ) ) ;
#1467 = DIRECTION ( 'NONE',  ( -0.0000000000000000000, 1.000000000000000000, -0.0000000000000000000 ) ) ;
#1468 = CARTESIAN_POINT ( 'NONE',  ( 0.0000000000000000000, 2.899999999999999900, 0.0000000000000000000 ) ) ;
#1469 = AXIS2_PLACEMENT_3D ( 'NONE', #1468, #1467, #1466 ) ;
#1470 = CARTESIAN_POINT ( 'NONE',  ( 0.0000000000000000000, 2.899999999999999900, 4.880000000000000800 ) ) ;
#1471 = CYLINDRICAL_SURFACE ( 'NONE', #1469, 4.880000000000000800 ) ;
#1472 = FACE_OUTER_BOUND ( 'NONE', #214, .T. ) ;
#1473 =( GEOMETRIC_REPRESENTATION_CONTEXT ( 3 ) GLOBAL_UNCERTAINTY_ASSIGNED_CONTEXT ( ( #1474 ) ) GLOBAL_UNIT_ASSIGNED_CONTEXT ( ( #1419, #1476, #1475 ) ) REPRESENTATION_CONTEXT ( 'NONE', 'WORKASPACE' ) );
#1474 = UNCERTAINTY_MEASURE_WITH_UNIT (LENGTH_MEASURE( 1.000000000000000100E-005 ), #1419, 'distance_accuracy_value', 'NONE');
#1475 =( NAMED_UNIT ( * ) SI_UNIT ( $, .STERADIAN. ) SOLID_ANGLE_UNIT ( ) );
#1476 =( NAMED_UNIT ( * ) PLANE_ANGLE_UNIT ( ) SI_UNIT ( $, .RADIAN. ) );
#1477 = CARTESIAN_POINT ( 'NONE',  ( -1.911151005180358600, 3.899999999999999900, -0.3752567791989179800 ) ) ;
#1478 = DIRECTION ( 'NONE',  ( -0.4132170265578690200, 0.0000000000000000000, 0.9106325762691962500 ) ) ;
#1479 = VECTOR ( 'NONE', #1478, 1000.000000000000000 ) ;
#1480 = CARTESIAN_POINT ( 'NONE',  ( -0.8878235403916260300, 3.899999999999999900, -2.630428434128495600 ) ) ;
#1481 = LINE ( 'NONE', #1480, #1479 ) ;
#1482 = CARTESIAN_POINT ( 'NONE',  ( -0.8878235403916260300, 3.899999999999999900, -2.630428434128495600 ) ) ;
#1483 = DIRECTION ( 'NONE',  ( 0.0000000000000000000, 0.0000000000000000000, 1.000000000000000000 ) ) ;
#1484 = VECTOR ( 'NONE', #1483, 1000.000000000000000 ) ;
#1485 = CARTESIAN_POINT ( 'NONE',  ( -0.8878235403916260300, 3.899999999999999900, -2.840045511593284600 ) ) ;
#1486 = LINE ( 'NONE', #1485, #1484 ) ;
#1487 = CARTESIAN_POINT ( 'NONE',  ( -0.8878235403916260300, 3.899999999999999900, -2.840045511593284600 ) ) ;
#1488 = DIRECTION ( 'NONE',  ( 1.000000000000000000, 0.0000000000000000000, 0.0000000000000000000 ) ) ;
#1489 = VECTOR ( 'NONE', #1488, 1000.000000000000000 ) ;
#1490 = CARTESIAN_POINT ( 'NONE',  ( -2.343589385462048600, 3.899999999999999900, -2.840045511593284600 ) ) ;
#1491 = LINE ( 'NONE', #1490, #1489 ) ;
#1492 = DIRECTION ( 'NONE',  ( 0.0000000000000000000, 0.0000000000000000000, 1.000000000000000000 ) ) ;
#1493 = DIRECTION ( 'NONE',  ( -0.0000000000000000000, 1.000000000000000000, -0.0000000000000000000 ) ) ;
#1494 = CARTESIAN_POINT ( 'NONE',  ( 0.0000000000000000000, 2.899999999999999900, 0.0000000000000000000 ) ) ;
#1495 = AXIS2_PLACEMENT_3D ( 'NONE', #1494, #1493, #1492 ) ;
#1496 = CYLINDRICAL_SURFACE ( 'NONE', #1495, 4.900000000000001200 ) ;
#1497 = CARTESIAN_POINT ( 'NONE',  ( 6.000571133729650700E-016, 2.899999999999999900, -4.900000000000001200 ) ) ;
#1498 = FACE_OUTER_BOUND ( 'NONE', #228, .T. ) ;
#1499 = DIRECTION ( 'NONE',  ( -0.0000000000000000000, 1.000000000000000000, -0.0000000000000000000 ) ) ;
#1500 = VECTOR ( 'NONE', #1499, 1000.000000000000000 ) ;
#1501 = CARTESIAN_POINT ( 'NONE',  ( 0.0000000000000000000, 2.899999999999999900, 4.880000000000000800 ) ) ;
#1502 = LINE ( 'NONE', #1501, #1500 ) ;
#1503 = CARTESIAN_POINT ( 'NONE',  ( 0.0000000000000000000, 3.899999999999999900, 4.880000000000000800 ) ) ;
#1504 = DIRECTION ( 'NONE',  ( 0.0000000000000000000, 0.0000000000000000000, 1.000000000000000000 ) ) ;
#1505 = DIRECTION ( 'NONE',  ( 0.0000000000000000000, 1.000000000000000000, 0.0000000000000000000 ) ) ;
#1506 = CARTESIAN_POINT ( 'NONE',  ( 0.0000000000000000000, 3.899999999999999900, 0.0000000000000000000 ) ) ;
#1507 = AXIS2_PLACEMENT_3D ( 'NONE', #1506, #1505, #1504 ) ;
#1508 = DIRECTION ( 'NONE',  ( 1.000000000000000000, 0.0000000000000000000, -1.807003620809174900E-016 ) ) ;
#1509 = CARTESIAN_POINT ( 'NONE',  ( -1.500000000000000200, -0.1000000000000000100, 4.999999999999999100 ) ) ;
#1510 = AXIS2_PLACEMENT_3D ( 'NONE', #1509, #1508, #1285 ) ;
#1511 = PLANE ( 'NONE',  #1510 ) ;
#1512 =( GEOMETRIC_REPRESENTATION_CONTEXT ( 3 ) GLOBAL_UNCERTAINTY_ASSIGNED_CONTEXT ( ( #1513 ) ) GLOBAL_UNIT_ASSIGNED_CONTEXT ( ( #1516, #1515, #1514 ) ) REPRESENTATION_CONTEXT ( 'NONE', 'WORKASPACE' ) );
#1513 = UNCERTAINTY_MEASURE_WITH_UNIT (LENGTH_MEASURE( 1.000000000000000100E-005 ), #1516, 'distance_accuracy_value', 'NONE');
#1514 =( NAMED_UNIT ( * ) SI_UNIT ( $, .STERADIAN. ) SOLID_ANGLE_UNIT ( ) );
#1515 =( NAMED_UNIT ( * ) PLANE_ANGLE_UNIT ( ) SI_UNIT ( $, .RADIAN. ) );
#1516 =( LENGTH_UNIT ( ) NAMED_UNIT ( * ) SI_UNIT ( .MILLI., .METRE. ) );
#1517 = MECHANICAL_DESIGN_GEOMETRIC_PRESENTATION_REPRESENTATION (  '', ( #1519 ), #1512 ) ;
#1518 = PRESENTATION_LAYER_ASSIGNMENT (  '', '', ( #1519 ) ) ;
#1519 = STYLED_ITEM ( 'NONE', ( #1520 ), #246 ) ;
#1520 = PRESENTATION_STYLE_ASSIGNMENT (( #1521 ) ) ;
#1521 = SURFACE_STYLE_USAGE ( .BOTH. , #1522 ) ;
#1522 = SURFACE_SIDE_STYLE ('',( #1523 ) ) ;
#1523 = SURFACE_STYLE_FILL_AREA ( #1524 ) ;
#1524 = FILL_AREA_STYLE ('',( #1531 ) ) ;
#1525 = COLOUR_RGB ( '',0.8274509803921568100, 0.8392156862745098200, 0.8274509803921568100 ) ;
#1526 = FACE_OUTER_BOUND ( 'NONE', #247, .T. ) ;
#1527 = DIRECTION ( 'NONE',  ( 1.000000000000000000, 0.0000000000000000000, 0.0000000000000000000 ) ) ;
#1528 = VECTOR ( 'NONE', #1527, 1000.000000000000000 ) ;
#1529 = CARTESIAN_POINT ( 'NONE',  ( -5.099999999999998800, 3.899999999999999900, 5.099999999999999600 ) ) ;
#1530 = LINE ( 'NONE', #1529, #1528 ) ;
#1531 = FILL_AREA_STYLE_COLOUR ( '', #1525 ) ;
#1532 = CARTESIAN_POINT ( 'NONE',  ( -1.499999999999999800, 3.900000000000000400, 5.099999999999999600 ) ) ;
#1533 = DIRECTION ( 'NONE',  ( -1.000000000000000000, 0.0000000000000000000, 0.0000000000000000000 ) ) ;
#1534 = VECTOR ( 'NONE', #1533, 1000.000000000000000 ) ;
#1535 = CARTESIAN_POINT ( 'NONE',  ( -1.911151005180358600, 3.899999999999999900, -0.3752567791989179800 ) ) ;
#1536 = LINE ( 'NONE', #1535, #1534 ) ;
#1537 = PRESENTATION_STYLE_ASSIGNMENT (( #1538 ) ) ;
#1538 = SURFACE_STYLE_USAGE ( .BOTH. , #1539 ) ;
#1539 = SURFACE_SIDE_STYLE ('',( #1540 ) ) ;
#1540 = SURFACE_STYLE_FILL_AREA ( #1541 ) ;
#1541 = FILL_AREA_STYLE ('',( #1552 ) ) ;
#1542 = COLOUR_RGB ( '',0.1921568627450980200, 0.2039215686274509800, 0.2039215686274509800 ) ;
#1543 = FACE_BOUND ( 'NONE', #929, .T. ) ;
#1544 = FACE_BOUND ( 'NONE', #180, .T. ) ;
#1545 = FACE_OUTER_BOUND ( 'NONE', #176, .T. ) ;
#1546 = FACE_BOUND ( 'NONE', #272, .T. ) ;
#1547 = FACE_BOUND ( 'NONE', #263, .T. ) ;
#1548 = DIRECTION ( 'NONE',  ( -0.0000000000000000000, 1.000000000000000000, -0.0000000000000000000 ) ) ;
#1549 = VECTOR ( 'NONE', #1548, 1000.000000000000000 ) ;
#1550 = CARTESIAN_POINT ( 'NONE',  ( 0.0000000000000000000, 2.899999999999999900, 4.900000000000001200 ) ) ;
#1551 = LINE ( 'NONE', #1550, #1549 ) ;
#1552 = FILL_AREA_STYLE_COLOUR ( '', #1542 ) ;
#1553 = CARTESIAN_POINT ( 'NONE',  ( 0.0000000000000000000, 3.899999999999999900, 4.900000000000001200 ) ) ;
#1554 = DIRECTION ( 'NONE',  ( 0.0000000000000000000, 0.0000000000000000000, 1.000000000000000000 ) ) ;
#1555 = DIRECTION ( 'NONE',  ( 0.0000000000000000000, 1.000000000000000000, 0.0000000000000000000 ) ) ;
#1556 = CARTESIAN_POINT ( 'NONE',  ( 0.0000000000000000000, 3.899999999999999900, 0.0000000000000000000 ) ) ;
#1557 = AXIS2_PLACEMENT_3D ( 'NONE', #1556, #1555, #1554 ) ;
#1558 = CIRCLE ( 'NONE', #1557, 4.900000000000001200 ) ;
#1559 = CARTESIAN_POINT ( 'NONE',  ( 6.000571133729650700E-016, 3.899999999999999900, -4.900000000000001200 ) ) ;
#1560 = DIRECTION ( 'NONE',  ( -0.0000000000000000000, 1.000000000000000000, -0.0000000000000000000 ) ) ;
#1561 = VECTOR ( 'NONE', #1560, 1000.000000000000000 ) ;
#1562 = CARTESIAN_POINT ( 'NONE',  ( 6.000571133729650700E-016, 2.899999999999999900, -4.900000000000001200 ) ) ;
#1563 = LINE ( 'NONE', #1562, #1561 ) ;
#1564 = CARTESIAN_POINT ( 'NONE',  ( 0.0000000000000000000, 2.899999999999999900, 4.900000000000001200 ) ) ;
#1565 = DIRECTION ( 'NONE',  ( 0.0000000000000000000, 0.0000000000000000000, 1.000000000000000000 ) ) ;
#1566 = DIRECTION ( 'NONE',  ( 0.0000000000000000000, 1.000000000000000000, 0.0000000000000000000 ) ) ;
#1567 = CARTESIAN_POINT ( 'NONE',  ( 0.0000000000000000000, 2.899999999999999900, 0.0000000000000000000 ) ) ;
#1568 = AXIS2_PLACEMENT_3D ( 'NONE', #1567, #1566, #1565 ) ;
#1569 = CIRCLE ( 'NONE', #1568, 4.900000000000001200 ) ;
#1570 = CARTESIAN_POINT ( 'NONE',  ( -1.500000000000000000, 1.399999999999999900, 5.149999999999999500 ) ) ;
#1571 = DIRECTION ( 'NONE',  ( -0.0000000000000000000, -0.0000000000000000000, -1.000000000000000000 ) ) ;
#1572 = VECTOR ( 'NONE', #1571, 1000.000000000000000 ) ;
#1573 = CARTESIAN_POINT ( 'NONE',  ( -1.500000000000000200, 1.399999999999999900, 5.149999999999999500 ) ) ;
#1574 = LINE ( 'NONE', #1573, #1572 ) ;
#1575 = CARTESIAN_POINT ( 'NONE',  ( 1.328285614537951100, 3.899999999999999900, -0.3752567791989179800 ) ) ;
#1576 = DIRECTION ( 'NONE',  ( -0.4132170265578690700, 0.0000000000000000000, 0.9106325762691961400 ) ) ;
#1577 = VECTOR ( 'NONE', #1576, 1000.000000000000100 ) ;
#1578 = CARTESIAN_POINT ( 'NONE',  ( 2.351613079326683800, 3.899999999999999900, -2.630428434128495600 ) ) ;
#1579 = LINE ( 'NONE', #1578, #1577 ) ;
#1580 = CARTESIAN_POINT ( 'NONE',  ( 1.027339311721049600, 3.899999999999999900, -0.3752567791989179800 ) ) ;
#1581 = DIRECTION ( 'NONE',  ( 0.4136819341461172000, 0.0000000000000000000, -0.9104214723748158500 ) ) ;
#1582 = VECTOR ( 'NONE', #1581, 1000.000000000000000 ) ;
#1583 = CARTESIAN_POINT ( 'NONE',  ( 1.027339311721049600, 3.899999999999999900, -0.3752567791989179800 ) ) ;
#1584 = LINE ( 'NONE', #1583, #1582 ) ;
#1585 = DIRECTION ( 'NONE',  ( 0.0000000000000000000, -0.0000000000000000000, 1.000000000000000000 ) ) ;
#1586 = DIRECTION ( 'NONE',  ( 0.0000000000000000000, 1.000000000000000000, 0.0000000000000000000 ) ) ;
#1587 = CARTESIAN_POINT ( 'NONE',  ( -5.099999999999998800, 3.899999999999999900, 5.099999999999999600 ) ) ;
#1588 = AXIS2_PLACEMENT_3D ( 'NONE', #1587, #1586, #1585 ) ;
#1589 = PLANE ( 'NONE',  #1588 ) ;
#1590 =( GEOMETRIC_REPRESENTATION_CONTEXT ( 3 ) GLOBAL_UNCERTAINTY_ASSIGNED_CONTEXT ( ( #1591 ) ) GLOBAL_UNIT_ASSIGNED_CONTEXT ( ( #1594, #1593, #1592 ) ) REPRESENTATION_CONTEXT ( 'NONE', 'WORKASPACE' ) );
#1591 = UNCERTAINTY_MEASURE_WITH_UNIT (LENGTH_MEASURE( 1.000000000000000100E-005 ), #1594, 'distance_accuracy_value', 'NONE');
#1592 =( NAMED_UNIT ( * ) SI_UNIT ( $, .STERADIAN. ) SOLID_ANGLE_UNIT ( ) );
#1593 =( NAMED_UNIT ( * ) PLANE_ANGLE_UNIT ( ) SI_UNIT ( $, .RADIAN. ) );
#1594 =( LENGTH_UNIT ( ) NAMED_UNIT ( * ) SI_UNIT ( .MILLI., .METRE. ) );
#1595 = MECHANICAL_DESIGN_GEOMETRIC_PRESENTATION_REPRESENTATION (  '', ( #1597 ), #1590 ) ;
#1596 = PRESENTATION_LAYER_ASSIGNMENT (  '', '', ( #1597 ) ) ;
#1597 = STYLED_ITEM ( 'NONE', ( #1537 ), #262 ) ;
#1598 = CARTESIAN_POINT ( 'NONE',  ( -3.599999999999995200, 0.0000000000000000000, -5.099999999999999600 ) ) ;
#1599 = DIRECTION ( 'NONE',  ( 0.7071067811865489100, -0.0000000000000000000, -0.7071067811865462400 ) ) ;
#1600 = VECTOR ( 'NONE', #1599, 999.9999999999998900 ) ;
#1601 = CARTESIAN_POINT ( 'NONE',  ( -5.100000000000000500, 0.0000000000000000000, -3.599999999999999600 ) ) ;
#1602 = LINE ( 'NONE', #1601, #1600 ) ;
#1603 = CARTESIAN_POINT ( 'NONE',  ( -5.100000000000000500, 0.0000000000000000000, -3.600000000000000100 ) ) ;
#1604 = DIRECTION ( 'NONE',  ( 1.700709290173340400E-016, 0.0000000000000000000, 1.000000000000000000 ) ) ;
#1605 = VECTOR ( 'NONE', #1604, 1000.000000000000000 ) ;
#1606 = CARTESIAN_POINT ( 'NONE',  ( -5.100000000000000500, 0.0000000000000000000, -5.099999999999999600 ) ) ;
#1607 = LINE ( 'NONE', #1606, #1605 ) ;
#1608 = CARTESIAN_POINT ( 'NONE',  ( 2.019306741298514400, 3.899999999999999900, -2.558355370748213600 ) ) ;
#1609 = CARTESIAN_POINT ( 'NONE',  ( -2.343589385462048600, 3.899999999999999900, -2.840045511593284600 ) ) ;
#1610 = DIRECTION ( 'NONE',  ( 0.0000000000000000000, 0.0000000000000000000, -1.000000000000000000 ) ) ;
#1611 = VECTOR ( 'NONE', #1610, 1000.000000000000000 ) ;
#1612 = CARTESIAN_POINT ( 'NONE',  ( -2.343589385462048600, 3.899999999999999900, -2.558355370748213600 ) ) ;
#1613 = LINE ( 'NONE', #1612, #1611 ) ;
#1614 = CARTESIAN_POINT ( 'NONE',  ( -2.343589385462048600, 3.899999999999999900, -2.558355370748213600 ) ) ;
#1615 = DIRECTION ( 'NONE',  ( -1.000000000000000000, 0.0000000000000000000, 0.0000000000000000000 ) ) ;
#1616 = VECTOR ( 'NONE', #1615, 1000.000000000000000 ) ;
#1617 = CARTESIAN_POINT ( 'NONE',  ( -1.220129878419795100, 3.899999999999999900, -2.558355370748213600 ) ) ;
#1618 = LINE ( 'NONE', #1617, #1616 ) ;
#1619 = CARTESIAN_POINT ( 'NONE',  ( -1.220129878419795100, 3.899999999999999900, -2.558355370748213600 ) ) ;
#1620 = CARTESIAN_POINT ( 'NONE',  ( -2.212097307997260100, 3.899999999999999900, -0.3752567791989179800 ) ) ;
#1621 = DIRECTION ( 'NONE',  ( 0.4136819341461172600, 0.0000000000000000000, -0.9104214723748158500 ) ) ;
#1622 = VECTOR ( 'NONE', #1621, 1000.000000000000000 ) ;
#1623 = CARTESIAN_POINT ( 'NONE',  ( -2.212097307997260100, 3.899999999999999900, -0.3752567791989179800 ) ) ;
#1624 = LINE ( 'NONE', #1623, #1622 ) ;
#1625 = DIRECTION ( 'NONE',  ( -1.000000000000000000, 0.0000000000000000000, 0.0000000000000000000 ) ) ;
#1626 = VECTOR ( 'NONE', #1625, 1000.000000000000000 ) ;
#1627 = CARTESIAN_POINT ( 'NONE',  ( 1.328285614537951100, 3.899999999999999900, -0.3752567791989179800 ) ) ;
#1628 = LINE ( 'NONE', #1627, #1626 ) ;
#1629 =( NAMED_UNIT ( * ) SI_UNIT ( $, .STERADIAN. ) SOLID_ANGLE_UNIT ( ) );
#1630 =( NAMED_UNIT ( * ) PLANE_ANGLE_UNIT ( ) SI_UNIT ( $, .RADIAN. ) );
#1631 =( LENGTH_UNIT ( ) NAMED_UNIT ( * ) SI_UNIT ( .MILLI., .METRE. ) );
#1632 = MECHANICAL_DESIGN_GEOMETRIC_PRESENTATION_REPRESENTATION (  '', ( #1634 ), #1686 ) ;
#1633 = PRESENTATION_LAYER_ASSIGNMENT (  '', '', ( #1634 ) ) ;
#1634 = STYLED_ITEM ( 'NONE', ( #1635 ), #305 ) ;
#1635 = PRESENTATION_STYLE_ASSIGNMENT (( #1636 ) ) ;
#1636 = SURFACE_STYLE_USAGE ( .BOTH. , #1637 ) ;
#1637 = SURFACE_SIDE_STYLE ('',( #1638 ) ) ;
#1638 = SURFACE_STYLE_FILL_AREA ( #1639 ) ;
#1639 = FILL_AREA_STYLE ('',( #1646 ) ) ;
#1640 = COLOUR_RGB ( '',0.1921568627450980200, 0.2039215686274509800, 0.2039215686274509800 ) ;
#1641 = FACE_OUTER_BOUND ( 'NONE', #306, .T. ) ;
#1642 = DIRECTION ( 'NONE',  ( -0.0000000000000000000, -0.0000000000000000000, -1.000000000000000000 ) ) ;
#1643 = VECTOR ( 'NONE', #1642, 1000.000000000000000 ) ;
#1644 = CARTESIAN_POINT ( 'NONE',  ( -1.499999999999999800, 3.900000000000000400, 5.149999999999999500 ) ) ;
#1645 = LINE ( 'NONE', #1644, #1643 ) ;
#1646 = FILL_AREA_STYLE_COLOUR ( '', #1640 ) ;
#1647 = CARTESIAN_POINT ( 'NONE',  ( -1.499999999999999800, 3.900000000000000400, 5.149999999999999500 ) ) ;
#1648 = DIRECTION ( 'NONE',  ( -1.084202172485504400E-016, -1.000000000000000000, -0.0000000000000000000 ) ) ;
#1649 = VECTOR ( 'NONE', #1648, 1000.000000000000000 ) ;
#1650 = CARTESIAN_POINT ( 'NONE',  ( -1.500000000000000200, -0.1000000000000000100, 5.149999999999999500 ) ) ;
#1651 = LINE ( 'NONE', #1650, #1649 ) ;
#1652 = DIRECTION ( 'NONE',  ( -0.0000000000000000000, -0.0000000000000000000, -1.000000000000000000 ) ) ;
#1653 = VECTOR ( 'NONE', #1652, 1000.000000000000000 ) ;
#1654 = CARTESIAN_POINT ( 'NONE',  ( -1.500000000000000200, 2.400000000000000400, 5.149999999999999500 ) ) ;
#1655 = LINE ( 'NONE', #1654, #1653 ) ;
#1656 = CARTESIAN_POINT ( 'NONE',  ( -1.499999999999999600, -0.0000000000000000000, -3.799999999999999400 ) ) ;
#1657 = CARTESIAN_POINT ( 'NONE',  ( -1.500000000000000900, 0.0000000000000000000, -5.099999999999999600 ) ) ;
#1658 = DIRECTION ( 'NONE',  ( -1.000000000000000000, -0.0000000000000000000, -0.0000000000000000000 ) ) ;
#1659 = VECTOR ( 'NONE', #1658, 1000.000000000000000 ) ;
#1660 = CARTESIAN_POINT ( 'NONE',  ( -5.100000000000000500, 0.0000000000000000000, -5.099999999999999600 ) ) ;
#1661 = LINE ( 'NONE', #1660, #1659 ) ;
#1662 = DIRECTION ( 'NONE',  ( -1.807003620809174600E-016, 0.0000000000000000000, -1.000000000000000000 ) ) ;
#1663 = VECTOR ( 'NONE', #1662, 1000.000000000000000 ) ;
#1664 = CARTESIAN_POINT ( 'NONE',  ( -1.500000000000000200, -0.1000000000000000100, 4.999999999999999100 ) ) ;
#1665 = LINE ( 'NONE', #1664, #1663 ) ;
#1666 = CARTESIAN_POINT ( 'NONE',  ( -1.500000000000000400, -0.1000000000000000100, 3.799999999999999400 ) ) ;
#1667 = DIRECTION ( 'NONE',  ( -0.0000000000000000000, 1.000000000000000000, -0.0000000000000000000 ) ) ;
#1668 = VECTOR ( 'NONE', #1667, 1000.000000000000000 ) ;
#1669 = CARTESIAN_POINT ( 'NONE',  ( -1.500000000000000400, -0.1000000000000000100, 3.799999999999999400 ) ) ;
#1670 = LINE ( 'NONE', #1669, #1668 ) ;
#1671 = CARTESIAN_POINT ( 'NONE',  ( -1.500000000000000400, 0.0000000000000000000, 3.799999999999999400 ) ) ;
#1672 = DIRECTION ( 'NONE',  ( -0.0000000000000000000, -0.0000000000000000000, 1.000000000000000000 ) ) ;
#1673 = VECTOR ( 'NONE', #1672, 1000.000000000000000 ) ;
#1674 = CARTESIAN_POINT ( 'NONE',  ( -1.499999999999999600, -7.734752828410651800E-033, 4.999999999999999100 ) ) ;
#1675 = LINE ( 'NONE', #1674, #1673 ) ;
#1676 = CARTESIAN_POINT ( 'NONE',  ( 1.499999999999999600, 0.0000000000000000000, 3.799999999999999400 ) ) ;
#1677 = DIRECTION ( 'NONE',  ( 1.000000000000000000, -0.0000000000000000000, -0.0000000000000000000 ) ) ;
#1678 = VECTOR ( 'NONE', #1677, 1000.000000000000000 ) ;
#1679 = CARTESIAN_POINT ( 'NONE',  ( 1.499999999999999600, 0.0000000000000000000, 3.799999999999999400 ) ) ;
#1680 = LINE ( 'NONE', #1679, #1678 ) ;
#1681 = DIRECTION ( 'NONE',  ( 0.0000000000000000000, -0.0000000000000000000, 1.000000000000000000 ) ) ;
#1682 = DIRECTION ( 'NONE',  ( 0.0000000000000000000, 1.000000000000000000, 0.0000000000000000000 ) ) ;
#1683 = CARTESIAN_POINT ( 'NONE',  ( -5.099999999999998800, 0.0000000000000000000, 5.099999999999999600 ) ) ;
#1684 = AXIS2_PLACEMENT_3D ( 'NONE', #1683, #1682, #1681 ) ;
#1685 = PLANE ( 'NONE',  #1684 ) ;
#1686 =( GEOMETRIC_REPRESENTATION_CONTEXT ( 3 ) GLOBAL_UNCERTAINTY_ASSIGNED_CONTEXT ( ( #1687 ) ) GLOBAL_UNIT_ASSIGNED_CONTEXT ( ( #1631, #1630, #1629 ) ) REPRESENTATION_CONTEXT ( 'NONE', 'WORKASPACE' ) );
#1687 = UNCERTAINTY_MEASURE_WITH_UNIT (LENGTH_MEASURE( 1.000000000000000100E-005 ), #1631, 'distance_accuracy_value', 'NONE');
#1688 = CARTESIAN_POINT ( 'NONE',  ( -1.500000000000000200, 2.400000000000000400, 5.149999999999999500 ) ) ;
#1689 = DIRECTION ( 'NONE',  ( -1.807003620809174900E-016, 0.0000000000000000000, -1.000000000000000000 ) ) ;
#1690 = DIRECTION ( 'NONE',  ( 1.000000000000000000, 0.0000000000000000000, -1.807003620809174900E-016 ) ) ;
#1691 = CARTESIAN_POINT ( 'NONE',  ( -1.500000000000000200, -0.1000000000000000100, 4.999999999999999100 ) ) ;
#1692 = AXIS2_PLACEMENT_3D ( 'NONE', #1691, #1690, #1689 ) ;
#1693 = PLANE ( 'NONE',  #1692 ) ;
#1694 =( GEOMETRIC_REPRESENTATION_CONTEXT ( 3 ) GLOBAL_UNCERTAINTY_ASSIGNED_CONTEXT ( ( #1695 ) ) GLOBAL_UNIT_ASSIGNED_CONTEXT ( ( #1698, #1697, #1696 ) ) REPRESENTATION_CONTEXT ( 'NONE', 'WORKASPACE' ) );
#1695 = UNCERTAINTY_MEASURE_WITH_UNIT (LENGTH_MEASURE( 1.000000000000000100E-005 ), #1698, 'distance_accuracy_value', 'NONE');
#1696 =( NAMED_UNIT ( * ) SI_UNIT ( $, .STERADIAN. ) SOLID_ANGLE_UNIT ( ) );
#1697 =( NAMED_UNIT ( * ) PLANE_ANGLE_UNIT ( ) SI_UNIT ( $, .RADIAN. ) );
#1698 =( LENGTH_UNIT ( ) NAMED_UNIT ( * ) SI_UNIT ( .MILLI., .METRE. ) );
#1699 = MECHANICAL_DESIGN_GEOMETRIC_PRESENTATION_REPRESENTATION (  '', ( #1701 ), #1694 ) ;
#1700 = PRESENTATION_LAYER_ASSIGNMENT (  '', '', ( #1701 ) ) ;
#1701 = STYLED_ITEM ( 'NONE', ( #1702 ), #322 ) ;
#1702 = PRESENTATION_STYLE_ASSIGNMENT (( #1703 ) ) ;
#1703 = SURFACE_STYLE_USAGE ( .BOTH. , #1704 ) ;
#1704 = SURFACE_SIDE_STYLE ('',( #1705 ) ) ;
#1705 = SURFACE_STYLE_FILL_AREA ( #1706 ) ;
#1706 = FILL_AREA_STYLE ('',( #1713 ) ) ;
#1707 = COLOUR_RGB ( '',0.8274509803921568100, 0.8392156862745098200, 0.8274509803921568100 ) ;
#1708 = FACE_OUTER_BOUND ( 'NONE', #323, .T. ) ;
#1709 = DIRECTION ( 'NONE',  ( -1.084202172485504400E-016, -1.000000000000000000, -0.0000000000000000000 ) ) ;
#1710 = VECTOR ( 'NONE', #1709, 1000.000000000000000 ) ;
#1711 = CARTESIAN_POINT ( 'NONE',  ( -1.500000000000000200, -0.1000000000000000100, 5.149999999999999500 ) ) ;
#1712 = LINE ( 'NONE', #1711, #1710 ) ;
#1713 = FILL_AREA_STYLE_COLOUR ( '', #1707 ) ;
#1714 = CARTESIAN_POINT ( 'NONE',  ( -1.500000000000000200, -0.1000000000000000100, 5.149999999999999500 ) ) ;
#1715 =( GEOMETRIC_REPRESENTATION_CONTEXT ( 3 ) GLOBAL_UNCERTAINTY_ASSIGNED_CONTEXT ( ( #1716 ) ) GLOBAL_UNIT_ASSIGNED_CONTEXT ( ( #1719, #1718, #1717 ) ) REPRESENTATION_CONTEXT ( 'NONE', 'WORKASPACE' ) );
#1716 = UNCERTAINTY_MEASURE_WITH_UNIT (LENGTH_MEASURE( 1.000000000000000100E-005 ), #1719, 'distance_accuracy_value', 'NONE');
#1717 =( NAMED_UNIT ( * ) SI_UNIT ( $, .STERADIAN. ) SOLID_ANGLE_UNIT ( ) );
#1718 =( NAMED_UNIT ( * ) PLANE_ANGLE_UNIT ( ) SI_UNIT ( $, .RADIAN. ) );
#1719 =( LENGTH_UNIT ( ) NAMED_UNIT ( * ) SI_UNIT ( .MILLI., .METRE. ) );
#1720 = MECHANICAL_DESIGN_GEOMETRIC_PRESENTATION_REPRESENTATION (  '', ( #1722 ), #1715 ) ;
#1721 = PRESENTATION_LAYER_ASSIGNMENT (  '', '', ( #1722 ) ) ;
#1722 = STYLED_ITEM ( 'NONE', ( #1723 ), #332 ) ;
#1723 = PRESENTATION_STYLE_ASSIGNMENT (( #1724 ) ) ;
#1724 = SURFACE_STYLE_USAGE ( .BOTH. , #1725 ) ;
#1725 = SURFACE_SIDE_STYLE ('',( #1726 ) ) ;
#1726 = SURFACE_STYLE_FILL_AREA ( #1727 ) ;
#1727 = FILL_AREA_STYLE ('',( #1734 ) ) ;
#1728 = COLOUR_RGB ( '',0.1921568627450980200, 0.2039215686274509800, 0.2039215686274509800 ) ;
#1729 = FACE_OUTER_BOUND ( 'NONE', #357, .T. ) ;
#1730 = DIRECTION ( 'NONE',  ( 1.668003342285391600E-016, 1.000000000000000000, -0.0000000000000000000 ) ) ;
#1731 = VECTOR ( 'NONE', #1730, 1000.000000000000000 ) ;
#1732 = CARTESIAN_POINT ( 'NONE',  ( -1.500000000000000200, 3.900000000000000800, -5.099999999999999600 ) ) ;
#1733 = LINE ( 'NONE', #1732, #1731 ) ;
#1734 = FILL_AREA_STYLE_COLOUR ( '', #1728 ) ;
#1735 = CARTESIAN_POINT ( 'NONE',  ( 5.100000000000000500, 3.899999999999999900, 3.600000000000000100 ) ) ;
#1736 = DIRECTION ( 'NONE',  ( 5.560011140951304800E-017, -1.000000000000000000, 0.0000000000000000000 ) ) ;
#1737 = VECTOR ( 'NONE', #1736, 1000.000000000000000 ) ;
#1738 = CARTESIAN_POINT ( 'NONE',  ( -1.499999999999999800, 3.900000000000000400, 5.099999999999999600 ) ) ;
#1739 = LINE ( 'NONE', #1738, #1737 ) ;
#1740 = CARTESIAN_POINT ( 'NONE',  ( -1.500000000000000200, 2.400000000000000400, 5.099999999999999600 ) ) ;
#1741 = DIRECTION ( 'NONE',  ( -1.000000000000000000, 0.0000000000000000000, 0.0000000000000000000 ) ) ;
#1742 = VECTOR ( 'NONE', #1741, 1000.000000000000000 ) ;
#1743 = CARTESIAN_POINT ( 'NONE',  ( -1.500000000000000200, 2.400000000000000400, 5.099999999999999600 ) ) ;
#1744 = LINE ( 'NONE', #1743, #1742 ) ;
#1745 =( NAMED_UNIT ( * ) PLANE_ANGLE_UNIT ( ) SI_UNIT ( $, .RADIAN. ) );
#1746 =( LENGTH_UNIT ( ) NAMED_UNIT ( * ) SI_UNIT ( .MILLI., .METRE. ) );
#1747 = MECHANICAL_DESIGN_GEOMETRIC_PRESENTATION_REPRESENTATION (  '', ( #1749 ), #1804 ) ;
#1748 = PRESENTATION_LAYER_ASSIGNMENT (  '', '', ( #1749 ) ) ;
#1749 = STYLED_ITEM ( 'NONE', ( #1750 ), #342 ) ;
#1750 = PRESENTATION_STYLE_ASSIGNMENT (( #1751 ) ) ;
#1751 = SURFACE_STYLE_USAGE ( .BOTH. , #1752 ) ;
#1752 = SURFACE_SIDE_STYLE ('',( #1753 ) ) ;
#1753 = SURFACE_STYLE_FILL_AREA ( #1754 ) ;
#1754 = FILL_AREA_STYLE ('',( #1761 ) ) ;
#1755 = COLOUR_RGB ( '',0.1921568627450980200, 0.2039215686274509800, 0.2039215686274509800 ) ;
#1756 = FACE_OUTER_BOUND ( 'NONE', #401, .T. ) ;
#1757 = DIRECTION ( 'NONE',  ( -1.668003342285391600E-016, 1.000000000000000000, -0.0000000000000000000 ) ) ;
#1758 = VECTOR ( 'NONE', #1757, 1000.000000000000000 ) ;
#1759 = CARTESIAN_POINT ( 'NONE',  ( 1.500000000000000200, 3.900000000000000800, 5.099999999999999600 ) ) ;
#1760 = LINE ( 'NONE', #1759, #1758 ) ;
#1761 = FILL_AREA_STYLE_COLOUR ( '', #1755 ) ;
#1762 = CARTESIAN_POINT ( 'NONE',  ( 1.500000000000000200, 3.900000000000000800, 5.099999999999999600 ) ) ;
#1763 = DIRECTION ( 'NONE',  ( 1.000000000000000000, 0.0000000000000000000, 0.0000000000000000000 ) ) ;
#1764 = VECTOR ( 'NONE', #1763, 1000.000000000000000 ) ;
#1765 = CARTESIAN_POINT ( 'NONE',  ( -5.099999999999998800, 3.899999999999999900, 5.099999999999999600 ) ) ;
#1766 = LINE ( 'NONE', #1765, #1764 ) ;
#1767 = CARTESIAN_POINT ( 'NONE',  ( 3.600000000000001000, 3.899999999999999900, 5.099999999999999600 ) ) ;
#1768 = DIRECTION ( 'NONE',  ( -0.0000000000000000000, 1.000000000000000000, -0.0000000000000000000 ) ) ;
#1769 = VECTOR ( 'NONE', #1768, 1000.000000000000000 ) ;
#1770 = CARTESIAN_POINT ( 'NONE',  ( 3.600000000000001000, 3.899999999999999900, 5.099999999999999600 ) ) ;
#1771 = LINE ( 'NONE', #1770, #1769 ) ;
#1772 = DIRECTION ( 'NONE',  ( -1.000000000000000000, 0.0000000000000000000, -0.0000000000000000000 ) ) ;
#1773 = DIRECTION ( 'NONE',  ( 0.0000000000000000000, 0.0000000000000000000, -1.000000000000000000 ) ) ;
#1774 = CARTESIAN_POINT ( 'NONE',  ( -5.099999999999998800, 3.899999999999999900, 5.099999999999999600 ) ) ;
#1775 = AXIS2_PLACEMENT_3D ( 'NONE', #1774, #1773, #1772 ) ;
#1776 = PLANE ( 'NONE',  #1775 ) ;
#1777 =( NAMED_UNIT ( * ) PLANE_ANGLE_UNIT ( ) SI_UNIT ( $, .RADIAN. ) );
#1778 =( LENGTH_UNIT ( ) NAMED_UNIT ( * ) SI_UNIT ( .MILLI., .METRE. ) );
#1779 = MECHANICAL_DESIGN_GEOMETRIC_PRESENTATION_REPRESENTATION (  '', ( #1781 ), #1828 ) ;
#1780 = PRESENTATION_LAYER_ASSIGNMENT (  '', '', ( #1781 ) ) ;
#1781 = STYLED_ITEM ( 'NONE', ( #1782 ), #348 ) ;
#1782 = PRESENTATION_STYLE_ASSIGNMENT (( #1783 ) ) ;
#1783 = SURFACE_STYLE_USAGE ( .BOTH. , #1784 ) ;
#1784 = SURFACE_SIDE_STYLE ('',( #1785 ) ) ;
#1785 = SURFACE_STYLE_FILL_AREA ( #1786 ) ;
#1786 = FILL_AREA_STYLE ('',( #1793 ) ) ;
#1787 = COLOUR_RGB ( '',0.1921568627450980200, 0.2039215686274509800, 0.2039215686274509800 ) ;
#1788 = FACE_OUTER_BOUND ( 'NONE', #349, .T. ) ;
#1789 = DIRECTION ( 'NONE',  ( -0.0000000000000000000, -0.0000000000000000000, 1.000000000000000000 ) ) ;
#1790 = VECTOR ( 'NONE', #1789, 1000.000000000000000 ) ;
#1791 = CARTESIAN_POINT ( 'NONE',  ( 1.500000000000000900, 3.673940397442060400E-016, 4.999999999999999100 ) ) ;
#1792 = LINE ( 'NONE', #1791, #1790 ) ;
#1793 = FILL_AREA_STYLE_COLOUR ( '', #1787 ) ;
#1794 = CARTESIAN_POINT ( 'NONE',  ( 1.500000000000000200, 0.0000000000000000000, 5.099999999999999600 ) ) ;
#1795 = DIRECTION ( 'NONE',  ( 1.000000000000000000, 0.0000000000000000000, 0.0000000000000000000 ) ) ;
#1796 = VECTOR ( 'NONE', #1795, 1000.000000000000000 ) ;
#1797 = CARTESIAN_POINT ( 'NONE',  ( -5.099999999999998800, 0.0000000000000000000, 5.099999999999999600 ) ) ;
#1798 = LINE ( 'NONE', #1797, #1796 ) ;
#1799 = DIRECTION ( 'NONE',  ( -1.700709290173340400E-016, 0.0000000000000000000, -1.000000000000000000 ) ) ;
#1800 = DIRECTION ( 'NONE',  ( 1.000000000000000000, 0.0000000000000000000, -1.700709290173340400E-016 ) ) ;
#1801 = CARTESIAN_POINT ( 'NONE',  ( -5.100000000000000500, 3.899999999999999900, -5.099999999999999600 ) ) ;
#1802 = AXIS2_PLACEMENT_3D ( 'NONE', #1801, #1800, #1799 ) ;
#1803 = PLANE ( 'NONE',  #1802 ) ;
#1804 =( GEOMETRIC_REPRESENTATION_CONTEXT ( 3 ) GLOBAL_UNCERTAINTY_ASSIGNED_CONTEXT ( ( #1805 ) ) GLOBAL_UNIT_ASSIGNED_CONTEXT ( ( #1746, #1745, #171 ) ) REPRESENTATION_CONTEXT ( 'NONE', 'WORKASPACE' ) );
#1805 = UNCERTAINTY_MEASURE_WITH_UNIT (LENGTH_MEASURE( 1.000000000000000100E-005 ), #1746, 'distance_accuracy_value', 'NONE');
#1806 = CARTESIAN_POINT ( 'NONE',  ( -1.499999999999999600, -0.0000000000000000000, -3.799999999999999400 ) ) ;
#1807 = LINE ( 'NONE', #1806, #1859 ) ;
#1808 = DIRECTION ( 'NONE',  ( -0.0000000000000000000, -0.0000000000000000000, -1.000000000000000000 ) ) ;
#1809 = VECTOR ( 'NONE', #1808, 1000.000000000000000 ) ;
#1810 = CARTESIAN_POINT ( 'NONE',  ( -1.500000000000000900, 3.673940397442060400E-016, -4.999999999999999100 ) ) ;
#1811 = LINE ( 'NONE', #1810, #1809 ) ;
#1812 = CARTESIAN_POINT ( 'NONE',  ( -1.500000000000093700, 3.900000000000001200, -5.099999999999999600 ) ) ;
#1813 = DIRECTION ( 'NONE',  ( -1.000000000000000000, -0.0000000000000000000, -0.0000000000000000000 ) ) ;
#1814 = VECTOR ( 'NONE', #1813, 1000.000000000000000 ) ;
#1815 = CARTESIAN_POINT ( 'NONE',  ( -5.100000000000000500, 3.899999999999999900, -5.099999999999999600 ) ) ;
#1816 = LINE ( 'NONE', #1815, #1814 ) ;
#1817 = CARTESIAN_POINT ( 'NONE',  ( -3.599999999999997400, 3.899999999999999900, -5.099999999999998800 ) ) ;
#1818 = DIRECTION ( 'NONE',  ( -0.0000000000000000000, 1.000000000000000000, 0.0000000000000000000 ) ) ;
#1819 = VECTOR ( 'NONE', #1818, 1000.000000000000000 ) ;
#1820 = CARTESIAN_POINT ( 'NONE',  ( -3.599999999999995200, 3.899999999999999900, -5.099999999999999600 ) ) ;
#1821 = LINE ( 'NONE', #1820, #1819 ) ;
#1822 = DIRECTION ( 'NONE',  ( 1.000000000000000000, 0.0000000000000000000, -0.0000000000000000000 ) ) ;
#1823 = ORIENTED_EDGE ( 'NONE', *, *, #119, .T. ) ;
#1824 = DIRECTION ( 'NONE',  ( 0.0000000000000000000, 0.0000000000000000000, 1.000000000000000000 ) ) ;
#1825 = CARTESIAN_POINT ( 'NONE',  ( -5.100000000000000500, 3.899999999999999900, -5.099999999999999600 ) ) ;
#1826 = AXIS2_PLACEMENT_3D ( 'NONE', #1825, #1824, #1822 ) ;
#1827 = PLANE ( 'NONE',  #1826 ) ;
#1828 =( GEOMETRIC_REPRESENTATION_CONTEXT ( 3 ) GLOBAL_UNCERTAINTY_ASSIGNED_CONTEXT ( ( #1829 ) ) GLOBAL_UNIT_ASSIGNED_CONTEXT ( ( #1778, #1777, #1830 ) ) REPRESENTATION_CONTEXT ( 'NONE', 'WORKASPACE' ) );
#1829 = UNCERTAINTY_MEASURE_WITH_UNIT (LENGTH_MEASURE( 1.000000000000000100E-005 ), #1778, 'distance_accuracy_value', 'NONE');
#1830 =( NAMED_UNIT ( * ) SI_UNIT ( $, .STERADIAN. ) SOLID_ANGLE_UNIT ( ) );
#1831 = CARTESIAN_POINT ( 'NONE',  ( 1.500000000000000200, 3.900000000000000800, 5.149999999999999500 ) ) ;
#1832 = DIRECTION ( 'NONE',  ( -1.000000000000000000, -1.445602896647339200E-016, 0.0000000000000000000 ) ) ;
#1833 = VECTOR ( 'NONE', #1832, 1000.000000000000000 ) ;
#1834 = CARTESIAN_POINT ( 'NONE',  ( 1.500000000000000200, 3.900000000000000800, 5.149999999999999500 ) ) ;
#1835 = LINE ( 'NONE', #1834, #1833 ) ;
#1836 = DIRECTION ( 'NONE',  ( 0.0000000000000000000, 0.0000000000000000000, 1.000000000000000000 ) ) ;
#1837 = DIRECTION ( 'NONE',  ( -0.0000000000000000000, 1.000000000000000000, -0.0000000000000000000 ) ) ;
#1838 = AXIS2_PLACEMENT_3D ( 'NONE', #1839, #1837, #1836 ) ;
#1839 = CARTESIAN_POINT ( 'NONE',  ( 0.0000000000000000000, 2.899999999999999900, 0.0000000000000000000 ) ) ;
#1840 = CYLINDRICAL_SURFACE ( 'NONE', #1838, 4.900000000000001200 ) ;
#1841 = FACE_OUTER_BOUND ( 'NONE', #376, .T. ) ;
#1842 = DIRECTION ( 'NONE',  ( 0.0000000000000000000, 0.0000000000000000000, 1.000000000000000000 ) ) ;
#1843 = DIRECTION ( 'NONE',  ( 0.0000000000000000000, 1.000000000000000000, 0.0000000000000000000 ) ) ;
#1844 = CARTESIAN_POINT ( 'NONE',  ( 0.0000000000000000000, 3.899999999999999900, 0.0000000000000000000 ) ) ;
#1845 = AXIS2_PLACEMENT_3D ( 'NONE', #1844, #1843, #1842 ) ;
#1846 = CIRCLE ( 'NONE', #1845, 4.900000000000001200 ) ;
#1847 = CARTESIAN_POINT ( 'NONE',  ( 3.600000000000001000, 0.0000000000000000000, 5.099999999999999600 ) ) ;
#1848 = DIRECTION ( 'NONE',  ( 8.673617379884032500E-016, 0.0000000000000000000, 1.000000000000000000 ) ) ;
#1849 = DIRECTION ( 'NONE',  ( -0.0000000000000000000, -1.000000000000000000, -0.0000000000000000000 ) ) ;
#1850 = CARTESIAN_POINT ( 'NONE',  ( 3.600000000000000100, 0.0000000000000000000, 3.600000000000000100 ) ) ;
#1851 = AXIS2_PLACEMENT_3D ( 'NONE', #1850, #1849, #1848 ) ;
#1852 = CIRCLE ( 'NONE', #1851, 1.500000000000000400 ) ;
#1853 = CARTESIAN_POINT ( 'NONE',  ( 5.100000000000000500, 0.0000000000000000000, 3.600000000000000100 ) ) ;
#1854 = DIRECTION ( 'NONE',  ( -1.700709290173340400E-016, -0.0000000000000000000, -1.000000000000000000 ) ) ;
#1855 = VECTOR ( 'NONE', #1854, 1000.000000000000000 ) ;
#1856 = CARTESIAN_POINT ( 'NONE',  ( 5.099999999999998800, 0.0000000000000000000, -5.099999999999999600 ) ) ;
#1857 = LINE ( 'NONE', #1856, #1855 ) ;
#1858 = DIRECTION ( 'NONE',  ( -1.000000000000000000, -0.0000000000000000000, -1.445602896647339200E-016 ) ) ;
#1859 = VECTOR ( 'NONE', #1858, 1000.000000000000000 ) ;
#1860 = PLANE ( 'NONE',  #1923 ) ;
#1861 =( GEOMETRIC_REPRESENTATION_CONTEXT ( 3 ) GLOBAL_UNCERTAINTY_ASSIGNED_CONTEXT ( ( #1862 ) ) GLOBAL_UNIT_ASSIGNED_CONTEXT ( ( #1865, #1864, #1863 ) ) REPRESENTATION_CONTEXT ( 'NONE', 'WORKASPACE' ) );
#1862 = UNCERTAINTY_MEASURE_WITH_UNIT (LENGTH_MEASURE( 1.000000000000000100E-005 ), #1865, 'distance_accuracy_value', 'NONE');
#1863 =( NAMED_UNIT ( * ) SI_UNIT ( $, .STERADIAN. ) SOLID_ANGLE_UNIT ( ) );
#1864 =( NAMED_UNIT ( * ) PLANE_ANGLE_UNIT ( ) SI_UNIT ( $, .RADIAN. ) );
#1865 =( LENGTH_UNIT ( ) NAMED_UNIT ( * ) SI_UNIT ( .MILLI., .METRE. ) );
#1866 = MECHANICAL_DESIGN_GEOMETRIC_PRESENTATION_REPRESENTATION (  '', ( #1868 ), #1861 ) ;
#1867 = PRESENTATION_LAYER_ASSIGNMENT (  '', '', ( #1868 ) ) ;
#1868 = STYLED_ITEM ( 'NONE', ( #1869 ), #392 ) ;
#1869 = PRESENTATION_STYLE_ASSIGNMENT (( #1870 ) ) ;
#1870 = SURFACE_STYLE_USAGE ( .BOTH. , #1871 ) ;
#1871 = SURFACE_SIDE_STYLE ('',( #1872 ) ) ;
#1872 = SURFACE_STYLE_FILL_AREA ( #1873 ) ;
#1873 = FILL_AREA_STYLE ('',( #1881 ) ) ;
#1874 = COLOUR_RGB ( '',0.1921568627450980200, 0.2039215686274509800, 0.2039215686274509800 ) ;
#1875 = FACE_BOUND ( 'NONE', #371, .T. ) ;
#1876 = FACE_OUTER_BOUND ( 'NONE', #393, .T. ) ;
#1877 = DIRECTION ( 'NONE',  ( 0.0000000000000000000, -1.000000000000000000, 0.0000000000000000000 ) ) ;
#1878 = VECTOR ( 'NONE', #1877, 1000.000000000000000 ) ;
#1879 = CARTESIAN_POINT ( 'NONE',  ( 5.100000000000000500, 3.899999999999999900, 3.600000000000000100 ) ) ;
#1880 = LINE ( 'NONE', #1879, #1878 ) ;
#1881 = FILL_AREA_STYLE_COLOUR ( '', #1874 ) ;
#1882 = DIRECTION ( 'NONE',  ( 0.0000000000000000000, 0.0000000000000000000, 1.000000000000000000 ) ) ;
#1883 = DIRECTION ( 'NONE',  ( 0.0000000000000000000, 1.000000000000000000, 0.0000000000000000000 ) ) ;
#1884 = CARTESIAN_POINT ( 'NONE',  ( 3.600000000000000100, 3.899999999999999900, 3.600000000000000100 ) ) ;
#1885 = AXIS2_PLACEMENT_3D ( 'NONE', #1884, #1883, #1882 ) ;
#1886 = CIRCLE ( 'NONE', #1885, 1.500000000000000400 ) ;
#1887 = DIRECTION ( 'NONE',  ( -0.0000000000000000000, -0.0000000000000000000, -1.000000000000000000 ) ) ;
#1888 = VECTOR ( 'NONE', #1887, 1000.000000000000000 ) ;
#1889 = CARTESIAN_POINT ( 'NONE',  ( 1.500000000000000200, 3.900000000000000800, 5.149999999999999500 ) ) ;
#1890 = LINE ( 'NONE', #1889, #1888 ) ;
#1891 =( LENGTH_UNIT ( ) NAMED_UNIT ( * ) SI_UNIT ( .MILLI., .METRE. ) );
#1892 = MECHANICAL_DESIGN_GEOMETRIC_PRESENTATION_REPRESENTATION (  '', ( #1894 ), #1948 ) ;
#1893 = PRESENTATION_LAYER_ASSIGNMENT (  '', '', ( #1894 ) ) ;
#1894 = STYLED_ITEM ( 'NONE', ( #1895 ), #409 ) ;
#1895 = PRESENTATION_STYLE_ASSIGNMENT (( #1896 ) ) ;
#1896 = SURFACE_STYLE_USAGE ( .BOTH. , #1897 ) ;
#1897 = SURFACE_SIDE_STYLE ('',( #1898 ) ) ;
#1898 = SURFACE_STYLE_FILL_AREA ( #1899 ) ;
#1899 = FILL_AREA_STYLE ('',( #1906 ) ) ;
#1900 = COLOUR_RGB ( '',0.1921568627450980200, 0.2039215686274509800, 0.2039215686274509800 ) ;
#1901 = FACE_OUTER_BOUND ( 'NONE', #410, .T. ) ;
#1902 = DIRECTION ( 'NONE',  ( 0.0000000000000000000, -1.000000000000000000, 0.0000000000000000000 ) ) ;
#1903 = VECTOR ( 'NONE', #1902, 1000.000000000000000 ) ;
#1904 = CARTESIAN_POINT ( 'NONE',  ( -5.100000000000000500, 3.899999999999999900, -3.600000000000000100 ) ) ;
#1905 = LINE ( 'NONE', #1904, #1903 ) ;
#1906 = FILL_AREA_STYLE_COLOUR ( '', #1900 ) ;
#1907 = CARTESIAN_POINT ( 'NONE',  ( -5.100000000000000500, 3.899999999999999900, -3.600000000000001400 ) ) ;
#1908 = DIRECTION ( 'NONE',  ( 1.700709290173340400E-016, 0.0000000000000000000, 1.000000000000000000 ) ) ;
#1909 = VECTOR ( 'NONE', #1908, 1000.000000000000000 ) ;
#1910 = CARTESIAN_POINT ( 'NONE',  ( -5.100000000000000500, 3.899999999999999900, -5.099999999999999600 ) ) ;
#1911 = LINE ( 'NONE', #1910, #1909 ) ;
#1912 = DIRECTION ( 'NONE',  ( -0.7071067811865489100, -0.0000000000000000000, 0.7071067811865462400 ) ) ;
#1913 = VECTOR ( 'NONE', #1912, 999.9999999999998900 ) ;
#1914 = CARTESIAN_POINT ( 'NONE',  ( -9.449999999999999300, 3.899999999999999900, 0.7499999999999833500 ) ) ;
#1915 = LINE ( 'NONE', #1914, #1913 ) ;
#1916 = CARTESIAN_POINT ( 'NONE',  ( -1.500000000000093700, 3.900000000000001200, -5.149999999999999500 ) ) ;
#1917 = DIRECTION ( 'NONE',  ( -0.0000000000000000000, -0.0000000000000000000, 1.000000000000000000 ) ) ;
#1918 = VECTOR ( 'NONE', #1917, 1000.000000000000000 ) ;
#1919 = CARTESIAN_POINT ( 'NONE',  ( -1.500000000000093700, 3.900000000000001200, -5.149999999999999500 ) ) ;
#1920 = DIRECTION ( 'NONE',  ( 0.0000000000000000000, -0.0000000000000000000, 1.000000000000000000 ) ) ;
#1921 = DIRECTION ( 'NONE',  ( 0.0000000000000000000, 1.000000000000000000, 0.0000000000000000000 ) ) ;
#1922 = CARTESIAN_POINT ( 'NONE',  ( -5.099999999999998800, 3.899999999999999900, 5.099999999999999600 ) ) ;
#1923 = AXIS2_PLACEMENT_3D ( 'NONE', #1922, #1921, #1920 ) ;
#1924 = LINE ( 'NONE', #1919, #1918 ) ;
#1925 =( NAMED_UNIT ( * ) SI_UNIT ( $, .STERADIAN. ) SOLID_ANGLE_UNIT ( ) );
#1926 =( NAMED_UNIT ( * ) PLANE_ANGLE_UNIT ( ) SI_UNIT ( $, .RADIAN. ) );
#1927 =( LENGTH_UNIT ( ) NAMED_UNIT ( * ) SI_UNIT ( .MILLI., .METRE. ) );
#1928 = MECHANICAL_DESIGN_GEOMETRIC_PRESENTATION_REPRESENTATION (  '', ( #1930 ), #1980 ) ;
#1929 = PRESENTATION_LAYER_ASSIGNMENT (  '', '', ( #1930 ) ) ;
#1930 = STYLED_ITEM ( 'NONE', ( #1931 ), #417 ) ;
#1931 = PRESENTATION_STYLE_ASSIGNMENT (( #1932 ) ) ;
#1932 = SURFACE_STYLE_USAGE ( .BOTH. , #1933 ) ;
#1933 = SURFACE_SIDE_STYLE ('',( #1934 ) ) ;
#1934 = SURFACE_STYLE_FILL_AREA ( #1935 ) ;
#1935 = FILL_AREA_STYLE ('',( #1942 ) ) ;
#1936 = COLOUR_RGB ( '',0.8274509803921568100, 0.8392156862745098200, 0.8274509803921568100 ) ;
#1937 = FACE_OUTER_BOUND ( 'NONE', #418, .T. ) ;
#1938 = DIRECTION ( 'NONE',  ( -1.700709290173340400E-016, -0.0000000000000000000, -1.000000000000000000 ) ) ;
#1939 = VECTOR ( 'NONE', #1938, 1000.000000000000000 ) ;
#1940 = CARTESIAN_POINT ( 'NONE',  ( 5.099999999999998800, 3.899999999999999900, -5.099999999999999600 ) ) ;
#1941 = LINE ( 'NONE', #1940, #1939 ) ;
#1942 = FILL_AREA_STYLE_COLOUR ( '', #1936 ) ;
#1943 = DIRECTION ( 'NONE',  ( 1.700709290173340400E-016, 0.0000000000000000000, 1.000000000000000000 ) ) ;
#1944 = DIRECTION ( 'NONE',  ( -1.000000000000000000, 0.0000000000000000000, 1.700709290173340400E-016 ) ) ;
#1945 = CARTESIAN_POINT ( 'NONE',  ( 5.099999999999998800, 3.899999999999999900, -5.099999999999999600 ) ) ;
#1946 = AXIS2_PLACEMENT_3D ( 'NONE', #1945, #1944, #1943 ) ;
#1947 = PLANE ( 'NONE',  #1946 ) ;
#1948 =( GEOMETRIC_REPRESENTATION_CONTEXT ( 3 ) GLOBAL_UNCERTAINTY_ASSIGNED_CONTEXT ( ( #1949 ) ) GLOBAL_UNIT_ASSIGNED_CONTEXT ( ( #1891, #1951, #1950 ) ) REPRESENTATION_CONTEXT ( 'NONE', 'WORKASPACE' ) );
#1949 = UNCERTAINTY_MEASURE_WITH_UNIT (LENGTH_MEASURE( 1.000000000000000100E-005 ), #1891, 'distance_accuracy_value', 'NONE');
#1950 =( NAMED_UNIT ( * ) SI_UNIT ( $, .STERADIAN. ) SOLID_ANGLE_UNIT ( ) );
#1951 =( NAMED_UNIT ( * ) PLANE_ANGLE_UNIT ( ) SI_UNIT ( $, .RADIAN. ) );
#1952 =( LENGTH_UNIT ( ) NAMED_UNIT ( * ) SI_UNIT ( .MILLI., .METRE. ) );
#1953 = MECHANICAL_DESIGN_GEOMETRIC_PRESENTATION_REPRESENTATION (  '', ( #1955 ), #2002 ) ;
#1954 = PRESENTATION_LAYER_ASSIGNMENT (  '', '', ( #1955 ) ) ;
#1955 = STYLED_ITEM ( 'NONE', ( #1956 ), #430 ) ;
#1956 = PRESENTATION_STYLE_ASSIGNMENT (( #1957 ) ) ;
#1957 = SURFACE_STYLE_USAGE ( .BOTH. , #1958 ) ;
#1958 = SURFACE_SIDE_STYLE ('',( #1959 ) ) ;
#1959 = SURFACE_STYLE_FILL_AREA ( #1960 ) ;
#1960 = FILL_AREA_STYLE ('',( #1966 ) ) ;
#1961 = COLOUR_RGB ( '',0.1921568627450980200, 0.2039215686274509800, 0.2039215686274509800 ) ;
#1962 = DIRECTION ( 'NONE',  ( 0.0000000000000000000, 0.0000000000000000000, 1.000000000000000000 ) ) ;
#1963 = DIRECTION ( 'NONE',  ( -0.0000000000000000000, 1.000000000000000000, -0.0000000000000000000 ) ) ;
#1964 = AXIS2_PLACEMENT_3D ( 'NONE', #1967, #1963, #1962 ) ;
#1965 = FACE_OUTER_BOUND ( 'NONE', #431, .T. ) ;
#1966 = FILL_AREA_STYLE_COLOUR ( '', #1961 ) ;
#1967 = CARTESIAN_POINT ( 'NONE',  ( 0.0000000000000000000, 2.899999999999999900, 0.0000000000000000000 ) ) ;
#1968 = CYLINDRICAL_SURFACE ( 'NONE', #1964, 4.880000000000000800 ) ;
#1969 = FACE_OUTER_BOUND ( 'NONE', #425, .T. ) ;
#1970 = CARTESIAN_POINT ( 'NONE',  ( -1.499999999999999600, -0.1000000000000000100, -3.799999999999999400 ) ) ;
#1971 = DIRECTION ( 'NONE',  ( -0.0000000000000000000, 1.000000000000000000, -0.0000000000000000000 ) ) ;
#1972 = VECTOR ( 'NONE', #1971, 1000.000000000000000 ) ;
#1973 = CARTESIAN_POINT ( 'NONE',  ( -1.499999999999999600, -0.1000000000000000100, -3.799999999999999400 ) ) ;
#1974 = LINE ( 'NONE', #1973, #1972 ) ;
#1975 = DIRECTION ( 'NONE',  ( -1.000000000000000000, 0.0000000000000000000, -1.445602896647339200E-016 ) ) ;
#1976 = DIRECTION ( 'NONE',  ( 1.445602896647339200E-016, 0.0000000000000000000, -1.000000000000000000 ) ) ;
#1977 = CARTESIAN_POINT ( 'NONE',  ( -1.499999999999999600, -0.1000000000000000100, -3.799999999999999400 ) ) ;
#1978 = AXIS2_PLACEMENT_3D ( 'NONE', #1977, #1976, #1975 ) ;
#1979 = PLANE ( 'NONE',  #1978 ) ;
#1980 =( GEOMETRIC_REPRESENTATION_CONTEXT ( 3 ) GLOBAL_UNCERTAINTY_ASSIGNED_CONTEXT ( ( #1981 ) ) GLOBAL_UNIT_ASSIGNED_CONTEXT ( ( #1927, #1926, #1925 ) ) REPRESENTATION_CONTEXT ( 'NONE', 'WORKASPACE' ) );
#1981 = UNCERTAINTY_MEASURE_WITH_UNIT (LENGTH_MEASURE( 1.000000000000000100E-005 ), #1927, 'distance_accuracy_value', 'NONE');
#1982 = DIRECTION ( 'NONE',  ( -0.4132170265578690200, 0.0000000000000000000, 0.9106325762691962500 ) ) ;
#1983 = VECTOR ( 'NONE', #1982, 1000.000000000000000 ) ;
#1984 = DIRECTION ( 'NONE',  ( 0.0000000000000000000, -0.0000000000000000000, 1.000000000000000000 ) ) ;
#1985 = DIRECTION ( 'NONE',  ( 0.0000000000000000000, 1.000000000000000000, 0.0000000000000000000 ) ) ;
#1986 = CARTESIAN_POINT ( 'NONE',  ( 0.0000000000000000000, 2.899999999999999900, 0.0000000000000000000 ) ) ;
#1987 = CIRCLE ( 'NONE', #2033, 4.880000000000000800 ) ;
#1988 = AXIS2_PLACEMENT_3D ( 'NONE', #1986, #1985, #1984 ) ;
#1989 = PLANE ( 'NONE',  #1988 ) ;
#1990 = FACE_OUTER_BOUND ( 'NONE', #445, .T. ) ;
#1991 = FACE_BOUND ( 'NONE', #441, .T. ) ;
#1992 = DIRECTION ( 'NONE',  ( 0.0000000000000000000, 0.0000000000000000000, 1.000000000000000000 ) ) ;
#1993 = DIRECTION ( 'NONE',  ( 0.0000000000000000000, 1.000000000000000000, 0.0000000000000000000 ) ) ;
#1994 = CARTESIAN_POINT ( 'NONE',  ( 0.0000000000000000000, 2.899999999999999900, 0.0000000000000000000 ) ) ;
#1995 = AXIS2_PLACEMENT_3D ( 'NONE', #1994, #1993, #1992 ) ;
#1996 = DIRECTION ( 'NONE',  ( 0.7071067811865489100, 0.0000000000000000000, -0.7071067811865462400 ) ) ;
#1997 = DIRECTION ( 'NONE',  ( 0.7071067811865462400, 0.0000000000000000000, 0.7071067811865489100 ) ) ;
#1998 = CARTESIAN_POINT ( 'NONE',  ( -5.100000000000000500, 3.899999999999999900, -3.599999999999999600 ) ) ;
#1999 = AXIS2_PLACEMENT_3D ( 'NONE', #1998, #1997, #1996 ) ;
#2000 = CIRCLE ( 'NONE', #1995, 4.900000000000001200 ) ;
#2001 = PLANE ( 'NONE',  #1999 ) ;
#2002 =( GEOMETRIC_REPRESENTATION_CONTEXT ( 3 ) GLOBAL_UNCERTAINTY_ASSIGNED_CONTEXT ( ( #2003 ) ) GLOBAL_UNIT_ASSIGNED_CONTEXT ( ( #1952, #2005, #2004 ) ) REPRESENTATION_CONTEXT ( 'NONE', 'WORKASPACE' ) );
#2003 = UNCERTAINTY_MEASURE_WITH_UNIT (LENGTH_MEASURE( 1.000000000000000100E-005 ), #1952, 'distance_accuracy_value', 'NONE');
#2004 =( NAMED_UNIT ( * ) SI_UNIT ( $, .STERADIAN. ) SOLID_ANGLE_UNIT ( ) );
#2005 =( NAMED_UNIT ( * ) PLANE_ANGLE_UNIT ( ) SI_UNIT ( $, .RADIAN. ) );
#2006 =( GEOMETRIC_REPRESENTATION_CONTEXT ( 3 ) GLOBAL_UNCERTAINTY_ASSIGNED_CONTEXT ( ( #2007 ) ) GLOBAL_UNIT_ASSIGNED_CONTEXT ( ( #2010, #2009, #2008 ) ) REPRESENTATION_CONTEXT ( 'NONE', 'WORKASPACE' ) );
#2007 = UNCERTAINTY_MEASURE_WITH_UNIT (LENGTH_MEASURE( 1.000000000000000100E-005 ), #2010, 'distance_accuracy_value', 'NONE');
#2008 =( NAMED_UNIT ( * ) SI_UNIT ( $, .STERADIAN. ) SOLID_ANGLE_UNIT ( ) );
#2009 =( NAMED_UNIT ( * ) PLANE_ANGLE_UNIT ( ) SI_UNIT ( $, .RADIAN. ) );
#2010 =( LENGTH_UNIT ( ) NAMED_UNIT ( * ) SI_UNIT ( .MILLI., .METRE. ) );
#2011 = MECHANICAL_DESIGN_GEOMETRIC_PRESENTATION_REPRESENTATION (  '', ( #2013 ), #2006 ) ;
#2012 = PRESENTATION_LAYER_ASSIGNMENT (  '', '', ( #2013 ) ) ;
#2013 = STYLED_ITEM ( 'NONE', ( #2014 ), #455 ) ;
#2014 = PRESENTATION_STYLE_ASSIGNMENT (( #2015 ) ) ;
#2015 = SURFACE_STYLE_USAGE ( .BOTH. , #2016 ) ;
#2016 = SURFACE_SIDE_STYLE ('',( #2017 ) ) ;
#2017 = SURFACE_STYLE_FILL_AREA ( #2018 ) ;
#2018 = FILL_AREA_STYLE ('',( #2024 ) ) ;
#2019 = COLOUR_RGB ( '',0.8274509803921568100, 0.8392156862745098200, 0.8274509803921568100 ) ;
#2020 = FACE_OUTER_BOUND ( 'NONE', #456, .T. ) ;
#2021 = DIRECTION ( 'NONE',  ( 1.000000000000000000, -0.0000000000000000000, -0.0000000000000000000 ) ) ;
#2022 = VECTOR ( 'NONE', #2021, 1000.000000000000000 ) ;
#2023 = CARTESIAN_POINT ( 'NONE',  ( 1.499999999999999600, -0.1000000000000000100, 3.799999999999999400 ) ) ;
#2024 = FILL_AREA_STYLE_COLOUR ( '', #2019 ) ;
#2025 = LINE ( 'NONE', #2023, #2022 ) ;
#2026 = DIRECTION ( 'NONE',  ( 1.000000000000000000, -2.891205793294629000E-016, 0.0000000000000000000 ) ) ;
#2027 = VECTOR ( 'NONE', #2026, 1000.000000000000000 ) ;
#2028 = CARTESIAN_POINT ( 'NONE',  ( -1.500000000000093700, 3.900000000000001200, -5.149999999999999500 ) ) ;
#2029 = LINE ( 'NONE', #2028, #2027 ) ;
#2030 = DIRECTION ( 'NONE',  ( 0.0000000000000000000, 0.0000000000000000000, 1.000000000000000000 ) ) ;
#2031 = DIRECTION ( 'NONE',  ( 0.0000000000000000000, 1.000000000000000000, 0.0000000000000000000 ) ) ;
#2032 = CARTESIAN_POINT ( 'NONE',  ( 0.0000000000000000000, 2.899999999999999900, 0.0000000000000000000 ) ) ;
#2033 = AXIS2_PLACEMENT_3D ( 'NONE', #2032, #2031, #2030 ) ;
#2034 =( GEOMETRIC_REPRESENTATION_CONTEXT ( 3 ) GLOBAL_UNCERTAINTY_ASSIGNED_CONTEXT ( ( #2035 ) ) GLOBAL_UNIT_ASSIGNED_CONTEXT ( ( #2038, #2037, #2036 ) ) REPRESENTATION_CONTEXT ( 'NONE', 'WORKASPACE' ) );
#2035 = UNCERTAINTY_MEASURE_WITH_UNIT (LENGTH_MEASURE( 1.000000000000000100E-005 ), #2038, 'distance_accuracy_value', 'NONE');
#2036 =( NAMED_UNIT ( * ) SI_UNIT ( $, .STERADIAN. ) SOLID_ANGLE_UNIT ( ) );
#2037 =( NAMED_UNIT ( * ) PLANE_ANGLE_UNIT ( ) SI_UNIT ( $, .RADIAN. ) );
#2038 =( LENGTH_UNIT ( ) NAMED_UNIT ( * ) SI_UNIT ( .MILLI., .METRE. ) );
#2039 = MECHANICAL_DESIGN_GEOMETRIC_PRESENTATION_REPRESENTATION (  '', ( #2041 ), #2034 ) ;
#2040 = PRESENTATION_LAYER_ASSIGNMENT (  '', '', ( #2041 ) ) ;
#2041 = STYLED_ITEM ( 'NONE', ( #2042 ), #466 ) ;
#2042 = PRESENTATION_STYLE_ASSIGNMENT (( #2043 ) ) ;
#2043 = SURFACE_STYLE_USAGE ( .BOTH. , #2044 ) ;
#2044 = SURFACE_SIDE_STYLE ('',( #2045 ) ) ;
#2045 = SURFACE_STYLE_FILL_AREA ( #2046 ) ;
#2046 = FILL_AREA_STYLE ('',( #2053 ) ) ;
#2047 = COLOUR_RGB ( '',0.8274509803921568100, 0.8392156862745098200, 0.8274509803921568100 ) ;
#2048 = FACE_OUTER_BOUND ( 'NONE', #467, .T. ) ;
#2049 = DIRECTION ( 'NONE',  ( 9.035018104045872900E-016, -0.0000000000000000000, -1.000000000000000000 ) ) ;
#2050 = VECTOR ( 'NONE', #2049, 1000.000000000000000 ) ;
#2051 = CARTESIAN_POINT ( 'NONE',  ( -1.499999999999998400, -0.1000000000000000100, -4.999999999999999100 ) ) ;
#2052 = LINE ( 'NONE', #2051, #2050 ) ;
#2053 = FILL_AREA_STYLE_COLOUR ( '', #2047 ) ;
#2054 = CARTESIAN_POINT ( 'NONE',  ( 1.500000000000000200, -0.1000000000000000100, 5.149999999999999500 ) ) ;
#2055 = DIRECTION ( 'NONE',  ( 0.0000000000000000000, 1.000000000000000000, 0.0000000000000000000 ) ) ;
#2056 = VECTOR ( 'NONE', #2055, 1000.000000000000000 ) ;
#2057 = CARTESIAN_POINT ( 'NONE',  ( 1.500000000000000200, -0.1000000000000000100, 5.149999999999999500 ) ) ;
#2058 = DIRECTION ( 'NONE',  ( 5.421010862427524100E-016, 0.0000000000000000000, 1.000000000000000000 ) ) ;
#2059 = DIRECTION ( 'NONE',  ( -1.000000000000000000, 0.0000000000000000000, 5.421010862427524100E-016 ) ) ;
#2060 = CARTESIAN_POINT ( 'NONE',  ( 1.500000000000000200, -0.1000000000000000100, 4.999999999999999100 ) ) ;
#2061 = AXIS2_PLACEMENT_3D ( 'NONE', #2060, #2059, #2058 ) ;
#2062 = PLANE ( 'NONE',  #2061 ) ;
#2063 = LINE ( 'NONE', #2057, #2056 ) ;
#2064 = PLANE ( 'NONE',  #2118 ) ;
#2065 =( GEOMETRIC_REPRESENTATION_CONTEXT ( 3 ) GLOBAL_UNCERTAINTY_ASSIGNED_CONTEXT ( ( #2066 ) ) GLOBAL_UNIT_ASSIGNED_CONTEXT ( ( #2069, #2068, #2067 ) ) REPRESENTATION_CONTEXT ( 'NONE', 'WORKASPACE' ) );
#2066 = UNCERTAINTY_MEASURE_WITH_UNIT (LENGTH_MEASURE( 1.000000000000000100E-005 ), #2069, 'distance_accuracy_value', 'NONE');
#2067 =( NAMED_UNIT ( * ) SI_UNIT ( $, .STERADIAN. ) SOLID_ANGLE_UNIT ( ) );
#2068 =( NAMED_UNIT ( * ) PLANE_ANGLE_UNIT ( ) SI_UNIT ( $, .RADIAN. ) );
#2069 =( LENGTH_UNIT ( ) NAMED_UNIT ( * ) SI_UNIT ( .MILLI., .METRE. ) );
#2070 = MECHANICAL_DESIGN_GEOMETRIC_PRESENTATION_REPRESENTATION (  '', ( #2072 ), #2065 ) ;
#2071 = PRESENTATION_LAYER_ASSIGNMENT (  '', '', ( #2072 ) ) ;
#2072 = STYLED_ITEM ( 'NONE', ( #2073 ), #473 ) ;
#2073 = PRESENTATION_STYLE_ASSIGNMENT (( #2074 ) ) ;
#2074 = SURFACE_STYLE_USAGE ( .BOTH. , #2075 ) ;
#2075 = SURFACE_SIDE_STYLE ('',( #2076 ) ) ;
#2076 = SURFACE_STYLE_FILL_AREA ( #2077 ) ;
#2077 = FILL_AREA_STYLE ('',( #2084 ) ) ;
#2078 = COLOUR_RGB ( '',0.8274509803921568100, 0.8392156862745098200, 0.8274509803921568100 ) ;
#2079 = FACE_OUTER_BOUND ( 'NONE', #474, .T. ) ;
#2080 = DIRECTION ( 'NONE',  ( -1.000000000000000000, -0.0000000000000000000, -0.0000000000000000000 ) ) ;
#2081 = VECTOR ( 'NONE', #2080, 1000.000000000000000 ) ;
#2082 = CARTESIAN_POINT ( 'NONE',  ( -1.499999999999998400, -0.1000000000000000100, -5.149999999999999500 ) ) ;
#2083 = LINE ( 'NONE', #2082, #2081 ) ;
#2084 = FILL_AREA_STYLE_COLOUR ( '', #2078 ) ;
#2085 = DIRECTION ( 'NONE',  ( 0.0000000000000000000, 0.0000000000000000000, 1.000000000000000000 ) ) ;
#2086 = DIRECTION ( 'NONE',  ( 0.0000000000000000000, 1.000000000000000000, -0.0000000000000000000 ) ) ;
#2087 = CARTESIAN_POINT ( 'NONE',  ( 1.500000000000000400, -0.1000000000000000100, -3.799999999999998900 ) ) ;
#2088 = AXIS2_PLACEMENT_3D ( 'NONE', #2087, #2086, #2085 ) ;
#2089 = PLANE ( 'NONE',  #2088 ) ;
#2090 = DIRECTION ( 'NONE',  ( 9.035018104045872900E-016, 0.0000000000000000000, -1.000000000000000000 ) ) ;
#2091 = DIRECTION ( 'NONE',  ( 1.000000000000000000, 0.0000000000000000000, 9.035018104045872900E-016 ) ) ;
#2092 = CARTESIAN_POINT ( 'NONE',  ( -1.499999999999998400, -0.1000000000000000100, -4.999999999999999100 ) ) ;
#2093 = AXIS2_PLACEMENT_3D ( 'NONE', #2092, #2091, #2090 ) ;
#2094 = PLANE ( 'NONE',  #2093 ) ;
#2095 =( GEOMETRIC_REPRESENTATION_CONTEXT ( 3 ) GLOBAL_UNCERTAINTY_ASSIGNED_CONTEXT ( ( #2096 ) ) GLOBAL_UNIT_ASSIGNED_CONTEXT ( ( #2099, #2098, #2097 ) ) REPRESENTATION_CONTEXT ( 'NONE', 'WORKASPACE' ) );
#2096 = UNCERTAINTY_MEASURE_WITH_UNIT (LENGTH_MEASURE( 1.000000000000000100E-005 ), #2099, 'distance_accuracy_value', 'NONE');
#2097 =( NAMED_UNIT ( * ) SI_UNIT ( $, .STERADIAN. ) SOLID_ANGLE_UNIT ( ) );
#2098 =( NAMED_UNIT ( * ) PLANE_ANGLE_UNIT ( ) SI_UNIT ( $, .RADIAN. ) );
#2099 =( LENGTH_UNIT ( ) NAMED_UNIT ( * ) SI_UNIT ( .MILLI., .METRE. ) );
#2100 = MECHANICAL_DESIGN_GEOMETRIC_PRESENTATION_REPRESENTATION (  '', ( #2102 ), #2095 ) ;
#2101 = PRESENTATION_LAYER_ASSIGNMENT (  '', '', ( #2102 ) ) ;
#2102 = STYLED_ITEM ( 'NONE', ( #2103 ), #479 ) ;
#2103 = PRESENTATION_STYLE_ASSIGNMENT (( #2104 ) ) ;
#2104 = SURFACE_STYLE_USAGE ( .BOTH. , #2105 ) ;
#2105 = SURFACE_SIDE_STYLE ('',( #2106 ) ) ;
#2106 = SURFACE_STYLE_FILL_AREA ( #2107 ) ;
#2107 = FILL_AREA_STYLE ('',( #2114 ) ) ;
#2108 = COLOUR_RGB ( '',0.8274509803921568100, 0.8392156862745098200, 0.8274509803921568100 ) ;
#2109 = FACE_OUTER_BOUND ( 'NONE', #480, .T. ) ;
#2110 = DIRECTION ( 'NONE',  ( -1.000000000000000000, -0.0000000000000000000, -1.445602896647339200E-016 ) ) ;
#2111 = VECTOR ( 'NONE', #2110, 1000.000000000000000 ) ;
#2112 = CARTESIAN_POINT ( 'NONE',  ( -1.499999999999999600, -0.1000000000000000100, -3.799999999999999400 ) ) ;
#2113 = LINE ( 'NONE', #2112, #2111 ) ;
#2114 = FILL_AREA_STYLE_COLOUR ( '', #2108 ) ;
#2115 = DIRECTION ( 'NONE',  ( 1.000000000000000000, 0.0000000000000000000, -0.0000000000000000000 ) ) ;
#2116 = DIRECTION ( 'NONE',  ( 0.0000000000000000000, 0.0000000000000000000, 1.000000000000000000 ) ) ;
#2117 = CARTESIAN_POINT ( 'NONE',  ( 1.499999999999999600, -0.1000000000000000100, 3.799999999999999400 ) ) ;
#2118 = AXIS2_PLACEMENT_3D ( 'NONE', #2117, #2116, #2115 ) ;
#2119 = DIRECTION ( 'NONE',  ( 0.0000000000000000000, 0.0000000000000000000, -1.000000000000000000 ) ) ;
#2120 = DIRECTION ( 'NONE',  ( 0.0000000000000000000, -1.000000000000000000, 0.0000000000000000000 ) ) ;
#2121 = CARTESIAN_POINT ( 'NONE',  ( 3.600000000000000100, 3.899999999999999900, 3.600000000000000100 ) ) ;
#2122 = AXIS2_PLACEMENT_3D ( 'NONE', #2121, #2120, #2119 ) ;
#2123 = COLOUR_RGB ( '',1.000000000000000000, 1.000000000000000000, 1.000000000000000000 ) ;
#2124 = FACE_OUTER_BOUND ( 'NONE', #515, .T. ) ;
#2125 = CYLINDRICAL_SURFACE ( 'NONE', #2122, 1.500000000000000000 ) ;
#2126 =( GEOMETRIC_REPRESENTATION_CONTEXT ( 3 ) GLOBAL_UNCERTAINTY_ASSIGNED_CONTEXT ( ( #2127 ) ) GLOBAL_UNIT_ASSIGNED_CONTEXT ( ( #2130, #2129, #2128 ) ) REPRESENTATION_CONTEXT ( 'NONE', 'WORKASPACE' ) );
#2127 = UNCERTAINTY_MEASURE_WITH_UNIT (LENGTH_MEASURE( 1.000000000000000100E-005 ), #2130, 'distance_accuracy_value', 'NONE');
#2128 =( NAMED_UNIT ( * ) SI_UNIT ( $, .STERADIAN. ) SOLID_ANGLE_UNIT ( ) );
#2129 =( NAMED_UNIT ( * ) PLANE_ANGLE_UNIT ( ) SI_UNIT ( $, .RADIAN. ) );
#2130 =( LENGTH_UNIT ( ) NAMED_UNIT ( * ) SI_UNIT ( .MILLI., .METRE. ) );
#2131 = MECHANICAL_DESIGN_GEOMETRIC_PRESENTATION_REPRESENTATION (  '', ( #2133 ), #2126 ) ;
#2132 = PRESENTATION_LAYER_ASSIGNMENT (  '', '', ( #2133 ) ) ;
#2133 = STYLED_ITEM ( 'NONE', ( #2134 ), #489 ) ;
#2134 = PRESENTATION_STYLE_ASSIGNMENT (( #2135 ) ) ;
#2135 = SURFACE_STYLE_USAGE ( .BOTH. , #2136 ) ;
#2136 = SURFACE_SIDE_STYLE ('',( #2137 ) ) ;
#2137 = SURFACE_STYLE_FILL_AREA ( #2138 ) ;
#2138 = FILL_AREA_STYLE ('',( #2139 ) ) ;
#2139 = FILL_AREA_STYLE_COLOUR ( '', #2140 ) ;
#2140 = COLOUR_RGB ( '',0.1921568627450980200, 0.2039215686274509800, 0.2039215686274509800 ) ;
#2141 = FACE_OUTER_BOUND ( 'NONE', #490, .T. ) ;
#2142 = CARTESIAN_POINT ( 'NONE',  ( -1.499999999999998400, -0.1000000000000000100, -5.149999999999999500 ) ) ;
#2143 = DIRECTION ( 'NONE',  ( -2.379823768605681600E-014, 1.000000000000000000, 0.0000000000000000000 ) ) ;
#2144 = VECTOR ( 'NONE', #2143, 1000.000000000000000 ) ;
#2145 = CARTESIAN_POINT ( 'NONE',  ( -1.499999999999998400, -0.1000000000000000100, -5.149999999999999500 ) ) ;
#2146 = LINE ( 'NONE', #2145, #2144 ) ;
#2147 = CARTESIAN_POINT ( 'NONE',  ( -2.212097307997260100, 3.889999999999999700, -0.3752567791989179800 ) ) ;
#2148 = LINE ( 'NONE', #2147, #2200 ) ;
#2149 = FILL_AREA_STYLE_COLOUR ( '', #2197 ) ;
#2150 = CARTESIAN_POINT ( 'NONE',  ( -2.212097307997260100, 3.889999999999999700, -0.3752567791989179800 ) ) ;
#2151 = DIRECTION ( 'NONE',  ( -1.000000000000000000, 0.0000000000000000000, 0.0000000000000000000 ) ) ;
#2152 = VECTOR ( 'NONE', #2151, 1000.000000000000000 ) ;
#2153 = CARTESIAN_POINT ( 'NONE',  ( -1.911151005180358600, 3.889999999999999700, -0.3752567791989179800 ) ) ;
#2154 = LINE ( 'NONE', #2153, #2152 ) ;
#2155 = DIRECTION ( 'NONE',  ( -1.000000000000000000, 0.0000000000000000000, 0.0000000000000000000 ) ) ;
#2156 = DIRECTION ( 'NONE',  ( -0.0000000000000000000, 0.0000000000000000000, -1.000000000000000000 ) ) ;
#2157 = CARTESIAN_POINT ( 'NONE',  ( -1.911151005180358600, 3.889999999999999700, -0.3752567791989179800 ) ) ;
#2158 = AXIS2_PLACEMENT_3D ( 'NONE', #2157, #2156, #2155 ) ;
#2159 = PLANE ( 'NONE',  #2158 ) ;
#2160 =( GEOMETRIC_REPRESENTATION_CONTEXT ( 3 ) GLOBAL_UNCERTAINTY_ASSIGNED_CONTEXT ( ( #2161 ) ) GLOBAL_UNIT_ASSIGNED_CONTEXT ( ( #2164, #2163, #2162 ) ) REPRESENTATION_CONTEXT ( 'NONE', 'WORKASPACE' ) );
#2161 = UNCERTAINTY_MEASURE_WITH_UNIT (LENGTH_MEASURE( 1.000000000000000100E-005 ), #2164, 'distance_accuracy_value', 'NONE');
#2162 =( NAMED_UNIT ( * ) SI_UNIT ( $, .STERADIAN. ) SOLID_ANGLE_UNIT ( ) );
#2163 =( NAMED_UNIT ( * ) PLANE_ANGLE_UNIT ( ) SI_UNIT ( $, .RADIAN. ) );
#2164 =( LENGTH_UNIT ( ) NAMED_UNIT ( * ) SI_UNIT ( .MILLI., .METRE. ) );
#2165 = MECHANICAL_DESIGN_GEOMETRIC_PRESENTATION_REPRESENTATION (  '', ( #2167 ), #2160 ) ;
#2166 = PRESENTATION_LAYER_ASSIGNMENT (  '', '', ( #2167 ) ) ;
#2167 = STYLED_ITEM ( 'NONE', ( #2168 ), #491 ) ;
#2168 = PRESENTATION_STYLE_ASSIGNMENT (( #2169 ) ) ;
#2169 = SURFACE_STYLE_USAGE ( .BOTH. , #2170 ) ;
#2170 = SURFACE_SIDE_STYLE ('',( #2171 ) ) ;
#2171 = SURFACE_STYLE_FILL_AREA ( #2172 ) ;
#2172 = FILL_AREA_STYLE ('',( #2173 ) ) ;
#2173 = FILL_AREA_STYLE_COLOUR ( '', #2123 ) ;
#2174 = CARTESIAN_POINT ( 'NONE',  ( -0.8878235403916260300, 3.889999999999999700, -2.630428434128495600 ) ) ;
#2175 = DIRECTION ( 'NONE',  ( 0.0000000000000000000, 0.0000000000000000000, 1.000000000000000000 ) ) ;
#2176 = VECTOR ( 'NONE', #2175, 1000.000000000000000 ) ;
#2177 = CARTESIAN_POINT ( 'NONE',  ( -0.8878235403916260300, 3.889999999999999700, -2.840045511593284600 ) ) ;
#2178 = LINE ( 'NONE', #2177, #2176 ) ;
#2179 = DIRECTION ( 'NONE',  ( 0.4136819341461172600, 0.0000000000000000000, -0.9104214723748158500 ) ) ;
#2180 = DIRECTION ( 'NONE',  ( 0.9104214723748158500, 0.0000000000000000000, 0.4136819341461172600 ) ) ;
#2181 = CARTESIAN_POINT ( 'NONE',  ( -2.212097307997260100, 3.889999999999999700, -0.3752567791989179800 ) ) ;
#2182 = AXIS2_PLACEMENT_3D ( 'NONE', #2181, #2180, #2179 ) ;
#2183 = PLANE ( 'NONE',  #2182 ) ;
#2184 =( GEOMETRIC_REPRESENTATION_CONTEXT ( 3 ) GLOBAL_UNCERTAINTY_ASSIGNED_CONTEXT ( ( #2185 ) ) GLOBAL_UNIT_ASSIGNED_CONTEXT ( ( #2188, #2187, #2186 ) ) REPRESENTATION_CONTEXT ( 'NONE', 'WORKASPACE' ) );
#2185 = UNCERTAINTY_MEASURE_WITH_UNIT (LENGTH_MEASURE( 1.000000000000000100E-005 ), #2188, 'distance_accuracy_value', 'NONE');
#2186 =( NAMED_UNIT ( * ) SI_UNIT ( $, .STERADIAN. ) SOLID_ANGLE_UNIT ( ) );
#2187 =( NAMED_UNIT ( * ) PLANE_ANGLE_UNIT ( ) SI_UNIT ( $, .RADIAN. ) );
#2188 =( LENGTH_UNIT ( ) NAMED_UNIT ( * ) SI_UNIT ( .MILLI., .METRE. ) );
#2189 = MECHANICAL_DESIGN_GEOMETRIC_PRESENTATION_REPRESENTATION (  '', ( #2191 ), #2184 ) ;
#2190 = PRESENTATION_LAYER_ASSIGNMENT (  '', '', ( #2191 ) ) ;
#2191 = STYLED_ITEM ( 'NONE', ( #2192 ), #499 ) ;
#2192 = PRESENTATION_STYLE_ASSIGNMENT (( #2193 ) ) ;
#2193 = SURFACE_STYLE_USAGE ( .BOTH. , #2194 ) ;
#2194 = SURFACE_SIDE_STYLE ('',( #2195 ) ) ;
#2195 = SURFACE_STYLE_FILL_AREA ( #2196 ) ;
#2196 = FILL_AREA_STYLE ('',( #2149 ) ) ;
#2197 = COLOUR_RGB ( '',1.000000000000000000, 1.000000000000000000, 1.000000000000000000 ) ;
#2198 = FACE_OUTER_BOUND ( 'NONE', #500, .T. ) ;
#2199 = DIRECTION ( 'NONE',  ( -0.0000000000000000000, 1.000000000000000000, -0.0000000000000000000 ) ) ;
#2200 = VECTOR ( 'NONE', #2199, 1000.000000000000000 ) ;
#2201 = CARTESIAN_POINT ( 'NONE',  ( -0.8878235403916260300, 3.889999999999999700, -2.630428434128495600 ) ) ;
#2202 = LINE ( 'NONE', #2201, #1983 ) ;
#2203 = DIRECTION ( 'NONE',  ( -0.4132170265578690200, 0.0000000000000000000, 0.9106325762691962500 ) ) ;
#2204 = DIRECTION ( 'NONE',  ( -0.9106325762691962500, 0.0000000000000000000, -0.4132170265578690200 ) ) ;
#2205 = CARTESIAN_POINT ( 'NONE',  ( -0.8878235403916260300, 3.889999999999999700, -2.630428434128495600 ) ) ;
#2206 = AXIS2_PLACEMENT_3D ( 'NONE', #2205, #2204, #2203 ) ;
#2207 = PLANE ( 'NONE',  #2206 ) ;
#2208 =( GEOMETRIC_REPRESENTATION_CONTEXT ( 3 ) GLOBAL_UNCERTAINTY_ASSIGNED_CONTEXT ( ( #2209 ) ) GLOBAL_UNIT_ASSIGNED_CONTEXT ( ( #2212, #2211, #2210 ) ) REPRESENTATION_CONTEXT ( 'NONE', 'WORKASPACE' ) );
#2209 = UNCERTAINTY_MEASURE_WITH_UNIT (LENGTH_MEASURE( 1.000000000000000100E-005 ), #2212, 'distance_accuracy_value', 'NONE');
#2210 =( NAMED_UNIT ( * ) SI_UNIT ( $, .STERADIAN. ) SOLID_ANGLE_UNIT ( ) );
#2211 =( NAMED_UNIT ( * ) PLANE_ANGLE_UNIT ( ) SI_UNIT ( $, .RADIAN. ) );
#2212 =( LENGTH_UNIT ( ) NAMED_UNIT ( * ) SI_UNIT ( .MILLI., .METRE. ) );
#2213 = MECHANICAL_DESIGN_GEOMETRIC_PRESENTATION_REPRESENTATION (  '', ( #2215 ), #2208 ) ;
#2214 = PRESENTATION_LAYER_ASSIGNMENT (  '', '', ( #2215 ) ) ;
#2215 = STYLED_ITEM ( 'NONE', ( #2216 ), #506 ) ;
#2216 = PRESENTATION_STYLE_ASSIGNMENT (( #2217 ) ) ;
#2217 = SURFACE_STYLE_USAGE ( .BOTH. , #2218 ) ;
#2218 = SURFACE_SIDE_STYLE ('',( #2219 ) ) ;
#2219 = SURFACE_STYLE_FILL_AREA ( #2220 ) ;
#2220 = FILL_AREA_STYLE ('',( #2227 ) ) ;
#2221 = COLOUR_RGB ( '',1.000000000000000000, 1.000000000000000000, 1.000000000000000000 ) ;
#2222 = FACE_OUTER_BOUND ( 'NONE', #507, .T. ) ;
#2223 = DIRECTION ( 'NONE',  ( -0.0000000000000000000, 1.000000000000000000, -0.0000000000000000000 ) ) ;
#2224 = VECTOR ( 'NONE', #2223, 1000.000000000000000 ) ;
#2225 = CARTESIAN_POINT ( 'NONE',  ( -0.8878235403916260300, 3.889999999999999700, -2.630428434128495600 ) ) ;
#2226 = LINE ( 'NONE', #2225, #2224 ) ;
#2227 = FILL_AREA_STYLE_COLOUR ( '', #2221 ) ;
#2228 = UNCERTAINTY_MEASURE_WITH_UNIT (LENGTH_MEASURE( 1.000000000000000100E-005 ), #2231, 'distance_accuracy_value', 'NONE');
#2229 =( NAMED_UNIT ( * ) SI_UNIT ( $, .STERADIAN. ) SOLID_ANGLE_UNIT ( ) );
#2230 =( NAMED_UNIT ( * ) PLANE_ANGLE_UNIT ( ) SI_UNIT ( $, .RADIAN. ) );
#2231 =( LENGTH_UNIT ( ) NAMED_UNIT ( * ) SI_UNIT ( .MILLI., .METRE. ) );
#2232 = MECHANICAL_DESIGN_GEOMETRIC_PRESENTATION_REPRESENTATION (  '', ( #2234 ), #2294 ) ;
#2233 = PRESENTATION_LAYER_ASSIGNMENT (  '', '', ( #2234 ) ) ;
#2234 = STYLED_ITEM ( 'NONE', ( #2235 ), #525 ) ;
#2235 = PRESENTATION_STYLE_ASSIGNMENT (( #2236 ) ) ;
#2236 = SURFACE_STYLE_USAGE ( .BOTH. , #2237 ) ;
#2237 = SURFACE_SIDE_STYLE ('',( #2238 ) ) ;
#2238 = SURFACE_STYLE_FILL_AREA ( #2239 ) ;
#2239 = FILL_AREA_STYLE ('',( #2240 ) ) ;
#2240 = FILL_AREA_STYLE_COLOUR ( '', #2241 ) ;
#2241 = COLOUR_RGB ( '',1.000000000000000000, 1.000000000000000000, 1.000000000000000000 ) ;
#2242 = FACE_OUTER_BOUND ( 'NONE', #518, .T. ) ;
#2243 = CARTESIAN_POINT ( 'NONE',  ( 0.03083687697150129200, 3.889999999999999700, 1.785998768647050900 ) ) ;
#2244 = DIRECTION ( 'NONE',  ( -1.000000000000000000, 0.0000000000000000000, 0.0000000000000000000 ) ) ;
#2245 = VECTOR ( 'NONE', #2244, 1000.000000000000000 ) ;
#2246 = CARTESIAN_POINT ( 'NONE',  ( 0.9127690952813604100, 3.899999999999999900, 3.054704754562544100 ) ) ;
#2247 = LINE ( 'NONE', #2246, #2245 ) ;
#2248 = CARTESIAN_POINT ( 'NONE',  ( -0.1551226300707522500, 3.899999999999999900, 1.995065670055501800 ) ) ;
#2249 = DIRECTION ( 'NONE',  ( -0.5662018424294001900, 0.0000000000000000000, -0.8242666277543647700 ) ) ;
#2250 = VECTOR ( 'NONE', #2249, 1000.000000000000100 ) ;
#2251 = CARTESIAN_POINT ( 'NONE',  ( 0.5727602924644589200, 3.899999999999999900, 3.054704754562544100 ) ) ;
#2252 = LINE ( 'NONE', #2251, #2250 ) ;
#2253 = ORIENTED_EDGE ( 'NONE', *, *, #2279, .F. ) ;
#2254 = DIRECTION ( 'NONE',  ( -0.0000000000000000000, 1.000000000000000000, -0.0000000000000000000 ) ) ;
#2255 = VECTOR ( 'NONE', #2254, 1000.000000000000000 ) ;
#2256 = CARTESIAN_POINT ( 'NONE',  ( -1.911151005180358600, 3.889999999999999700, -0.3752567791989179800 ) ) ;
#2257 = LINE ( 'NONE', #2256, #2255 ) ;
#2258 = CARTESIAN_POINT ( 'NONE',  ( -1.911151005180358600, 3.889999999999999700, -0.3752567791989179800 ) ) ;
#2259 = STYLED_ITEM ( 'NONE', ( #2260 ), #540 ) ;
#2260 = PRESENTATION_STYLE_ASSIGNMENT (( #2261 ) ) ;
#2261 = SURFACE_STYLE_USAGE ( .BOTH. , #2262 ) ;
#2262 = SURFACE_SIDE_STYLE ('',( #2263 ) ) ;
#2263 = SURFACE_STYLE_FILL_AREA ( #2264 ) ;
#2264 = FILL_AREA_STYLE ('',( #2271 ) ) ;
#2265 = COLOUR_RGB ( '',1.000000000000000000, 1.000000000000000000, 1.000000000000000000 ) ;
#2266 = FACE_OUTER_BOUND ( 'NONE', #541, .T. ) ;
#2267 = DIRECTION ( 'NONE',  ( -0.0000000000000000000, 1.000000000000000000, -0.0000000000000000000 ) ) ;
#2268 = VECTOR ( 'NONE', #2267, 1000.000000000000000 ) ;
#2269 = CARTESIAN_POINT ( 'NONE',  ( -0.7238710756028941000, 3.889999999999999700, -2.840045511593284600 ) ) ;
#2270 = LINE ( 'NONE', #2269, #2268 ) ;
#2271 = FILL_AREA_STYLE_COLOUR ( '', #2265 ) ;
#2272 = CARTESIAN_POINT ( 'NONE',  ( -0.7238710756028941000, 3.889999999999999700, -2.840045511593284600 ) ) ;
#2273 = DIRECTION ( 'NONE',  ( 0.0000000000000000000, 0.0000000000000000000, -1.000000000000000000 ) ) ;
#2274 = VECTOR ( 'NONE', #2273, 1000.000000000000000 ) ;
#2275 = CARTESIAN_POINT ( 'NONE',  ( -0.7238710756028941000, 3.889999999999999700, -2.558355370748213600 ) ) ;
#2276 = LINE ( 'NONE', #2275, #2274 ) ;
#2277 = DIRECTION ( 'NONE',  ( -0.5648689537908991900, 0.0000000000000000000, 0.8251806257075931000 ) ) ;
#2279 = EDGE_CURVE ( 'NONE', #23, #118, #3526, .T. ) ;
#2278 = VECTOR ( 'NONE', #2277, 1000.000000000000000 ) ;
#2280 = CARTESIAN_POINT ( 'NONE',  ( 0.8737065952813604100, 3.899999999999999900, 0.5547047545625439800 ) ) ;
#2281 = LINE ( 'NONE', #2280, #2278 ) ;
#2282 = CARTESIAN_POINT ( 'NONE',  ( 0.8737065952813604100, 3.899999999999999900, 0.5547047545625439800 ) ) ;
#2283 = CARTESIAN_POINT ( 'NONE',  ( 0.9127690952813604100, 3.899999999999999900, 3.054704754562544100 ) ) ;
#2284 = DIRECTION ( 'NONE',  ( 1.000000000000000000, 0.0000000000000000000, 0.0000000000000000000 ) ) ;
#2285 = VECTOR ( 'NONE', #2284, 1000.000000000000000 ) ;
#2286 = CARTESIAN_POINT ( 'NONE',  ( 0.5375490248588252800, 3.899999999999999900, 0.5547047545625439800 ) ) ;
#2287 = LINE ( 'NONE', #2286, #2285 ) ;
#2288 = CARTESIAN_POINT ( 'NONE',  ( 0.5727602924644589200, 3.899999999999999900, 3.054704754562544100 ) ) ;
#2289 = DIRECTION ( 'NONE',  ( -1.000000000000000000, 0.0000000000000000000, 0.0000000000000000000 ) ) ;
#2290 = DIRECTION ( 'NONE',  ( -0.0000000000000000000, 0.0000000000000000000, -1.000000000000000000 ) ) ;
#2291 = CARTESIAN_POINT ( 'NONE',  ( 2.019306741298514400, 3.889999999999999700, -2.558355370748213600 ) ) ;
#2292 = AXIS2_PLACEMENT_3D ( 'NONE', #2291, #2290, #2289 ) ;
#2293 = PLANE ( 'NONE',  #2292 ) ;
#2294 =( GEOMETRIC_REPRESENTATION_CONTEXT ( 3 ) GLOBAL_UNCERTAINTY_ASSIGNED_CONTEXT ( ( #2228 ) ) GLOBAL_UNIT_ASSIGNED_CONTEXT ( ( #2231, #2230, #2229 ) ) REPRESENTATION_CONTEXT ( 'NONE', 'WORKASPACE' ) );
#2295 =( NAMED_UNIT ( * ) PLANE_ANGLE_UNIT ( ) SI_UNIT ( $, .RADIAN. ) );
#2296 =( LENGTH_UNIT ( ) NAMED_UNIT ( * ) SI_UNIT ( .MILLI., .METRE. ) );
#2297 = MECHANICAL_DESIGN_GEOMETRIC_PRESENTATION_REPRESENTATION (  '', ( #2299 ), #2345 ) ;
#2298 = PRESENTATION_LAYER_ASSIGNMENT (  '', '', ( #2299 ) ) ;
#2299 = STYLED_ITEM ( 'NONE', ( #2300 ), #546 ) ;
#2300 = PRESENTATION_STYLE_ASSIGNMENT (( #2301 ) ) ;
#2301 = SURFACE_STYLE_USAGE ( .BOTH. , #2302 ) ;
#2302 = SURFACE_SIDE_STYLE ('',( #2303 ) ) ;
#2303 = SURFACE_STYLE_FILL_AREA ( #2304 ) ;
#2304 = FILL_AREA_STYLE ('',( #2305 ) ) ;
#2305 = FILL_AREA_STYLE_COLOUR ( '', #2306 ) ;
#2306 = COLOUR_RGB ( '',1.000000000000000000, 1.000000000000000000, 1.000000000000000000 ) ;
#2307 = FACE_OUTER_BOUND ( 'NONE', #547, .T. ) ;
#2308 = CARTESIAN_POINT ( 'NONE',  ( 0.7318947694675286300, 3.889999999999999700, -2.840045511593284600 ) ) ;
#2309 = DIRECTION ( 'NONE',  ( 1.000000000000000000, 0.0000000000000000000, 0.0000000000000000000 ) ) ;
#2310 = DIRECTION ( 'NONE',  ( -0.0000000000000000000, 0.0000000000000000000, 1.000000000000000000 ) ) ;
#2311 = CARTESIAN_POINT ( 'NONE',  ( -0.7238710756028941000, 3.889999999999999700, -2.840045511593284600 ) ) ;
#2312 = AXIS2_PLACEMENT_3D ( 'NONE', #2311, #2310, #2309 ) ;
#2313 = PLANE ( 'NONE',  #2312 ) ;
#2314 =( GEOMETRIC_REPRESENTATION_CONTEXT ( 3 ) GLOBAL_UNCERTAINTY_ASSIGNED_CONTEXT ( ( #2315 ) ) GLOBAL_UNIT_ASSIGNED_CONTEXT ( ( #2318, #2317, #2316 ) ) REPRESENTATION_CONTEXT ( 'NONE', 'WORKASPACE' ) );
#2315 = UNCERTAINTY_MEASURE_WITH_UNIT (LENGTH_MEASURE( 1.000000000000000100E-005 ), #2318, 'distance_accuracy_value', 'NONE');
#2316 =( NAMED_UNIT ( * ) SI_UNIT ( $, .STERADIAN. ) SOLID_ANGLE_UNIT ( ) );
#2317 =( NAMED_UNIT ( * ) PLANE_ANGLE_UNIT ( ) SI_UNIT ( $, .RADIAN. ) );
#2318 =( LENGTH_UNIT ( ) NAMED_UNIT ( * ) SI_UNIT ( .MILLI., .METRE. ) );
#2319 = MECHANICAL_DESIGN_GEOMETRIC_PRESENTATION_REPRESENTATION (  '', ( #2259 ), #2314 ) ;
#2320 = PRESENTATION_LAYER_ASSIGNMENT (  '', '', ( #2259 ) ) ;
#2321 = SURFACE_STYLE_FILL_AREA ( #2322 ) ;
#2322 = FILL_AREA_STYLE ('',( #2329 ) ) ;
#2323 = COLOUR_RGB ( '',1.000000000000000000, 1.000000000000000000, 1.000000000000000000 ) ;
#2324 = FACE_OUTER_BOUND ( 'NONE', #558, .T. ) ;
#2325 = DIRECTION ( 'NONE',  ( -0.0000000000000000000, 1.000000000000000000, -0.0000000000000000000 ) ) ;
#2326 = VECTOR ( 'NONE', #2325, 1000.000000000000000 ) ;
#2327 = CARTESIAN_POINT ( 'NONE',  ( -0.7238710756028941000, 3.889999999999999700, -2.558355370748213600 ) ) ;
#2328 = LINE ( 'NONE', #2327, #2326 ) ;
#2329 = FILL_AREA_STYLE_COLOUR ( '', #2323 ) ;
#2330 = CARTESIAN_POINT ( 'NONE',  ( -0.7238710756028941000, 3.889999999999999700, -2.558355370748213600 ) ) ;
#2331 = DIRECTION ( 'NONE',  ( -1.000000000000000000, 0.0000000000000000000, 0.0000000000000000000 ) ) ;
#2332 = VECTOR ( 'NONE', #2331, 1000.000000000000000 ) ;
#2333 = CARTESIAN_POINT ( 'NONE',  ( 0.3995884314393594600, 3.889999999999999700, -2.558355370748213600 ) ) ;
#2334 = LINE ( 'NONE', #2333, #2332 ) ;
#2335 = CARTESIAN_POINT ( 'NONE',  ( 0.3995884314393594600, 3.889999999999999700, -2.558355370748213600 ) ) ;
#2336 = DIRECTION ( 'NONE',  ( -0.0000000000000000000, 1.000000000000000000, -0.0000000000000000000 ) ) ;
#2337 = VECTOR ( 'NONE', #2336, 1000.000000000000000 ) ;
#2338 = CARTESIAN_POINT ( 'NONE',  ( 0.3995884314393594600, 3.889999999999999700, -2.558355370748213600 ) ) ;
#2339 = LINE ( 'NONE', #2338, #2337 ) ;
#2340 = DIRECTION ( 'NONE',  ( -1.000000000000000000, 0.0000000000000000000, 0.0000000000000000000 ) ) ;
#2341 = DIRECTION ( 'NONE',  ( -0.0000000000000000000, 0.0000000000000000000, -1.000000000000000000 ) ) ;
#2342 = CARTESIAN_POINT ( 'NONE',  ( 0.3995884314393594600, 3.889999999999999700, -2.558355370748213600 ) ) ;
#2343 = AXIS2_PLACEMENT_3D ( 'NONE', #2342, #2341, #2340 ) ;
#2344 = PLANE ( 'NONE',  #2343 ) ;
#2345 =( GEOMETRIC_REPRESENTATION_CONTEXT ( 3 ) GLOBAL_UNCERTAINTY_ASSIGNED_CONTEXT ( ( #2346 ) ) GLOBAL_UNIT_ASSIGNED_CONTEXT ( ( #2296, #2295, #2347 ) ) REPRESENTATION_CONTEXT ( 'NONE', 'WORKASPACE' ) );
#2346 = UNCERTAINTY_MEASURE_WITH_UNIT (LENGTH_MEASURE( 1.000000000000000100E-005 ), #2296, 'distance_accuracy_value', 'NONE');
#2347 =( NAMED_UNIT ( * ) SI_UNIT ( $, .STERADIAN. ) SOLID_ANGLE_UNIT ( ) );
#2348 = MECHANICAL_DESIGN_GEOMETRIC_PRESENTATION_REPRESENTATION (  '', ( #2350 ), #2400 ) ;
#2349 = PRESENTATION_LAYER_ASSIGNMENT (  '', '', ( #2350 ) ) ;
#2350 = STYLED_ITEM ( 'NONE', ( #2351 ), #563 ) ;
#2351 = PRESENTATION_STYLE_ASSIGNMENT (( #2352 ) ) ;
#2352 = SURFACE_STYLE_USAGE ( .BOTH. , #2353 ) ;
#2353 = SURFACE_SIDE_STYLE ('',( #2354 ) ) ;
#2354 = SURFACE_STYLE_FILL_AREA ( #2355 ) ;
#2355 = FILL_AREA_STYLE ('',( #2362 ) ) ;
#2356 = COLOUR_RGB ( '',1.000000000000000000, 1.000000000000000000, 1.000000000000000000 ) ;
#2357 = FACE_OUTER_BOUND ( 'NONE', #564, .T. ) ;
#2358 = DIRECTION ( 'NONE',  ( 0.4136819341461172600, 0.0000000000000000000, -0.9104214723748158500 ) ) ;
#2359 = VECTOR ( 'NONE', #2358, 1000.000000000000000 ) ;
#2360 = CARTESIAN_POINT ( 'NONE',  ( -2.212097307997260100, 3.889999999999999700, -0.3752567791989179800 ) ) ;
#2361 = LINE ( 'NONE', #2360, #2359 ) ;
#2362 = FILL_AREA_STYLE_COLOUR ( '', #2356 ) ;
#2363 = DIRECTION ( 'NONE',  ( 0.0000000000000000000, 0.0000000000000000000, -1.000000000000000000 ) ) ;
#2364 = DIRECTION ( 'NONE',  ( 1.000000000000000000, 0.0000000000000000000, 0.0000000000000000000 ) ) ;
#2365 = CARTESIAN_POINT ( 'NONE',  ( -0.7238710756028941000, 3.889999999999999700, -2.558355370748213600 ) ) ;
#2366 = AXIS2_PLACEMENT_3D ( 'NONE', #2365, #2364, #2363 ) ;
#2367 = PLANE ( 'NONE',  #2366 ) ;
#2368 =( GEOMETRIC_REPRESENTATION_CONTEXT ( 3 ) GLOBAL_UNCERTAINTY_ASSIGNED_CONTEXT ( ( #2369 ) ) GLOBAL_UNIT_ASSIGNED_CONTEXT ( ( #2372, #2371, #2370 ) ) REPRESENTATION_CONTEXT ( 'NONE', 'WORKASPACE' ) );
#2369 = UNCERTAINTY_MEASURE_WITH_UNIT (LENGTH_MEASURE( 1.000000000000000100E-005 ), #2372, 'distance_accuracy_value', 'NONE');
#2370 =( NAMED_UNIT ( * ) SI_UNIT ( $, .STERADIAN. ) SOLID_ANGLE_UNIT ( ) );
#2371 =( NAMED_UNIT ( * ) PLANE_ANGLE_UNIT ( ) SI_UNIT ( $, .RADIAN. ) );
#2372 =( LENGTH_UNIT ( ) NAMED_UNIT ( * ) SI_UNIT ( .MILLI., .METRE. ) );
#2373 = MECHANICAL_DESIGN_GEOMETRIC_PRESENTATION_REPRESENTATION (  '', ( #2375 ), #2368 ) ;
#2374 = PRESENTATION_LAYER_ASSIGNMENT (  '', '', ( #2375 ) ) ;
#2375 = STYLED_ITEM ( 'NONE', ( #2376 ), #557 ) ;
#2376 = PRESENTATION_STYLE_ASSIGNMENT (( #2377 ) ) ;
#2377 = SURFACE_STYLE_USAGE ( .BOTH. , #2378 ) ;
#2378 = SURFACE_SIDE_STYLE ('',( #2321 ) ) ;
#2379 = SURFACE_SIDE_STYLE ('',( #2380 ) ) ;
#2380 = SURFACE_STYLE_FILL_AREA ( #2381 ) ;
#2381 = FILL_AREA_STYLE ('',( #2388 ) ) ;
#2382 = COLOUR_RGB ( '',1.000000000000000000, 1.000000000000000000, 1.000000000000000000 ) ;
#2383 = FACE_OUTER_BOUND ( 'NONE', #578, .T. ) ;
#2384 = DIRECTION ( 'NONE',  ( -0.0000000000000000000, 1.000000000000000000, -0.0000000000000000000 ) ) ;
#2385 = VECTOR ( 'NONE', #2384, 1000.000000000000000 ) ;
#2386 = CARTESIAN_POINT ( 'NONE',  ( -0.5923789981381053500, 3.889999999999999700, -0.3752567791989179800 ) ) ;
#2387 = LINE ( 'NONE', #2386, #2385 ) ;
#2388 = FILL_AREA_STYLE_COLOUR ( '', #2382 ) ;
#2389 = CARTESIAN_POINT ( 'NONE',  ( -0.5923789981381053500, 3.889999999999999700, -0.3752567791989179800 ) ) ;
#2390 = DIRECTION ( 'NONE',  ( -1.000000000000000000, 0.0000000000000000000, 0.0000000000000000000 ) ) ;
#2391 = VECTOR ( 'NONE', #2390, 1000.000000000000000 ) ;
#2392 = CARTESIAN_POINT ( 'NONE',  ( -0.2914326953212039200, 3.889999999999999700, -0.3752567791989179800 ) ) ;
#2393 = LINE ( 'NONE', #2392, #2391 ) ;
#2394 = CARTESIAN_POINT ( 'NONE',  ( 0.8958472342562610000, 3.889999999999999700, -2.840045511593284600 ) ) ;
#2395 = DIRECTION ( 'NONE',  ( 0.0000000000000000000, 0.0000000000000000000, -1.000000000000000000 ) ) ;
#2396 = DIRECTION ( 'NONE',  ( 0.0000000000000000000, -1.000000000000000000, -0.0000000000000000000 ) ) ;
#2397 = CARTESIAN_POINT ( 'NONE',  ( -2.343589385462048600, 3.889999999999999700, -2.558355370748213600 ) ) ;
#2398 = AXIS2_PLACEMENT_3D ( 'NONE', #2397, #2396, #2395 ) ;
#2399 = PLANE ( 'NONE',  #2398 ) ;
#2400 =( GEOMETRIC_REPRESENTATION_CONTEXT ( 3 ) GLOBAL_UNCERTAINTY_ASSIGNED_CONTEXT ( ( #2401 ) ) GLOBAL_UNIT_ASSIGNED_CONTEXT ( ( #2404, #2403, #2402 ) ) REPRESENTATION_CONTEXT ( 'NONE', 'WORKASPACE' ) );
#2401 = UNCERTAINTY_MEASURE_WITH_UNIT (LENGTH_MEASURE( 1.000000000000000100E-005 ), #2404, 'distance_accuracy_value', 'NONE');
#2402 =( NAMED_UNIT ( * ) SI_UNIT ( $, .STERADIAN. ) SOLID_ANGLE_UNIT ( ) );
#2403 =( NAMED_UNIT ( * ) PLANE_ANGLE_UNIT ( ) SI_UNIT ( $, .RADIAN. ) );
#2404 =( LENGTH_UNIT ( ) NAMED_UNIT ( * ) SI_UNIT ( .MILLI., .METRE. ) );
#2405 = PRESENTATION_LAYER_ASSIGNMENT (  '', '', ( #2406 ) ) ;
#2406 = STYLED_ITEM ( 'NONE', ( #2407 ), #584 ) ;
#2407 = PRESENTATION_STYLE_ASSIGNMENT (( #2408 ) ) ;
#2408 = SURFACE_STYLE_USAGE ( .BOTH. , #2409 ) ;
#2409 = SURFACE_SIDE_STYLE ('',( #2410 ) ) ;
#2410 = SURFACE_STYLE_FILL_AREA ( #2411 ) ;
#2411 = FILL_AREA_STYLE ('',( #2418 ) ) ;
#2412 = COLOUR_RGB ( '',1.000000000000000000, 1.000000000000000000, 1.000000000000000000 ) ;
#2413 = FACE_OUTER_BOUND ( 'NONE', #3785, .T. ) ;
#2414 = DIRECTION ( 'NONE',  ( 0.4136819341461172000, 0.0000000000000000000, -0.9104214723748158500 ) ) ;
#2415 = VECTOR ( 'NONE', #2414, 1000.000000000000000 ) ;
#2416 = CARTESIAN_POINT ( 'NONE',  ( -0.5923789981381053500, 3.889999999999999700, -0.3752567791989179800 ) ) ;
#2417 = LINE ( 'NONE', #2416, #2415 ) ;
#2418 = FILL_AREA_STYLE_COLOUR ( '', #2412 ) ;
#2419 = DIRECTION ( 'NONE',  ( 0.4136819341461172600, 0.0000000000000000000, -0.9104214723748158500 ) ) ;
#2420 = DIRECTION ( 'NONE',  ( 0.9104214723748158500, 0.0000000000000000000, 0.4136819341461172600 ) ) ;
#2421 = CARTESIAN_POINT ( 'NONE',  ( -0.5923789981381053500, 3.889999999999999700, -0.3752567791989179800 ) ) ;
#2422 = AXIS2_PLACEMENT_3D ( 'NONE', #2421, #2420, #2419 ) ;
#2423 = PLANE ( 'NONE',  #2422 ) ;
#2424 =( GEOMETRIC_REPRESENTATION_CONTEXT ( 3 ) GLOBAL_UNCERTAINTY_ASSIGNED_CONTEXT ( ( #2425 ) ) GLOBAL_UNIT_ASSIGNED_CONTEXT ( ( #2428, #2427, #2426 ) ) REPRESENTATION_CONTEXT ( 'NONE', 'WORKASPACE' ) );
#2425 = UNCERTAINTY_MEASURE_WITH_UNIT (LENGTH_MEASURE( 1.000000000000000100E-005 ), #2428, 'distance_accuracy_value', 'NONE');
#2426 =( NAMED_UNIT ( * ) SI_UNIT ( $, .STERADIAN. ) SOLID_ANGLE_UNIT ( ) );
#2427 =( NAMED_UNIT ( * ) PLANE_ANGLE_UNIT ( ) SI_UNIT ( $, .RADIAN. ) );
#2428 =( LENGTH_UNIT ( ) NAMED_UNIT ( * ) SI_UNIT ( .MILLI., .METRE. ) );
#2429 = MECHANICAL_DESIGN_GEOMETRIC_PRESENTATION_REPRESENTATION (  '', ( #2431 ), #2424 ) ;
#2430 = PRESENTATION_LAYER_ASSIGNMENT (  '', '', ( #2431 ) ) ;
#2431 = STYLED_ITEM ( 'NONE', ( #2432 ), #577 ) ;
#2432 = PRESENTATION_STYLE_ASSIGNMENT (( #2433 ) ) ;
#2433 = SURFACE_STYLE_USAGE ( .BOTH. , #2379 ) ;
#2434 =( LENGTH_UNIT ( ) NAMED_UNIT ( * ) SI_UNIT ( .MILLI., .METRE. ) );
#2435 = MECHANICAL_DESIGN_GEOMETRIC_PRESENTATION_REPRESENTATION (  '', ( #2437 ), #2487 ) ;
#2436 = PRESENTATION_LAYER_ASSIGNMENT (  '', '', ( #2437 ) ) ;
#2437 = STYLED_ITEM ( 'NONE', ( #2438 ), #586 ) ;
#2438 = PRESENTATION_STYLE_ASSIGNMENT (( #2439 ) ) ;
#2439 = SURFACE_STYLE_USAGE ( .BOTH. , #2440 ) ;
#2440 = SURFACE_SIDE_STYLE ('',( #2441 ) ) ;
#2441 = SURFACE_STYLE_FILL_AREA ( #2442 ) ;
#2442 = FILL_AREA_STYLE ('',( #2449 ) ) ;
#2443 = COLOUR_RGB ( '',1.000000000000000000, 1.000000000000000000, 1.000000000000000000 ) ;
#2444 = FACE_OUTER_BOUND ( 'NONE', #532, .T. ) ;
#2445 = DIRECTION ( 'NONE',  ( -0.5648689537908991900, 0.0000000000000000000, 0.8251806257075931000 ) ) ;
#2446 = VECTOR ( 'NONE', #2445, 1000.000000000000000 ) ;
#2447 = CARTESIAN_POINT ( 'NONE',  ( 0.8737065952813604100, 3.889999999999999700, 0.5547047545625439800 ) ) ;
#2448 = LINE ( 'NONE', #2447, #2446 ) ;
#2449 = FILL_AREA_STYLE_COLOUR ( '', #2443 ) ;
#2450 = DIRECTION ( 'NONE',  ( 0.0000000000000000000, 0.0000000000000000000, -1.000000000000000000 ) ) ;
#2451 = DIRECTION ( 'NONE',  ( 0.0000000000000000000, -1.000000000000000000, -0.0000000000000000000 ) ) ;
#2452 = CARTESIAN_POINT ( 'NONE',  ( -0.7238710756028941000, 3.889999999999999700, -2.558355370748213600 ) ) ;
#2453 = AXIS2_PLACEMENT_3D ( 'NONE', #2452, #2451, #2450 ) ;
#2454 = PLANE ( 'NONE',  #2453 ) ;
#2455 =( GEOMETRIC_REPRESENTATION_CONTEXT ( 3 ) GLOBAL_UNCERTAINTY_ASSIGNED_CONTEXT ( ( #2456 ) ) GLOBAL_UNIT_ASSIGNED_CONTEXT ( ( #2459, #2458, #2457 ) ) REPRESENTATION_CONTEXT ( 'NONE', 'WORKASPACE' ) );
#2456 = UNCERTAINTY_MEASURE_WITH_UNIT (LENGTH_MEASURE( 1.000000000000000100E-005 ), #2459, 'distance_accuracy_value', 'NONE');
#2457 =( NAMED_UNIT ( * ) SI_UNIT ( $, .STERADIAN. ) SOLID_ANGLE_UNIT ( ) );
#2458 =( NAMED_UNIT ( * ) PLANE_ANGLE_UNIT ( ) SI_UNIT ( $, .RADIAN. ) );
#2459 =( LENGTH_UNIT ( ) NAMED_UNIT ( * ) SI_UNIT ( .MILLI., .METRE. ) );
#2460 = MECHANICAL_DESIGN_GEOMETRIC_PRESENTATION_REPRESENTATION (  '', ( #2406 ), #2455 ) ;
#2461 =( LENGTH_UNIT ( ) NAMED_UNIT ( * ) SI_UNIT ( .MILLI., .METRE. ) );
#2462 = MECHANICAL_DESIGN_GEOMETRIC_PRESENTATION_REPRESENTATION (  '', ( #2464 ), #2514 ) ;
#2463 = PRESENTATION_LAYER_ASSIGNMENT (  '', '', ( #2464 ) ) ;
#2464 = STYLED_ITEM ( 'NONE', ( #2465 ), #594 ) ;
#2465 = PRESENTATION_STYLE_ASSIGNMENT (( #2466 ) ) ;
#2466 = SURFACE_STYLE_USAGE ( .BOTH. , #2467 ) ;
#2467 = SURFACE_SIDE_STYLE ('',( #2468 ) ) ;
#2468 = SURFACE_STYLE_FILL_AREA ( #2469 ) ;
#2469 = FILL_AREA_STYLE ('',( #2476 ) ) ;
#2470 = COLOUR_RGB ( '',1.000000000000000000, 1.000000000000000000, 1.000000000000000000 ) ;
#2471 = FACE_OUTER_BOUND ( 'NONE', #595, .T. ) ;
#2472 = DIRECTION ( 'NONE',  ( -0.0000000000000000000, 1.000000000000000000, -0.0000000000000000000 ) ) ;
#2473 = VECTOR ( 'NONE', #2472, 1000.000000000000000 ) ;
#2474 = CARTESIAN_POINT ( 'NONE',  ( -0.2914326953212039200, 3.889999999999999700, -0.3752567791989179800 ) ) ;
#2475 = LINE ( 'NONE', #2474, #2473 ) ;
#2476 = FILL_AREA_STYLE_COLOUR ( '', #2470 ) ;
#2477 = CARTESIAN_POINT ( 'NONE',  ( -0.2914326953212039200, 3.889999999999999700, -0.3752567791989179800 ) ) ;
#2478 = DIRECTION ( 'NONE',  ( -0.4132170265578690200, 0.0000000000000000000, 0.9106325762691962500 ) ) ;
#2479 = VECTOR ( 'NONE', #2478, 1000.000000000000000 ) ;
#2480 = CARTESIAN_POINT ( 'NONE',  ( 0.7318947694675286300, 3.889999999999999700, -2.630428434128495600 ) ) ;
#2481 = LINE ( 'NONE', #2480, #2479 ) ;
#2482 = DIRECTION ( 'NONE',  ( -0.4132170265578690200, 0.0000000000000000000, 0.9106325762691962500 ) ) ;
#2483 = DIRECTION ( 'NONE',  ( -0.9106325762691962500, 0.0000000000000000000, -0.4132170265578690200 ) ) ;
#2484 = CARTESIAN_POINT ( 'NONE',  ( 0.7318947694675286300, 3.889999999999999700, -2.630428434128495600 ) ) ;
#2485 = AXIS2_PLACEMENT_3D ( 'NONE', #2484, #2483, #2482 ) ;
#2486 = PLANE ( 'NONE',  #2485 ) ;
#2487 =( GEOMETRIC_REPRESENTATION_CONTEXT ( 3 ) GLOBAL_UNCERTAINTY_ASSIGNED_CONTEXT ( ( #2488 ) ) GLOBAL_UNIT_ASSIGNED_CONTEXT ( ( #2434, #172, #2489 ) ) REPRESENTATION_CONTEXT ( 'NONE', 'WORKASPACE' ) );
#2488 = UNCERTAINTY_MEASURE_WITH_UNIT (LENGTH_MEASURE( 1.000000000000000100E-005 ), #2434, 'distance_accuracy_value', 'NONE');
#2489 =( NAMED_UNIT ( * ) SI_UNIT ( $, .STERADIAN. ) SOLID_ANGLE_UNIT ( ) );
#2490 = MECHANICAL_DESIGN_GEOMETRIC_PRESENTATION_REPRESENTATION (  '', ( #2492 ), #2542 ) ;
#2491 = PRESENTATION_LAYER_ASSIGNMENT (  '', '', ( #2492 ) ) ;
#2492 = STYLED_ITEM ( 'NONE', ( #2493 ), #602 ) ;
#2493 = PRESENTATION_STYLE_ASSIGNMENT (( #2494 ) ) ;
#2494 = SURFACE_STYLE_USAGE ( .BOTH. , #2495 ) ;
#2495 = SURFACE_SIDE_STYLE ('',( #2496 ) ) ;
#2496 = SURFACE_STYLE_FILL_AREA ( #2497 ) ;
#2497 = FILL_AREA_STYLE ('',( #2503 ) ) ;
#2498 = COLOUR_RGB ( '',1.000000000000000000, 1.000000000000000000, 1.000000000000000000 ) ;
#2499 = FACE_OUTER_BOUND ( 'NONE', #603, .T. ) ;
#2500 = DIRECTION ( 'NONE',  ( -0.0000000000000000000, 1.000000000000000000, -0.0000000000000000000 ) ) ;
#2501 = VECTOR ( 'NONE', #2500, 1000.000000000000000 ) ;
#2502 = CARTESIAN_POINT ( 'NONE',  ( 0.7318947694675286300, 3.889999999999999700, -2.840045511593284600 ) ) ;
#2503 = FILL_AREA_STYLE_COLOUR ( '', #2498 ) ;
#2504 = LINE ( 'NONE', #2502, #2501 ) ;
#2505 = DIRECTION ( 'NONE',  ( 1.000000000000000000, 0.0000000000000000000, 0.0000000000000000000 ) ) ;
#2506 = VECTOR ( 'NONE', #2505, 1000.000000000000000 ) ;
#2507 = CARTESIAN_POINT ( 'NONE',  ( -0.7238710756028941000, 3.889999999999999700, -2.840045511593284600 ) ) ;
#2508 = LINE ( 'NONE', #2507, #2506 ) ;
#2509 = DIRECTION ( 'NONE',  ( -1.000000000000000000, 0.0000000000000000000, 0.0000000000000000000 ) ) ;
#2510 = DIRECTION ( 'NONE',  ( -0.0000000000000000000, 0.0000000000000000000, -1.000000000000000000 ) ) ;
#2511 = CARTESIAN_POINT ( 'NONE',  ( -0.2914326953212039200, 3.889999999999999700, -0.3752567791989179800 ) ) ;
#2512 = AXIS2_PLACEMENT_3D ( 'NONE', #2511, #2510, #2509 ) ;
#2513 = PLANE ( 'NONE',  #2512 ) ;
#2514 =( GEOMETRIC_REPRESENTATION_CONTEXT ( 3 ) GLOBAL_UNCERTAINTY_ASSIGNED_CONTEXT ( ( #2515 ) ) GLOBAL_UNIT_ASSIGNED_CONTEXT ( ( #2461, #2517, #2516 ) ) REPRESENTATION_CONTEXT ( 'NONE', 'WORKASPACE' ) );
#2515 = UNCERTAINTY_MEASURE_WITH_UNIT (LENGTH_MEASURE( 1.000000000000000100E-005 ), #2461, 'distance_accuracy_value', 'NONE');
#2516 =( NAMED_UNIT ( * ) SI_UNIT ( $, .STERADIAN. ) SOLID_ANGLE_UNIT ( ) );
#2517 =( NAMED_UNIT ( * ) PLANE_ANGLE_UNIT ( ) SI_UNIT ( $, .RADIAN. ) );
#2518 = PRESENTATION_LAYER_ASSIGNMENT (  '', '', ( #2519 ) ) ;
#2519 = STYLED_ITEM ( 'NONE', ( #2520 ), #611 ) ;
#2520 = PRESENTATION_STYLE_ASSIGNMENT (( #2521 ) ) ;
#2521 = SURFACE_STYLE_USAGE ( .BOTH. , #2522 ) ;
#2522 = SURFACE_SIDE_STYLE ('',( #2523 ) ) ;
#2523 = SURFACE_STYLE_FILL_AREA ( #2524 ) ;
#2524 = FILL_AREA_STYLE ('',( #2531 ) ) ;
#2525 = COLOUR_RGB ( '',1.000000000000000000, 1.000000000000000000, 1.000000000000000000 ) ;
#2526 = FACE_OUTER_BOUND ( 'NONE', #666, .T. ) ;
#2527 = DIRECTION ( 'NONE',  ( -0.0000000000000000000, 1.000000000000000000, -0.0000000000000000000 ) ) ;
#2528 = VECTOR ( 'NONE', #2527, 1000.000000000000000 ) ;
#2529 = CARTESIAN_POINT ( 'NONE',  ( 0.7318947694675286300, 3.889999999999999700, -2.630428434128495600 ) ) ;
#2530 = LINE ( 'NONE', #2529, #2528 ) ;
#2531 = FILL_AREA_STYLE_COLOUR ( '', #2525 ) ;
#2532 = CARTESIAN_POINT ( 'NONE',  ( 0.7318947694675286300, 3.889999999999999700, -2.630428434128495600 ) ) ;
#2533 = DIRECTION ( 'NONE',  ( 0.0000000000000000000, 0.0000000000000000000, 1.000000000000000000 ) ) ;
#2534 = VECTOR ( 'NONE', #2533, 1000.000000000000000 ) ;
#2535 = CARTESIAN_POINT ( 'NONE',  ( 0.7318947694675286300, 3.889999999999999700, -2.840045511593284600 ) ) ;
#2536 = LINE ( 'NONE', #2535, #2534 ) ;
#2537 = DIRECTION ( 'NONE',  ( 0.0000000000000000000, 0.0000000000000000000, 1.000000000000000000 ) ) ;
#2538 = DIRECTION ( 'NONE',  ( -1.000000000000000000, 0.0000000000000000000, 0.0000000000000000000 ) ) ;
#2539 = CARTESIAN_POINT ( 'NONE',  ( 0.7318947694675286300, 3.889999999999999700, -2.840045511593284600 ) ) ;
#2540 = AXIS2_PLACEMENT_3D ( 'NONE', #2539, #2538, #2537 ) ;
#2541 = PLANE ( 'NONE',  #2540 ) ;
#2542 =( GEOMETRIC_REPRESENTATION_CONTEXT ( 3 ) GLOBAL_UNCERTAINTY_ASSIGNED_CONTEXT ( ( #2543 ) ) GLOBAL_UNIT_ASSIGNED_CONTEXT ( ( #2546, #2545, #2544 ) ) REPRESENTATION_CONTEXT ( 'NONE', 'WORKASPACE' ) );
#2543 = UNCERTAINTY_MEASURE_WITH_UNIT (LENGTH_MEASURE( 1.000000000000000100E-005 ), #2546, 'distance_accuracy_value', 'NONE');
#2544 =( NAMED_UNIT ( * ) SI_UNIT ( $, .STERADIAN. ) SOLID_ANGLE_UNIT ( ) );
#2545 =( NAMED_UNIT ( * ) PLANE_ANGLE_UNIT ( ) SI_UNIT ( $, .RADIAN. ) );
#2546 =( LENGTH_UNIT ( ) NAMED_UNIT ( * ) SI_UNIT ( .MILLI., .METRE. ) );
#2547 = SURFACE_SIDE_STYLE ('',( #2548 ) ) ;
#2548 = SURFACE_STYLE_FILL_AREA ( #2549 ) ;
#2549 = FILL_AREA_STYLE ('',( #2556 ) ) ;
#2550 = COLOUR_RGB ( '',1.000000000000000000, 1.000000000000000000, 1.000000000000000000 ) ;
#2551 = FACE_OUTER_BOUND ( 'NONE', #620, .T. ) ;
#2552 = DIRECTION ( 'NONE',  ( -0.0000000000000000000, 1.000000000000000000, -0.0000000000000000000 ) ) ;
#2553 = VECTOR ( 'NONE', #2552, 1000.000000000000000 ) ;
#2554 = CARTESIAN_POINT ( 'NONE',  ( 2.351613079326683800, 3.889999999999999700, -2.630428434128495600 ) ) ;
#2555 = LINE ( 'NONE', #2554, #2553 ) ;
#2556 = FILL_AREA_STYLE_COLOUR ( '', #2550 ) ;
#2557 = CARTESIAN_POINT ( 'NONE',  ( 2.351613079326683800, 3.889999999999999700, -2.630428434128495600 ) ) ;
#2558 = DIRECTION ( 'NONE',  ( 0.0000000000000000000, 0.0000000000000000000, 1.000000000000000000 ) ) ;
#2559 = VECTOR ( 'NONE', #2558, 1000.000000000000000 ) ;
#2560 = CARTESIAN_POINT ( 'NONE',  ( 2.351613079326683800, 3.889999999999999700, -2.840045511593284600 ) ) ;
#2561 = LINE ( 'NONE', #2560, #2559 ) ;
#2562 = DIRECTION ( 'NONE',  ( 0.4136819341461172600, 0.0000000000000000000, -0.9104214723748158500 ) ) ;
#2563 = DIRECTION ( 'NONE',  ( 0.9104214723748158500, 0.0000000000000000000, 0.4136819341461172600 ) ) ;
#2564 = CARTESIAN_POINT ( 'NONE',  ( 1.027339311721049600, 3.889999999999999700, -0.3752567791989179800 ) ) ;
#2565 = AXIS2_PLACEMENT_3D ( 'NONE', #2564, #2563, #2562 ) ;
#2566 = PLANE ( 'NONE',  #2565 ) ;
#2567 =( GEOMETRIC_REPRESENTATION_CONTEXT ( 3 ) GLOBAL_UNCERTAINTY_ASSIGNED_CONTEXT ( ( #2568 ) ) GLOBAL_UNIT_ASSIGNED_CONTEXT ( ( #2571, #2570, #2569 ) ) REPRESENTATION_CONTEXT ( 'NONE', 'WORKASPACE' ) );
#2568 = UNCERTAINTY_MEASURE_WITH_UNIT (LENGTH_MEASURE( 1.000000000000000100E-005 ), #2571, 'distance_accuracy_value', 'NONE');
#2569 =( NAMED_UNIT ( * ) SI_UNIT ( $, .STERADIAN. ) SOLID_ANGLE_UNIT ( ) );
#2570 =( NAMED_UNIT ( * ) PLANE_ANGLE_UNIT ( ) SI_UNIT ( $, .RADIAN. ) );
#2571 =( LENGTH_UNIT ( ) NAMED_UNIT ( * ) SI_UNIT ( .MILLI., .METRE. ) );
#2572 = MECHANICAL_DESIGN_GEOMETRIC_PRESENTATION_REPRESENTATION (  '', ( #2519 ), #2567 ) ;
#2573 = FILL_AREA_STYLE_COLOUR ( '', #2574 ) ;
#2574 = COLOUR_RGB ( '',1.000000000000000000, 1.000000000000000000, 1.000000000000000000 ) ;
#2575 = FACE_OUTER_BOUND ( 'NONE', #628, .T. ) ;
#2576 = DIRECTION ( 'NONE',  ( -0.0000000000000000000, 1.000000000000000000, -0.0000000000000000000 ) ) ;
#2577 = VECTOR ( 'NONE', #2576, 1000.000000000000000 ) ;
#2578 = CARTESIAN_POINT ( 'NONE',  ( 0.8958472342562610000, 3.889999999999999700, -2.840045511593284600 ) ) ;
#2579 = FILL_AREA_STYLE ('',( #2573 ) ) ;
#2580 = LINE ( 'NONE', #2578, #2577 ) ;
#2581 = DIRECTION ( 'NONE',  ( -0.4132170265578690700, 0.0000000000000000000, 0.9106325762691961400 ) ) ;
#2582 = VECTOR ( 'NONE', #2581, 1000.000000000000100 ) ;
#2583 = CARTESIAN_POINT ( 'NONE',  ( 2.351613079326683800, 3.889999999999999700, -2.630428434128495600 ) ) ;
#2584 = LINE ( 'NONE', #2583, #2582 ) ;
#2585 = DIRECTION ( 'NONE',  ( -0.4132170265578690200, 0.0000000000000000000, 0.9106325762691961400 ) ) ;
#2586 = DIRECTION ( 'NONE',  ( -0.9106325762691961400, 0.0000000000000000000, -0.4132170265578690200 ) ) ;
#2587 = CARTESIAN_POINT ( 'NONE',  ( 2.351613079326683800, 3.889999999999999700, -2.630428434128495600 ) ) ;
#2588 = AXIS2_PLACEMENT_3D ( 'NONE', #2587, #2586, #2585 ) ;
#2589 = PLANE ( 'NONE',  #2588 ) ;
#2590 =( GEOMETRIC_REPRESENTATION_CONTEXT ( 3 ) GLOBAL_UNCERTAINTY_ASSIGNED_CONTEXT ( ( #2591 ) ) GLOBAL_UNIT_ASSIGNED_CONTEXT ( ( #2594, #2593, #2592 ) ) REPRESENTATION_CONTEXT ( 'NONE', 'WORKASPACE' ) );
#2591 = UNCERTAINTY_MEASURE_WITH_UNIT (LENGTH_MEASURE( 1.000000000000000100E-005 ), #2594, 'distance_accuracy_value', 'NONE');
#2592 =( NAMED_UNIT ( * ) SI_UNIT ( $, .STERADIAN. ) SOLID_ANGLE_UNIT ( ) );
#2593 =( NAMED_UNIT ( * ) PLANE_ANGLE_UNIT ( ) SI_UNIT ( $, .RADIAN. ) );
#2594 =( LENGTH_UNIT ( ) NAMED_UNIT ( * ) SI_UNIT ( .MILLI., .METRE. ) );
#2595 = MECHANICAL_DESIGN_GEOMETRIC_PRESENTATION_REPRESENTATION (  '', ( #2597 ), #2590 ) ;
#2596 = PRESENTATION_LAYER_ASSIGNMENT (  '', '', ( #2597 ) ) ;
#2597 = STYLED_ITEM ( 'NONE', ( #2598 ), #619 ) ;
#2598 = PRESENTATION_STYLE_ASSIGNMENT (( #2599 ) ) ;
#2599 = SURFACE_STYLE_USAGE ( .BOTH. , #2547 ) ;
#2600 = VECTOR ( 'NONE', #2651, 1000.000000000000000 ) ;
#2601 = CARTESIAN_POINT ( 'NONE',  ( 2.351613079326683800, 3.889999999999999700, -2.840045511593284600 ) ) ;
#2602 = LINE ( 'NONE', #2601, #2600 ) ;
#2603 = FILL_AREA_STYLE_COLOUR ( '', #2649 ) ;
#2604 = CARTESIAN_POINT ( 'NONE',  ( 2.351613079326683800, 3.889999999999999700, -2.840045511593284600 ) ) ;
#2605 = DIRECTION ( 'NONE',  ( 1.000000000000000000, 0.0000000000000000000, 0.0000000000000000000 ) ) ;
#2606 = VECTOR ( 'NONE', #2605, 1000.000000000000000 ) ;
#2607 = CARTESIAN_POINT ( 'NONE',  ( 0.8958472342562610000, 3.889999999999999700, -2.840045511593284600 ) ) ;
#2608 = LINE ( 'NONE', #2607, #2606 ) ;
#2609 = DIRECTION ( 'NONE',  ( 1.000000000000000000, 0.0000000000000000000, 0.0000000000000000000 ) ) ;
#2610 = DIRECTION ( 'NONE',  ( -0.0000000000000000000, 0.0000000000000000000, 1.000000000000000000 ) ) ;
#2611 = CARTESIAN_POINT ( 'NONE',  ( 0.8958472342562610000, 3.889999999999999700, -2.840045511593284600 ) ) ;
#2612 = AXIS2_PLACEMENT_3D ( 'NONE', #2611, #2610, #2609 ) ;
#2613 = PLANE ( 'NONE',  #2612 ) ;
#2614 =( GEOMETRIC_REPRESENTATION_CONTEXT ( 3 ) GLOBAL_UNCERTAINTY_ASSIGNED_CONTEXT ( ( #2615 ) ) GLOBAL_UNIT_ASSIGNED_CONTEXT ( ( #2618, #2617, #2616 ) ) REPRESENTATION_CONTEXT ( 'NONE', 'WORKASPACE' ) );
#2615 = UNCERTAINTY_MEASURE_WITH_UNIT (LENGTH_MEASURE( 1.000000000000000100E-005 ), #2618, 'distance_accuracy_value', 'NONE');
#2616 =( NAMED_UNIT ( * ) SI_UNIT ( $, .STERADIAN. ) SOLID_ANGLE_UNIT ( ) );
#2617 =( NAMED_UNIT ( * ) PLANE_ANGLE_UNIT ( ) SI_UNIT ( $, .RADIAN. ) );
#2618 =( LENGTH_UNIT ( ) NAMED_UNIT ( * ) SI_UNIT ( .MILLI., .METRE. ) );
#2619 = MECHANICAL_DESIGN_GEOMETRIC_PRESENTATION_REPRESENTATION (  '', ( #2621 ), #2614 ) ;
#2620 = PRESENTATION_LAYER_ASSIGNMENT (  '', '', ( #2621 ) ) ;
#2621 = STYLED_ITEM ( 'NONE', ( #2622 ), #627 ) ;
#2622 = PRESENTATION_STYLE_ASSIGNMENT (( #2623 ) ) ;
#2623 = SURFACE_STYLE_USAGE ( .BOTH. , #2624 ) ;
#2624 = SURFACE_SIDE_STYLE ('',( #2625 ) ) ;
#2625 = SURFACE_STYLE_FILL_AREA ( #2579 ) ;
#2626 = CARTESIAN_POINT ( 'NONE',  ( 2.019306741298514400, 3.889999999999999700, -2.558355370748213600 ) ) ;
#2627 = DIRECTION ( 'NONE',  ( -0.0000000000000000000, 1.000000000000000000, -0.0000000000000000000 ) ) ;
#2628 = VECTOR ( 'NONE', #2627, 1000.000000000000000 ) ;
#2629 = CARTESIAN_POINT ( 'NONE',  ( 2.019306741298514400, 3.889999999999999700, -2.558355370748213600 ) ) ;
#2630 = LINE ( 'NONE', #2629, #2628 ) ;
#2631 = DIRECTION ( 'NONE',  ( 0.0000000000000000000, 0.0000000000000000000, 1.000000000000000000 ) ) ;
#2632 = DIRECTION ( 'NONE',  ( -1.000000000000000000, 0.0000000000000000000, 0.0000000000000000000 ) ) ;
#2633 = CARTESIAN_POINT ( 'NONE',  ( 2.351613079326683800, 3.889999999999999700, -2.840045511593284600 ) ) ;
#2634 = AXIS2_PLACEMENT_3D ( 'NONE', #2633, #2632, #2631 ) ;
#2635 = PLANE ( 'NONE',  #2634 ) ;
#2636 =( GEOMETRIC_REPRESENTATION_CONTEXT ( 3 ) GLOBAL_UNCERTAINTY_ASSIGNED_CONTEXT ( ( #2637 ) ) GLOBAL_UNIT_ASSIGNED_CONTEXT ( ( #2640, #2639, #2638 ) ) REPRESENTATION_CONTEXT ( 'NONE', 'WORKASPACE' ) );
#2637 = UNCERTAINTY_MEASURE_WITH_UNIT (LENGTH_MEASURE( 1.000000000000000100E-005 ), #2640, 'distance_accuracy_value', 'NONE');
#2638 =( NAMED_UNIT ( * ) SI_UNIT ( $, .STERADIAN. ) SOLID_ANGLE_UNIT ( ) );
#2639 =( NAMED_UNIT ( * ) PLANE_ANGLE_UNIT ( ) SI_UNIT ( $, .RADIAN. ) );
#2640 =( LENGTH_UNIT ( ) NAMED_UNIT ( * ) SI_UNIT ( .MILLI., .METRE. ) );
#2641 = MECHANICAL_DESIGN_GEOMETRIC_PRESENTATION_REPRESENTATION (  '', ( #2643 ), #2636 ) ;
#2642 = PRESENTATION_LAYER_ASSIGNMENT (  '', '', ( #2643 ) ) ;
#2643 = STYLED_ITEM ( 'NONE', ( #2644 ), #636 ) ;
#2644 = PRESENTATION_STYLE_ASSIGNMENT (( #2645 ) ) ;
#2645 = SURFACE_STYLE_USAGE ( .BOTH. , #2646 ) ;
#2646 = SURFACE_SIDE_STYLE ('',( #2647 ) ) ;
#2647 = SURFACE_STYLE_FILL_AREA ( #2648 ) ;
#2648 = FILL_AREA_STYLE ('',( #2603 ) ) ;
#2649 = COLOUR_RGB ( '',1.000000000000000000, 1.000000000000000000, 1.000000000000000000 ) ;
#2650 = FACE_OUTER_BOUND ( 'NONE', #637, .T. ) ;
#2651 = DIRECTION ( 'NONE',  ( -0.0000000000000000000, 1.000000000000000000, -0.0000000000000000000 ) ) ;
#2652 = AXIS2_PLACEMENT_3D ( 'NONE', #173, #2708, #2707 ) ;
#2653 = PLANE ( 'NONE',  #2652 ) ;
#2654 =( GEOMETRIC_REPRESENTATION_CONTEXT ( 3 ) GLOBAL_UNCERTAINTY_ASSIGNED_CONTEXT ( ( #2655 ) ) GLOBAL_UNIT_ASSIGNED_CONTEXT ( ( #2658, #2657, #2656 ) ) REPRESENTATION_CONTEXT ( 'NONE', 'WORKASPACE' ) );
#2655 = UNCERTAINTY_MEASURE_WITH_UNIT (LENGTH_MEASURE( 1.000000000000000100E-005 ), #2658, 'distance_accuracy_value', 'NONE');
#2656 =( NAMED_UNIT ( * ) SI_UNIT ( $, .STERADIAN. ) SOLID_ANGLE_UNIT ( ) );
#2657 =( NAMED_UNIT ( * ) PLANE_ANGLE_UNIT ( ) SI_UNIT ( $, .RADIAN. ) );
#2658 =( LENGTH_UNIT ( ) NAMED_UNIT ( * ) SI_UNIT ( .MILLI., .METRE. ) );
#2659 = MECHANICAL_DESIGN_GEOMETRIC_PRESENTATION_REPRESENTATION (  '', ( #2661 ), #2654 ) ;
#2660 = PRESENTATION_LAYER_ASSIGNMENT (  '', '', ( #2661 ) ) ;
#2661 = STYLED_ITEM ( 'NONE', ( #2662 ), #645 ) ;
#2662 = PRESENTATION_STYLE_ASSIGNMENT (( #2663 ) ) ;
#2663 = SURFACE_STYLE_USAGE ( .BOTH. , #2664 ) ;
#2664 = SURFACE_SIDE_STYLE ('',( #2665 ) ) ;
#2665 = SURFACE_STYLE_FILL_AREA ( #2666 ) ;
#2666 = FILL_AREA_STYLE ('',( #2673 ) ) ;
#2667 = COLOUR_RGB ( '',1.000000000000000000, 1.000000000000000000, 1.000000000000000000 ) ;
#2668 = FACE_OUTER_BOUND ( 'NONE', #646, .T. ) ;
#2669 = DIRECTION ( 'NONE',  ( -0.0000000000000000000, 1.000000000000000000, -0.0000000000000000000 ) ) ;
#2670 = VECTOR ( 'NONE', #2669, 1000.000000000000000 ) ;
#2671 = CARTESIAN_POINT ( 'NONE',  ( 0.8958472342562610000, 3.889999999999999700, -2.558355370748213600 ) ) ;
#2672 = LINE ( 'NONE', #2671, #2670 ) ;
#2673 = FILL_AREA_STYLE_COLOUR ( '', #2667 ) ;
#2674 = CARTESIAN_POINT ( 'NONE',  ( 0.8958472342562610000, 3.889999999999999700, -2.558355370748213600 ) ) ;
#2675 = DIRECTION ( 'NONE',  ( -1.000000000000000000, 0.0000000000000000000, 0.0000000000000000000 ) ) ;
#2676 = VECTOR ( 'NONE', #2675, 1000.000000000000000 ) ;
#2677 = CARTESIAN_POINT ( 'NONE',  ( 2.019306741298514400, 3.889999999999999700, -2.558355370748213600 ) ) ;
#2678 = LINE ( 'NONE', #2677, #2676 ) ;
#2679 = FILL_AREA_STYLE_COLOUR ( '', #2684 ) ;
#2680 = DIRECTION ( 'NONE',  ( 1.000000000000000000, 0.0000000000000000000, 0.0000000000000000000 ) ) ;
#2681 = DIRECTION ( 'NONE',  ( -0.0000000000000000000, 0.0000000000000000000, 1.000000000000000000 ) ) ;
#2682 = CARTESIAN_POINT ( 'NONE',  ( 0.5375490248588252800, 3.889999999999999700, 0.5547047545625439800 ) ) ;
#2683 = AXIS2_PLACEMENT_3D ( 'NONE', #2682, #2681, #2680 ) ;
#2684 = COLOUR_RGB ( '',1.000000000000000000, 1.000000000000000000, 1.000000000000000000 ) ;
#2685 = FACE_OUTER_BOUND ( 'NONE', #658, .T. ) ;
#2686 = PLANE ( 'NONE',  #2683 ) ;
#2687 =( GEOMETRIC_REPRESENTATION_CONTEXT ( 3 ) GLOBAL_UNCERTAINTY_ASSIGNED_CONTEXT ( ( #2688 ) ) GLOBAL_UNIT_ASSIGNED_CONTEXT ( ( #2691, #2690, #2689 ) ) REPRESENTATION_CONTEXT ( 'NONE', 'WORKASPACE' ) );
#2688 = UNCERTAINTY_MEASURE_WITH_UNIT (LENGTH_MEASURE( 1.000000000000000100E-005 ), #2691, 'distance_accuracy_value', 'NONE');
#2689 =( NAMED_UNIT ( * ) SI_UNIT ( $, .STERADIAN. ) SOLID_ANGLE_UNIT ( ) );
#2690 =( NAMED_UNIT ( * ) PLANE_ANGLE_UNIT ( ) SI_UNIT ( $, .RADIAN. ) );
#2691 =( LENGTH_UNIT ( ) NAMED_UNIT ( * ) SI_UNIT ( .MILLI., .METRE. ) );
#2692 = MECHANICAL_DESIGN_GEOMETRIC_PRESENTATION_REPRESENTATION (  '', ( #2694 ), #2687 ) ;
#2693 = PRESENTATION_LAYER_ASSIGNMENT (  '', '', ( #2694 ) ) ;
#2694 = STYLED_ITEM ( 'NONE', ( #2695 ), #651 ) ;
#2695 = PRESENTATION_STYLE_ASSIGNMENT (( #2696 ) ) ;
#2696 = SURFACE_STYLE_USAGE ( .BOTH. , #2697 ) ;
#2697 = SURFACE_SIDE_STYLE ('',( #2698 ) ) ;
#2698 = SURFACE_STYLE_FILL_AREA ( #2699 ) ;
#2699 = FILL_AREA_STYLE ('',( #2705 ) ) ;
#2700 = COLOUR_RGB ( '',1.000000000000000000, 1.000000000000000000, 1.000000000000000000 ) ;
#2701 = FACE_OUTER_BOUND ( 'NONE', #652, .T. ) ;
#2702 = DIRECTION ( 'NONE',  ( 0.0000000000000000000, 0.0000000000000000000, -1.000000000000000000 ) ) ;
#2703 = VECTOR ( 'NONE', #2702, 1000.000000000000000 ) ;
#2704 = CARTESIAN_POINT ( 'NONE',  ( 0.8958472342562610000, 3.889999999999999700, -2.558355370748213600 ) ) ;
#2705 = FILL_AREA_STYLE_COLOUR ( '', #2700 ) ;
#2706 = LINE ( 'NONE', #2704, #2703 ) ;
#2707 = DIRECTION ( 'NONE',  ( 0.0000000000000000000, 0.0000000000000000000, -1.000000000000000000 ) ) ;
#2708 = DIRECTION ( 'NONE',  ( 1.000000000000000000, 0.0000000000000000000, 0.0000000000000000000 ) ) ;
#2709 = CARTESIAN_POINT ( 'NONE',  ( -0.1567731582397663700, 3.889999999999999700, 1.567578874280853900 ) ) ;
#2710 = LINE ( 'NONE', #2761, #2760 ) ;
#2711 = DIRECTION ( 'NONE',  ( -0.0000000000000000000, 1.000000000000000000, -0.0000000000000000000 ) ) ;
#2712 = VECTOR ( 'NONE', #2711, 1000.000000000000000 ) ;
#2713 = CARTESIAN_POINT ( 'NONE',  ( -0.1567731582397663700, 3.889999999999999700, 1.567578874280853900 ) ) ;
#2714 = LINE ( 'NONE', #2713, #2712 ) ;
#2715 = DIRECTION ( 'NONE',  ( 1.000000000000000000, 0.0000000000000000000, 0.0000000000000000000 ) ) ;
#2716 = DIRECTION ( 'NONE',  ( -0.0000000000000000000, 0.0000000000000000000, 1.000000000000000000 ) ) ;
#2717 = CARTESIAN_POINT ( 'NONE',  ( -0.1567731582397663700, 3.889999999999999700, 1.567578874280853900 ) ) ;
#2718 = AXIS2_PLACEMENT_3D ( 'NONE', #2717, #2716, #2715 ) ;
#2719 = PLANE ( 'NONE',  #2718 ) ;
#2720 =( GEOMETRIC_REPRESENTATION_CONTEXT ( 3 ) GLOBAL_UNCERTAINTY_ASSIGNED_CONTEXT ( ( #2721 ) ) GLOBAL_UNIT_ASSIGNED_CONTEXT ( ( #2724, #2723, #2722 ) ) REPRESENTATION_CONTEXT ( 'NONE', 'WORKASPACE' ) );
#2721 = UNCERTAINTY_MEASURE_WITH_UNIT (LENGTH_MEASURE( 1.000000000000000100E-005 ), #2724, 'distance_accuracy_value', 'NONE');
#2722 =( NAMED_UNIT ( * ) SI_UNIT ( $, .STERADIAN. ) SOLID_ANGLE_UNIT ( ) );
#2723 =( NAMED_UNIT ( * ) PLANE_ANGLE_UNIT ( ) SI_UNIT ( $, .RADIAN. ) );
#2724 =( LENGTH_UNIT ( ) NAMED_UNIT ( * ) SI_UNIT ( .MILLI., .METRE. ) );
#2725 = MECHANICAL_DESIGN_GEOMETRIC_PRESENTATION_REPRESENTATION (  '', ( #2727 ), #2720 ) ;
#2726 = PRESENTATION_LAYER_ASSIGNMENT (  '', '', ( #2727 ) ) ;
#2727 = STYLED_ITEM ( 'NONE', ( #2728 ), #657 ) ;
#2728 = PRESENTATION_STYLE_ASSIGNMENT (( #2729 ) ) ;
#2729 = SURFACE_STYLE_USAGE ( .BOTH. , #2730 ) ;
#2730 = SURFACE_SIDE_STYLE ('',( #2731 ) ) ;
#2731 = SURFACE_STYLE_FILL_AREA ( #2732 ) ;
#2732 = FILL_AREA_STYLE ('',( #2679 ) ) ;
#2733 = DIRECTION ( 'NONE',  ( 0.0000000000000000000, 0.0000000000000000000, -1.000000000000000000 ) ) ;
#2734 = DIRECTION ( 'NONE',  ( 0.0000000000000000000, -1.000000000000000000, -0.0000000000000000000 ) ) ;
#2735 = CARTESIAN_POINT ( 'NONE',  ( 0.8958472342562610000, 3.889999999999999700, -2.558355370748213600 ) ) ;
#2736 = AXIS2_PLACEMENT_3D ( 'NONE', #2735, #2734, #2733 ) ;
#2737 = PLANE ( 'NONE',  #2736 ) ;
#2738 =( GEOMETRIC_REPRESENTATION_CONTEXT ( 3 ) GLOBAL_UNCERTAINTY_ASSIGNED_CONTEXT ( ( #2739 ) ) GLOBAL_UNIT_ASSIGNED_CONTEXT ( ( #2742, #2741, #2740 ) ) REPRESENTATION_CONTEXT ( 'NONE', 'WORKASPACE' ) );
#2739 = UNCERTAINTY_MEASURE_WITH_UNIT (LENGTH_MEASURE( 1.000000000000000100E-005 ), #2742, 'distance_accuracy_value', 'NONE');
#2740 =( NAMED_UNIT ( * ) SI_UNIT ( $, .STERADIAN. ) SOLID_ANGLE_UNIT ( ) );
#2741 =( NAMED_UNIT ( * ) PLANE_ANGLE_UNIT ( ) SI_UNIT ( $, .RADIAN. ) );
#2742 =( LENGTH_UNIT ( ) NAMED_UNIT ( * ) SI_UNIT ( .MILLI., .METRE. ) );
#2743 = MECHANICAL_DESIGN_GEOMETRIC_PRESENTATION_REPRESENTATION (  '', ( #2745 ), #2738 ) ;
#2744 = PRESENTATION_LAYER_ASSIGNMENT (  '', '', ( #2745 ) ) ;
#2745 = STYLED_ITEM ( 'NONE', ( #2746 ), #672 ) ;
#2746 = PRESENTATION_STYLE_ASSIGNMENT (( #2747 ) ) ;
#2747 = SURFACE_STYLE_USAGE ( .BOTH. , #2748 ) ;
#2748 = SURFACE_SIDE_STYLE ('',( #2749 ) ) ;
#2749 = SURFACE_STYLE_FILL_AREA ( #2750 ) ;
#2750 = FILL_AREA_STYLE ('',( #2757 ) ) ;
#2751 = COLOUR_RGB ( '',1.000000000000000000, 1.000000000000000000, 1.000000000000000000 ) ;
#2752 = FACE_OUTER_BOUND ( 'NONE', #673, .T. ) ;
#2753 = DIRECTION ( 'NONE',  ( 0.4136819341461172000, 0.0000000000000000000, -0.9104214723748158500 ) ) ;
#2754 = VECTOR ( 'NONE', #2753, 1000.000000000000000 ) ;
#2755 = CARTESIAN_POINT ( 'NONE',  ( 1.027339311721049600, 3.889999999999999700, -0.3752567791989179800 ) ) ;
#2756 = LINE ( 'NONE', #2755, #2754 ) ;
#2757 = FILL_AREA_STYLE_COLOUR ( '', #2751 ) ;
#2758 = CARTESIAN_POINT ( 'NONE',  ( -0.1490706934510338500, 3.889999999999999700, 1.567578874280853900 ) ) ;
#2759 = DIRECTION ( 'NONE',  ( 1.000000000000000000, 0.0000000000000000000, 0.0000000000000000000 ) ) ;
#2760 = VECTOR ( 'NONE', #2759, 1000.000000000000000 ) ;
#2761 = CARTESIAN_POINT ( 'NONE',  ( -0.1567731582397663700, 3.889999999999999700, 1.567578874280853900 ) ) ;
#2762 = LINE ( 'NONE', #2820, #2819 ) ;
#2763 = DIRECTION ( 'NONE',  ( -1.000000000000000000, 0.0000000000000000000, 0.0000000000000000000 ) ) ;
#2764 = DIRECTION ( 'NONE',  ( -0.0000000000000000000, 0.0000000000000000000, -1.000000000000000000 ) ) ;
#2765 = CARTESIAN_POINT ( 'NONE',  ( 1.328285614537951100, 3.889999999999999700, -0.3752567791989179800 ) ) ;
#2766 = AXIS2_PLACEMENT_3D ( 'NONE', #2765, #2764, #2763 ) ;
#2767 = PLANE ( 'NONE',  #2766 ) ;
#2768 =( GEOMETRIC_REPRESENTATION_CONTEXT ( 3 ) GLOBAL_UNCERTAINTY_ASSIGNED_CONTEXT ( ( #2769 ) ) GLOBAL_UNIT_ASSIGNED_CONTEXT ( ( #2772, #2771, #2770 ) ) REPRESENTATION_CONTEXT ( 'NONE', 'WORKASPACE' ) );
#2769 = UNCERTAINTY_MEASURE_WITH_UNIT (LENGTH_MEASURE( 1.000000000000000100E-005 ), #2772, 'distance_accuracy_value', 'NONE');
#2770 =( NAMED_UNIT ( * ) SI_UNIT ( $, .STERADIAN. ) SOLID_ANGLE_UNIT ( ) );
#2771 =( NAMED_UNIT ( * ) PLANE_ANGLE_UNIT ( ) SI_UNIT ( $, .RADIAN. ) );
#2772 =( LENGTH_UNIT ( ) NAMED_UNIT ( * ) SI_UNIT ( .MILLI., .METRE. ) );
#2773 = MECHANICAL_DESIGN_GEOMETRIC_PRESENTATION_REPRESENTATION (  '', ( #2775 ), #2768 ) ;
#2774 = PRESENTATION_LAYER_ASSIGNMENT (  '', '', ( #2775 ) ) ;
#2775 = STYLED_ITEM ( 'NONE', ( #2776 ), #681 ) ;
#2776 = PRESENTATION_STYLE_ASSIGNMENT (( #2777 ) ) ;
#2777 = SURFACE_STYLE_USAGE ( .BOTH. , #2778 ) ;
#2778 = SURFACE_SIDE_STYLE ('',( #2779 ) ) ;
#2779 = SURFACE_STYLE_FILL_AREA ( #2780 ) ;
#2780 = FILL_AREA_STYLE ('',( #2787 ) ) ;
#2781 = COLOUR_RGB ( '',1.000000000000000000, 1.000000000000000000, 1.000000000000000000 ) ;
#2782 = FACE_OUTER_BOUND ( 'NONE', #682, .T. ) ;
#2783 = DIRECTION ( 'NONE',  ( -0.0000000000000000000, 1.000000000000000000, -0.0000000000000000000 ) ) ;
#2784 = VECTOR ( 'NONE', #2783, 1000.000000000000000 ) ;
#2785 = CARTESIAN_POINT ( 'NONE',  ( 1.328285614537951100, 3.889999999999999700, -0.3752567791989179800 ) ) ;
#2786 = LINE ( 'NONE', #2785, #2784 ) ;
#2787 = FILL_AREA_STYLE_COLOUR ( '', #2781 ) ;
#2788 = CARTESIAN_POINT ( 'NONE',  ( 1.328285614537951100, 3.889999999999999700, -0.3752567791989179800 ) ) ;
#2789 = UNCERTAINTY_MEASURE_WITH_UNIT (LENGTH_MEASURE( 1.000000000000000100E-005 ), #2792, 'distance_accuracy_value', 'NONE');
#2790 =( NAMED_UNIT ( * ) SI_UNIT ( $, .STERADIAN. ) SOLID_ANGLE_UNIT ( ) );
#2791 =( NAMED_UNIT ( * ) PLANE_ANGLE_UNIT ( ) SI_UNIT ( $, .RADIAN. ) );
#2792 =( LENGTH_UNIT ( ) NAMED_UNIT ( * ) SI_UNIT ( .MILLI., .METRE. ) );
#2793 = MECHANICAL_DESIGN_GEOMETRIC_PRESENTATION_REPRESENTATION (  '', ( #2795 ), #2849 ) ;
#2794 = PRESENTATION_LAYER_ASSIGNMENT (  '', '', ( #2795 ) ) ;
#2795 = STYLED_ITEM ( 'NONE', ( #2796 ), #697 ) ;
#2796 = PRESENTATION_STYLE_ASSIGNMENT (( #2797 ) ) ;
#2797 = SURFACE_STYLE_USAGE ( .BOTH. , #2798 ) ;
#2798 = SURFACE_SIDE_STYLE ('',( #2799 ) ) ;
#2799 = SURFACE_STYLE_FILL_AREA ( #2800 ) ;
#2800 = FILL_AREA_STYLE ('',( #2807 ) ) ;
#2801 = COLOUR_RGB ( '',1.000000000000000000, 1.000000000000000000, 1.000000000000000000 ) ;
#2802 = FACE_OUTER_BOUND ( 'NONE', #698, .T. ) ;
#2803 = DIRECTION ( 'NONE',  ( -0.0000000000000000000, 1.000000000000000000, -0.0000000000000000000 ) ) ;
#2804 = VECTOR ( 'NONE', #2803, 1000.000000000000000 ) ;
#2805 = CARTESIAN_POINT ( 'NONE',  ( 0.03083687697150129200, 3.889999999999999700, 1.785998768647050900 ) ) ;
#2806 = LINE ( 'NONE', #2805, #2804 ) ;
#2807 = FILL_AREA_STYLE_COLOUR ( '', #2801 ) ;
#2808 = CARTESIAN_POINT ( 'NONE',  ( -0.1551226300707522500, 3.889999999999999700, 1.995065670055501800 ) ) ;
#2809 = DIRECTION ( 'NONE',  ( -0.5662018424294001900, 0.0000000000000000000, -0.8242666277543647700 ) ) ;
#2810 = VECTOR ( 'NONE', #2809, 1000.000000000000100 ) ;
#2811 = CARTESIAN_POINT ( 'NONE',  ( 0.5727602924644589200, 3.889999999999999700, 3.054704754562544100 ) ) ;
#2812 = LINE ( 'NONE', #2811, #2810 ) ;
#2813 = DIRECTION ( 'NONE',  ( -0.0000000000000000000, 1.000000000000000000, -0.0000000000000000000 ) ) ;
#2814 = VECTOR ( 'NONE', #2813, 1000.000000000000000 ) ;
#2815 = CARTESIAN_POINT ( 'NONE',  ( 1.027339311721049600, 3.889999999999999700, -0.3752567791989179800 ) ) ;
#2816 = LINE ( 'NONE', #2815, #2814 ) ;
#2817 = CARTESIAN_POINT ( 'NONE',  ( 1.027339311721049600, 3.889999999999999700, -0.3752567791989179800 ) ) ;
#2818 = DIRECTION ( 'NONE',  ( -1.000000000000000000, 0.0000000000000000000, 0.0000000000000000000 ) ) ;
#2819 = VECTOR ( 'NONE', #2818, 1000.000000000000000 ) ;
#2820 = CARTESIAN_POINT ( 'NONE',  ( 1.328285614537951100, 3.889999999999999700, -0.3752567791989179800 ) ) ;
#2821 =( NAMED_UNIT ( * ) SI_UNIT ( $, .STERADIAN. ) SOLID_ANGLE_UNIT ( ) );
#2822 =( NAMED_UNIT ( * ) PLANE_ANGLE_UNIT ( ) SI_UNIT ( $, .RADIAN. ) );
#2823 =( LENGTH_UNIT ( ) NAMED_UNIT ( * ) SI_UNIT ( .MILLI., .METRE. ) );
#2824 = MECHANICAL_DESIGN_GEOMETRIC_PRESENTATION_REPRESENTATION (  '', ( #2826 ), #2878 ) ;
#2825 = PRESENTATION_LAYER_ASSIGNMENT (  '', '', ( #2826 ) ) ;
#2826 = STYLED_ITEM ( 'NONE', ( #2827 ), #706 ) ;
#2827 = PRESENTATION_STYLE_ASSIGNMENT (( #2828 ) ) ;
#2828 = SURFACE_STYLE_USAGE ( .BOTH. , #2829 ) ;
#2829 = SURFACE_SIDE_STYLE ('',( #2830 ) ) ;
#2830 = SURFACE_STYLE_FILL_AREA ( #2831 ) ;
#2831 = FILL_AREA_STYLE ('',( #2838 ) ) ;
#2832 = COLOUR_RGB ( '',1.000000000000000000, 1.000000000000000000, 1.000000000000000000 ) ;
#2833 = FACE_OUTER_BOUND ( 'NONE', #707, .T. ) ;
#2834 = DIRECTION ( 'NONE',  ( -0.0000000000000000000, 1.000000000000000000, -0.0000000000000000000 ) ) ;
#2835 = VECTOR ( 'NONE', #2834, 1000.000000000000000 ) ;
#2836 = CARTESIAN_POINT ( 'NONE',  ( 0.9127690952813604100, 3.889999999999999700, 3.054704754562544100 ) ) ;
#2837 = LINE ( 'NONE', #2836, #2835 ) ;
#2838 = FILL_AREA_STYLE_COLOUR ( '', #2832 ) ;
#2839 = CARTESIAN_POINT ( 'NONE',  ( 0.9127690952813604100, 3.889999999999999700, 3.054704754562544100 ) ) ;
#2840 = DIRECTION ( 'NONE',  ( 0.5707827724612920500, 0.0000000000000000000, 0.8211011062356455800 ) ) ;
#2841 = VECTOR ( 'NONE', #2840, 1000.000000000000000 ) ;
#2842 = CARTESIAN_POINT ( 'NONE',  ( 0.03083687697150129200, 3.889999999999999700, 1.785998768647050900 ) ) ;
#2843 = LINE ( 'NONE', #2842, #2841 ) ;
#2844 = DIRECTION ( 'NONE',  ( 0.5707827724612920500, 0.0000000000000000000, 0.8211011062356455800 ) ) ;
#2845 = DIRECTION ( 'NONE',  ( -0.8211011062356455800, 0.0000000000000000000, 0.5707827724612920500 ) ) ;
#2846 = CARTESIAN_POINT ( 'NONE',  ( 0.03083687697150129200, 3.889999999999999700, 1.785998768647050900 ) ) ;
#2847 = AXIS2_PLACEMENT_3D ( 'NONE', #2846, #2845, #2844 ) ;
#2848 = PLANE ( 'NONE',  #2847 ) ;
#2849 =( GEOMETRIC_REPRESENTATION_CONTEXT ( 3 ) GLOBAL_UNCERTAINTY_ASSIGNED_CONTEXT ( ( #2789 ) ) GLOBAL_UNIT_ASSIGNED_CONTEXT ( ( #2792, #2791, #2790 ) ) REPRESENTATION_CONTEXT ( 'NONE', 'WORKASPACE' ) );
#2850 =( NAMED_UNIT ( * ) PLANE_ANGLE_UNIT ( ) SI_UNIT ( $, .RADIAN. ) );
#2851 =( LENGTH_UNIT ( ) NAMED_UNIT ( * ) SI_UNIT ( .MILLI., .METRE. ) );
#2852 = MECHANICAL_DESIGN_GEOMETRIC_PRESENTATION_REPRESENTATION (  '', ( #2854 ), #2904 ) ;
#2853 = PRESENTATION_LAYER_ASSIGNMENT (  '', '', ( #2854 ) ) ;
#2854 = STYLED_ITEM ( 'NONE', ( #2855 ), #714 ) ;
#2855 = PRESENTATION_STYLE_ASSIGNMENT (( #2856 ) ) ;
#2856 = SURFACE_STYLE_USAGE ( .BOTH. , #2857 ) ;
#2857 = SURFACE_SIDE_STYLE ('',( #2858 ) ) ;
#2858 = SURFACE_STYLE_FILL_AREA ( #2859 ) ;
#2859 = FILL_AREA_STYLE ('',( #2866 ) ) ;
#2860 = COLOUR_RGB ( '',1.000000000000000000, 1.000000000000000000, 1.000000000000000000 ) ;
#2861 = FACE_OUTER_BOUND ( 'NONE', #715, .T. ) ;
#2862 = DIRECTION ( 'NONE',  ( -0.0000000000000000000, 1.000000000000000000, -0.0000000000000000000 ) ) ;
#2863 = VECTOR ( 'NONE', #2862, 1000.000000000000000 ) ;
#2864 = CARTESIAN_POINT ( 'NONE',  ( 0.8737065952813604100, 3.889999999999999700, 0.5547047545625439800 ) ) ;
#2865 = LINE ( 'NONE', #2864, #2863 ) ;
#2866 = FILL_AREA_STYLE_COLOUR ( '', #2860 ) ;
#2867 = CARTESIAN_POINT ( 'NONE',  ( 0.8737065952813604100, 3.889999999999999700, 0.5547047545625439800 ) ) ;
#2868 = DIRECTION ( 'NONE',  ( 1.000000000000000000, 0.0000000000000000000, 0.0000000000000000000 ) ) ;
#2869 = ORIENTED_EDGE ( 'NONE', *, *, #125, .F. ) ;
#2870 = VECTOR ( 'NONE', #2868, 1000.000000000000000 ) ;
#2871 = CARTESIAN_POINT ( 'NONE',  ( 0.5375490248588252800, 3.889999999999999700, 0.5547047545625439800 ) ) ;
#2872 = LINE ( 'NONE', #2871, #2870 ) ;
#2873 = DIRECTION ( 'NONE',  ( -1.000000000000000000, 0.0000000000000000000, 0.0000000000000000000 ) ) ;
#2874 = DIRECTION ( 'NONE',  ( -0.0000000000000000000, 0.0000000000000000000, -1.000000000000000000 ) ) ;
#2875 = CARTESIAN_POINT ( 'NONE',  ( 0.9127690952813604100, 3.889999999999999700, 3.054704754562544100 ) ) ;
#2876 = AXIS2_PLACEMENT_3D ( 'NONE', #2875, #2874, #2873 ) ;
#2877 = PLANE ( 'NONE',  #2876 ) ;
#2878 =( GEOMETRIC_REPRESENTATION_CONTEXT ( 3 ) GLOBAL_UNCERTAINTY_ASSIGNED_CONTEXT ( ( #2879 ) ) GLOBAL_UNIT_ASSIGNED_CONTEXT ( ( #2823, #2822, #2821 ) ) REPRESENTATION_CONTEXT ( 'NONE', 'WORKASPACE' ) );
#2879 = UNCERTAINTY_MEASURE_WITH_UNIT (LENGTH_MEASURE( 1.000000000000000100E-005 ), #2823, 'distance_accuracy_value', 'NONE');
#2880 = UNCERTAINTY_MEASURE_WITH_UNIT (LENGTH_MEASURE( 1.000000000000000100E-005 ), #2883, 'distance_accuracy_value', 'NONE');
#2881 =( NAMED_UNIT ( * ) SI_UNIT ( $, .STERADIAN. ) SOLID_ANGLE_UNIT ( ) );
#2882 =( NAMED_UNIT ( * ) PLANE_ANGLE_UNIT ( ) SI_UNIT ( $, .RADIAN. ) );
#2883 =( LENGTH_UNIT ( ) NAMED_UNIT ( * ) SI_UNIT ( .MILLI., .METRE. ) );
#2884 = MECHANICAL_DESIGN_GEOMETRIC_PRESENTATION_REPRESENTATION (  '', ( #2886 ), #2932 ) ;
#2885 = PRESENTATION_LAYER_ASSIGNMENT (  '', '', ( #2886 ) ) ;
#2886 = STYLED_ITEM ( 'NONE', ( #2887 ), #721 ) ;
#2887 = PRESENTATION_STYLE_ASSIGNMENT (( #2888 ) ) ;
#2888 = SURFACE_STYLE_USAGE ( .BOTH. , #2889 ) ;
#2889 = SURFACE_SIDE_STYLE ('',( #2890 ) ) ;
#2890 = SURFACE_STYLE_FILL_AREA ( #2891 ) ;
#2891 = FILL_AREA_STYLE ('',( #2898 ) ) ;
#2892 = COLOUR_RGB ( '',1.000000000000000000, 1.000000000000000000, 1.000000000000000000 ) ;
#2893 = FACE_OUTER_BOUND ( 'NONE', #722, .T. ) ;
#2894 = DIRECTION ( 'NONE',  ( -0.0000000000000000000, 1.000000000000000000, -0.0000000000000000000 ) ) ;
#2895 = VECTOR ( 'NONE', #2894, 1000.000000000000000 ) ;
#2896 = CARTESIAN_POINT ( 'NONE',  ( -0.1490706934510338500, 3.889999999999999700, 1.567578874280853900 ) ) ;
#2897 = LINE ( 'NONE', #2896, #2895 ) ;
#2898 = FILL_AREA_STYLE_COLOUR ( '', #2892 ) ;
#2899 = DIRECTION ( 'NONE',  ( -0.5648689537908991900, 0.0000000000000000000, 0.8251806257075931000 ) ) ;
#2900 = DIRECTION ( 'NONE',  ( -0.8251806257075932100, 0.0000000000000000000, -0.5648689537908993000 ) ) ;
#2901 = CARTESIAN_POINT ( 'NONE',  ( 0.8737065952813604100, 3.889999999999999700, 0.5547047545625439800 ) ) ;
#2902 = AXIS2_PLACEMENT_3D ( 'NONE', #2901, #2900, #2899 ) ;
#2903 = PLANE ( 'NONE',  #2902 ) ;
#2904 =( GEOMETRIC_REPRESENTATION_CONTEXT ( 3 ) GLOBAL_UNCERTAINTY_ASSIGNED_CONTEXT ( ( #2905 ) ) GLOBAL_UNIT_ASSIGNED_CONTEXT ( ( #2851, #2850, #2906 ) ) REPRESENTATION_CONTEXT ( 'NONE', 'WORKASPACE' ) );
#2905 = UNCERTAINTY_MEASURE_WITH_UNIT (LENGTH_MEASURE( 1.000000000000000100E-005 ), #2851, 'distance_accuracy_value', 'NONE');
#2906 =( NAMED_UNIT ( * ) SI_UNIT ( $, .STERADIAN. ) SOLID_ANGLE_UNIT ( ) );
#2907 = CARTESIAN_POINT ( 'NONE',  ( -0.1622749188031466500, 3.889999999999999700, 1.995065670055501800 ) ) ;
#2908 = LINE ( 'NONE', #2907, #2960 ) ;
#2909 = DIRECTION ( 'NONE',  ( -0.0000000000000000000, 1.000000000000000000, -0.0000000000000000000 ) ) ;
#2910 = VECTOR ( 'NONE', #2909, 1000.000000000000000 ) ;
#2911 = CARTESIAN_POINT ( 'NONE',  ( -0.3443831934510339100, 3.889999999999999700, 1.778296303858318600 ) ) ;
#2912 = LINE ( 'NONE', #2911, #2910 ) ;
#2913 = CARTESIAN_POINT ( 'NONE',  ( -0.3443831934510339100, 3.889999999999999700, 1.778296303858318600 ) ) ;
#2914 = DIRECTION ( 'NONE',  ( 0.5715618010866457800, 0.0000000000000000000, -0.8205590213620160800 ) ) ;
#2915 = VECTOR ( 'NONE', #2914, 1000.000000000000000 ) ;
#2916 = CARTESIAN_POINT ( 'NONE',  ( -1.233467700493287500, 3.889999999999999700, 3.054704754562544100 ) ) ;
#2917 = LINE ( 'NONE', #2916, #2915 ) ;
#2918 = DIRECTION ( 'NONE',  ( -0.0000000000000000000, 1.000000000000000000, -0.0000000000000000000 ) ) ;
#2919 = VECTOR ( 'NONE', #2918, 1000.000000000000000 ) ;
#2920 = CARTESIAN_POINT ( 'NONE',  ( 0.5375490248588252800, 3.889999999999999700, 0.5547047545625439800 ) ) ;
#2921 = LINE ( 'NONE', #2920, #2919 ) ;
#2922 = CARTESIAN_POINT ( 'NONE',  ( 0.5375490248588252800, 3.889999999999999700, 0.5547047545625439800 ) ) ;
#2923 = DIRECTION ( 'NONE',  ( 0.5611165363451807700, 0.0000000000000000000, -0.8277368136309919400 ) ) ;
#2924 = VECTOR ( 'NONE', #2923, 1000.000000000000000 ) ;
#2925 = CARTESIAN_POINT ( 'NONE',  ( -0.1490706934510338500, 3.889999999999999700, 1.567578874280853900 ) ) ;
#2926 = LINE ( 'NONE', #2925, #2924 ) ;
#2927 = DIRECTION ( 'NONE',  ( 0.5611165363451807700, 0.0000000000000000000, -0.8277368136309919400 ) ) ;
#2928 = DIRECTION ( 'NONE',  ( 0.8277368136309919400, 0.0000000000000000000, 0.5611165363451807700 ) ) ;
#2929 = CARTESIAN_POINT ( 'NONE',  ( -0.1490706934510338500, 3.889999999999999700, 1.567578874280853900 ) ) ;
#2930 = AXIS2_PLACEMENT_3D ( 'NONE', #2929, #2928, #2927 ) ;
#2931 = PLANE ( 'NONE',  #2930 ) ;
#2932 =( GEOMETRIC_REPRESENTATION_CONTEXT ( 3 ) GLOBAL_UNCERTAINTY_ASSIGNED_CONTEXT ( ( #2880 ) ) GLOBAL_UNIT_ASSIGNED_CONTEXT ( ( #2883, #2882, #2881 ) ) REPRESENTATION_CONTEXT ( 'NONE', 'WORKASPACE' ) );
#2933 = DIRECTION ( 'NONE',  ( -1.000000000000000000, 0.0000000000000000000, 0.0000000000000000000 ) ) ;
#2934 = DIRECTION ( 'NONE',  ( -0.0000000000000000000, 0.0000000000000000000, -1.000000000000000000 ) ) ;
#2935 = CARTESIAN_POINT ( 'NONE',  ( -0.8901578413383578500, 3.889999999999999700, 3.054704754562544100 ) ) ;
#2936 = AXIS2_PLACEMENT_3D ( 'NONE', #2935, #2934, #2933 ) ;
#2937 = PLANE ( 'NONE',  #2936 ) ;
#2938 =( GEOMETRIC_REPRESENTATION_CONTEXT ( 3 ) GLOBAL_UNCERTAINTY_ASSIGNED_CONTEXT ( ( #2939 ) ) GLOBAL_UNIT_ASSIGNED_CONTEXT ( ( #2942, #2941, #2940 ) ) REPRESENTATION_CONTEXT ( 'NONE', 'WORKASPACE' ) );
#2939 = UNCERTAINTY_MEASURE_WITH_UNIT (LENGTH_MEASURE( 1.000000000000000100E-005 ), #2942, 'distance_accuracy_value', 'NONE');
#2940 =( NAMED_UNIT ( * ) SI_UNIT ( $, .STERADIAN. ) SOLID_ANGLE_UNIT ( ) );
#2941 =( NAMED_UNIT ( * ) PLANE_ANGLE_UNIT ( ) SI_UNIT ( $, .RADIAN. ) );
#2942 =( LENGTH_UNIT ( ) NAMED_UNIT ( * ) SI_UNIT ( .MILLI., .METRE. ) );
#2943 = MECHANICAL_DESIGN_GEOMETRIC_PRESENTATION_REPRESENTATION (  '', ( #2945 ), #2938 ) ;
#2944 = PRESENTATION_LAYER_ASSIGNMENT (  '', '', ( #2945 ) ) ;
#2945 = STYLED_ITEM ( 'NONE', ( #2946 ), #744 ) ;
#2946 = PRESENTATION_STYLE_ASSIGNMENT (( #2947 ) ) ;
#2947 = SURFACE_STYLE_USAGE ( .BOTH. , #2948 ) ;
#2948 = SURFACE_SIDE_STYLE ('',( #2949 ) ) ;
#2949 = SURFACE_STYLE_FILL_AREA ( #2950 ) ;
#2950 = FILL_AREA_STYLE ('',( #2957 ) ) ;
#2951 = COLOUR_RGB ( '',1.000000000000000000, 1.000000000000000000, 1.000000000000000000 ) ;
#2952 = FACE_OUTER_BOUND ( 'NONE', #745, .T. ) ;
#2953 = DIRECTION ( 'NONE',  ( -0.0000000000000000000, 1.000000000000000000, -0.0000000000000000000 ) ) ;
#2954 = VECTOR ( 'NONE', #2953, 1000.000000000000000 ) ;
#2955 = CARTESIAN_POINT ( 'NONE',  ( -0.8901578413383578500, 3.889999999999999700, 3.054704754562544100 ) ) ;
#2956 = LINE ( 'NONE', #2955, #2954 ) ;
#2957 = FILL_AREA_STYLE_COLOUR ( '', #2951 ) ;
#2958 = CARTESIAN_POINT ( 'NONE',  ( -0.8901578413383578500, 3.889999999999999700, 3.054704754562544100 ) ) ;
#2959 = DIRECTION ( 'NONE',  ( -0.5662018424294001900, 0.0000000000000000000, 0.8242666277543647700 ) ) ;
#2960 = VECTOR ( 'NONE', #2959, 1000.000000000000100 ) ;
#2961 = DIRECTION ( 'NONE',  ( -1.000000000000000000, 0.0000000000000000000, 0.0000000000000000000 ) ) ;
#2962 = DIRECTION ( 'NONE',  ( -0.0000000000000000000, 0.0000000000000000000, -1.000000000000000000 ) ) ;
#2963 = CARTESIAN_POINT ( 'NONE',  ( -0.1551226300707522500, 3.889999999999999700, 1.995065670055501800 ) ) ;
#2964 = AXIS2_PLACEMENT_3D ( 'NONE', #2963, #2962, #2961 ) ;
#2965 = PLANE ( 'NONE',  #2964 ) ;
#2966 =( GEOMETRIC_REPRESENTATION_CONTEXT ( 3 ) GLOBAL_UNCERTAINTY_ASSIGNED_CONTEXT ( ( #2967 ) ) GLOBAL_UNIT_ASSIGNED_CONTEXT ( ( #2970, #2969, #2968 ) ) REPRESENTATION_CONTEXT ( 'NONE', 'WORKASPACE' ) );
#2967 = UNCERTAINTY_MEASURE_WITH_UNIT (LENGTH_MEASURE( 1.000000000000000100E-005 ), #2970, 'distance_accuracy_value', 'NONE');
#2968 =( NAMED_UNIT ( * ) SI_UNIT ( $, .STERADIAN. ) SOLID_ANGLE_UNIT ( ) );
#2969 =( NAMED_UNIT ( * ) PLANE_ANGLE_UNIT ( ) SI_UNIT ( $, .RADIAN. ) );
#2970 =( LENGTH_UNIT ( ) NAMED_UNIT ( * ) SI_UNIT ( .MILLI., .METRE. ) );
#2971 = MECHANICAL_DESIGN_GEOMETRIC_PRESENTATION_REPRESENTATION (  '', ( #2973 ), #2966 ) ;
#2972 = PRESENTATION_LAYER_ASSIGNMENT (  '', '', ( #2973 ) ) ;
#2973 = STYLED_ITEM ( 'NONE', ( #2974 ), #752 ) ;
#2974 = PRESENTATION_STYLE_ASSIGNMENT (( #2975 ) ) ;
#2975 = SURFACE_STYLE_USAGE ( .BOTH. , #2976 ) ;
#2976 = SURFACE_SIDE_STYLE ('',( #2977 ) ) ;
#2977 = SURFACE_STYLE_FILL_AREA ( #2978 ) ;
#2978 = FILL_AREA_STYLE ('',( #2985 ) ) ;
#2979 = COLOUR_RGB ( '',1.000000000000000000, 1.000000000000000000, 1.000000000000000000 ) ;
#2980 = FACE_OUTER_BOUND ( 'NONE', #753, .T. ) ;
#2981 = DIRECTION ( 'NONE',  ( -0.0000000000000000000, 1.000000000000000000, -0.0000000000000000000 ) ) ;
#2982 = VECTOR ( 'NONE', #2981, 1000.000000000000000 ) ;
#2983 = CARTESIAN_POINT ( 'NONE',  ( -0.1551226300707522500, 3.889999999999999700, 1.995065670055501800 ) ) ;
#2984 = LINE ( 'NONE', #2983, #2982 ) ;
#2985 = FILL_AREA_STYLE_COLOUR ( '', #2979 ) ;
#2986 = DIRECTION ( 'NONE',  ( -1.000000000000000000, 0.0000000000000000000, 0.0000000000000000000 ) ) ;
#2987 = VECTOR ( 'NONE', #2986, 1000.000000000000000 ) ;
#2988 = CARTESIAN_POINT ( 'NONE',  ( -0.8901578413383578500, 3.889999999999999700, 3.054704754562544100 ) ) ;
#2989 = LINE ( 'NONE', #2988, #2987 ) ;
#2990 = PLANE ( 'NONE',  #3045 ) ;
#2991 =( GEOMETRIC_REPRESENTATION_CONTEXT ( 3 ) GLOBAL_UNCERTAINTY_ASSIGNED_CONTEXT ( ( #2992 ) ) GLOBAL_UNIT_ASSIGNED_CONTEXT ( ( #2995, #2994, #2993 ) ) REPRESENTATION_CONTEXT ( 'NONE', 'WORKASPACE' ) );
#2992 = UNCERTAINTY_MEASURE_WITH_UNIT (LENGTH_MEASURE( 1.000000000000000100E-005 ), #2995, 'distance_accuracy_value', 'NONE');
#2993 =( NAMED_UNIT ( * ) SI_UNIT ( $, .STERADIAN. ) SOLID_ANGLE_UNIT ( ) );
#2994 =( NAMED_UNIT ( * ) PLANE_ANGLE_UNIT ( ) SI_UNIT ( $, .RADIAN. ) );
#2995 =( LENGTH_UNIT ( ) NAMED_UNIT ( * ) SI_UNIT ( .MILLI., .METRE. ) );
#2996 = MECHANICAL_DESIGN_GEOMETRIC_PRESENTATION_REPRESENTATION (  '', ( #2998 ), #2991 ) ;
#2997 = PRESENTATION_LAYER_ASSIGNMENT (  '', '', ( #2998 ) ) ;
#2998 = STYLED_ITEM ( 'NONE', ( #2999 ), #761 ) ;
#2999 = PRESENTATION_STYLE_ASSIGNMENT (( #3000 ) ) ;
#3000 = SURFACE_STYLE_USAGE ( .BOTH. , #3001 ) ;
#3001 = SURFACE_SIDE_STYLE ('',( #3002 ) ) ;
#3002 = SURFACE_STYLE_FILL_AREA ( #3003 ) ;
#3003 = FILL_AREA_STYLE ('',( #3010 ) ) ;
#3004 = COLOUR_RGB ( '',1.000000000000000000, 1.000000000000000000, 1.000000000000000000 ) ;
#3005 = FACE_OUTER_BOUND ( 'NONE', #736, .T. ) ;
#3006 = DIRECTION ( 'NONE',  ( -0.0000000000000000000, 1.000000000000000000, -0.0000000000000000000 ) ) ;
#3007 = VECTOR ( 'NONE', #3006, 1000.000000000000000 ) ;
#3008 = CARTESIAN_POINT ( 'NONE',  ( -0.1622749188031466500, 3.889999999999999700, 1.995065670055501800 ) ) ;
#3009 = LINE ( 'NONE', #3008, #3007 ) ;
#3010 = FILL_AREA_STYLE_COLOUR ( '', #3004 ) ;
#3011 = CARTESIAN_POINT ( 'NONE',  ( -0.1622749188031466500, 3.889999999999999700, 1.995065670055501800 ) ) ;
#3012 = DIRECTION ( 'NONE',  ( -1.000000000000000000, 0.0000000000000000000, 0.0000000000000000000 ) ) ;
#3013 = VECTOR ( 'NONE', #3012, 1000.000000000000000 ) ;
#3014 = CARTESIAN_POINT ( 'NONE',  ( -0.1551226300707522500, 3.889999999999999700, 1.995065670055501800 ) ) ;
#3015 = LINE ( 'NONE', #3014, #3013 ) ;
#3016 = PLANE ( 'NONE',  #3072 ) ;
#3017 =( GEOMETRIC_REPRESENTATION_CONTEXT ( 3 ) GLOBAL_UNCERTAINTY_ASSIGNED_CONTEXT ( ( #3018 ) ) GLOBAL_UNIT_ASSIGNED_CONTEXT ( ( #3021, #3020, #3019 ) ) REPRESENTATION_CONTEXT ( 'NONE', 'WORKASPACE' ) );
#3018 = UNCERTAINTY_MEASURE_WITH_UNIT (LENGTH_MEASURE( 1.000000000000000100E-005 ), #3021, 'distance_accuracy_value', 'NONE');
#3019 =( NAMED_UNIT ( * ) SI_UNIT ( $, .STERADIAN. ) SOLID_ANGLE_UNIT ( ) );
#3020 =( NAMED_UNIT ( * ) PLANE_ANGLE_UNIT ( ) SI_UNIT ( $, .RADIAN. ) );
#3021 =( LENGTH_UNIT ( ) NAMED_UNIT ( * ) SI_UNIT ( .MILLI., .METRE. ) );
#3022 = MECHANICAL_DESIGN_GEOMETRIC_PRESENTATION_REPRESENTATION (  '', ( #3024 ), #3017 ) ;
#3023 = PRESENTATION_LAYER_ASSIGNMENT (  '', '', ( #3024 ) ) ;
#3024 = STYLED_ITEM ( 'NONE', ( #3025 ), #769 ) ;
#3025 = PRESENTATION_STYLE_ASSIGNMENT (( #3026 ) ) ;
#3026 = SURFACE_STYLE_USAGE ( .BOTH. , #3027 ) ;
#3027 = SURFACE_SIDE_STYLE ('',( #3028 ) ) ;
#3028 = SURFACE_STYLE_FILL_AREA ( #3029 ) ;
#3029 = FILL_AREA_STYLE ('',( #3036 ) ) ;
#3030 = COLOUR_RGB ( '',1.000000000000000000, 1.000000000000000000, 1.000000000000000000 ) ;
#3031 = FACE_OUTER_BOUND ( 'NONE', #770, .T. ) ;
#3032 = DIRECTION ( 'NONE',  ( -0.0000000000000000000, 1.000000000000000000, -0.0000000000000000000 ) ) ;
#3033 = VECTOR ( 'NONE', #3032, 1000.000000000000000 ) ;
#3034 = CARTESIAN_POINT ( 'NONE',  ( 0.5727602924644589200, 3.889999999999999700, 3.054704754562544100 ) ) ;
#3035 = LINE ( 'NONE', #3034, #3033 ) ;
#3036 = FILL_AREA_STYLE_COLOUR ( '', #3030 ) ;
#3037 = CARTESIAN_POINT ( 'NONE',  ( 0.5727602924644589200, 3.889999999999999700, 3.054704754562544100 ) ) ;
#3038 = DIRECTION ( 'NONE',  ( -1.000000000000000000, 0.0000000000000000000, 0.0000000000000000000 ) ) ;
#3039 = VECTOR ( 'NONE', #3038, 1000.000000000000000 ) ;
#3040 = CARTESIAN_POINT ( 'NONE',  ( 0.9127690952813604100, 3.889999999999999700, 3.054704754562544100 ) ) ;
#3041 = LINE ( 'NONE', #3040, #3039 ) ;
#3042 = DIRECTION ( 'NONE',  ( -0.5662018424294001900, 0.0000000000000000000, 0.8242666277543647700 ) ) ;
#3043 = DIRECTION ( 'NONE',  ( -0.8242666277543648800, 0.0000000000000000000, -0.5662018424294003000 ) ) ;
#3044 = CARTESIAN_POINT ( 'NONE',  ( -0.1622749188031466500, 3.889999999999999700, 1.995065670055501800 ) ) ;
#3045 = AXIS2_PLACEMENT_3D ( 'NONE', #3044, #3043, #3042 ) ;
#3046 = UNCERTAINTY_MEASURE_WITH_UNIT (LENGTH_MEASURE( 1.000000000000000100E-005 ), #3049, 'distance_accuracy_value', 'NONE');
#3047 =( NAMED_UNIT ( * ) SI_UNIT ( $, .STERADIAN. ) SOLID_ANGLE_UNIT ( ) );
#3048 =( NAMED_UNIT ( * ) PLANE_ANGLE_UNIT ( ) SI_UNIT ( $, .RADIAN. ) );
#3049 =( LENGTH_UNIT ( ) NAMED_UNIT ( * ) SI_UNIT ( .MILLI., .METRE. ) );
#3050 = MECHANICAL_DESIGN_GEOMETRIC_PRESENTATION_REPRESENTATION (  '', ( #3052 ), #3099 ) ;
#3051 = PRESENTATION_LAYER_ASSIGNMENT (  '', '', ( #3052 ) ) ;
#3052 = STYLED_ITEM ( 'NONE', ( #3053 ), #780 ) ;
#3053 = PRESENTATION_STYLE_ASSIGNMENT (( #3054 ) ) ;
#3054 = SURFACE_STYLE_USAGE ( .BOTH. , #3055 ) ;
#3055 = SURFACE_SIDE_STYLE ('',( #3056 ) ) ;
#3056 = SURFACE_STYLE_FILL_AREA ( #3057 ) ;
#3057 = FILL_AREA_STYLE ('',( #3063 ) ) ;
#3058 = COLOUR_RGB ( '',1.000000000000000000, 1.000000000000000000, 1.000000000000000000 ) ;
#3059 = FACE_OUTER_BOUND ( 'NONE', #781, .T. ) ;
#3060 = DIRECTION ( 'NONE',  ( -0.0000000000000000000, 1.000000000000000000, -0.0000000000000000000 ) ) ;
#3061 = VECTOR ( 'NONE', #3060, 1000.000000000000000 ) ;
#3062 = CARTESIAN_POINT ( 'NONE',  ( -0.8472441089439917100, 3.889999999999999700, 0.5547047545625439800 ) ) ;
#3063 = FILL_AREA_STYLE_COLOUR ( '', #3058 ) ;
#3064 = LINE ( 'NONE', #3062, #3061 ) ;
#3065 = DIRECTION ( 'NONE',  ( 1.000000000000000000, 0.0000000000000000000, 0.0000000000000000000 ) ) ;
#3066 = VECTOR ( 'NONE', #3065, 1000.000000000000000 ) ;
#3067 = CARTESIAN_POINT ( 'NONE',  ( -1.180100623028498700, 3.889999999999999700, 0.5547047545625439800 ) ) ;
#3068 = DIRECTION ( 'NONE',  ( -0.5662018424294001900, 0.0000000000000000000, -0.8242666277543647700 ) ) ;
#3069 = DIRECTION ( 'NONE',  ( 0.8242666277543648800, 0.0000000000000000000, -0.5662018424294003000 ) ) ;
#3070 = LINE ( 'NONE', #3067, #3066 ) ;
#3071 = CARTESIAN_POINT ( 'NONE',  ( 0.5727602924644589200, 3.889999999999999700, 3.054704754562544100 ) ) ;
#3072 = AXIS2_PLACEMENT_3D ( 'NONE', #3071, #3069, #3068 ) ;
#3073 = PLANE ( 'NONE',  #3126 ) ;
#3074 =( GEOMETRIC_REPRESENTATION_CONTEXT ( 3 ) GLOBAL_UNCERTAINTY_ASSIGNED_CONTEXT ( ( #3075 ) ) GLOBAL_UNIT_ASSIGNED_CONTEXT ( ( #3078, #3077, #3076 ) ) REPRESENTATION_CONTEXT ( 'NONE', 'WORKASPACE' ) );
#3075 = UNCERTAINTY_MEASURE_WITH_UNIT (LENGTH_MEASURE( 1.000000000000000100E-005 ), #3078, 'distance_accuracy_value', 'NONE');
#3076 =( NAMED_UNIT ( * ) SI_UNIT ( $, .STERADIAN. ) SOLID_ANGLE_UNIT ( ) );
#3077 =( NAMED_UNIT ( * ) PLANE_ANGLE_UNIT ( ) SI_UNIT ( $, .RADIAN. ) );
#3078 =( LENGTH_UNIT ( ) NAMED_UNIT ( * ) SI_UNIT ( .MILLI., .METRE. ) );
#3079 = MECHANICAL_DESIGN_GEOMETRIC_PRESENTATION_REPRESENTATION (  '', ( #3081 ), #3074 ) ;
#3080 = PRESENTATION_LAYER_ASSIGNMENT (  '', '', ( #3081 ) ) ;
#3081 = STYLED_ITEM ( 'NONE', ( #3082 ), #787 ) ;
#3082 = PRESENTATION_STYLE_ASSIGNMENT (( #3083 ) ) ;
#3083 = SURFACE_STYLE_USAGE ( .BOTH. , #3084 ) ;
#3084 = SURFACE_SIDE_STYLE ('',( #3085 ) ) ;
#3085 = SURFACE_STYLE_FILL_AREA ( #3086 ) ;
#3086 = FILL_AREA_STYLE ('',( #3093 ) ) ;
#3087 = COLOUR_RGB ( '',1.000000000000000000, 1.000000000000000000, 1.000000000000000000 ) ;
#3088 = FACE_OUTER_BOUND ( 'NONE', #788, .T. ) ;
#3089 = DIRECTION ( 'NONE',  ( 0.5632671893086503800, 0.0000000000000000000, 0.8262748171451995700 ) ) ;
#3090 = VECTOR ( 'NONE', #3089, 1000.000000000000000 ) ;
#3091 = CARTESIAN_POINT ( 'NONE',  ( -0.8472441089439917100, 3.889999999999999700, 0.5547047545625439800 ) ) ;
#3092 = LINE ( 'NONE', #3091, #3090 ) ;
#3093 = FILL_AREA_STYLE_COLOUR ( '', #3087 ) ;
#3094 = DIRECTION ( 'NONE',  ( 0.5632671893086503800, 0.0000000000000000000, 0.8262748171451995700 ) ) ;
#3095 = DIRECTION ( 'NONE',  ( -0.8262748171451995700, 0.0000000000000000000, 0.5632671893086503800 ) ) ;
#3096 = CARTESIAN_POINT ( 'NONE',  ( -0.8472441089439917100, 3.889999999999999700, 0.5547047545625439800 ) ) ;
#3097 = AXIS2_PLACEMENT_3D ( 'NONE', #3096, #3095, #3094 ) ;
#3098 = PLANE ( 'NONE',  #3097 ) ;
#3099 =( GEOMETRIC_REPRESENTATION_CONTEXT ( 3 ) GLOBAL_UNCERTAINTY_ASSIGNED_CONTEXT ( ( #3046 ) ) GLOBAL_UNIT_ASSIGNED_CONTEXT ( ( #3049, #3048, #3047 ) ) REPRESENTATION_CONTEXT ( 'NONE', 'WORKASPACE' ) );
#3100 = VECTOR ( 'NONE', #3156, 1000.000000000000000 ) ;
#3101 = CARTESIAN_POINT ( 'NONE',  ( -0.3443831934510339100, 3.889999999999999700, 1.778296303858318600 ) ) ;
#3102 = LINE ( 'NONE', #3101, #3100 ) ;
#3103 = DIRECTION ( 'NONE',  ( -1.000000000000000000, -0.0000000000000000000, -0.0000000000000000000 ) ) ;
#3104 = DIRECTION ( 'NONE',  ( -0.5640048758647763200, 0.0000000000000000000, -0.8257714574873354900 ) ) ;
#3105 = DIRECTION ( 'NONE',  ( 0.8257714574873354900, 0.0000000000000000000, -0.5640048758647763200 ) ) ;
#3106 = CARTESIAN_POINT ( 'NONE',  ( -0.3443831934510339100, 3.889999999999999700, 1.778296303858318600 ) ) ;
#3107 = AXIS2_PLACEMENT_3D ( 'NONE', #3106, #3105, #3104 ) ;
#3108 = PLANE ( 'NONE',  #3107 ) ;
#3109 =( GEOMETRIC_REPRESENTATION_CONTEXT ( 3 ) GLOBAL_UNCERTAINTY_ASSIGNED_CONTEXT ( ( #3110 ) ) GLOBAL_UNIT_ASSIGNED_CONTEXT ( ( #3113, #3112, #3111 ) ) REPRESENTATION_CONTEXT ( 'NONE', 'WORKASPACE' ) );
#3110 = UNCERTAINTY_MEASURE_WITH_UNIT (LENGTH_MEASURE( 1.000000000000000100E-005 ), #3113, 'distance_accuracy_value', 'NONE');
#3111 =( NAMED_UNIT ( * ) SI_UNIT ( $, .STERADIAN. ) SOLID_ANGLE_UNIT ( ) );
#3112 =( NAMED_UNIT ( * ) PLANE_ANGLE_UNIT ( ) SI_UNIT ( $, .RADIAN. ) );
#3113 =( LENGTH_UNIT ( ) NAMED_UNIT ( * ) SI_UNIT ( .MILLI., .METRE. ) );
#3114 = MECHANICAL_DESIGN_GEOMETRIC_PRESENTATION_REPRESENTATION (  '', ( #3116 ), #3109 ) ;
#3115 = PRESENTATION_LAYER_ASSIGNMENT (  '', '', ( #3116 ) ) ;
#3116 = STYLED_ITEM ( 'NONE', ( #3117 ), #789 ) ;
#3117 = PRESENTATION_STYLE_ASSIGNMENT (( #3118 ) ) ;
#3118 = SURFACE_STYLE_USAGE ( .BOTH. , #3119 ) ;
#3119 = SURFACE_SIDE_STYLE ('',( #3120 ) ) ;
#3120 = SURFACE_STYLE_FILL_AREA ( #3121 ) ;
#3121 = FILL_AREA_STYLE ('',( #3128 ) ) ;
#3122 = COLOUR_RGB ( '',1.000000000000000000, 1.000000000000000000, 1.000000000000000000 ) ;
#3123 = DIRECTION ( 'NONE',  ( 0.0000000000000000000, -0.0000000000000000000, 1.000000000000000000 ) ) ;
#3124 = DIRECTION ( 'NONE',  ( -0.0000000000000000000, 1.000000000000000000, 0.0000000000000000000 ) ) ;
#3125 = CARTESIAN_POINT ( 'NONE',  ( -0.1490706934510338500, 3.889999999999999700, 1.567578874280853900 ) ) ;
#3126 = AXIS2_PLACEMENT_3D ( 'NONE', #3125, #3124, #3123 ) ;
#3127 = FACE_OUTER_BOUND ( 'NONE', #790, .T. ) ;
#3128 = FILL_AREA_STYLE_COLOUR ( '', #3122 ) ;
#3129 = DIRECTION ( 'NONE',  ( 1.000000000000000000, 0.0000000000000000000, 0.0000000000000000000 ) ) ;
#3130 = DIRECTION ( 'NONE',  ( -0.0000000000000000000, 0.0000000000000000000, 1.000000000000000000 ) ) ;
#3131 = CARTESIAN_POINT ( 'NONE',  ( -1.180100623028498700, 3.889999999999999700, 0.5547047545625439800 ) ) ;
#3132 = AXIS2_PLACEMENT_3D ( 'NONE', #3131, #3130, #3129 ) ;
#3133 = CARTESIAN_POINT ( 'NONE',  ( -0.8472441089439917100, 3.889999999999999700, 0.5547047545625439800 ) ) ;
#3134 = PLANE ( 'NONE',  #3132 ) ;
#3135 =( GEOMETRIC_REPRESENTATION_CONTEXT ( 3 ) GLOBAL_UNCERTAINTY_ASSIGNED_CONTEXT ( ( #3136 ) ) GLOBAL_UNIT_ASSIGNED_CONTEXT ( ( #3139, #3138, #3137 ) ) REPRESENTATION_CONTEXT ( 'NONE', 'WORKASPACE' ) );
#3136 = UNCERTAINTY_MEASURE_WITH_UNIT (LENGTH_MEASURE( 1.000000000000000100E-005 ), #3139, 'distance_accuracy_value', 'NONE');
#3137 =( NAMED_UNIT ( * ) SI_UNIT ( $, .STERADIAN. ) SOLID_ANGLE_UNIT ( ) );
#3138 =( NAMED_UNIT ( * ) PLANE_ANGLE_UNIT ( ) SI_UNIT ( $, .RADIAN. ) );
#3139 =( LENGTH_UNIT ( ) NAMED_UNIT ( * ) SI_UNIT ( .MILLI., .METRE. ) );
#3140 = MECHANICAL_DESIGN_GEOMETRIC_PRESENTATION_REPRESENTATION (  '', ( #3142 ), #3135 ) ;
#3141 = PRESENTATION_LAYER_ASSIGNMENT (  '', '', ( #3142 ) ) ;
#3142 = STYLED_ITEM ( 'NONE', ( #3143 ), #798 ) ;
#3143 = PRESENTATION_STYLE_ASSIGNMENT (( #3144 ) ) ;
#3144 = SURFACE_STYLE_USAGE ( .BOTH. , #3145 ) ;
#3145 = SURFACE_SIDE_STYLE ('',( #3146 ) ) ;
#3146 = SURFACE_STYLE_FILL_AREA ( #3147 ) ;
#3147 = FILL_AREA_STYLE ('',( #3154 ) ) ;
#3148 = COLOUR_RGB ( '',1.000000000000000000, 1.000000000000000000, 1.000000000000000000 ) ;
#3149 = FACE_OUTER_BOUND ( 'NONE', #799, .T. ) ;
#3150 = DIRECTION ( 'NONE',  ( -0.0000000000000000000, 1.000000000000000000, -0.0000000000000000000 ) ) ;
#3151 = VECTOR ( 'NONE', #3150, 1000.000000000000000 ) ;
#3152 = CARTESIAN_POINT ( 'NONE',  ( -1.180100623028498700, 3.889999999999999700, 0.5547047545625439800 ) ) ;
#3153 = LINE ( 'NONE', #3152, #3151 ) ;
#3154 = FILL_AREA_STYLE_COLOUR ( '', #3148 ) ;
#3155 = CARTESIAN_POINT ( 'NONE',  ( -1.180100623028498700, 3.889999999999999700, 0.5547047545625439800 ) ) ;
#3156 = DIRECTION ( 'NONE',  ( -0.5640048758647763200, 0.0000000000000000000, -0.8257714574873354900 ) ) ;
#3157 = FACE_OUTER_BOUND ( 'NONE', #882, .T. ) ;
#3158 = CARTESIAN_POINT ( 'NONE',  ( 1.500000000000000000, 0.0000000000000000000, -5.099999999999999600 ) ) ;
#3159 = DIRECTION ( 'NONE',  ( 0.5715618010866457800, 0.0000000000000000000, -0.8205590213620160800 ) ) ;
#3160 = DIRECTION ( 'NONE',  ( 0.8205590213620160800, 0.0000000000000000000, 0.5715618010866457800 ) ) ;
#3161 = CARTESIAN_POINT ( 'NONE',  ( -1.233467700493287500, 3.889999999999999700, 3.054704754562544100 ) ) ;
#3162 = AXIS2_PLACEMENT_3D ( 'NONE', #3161, #3160, #3159 ) ;
#3163 = CARTESIAN_POINT ( 'NONE',  ( 1.499999999999974000, 2.400000000000000400, -5.099999999999999600 ) ) ;
#3164 = PLANE ( 'NONE',  #3162 ) ;
#3165 =( GEOMETRIC_REPRESENTATION_CONTEXT ( 3 ) GLOBAL_UNCERTAINTY_ASSIGNED_CONTEXT ( ( #3166 ) ) GLOBAL_UNIT_ASSIGNED_CONTEXT ( ( #3169, #3168, #3167 ) ) REPRESENTATION_CONTEXT ( 'NONE', 'WORKASPACE' ) );
#3166 = UNCERTAINTY_MEASURE_WITH_UNIT (LENGTH_MEASURE( 1.000000000000000100E-005 ), #3169, 'distance_accuracy_value', 'NONE');
#3167 =( NAMED_UNIT ( * ) SI_UNIT ( $, .STERADIAN. ) SOLID_ANGLE_UNIT ( ) );
#3168 =( NAMED_UNIT ( * ) PLANE_ANGLE_UNIT ( ) SI_UNIT ( $, .RADIAN. ) );
#3169 =( LENGTH_UNIT ( ) NAMED_UNIT ( * ) SI_UNIT ( .MILLI., .METRE. ) );
#3170 = MECHANICAL_DESIGN_GEOMETRIC_PRESENTATION_REPRESENTATION (  '', ( #3172 ), #3165 ) ;
#3171 = PRESENTATION_LAYER_ASSIGNMENT (  '', '', ( #3172 ) ) ;
#3172 = STYLED_ITEM ( 'NONE', ( #3173 ), #806 ) ;
#3173 = PRESENTATION_STYLE_ASSIGNMENT (( #3174 ) ) ;
#3174 = SURFACE_STYLE_USAGE ( .BOTH. , #3175 ) ;
#3175 = SURFACE_SIDE_STYLE ('',( #3176 ) ) ;
#3176 = SURFACE_STYLE_FILL_AREA ( #3177 ) ;
#3177 = FILL_AREA_STYLE ('',( #3184 ) ) ;
#3178 = COLOUR_RGB ( '',1.000000000000000000, 1.000000000000000000, 1.000000000000000000 ) ;
#3179 = FACE_OUTER_BOUND ( 'NONE', #807, .T. ) ;
#3180 = DIRECTION ( 'NONE',  ( -0.0000000000000000000, 1.000000000000000000, -0.0000000000000000000 ) ) ;
#3181 = VECTOR ( 'NONE', #3180, 1000.000000000000000 ) ;
#3182 = CARTESIAN_POINT ( 'NONE',  ( -1.233467700493287500, 3.889999999999999700, 3.054704754562544100 ) ) ;
#3183 = LINE ( 'NONE', #3182, #3181 ) ;
#3184 = FILL_AREA_STYLE_COLOUR ( '', #3178 ) ;
#3185 = CARTESIAN_POINT ( 'NONE',  ( -1.233467700493287500, 3.889999999999999700, 3.054704754562544100 ) ) ;
#3186 = DIRECTION ( 'NONE',  ( -1.000000000000000000, -0.0000000000000000000, -0.0000000000000000000 ) ) ;
#3187 = VECTOR ( 'NONE', #3186, 1000.000000000000000 ) ;
#3188 = CARTESIAN_POINT ( 'NONE',  ( -5.100000000000000500, 3.899999999999999900, -5.099999999999999600 ) ) ;
#3189 = LINE ( 'NONE', #3188, #3187 ) ;
#3190 = DIRECTION ( 'NONE',  ( -1.000000000000000000, -2.551063935259974000E-016, -0.0000000000000000000 ) ) ;
#3191 = VECTOR ( 'NONE', #3190, 1000.000000000000000 ) ;
#3192 = CARTESIAN_POINT ( 'NONE',  ( 1.499999999999984900, 1.399999999999999900, -5.099999999999999600 ) ) ;
#3193 = LINE ( 'NONE', #3192, #3191 ) ;
#3194 = DIRECTION ( 'NONE',  ( 1.000000000000000000, 0.0000000000000000000, -0.0000000000000000000 ) ) ;
#3195 = DIRECTION ( 'NONE',  ( 0.0000000000000000000, 0.0000000000000000000, 1.000000000000000000 ) ) ;
#3196 = CARTESIAN_POINT ( 'NONE',  ( -5.100000000000000500, 3.899999999999999900, -5.099999999999999600 ) ) ;
#3197 = AXIS2_PLACEMENT_3D ( 'NONE', #3196, #3195, #3194 ) ;
#3198 = ORIENTED_EDGE ( 'NONE', *, *, #3761, .T. ) ;
#3199 = PLANE ( 'NONE',  #3197 ) ;
#3200 =( GEOMETRIC_REPRESENTATION_CONTEXT ( 3 ) GLOBAL_UNCERTAINTY_ASSIGNED_CONTEXT ( ( #3201 ) ) GLOBAL_UNIT_ASSIGNED_CONTEXT ( ( #3204, #3203, #3202 ) ) REPRESENTATION_CONTEXT ( 'NONE', 'WORKASPACE' ) );
#3201 = UNCERTAINTY_MEASURE_WITH_UNIT (LENGTH_MEASURE( 1.000000000000000100E-005 ), #3204, 'distance_accuracy_value', 'NONE');
#3202 =( NAMED_UNIT ( * ) SI_UNIT ( $, .STERADIAN. ) SOLID_ANGLE_UNIT ( ) );
#3203 =( NAMED_UNIT ( * ) PLANE_ANGLE_UNIT ( ) SI_UNIT ( $, .RADIAN. ) );
#3204 =( LENGTH_UNIT ( ) NAMED_UNIT ( * ) SI_UNIT ( .MILLI., .METRE. ) );
#3205 = MECHANICAL_DESIGN_GEOMETRIC_PRESENTATION_REPRESENTATION (  '', ( #3207 ), #3200 ) ;
#3206 = PRESENTATION_LAYER_ASSIGNMENT (  '', '', ( #3207 ) ) ;
#3207 = STYLED_ITEM ( 'NONE', ( #3208 ), #814 ) ;
#3208 = PRESENTATION_STYLE_ASSIGNMENT (( #3209 ) ) ;
#3209 = SURFACE_STYLE_USAGE ( .BOTH. , #3210 ) ;
#3210 = SURFACE_SIDE_STYLE ('',( #3211 ) ) ;
#3211 = SURFACE_STYLE_FILL_AREA ( #3212 ) ;
#3212 = FILL_AREA_STYLE ('',( #3213 ) ) ;
#3213 = FILL_AREA_STYLE_COLOUR ( '', #3214 ) ;
#3214 = COLOUR_RGB ( '',0.1921568627450980200, 0.2039215686274509800, 0.2039215686274509800 ) ;
#3215 = DIRECTION ( 'NONE',  ( 0.7071067811865463500, -0.0000000000000000000, 0.7071067811865487900 ) ) ;
#3216 = VECTOR ( 'NONE', #3215, 1000.000000000000000 ) ;
#3217 = CARTESIAN_POINT ( 'NONE',  ( 2.349999999999996100, 0.0000000000000000000, -5.099999999999999600 ) ) ;
#3218 = LINE ( 'NONE', #3217, #3216 ) ;
#3219 = CARTESIAN_POINT ( 'NONE',  ( 5.099999999999999600, 3.899999999999999900, -2.349999999999988500 ) ) ;
#3220 = DIRECTION ( 'NONE',  ( 0.7071067811865463500, 0.0000000000000000000, 0.7071067811865487900 ) ) ;
#3221 = DIRECTION ( 'NONE',  ( -0.7071067811865487900, 0.0000000000000000000, 0.7071067811865463500 ) ) ;
#3222 = CARTESIAN_POINT ( 'NONE',  ( 2.349999999999996100, 3.899999999999999900, -5.099999999999999600 ) ) ;
#3223 = AXIS2_PLACEMENT_3D ( 'NONE', #3222, #3221, #3220 ) ;
#3224 = PLANE ( 'NONE',  #3223 ) ;
#3225 =( GEOMETRIC_REPRESENTATION_CONTEXT ( 3 ) GLOBAL_UNCERTAINTY_ASSIGNED_CONTEXT ( ( #3226 ) ) GLOBAL_UNIT_ASSIGNED_CONTEXT ( ( #3229, #3228, #3227 ) ) REPRESENTATION_CONTEXT ( 'NONE', 'WORKASPACE' ) );
#3226 = UNCERTAINTY_MEASURE_WITH_UNIT (LENGTH_MEASURE( 1.000000000000000100E-005 ), #3229, 'distance_accuracy_value', 'NONE');
#3227 =( NAMED_UNIT ( * ) SI_UNIT ( $, .STERADIAN. ) SOLID_ANGLE_UNIT ( ) );
#3228 =( NAMED_UNIT ( * ) PLANE_ANGLE_UNIT ( ) SI_UNIT ( $, .RADIAN. ) );
#3229 =( LENGTH_UNIT ( ) NAMED_UNIT ( * ) SI_UNIT ( .MILLI., .METRE. ) );
#3230 = MECHANICAL_DESIGN_GEOMETRIC_PRESENTATION_REPRESENTATION (  '', ( #3232 ), #3225 ) ;
#3231 = PRESENTATION_LAYER_ASSIGNMENT (  '', '', ( #3232 ) ) ;
#3232 = STYLED_ITEM ( 'NONE', ( #3233 ), #824 ) ;
#3233 = PRESENTATION_STYLE_ASSIGNMENT (( #3234 ) ) ;
#3234 = SURFACE_STYLE_USAGE ( .BOTH. , #3235 ) ;
#3235 = SURFACE_SIDE_STYLE ('',( #3236 ) ) ;
#3236 = SURFACE_STYLE_FILL_AREA ( #3237 ) ;
#3237 = FILL_AREA_STYLE ('',( #3238 ) ) ;
#3238 = FILL_AREA_STYLE_COLOUR ( '', #3239 ) ;
#3239 = COLOUR_RGB ( '',0.1921568627450980200, 0.2039215686274509800, 0.2039215686274509800 ) ;
#3240 = FACE_OUTER_BOUND ( 'NONE', #821, .T. ) ;
#3241 = CARTESIAN_POINT ( 'NONE',  ( 2.349999999999997400, 2.400000000000000400, -5.100000000000000500 ) ) ;
#3242 = CARTESIAN_POINT ( 'NONE',  ( 3.834924240491746100, 1.399999999999999900, -3.615075759508247400 ) ) ;
#3243 = LINE ( 'NONE', #3300, #3299 ) ;
#3244 = CARTESIAN_POINT ( 'NONE',  ( 5.099999999999999600, 0.0000000000000000000, -2.349999999999987200 ) ) ;
#3245 = DIRECTION ( 'NONE',  ( 0.0000000000000000000, -1.000000000000000000, 0.0000000000000000000 ) ) ;
#3246 = VECTOR ( 'NONE', #3245, 1000.000000000000000 ) ;
#3247 = CARTESIAN_POINT ( 'NONE',  ( 2.349999999999996100, 3.899999999999999900, -5.099999999999999600 ) ) ;
#3248 = LINE ( 'NONE', #3247, #3246 ) ;
#3249 = DIRECTION ( 'NONE',  ( 0.0000000000000000000, 1.000000000000000000, 0.0000000000000000000 ) ) ;
#3250 = VECTOR ( 'NONE', #3249, 1000.000000000000000 ) ;
#3251 = CARTESIAN_POINT ( 'NONE',  ( 5.099999999999999600, 3.899999999999999900, -2.349999999999987200 ) ) ;
#3252 = LINE ( 'NONE', #3251, #3250 ) ;
#3253 = DIRECTION ( 'NONE',  ( -0.7071067811865463500, 0.0000000000000000000, -0.7071067811865487900 ) ) ;
#3254 = VECTOR ( 'NONE', #3253, 1000.000000000000000 ) ;
#3255 = CARTESIAN_POINT ( 'NONE',  ( 3.725000000000011200, 3.899999999999999900, -3.724999999999981000 ) ) ;
#3256 = LINE ( 'NONE', #3255, #3254 ) ;
#3257 = CARTESIAN_POINT ( 'NONE',  ( 3.834924240491746100, 2.399999999999999500, -3.615075759508247400 ) ) ;
#3258 = DIRECTION ( 'NONE',  ( -0.0000000000000000000, -1.000000000000000000, -0.0000000000000000000 ) ) ;
#3259 = VECTOR ( 'NONE', #3258, 1000.000000000000000 ) ;
#3260 = CARTESIAN_POINT ( 'NONE',  ( 3.834924240491746100, 1.399999999999999900, -3.615075759508247400 ) ) ;
#3261 = LINE ( 'NONE', #3260, #3259 ) ;
#3262 = DIRECTION ( 'NONE',  ( 1.000000000000000000, 0.0000000000000000000, 0.0000000000000000000 ) ) ;
#3263 = VECTOR ( 'NONE', #3262, 1000.000000000000000 ) ;
#3264 = CARTESIAN_POINT ( 'NONE',  ( -1.180100623028498700, 3.899999999999999900, 0.5547047545625439800 ) ) ;
#3265 = LINE ( 'NONE', #3264, #3263 ) ;
#3266 = DIRECTION ( 'NONE',  ( 0.7071067811865464600, -4.130293990420966400E-016, 0.7071067811865486800 ) ) ;
#3267 = VECTOR ( 'NONE', #3266, 999.9999999999998900 ) ;
#3268 = CARTESIAN_POINT ( 'NONE',  ( 2.349999999999997400, 2.400000000000000400, -5.100000000000000500 ) ) ;
#3269 = LINE ( 'NONE', #3268, #3267 ) ;
#3270 = CARTESIAN_POINT ( 'NONE',  ( 2.349999999999995600, 3.899999999999999900, -5.100000000000000500 ) ) ;
#3271 = CARTESIAN_POINT ( 'NONE',  ( 2.349999999999994300, 0.0000000000000000000, -5.100000000000000500 ) ) ;
#3272 = DIRECTION ( 'NONE',  ( 0.7071067811865489100, 0.0000000000000000000, -0.7071067811865462400 ) ) ;
#3273 = CARTESIAN_POINT ( 'NONE',  ( -2.349999999999996500, 3.899999999999999900, 5.099999999999999600 ) ) ;
#3274 = AXIS2_PLACEMENT_3D ( 'NONE', #3273, #3272, #3332 ) ;
#3275 = CARTESIAN_POINT ( 'NONE',  ( 1.500000000000000400, 0.0000000000000000000, -3.799999999999998900 ) ) ;
#3276 = PLANE ( 'NONE',  #3274 ) ;
#3277 =( GEOMETRIC_REPRESENTATION_CONTEXT ( 3 ) GLOBAL_UNCERTAINTY_ASSIGNED_CONTEXT ( ( #3278 ) ) GLOBAL_UNIT_ASSIGNED_CONTEXT ( ( #3281, #3280, #3279 ) ) REPRESENTATION_CONTEXT ( 'NONE', 'WORKASPACE' ) );
#3278 = UNCERTAINTY_MEASURE_WITH_UNIT (LENGTH_MEASURE( 1.000000000000000100E-005 ), #3281, 'distance_accuracy_value', 'NONE');
#3279 =( NAMED_UNIT ( * ) SI_UNIT ( $, .STERADIAN. ) SOLID_ANGLE_UNIT ( ) );
#3280 =( NAMED_UNIT ( * ) PLANE_ANGLE_UNIT ( ) SI_UNIT ( $, .RADIAN. ) );
#3281 =( LENGTH_UNIT ( ) NAMED_UNIT ( * ) SI_UNIT ( .MILLI., .METRE. ) );
#3282 = MECHANICAL_DESIGN_GEOMETRIC_PRESENTATION_REPRESENTATION (  '', ( #3284 ), #3277 ) ;
#3283 = PRESENTATION_LAYER_ASSIGNMENT (  '', '', ( #3284 ) ) ;
#3284 = STYLED_ITEM ( 'NONE', ( #3285 ), #855 ) ;
#3285 = PRESENTATION_STYLE_ASSIGNMENT (( #3286 ) ) ;
#3286 = SURFACE_STYLE_USAGE ( .BOTH. , #3287 ) ;
#3287 = SURFACE_SIDE_STYLE ('',( #3288 ) ) ;
#3288 = SURFACE_STYLE_FILL_AREA ( #3289 ) ;
#3289 = FILL_AREA_STYLE ('',( #3296 ) ) ;
#3290 = COLOUR_RGB ( '',0.1921568627450980200, 0.2039215686274509800, 0.2039215686274509800 ) ;
#3291 = FACE_OUTER_BOUND ( 'NONE', #857, .T. ) ;
#3292 = DIRECTION ( 'NONE',  ( 1.089623183347932000E-014, -1.000000000000000000, -0.0000000000000000000 ) ) ;
#3293 = VECTOR ( 'NONE', #3292, 1000.000000000000000 ) ;
#3294 = CARTESIAN_POINT ( 'NONE',  ( 1.500000000000001100, -0.1000000000000000100, -5.149999999999999500 ) ) ;
#3295 = LINE ( 'NONE', #3294, #3293 ) ;
#3296 = FILL_AREA_STYLE_COLOUR ( '', #3290 ) ;
#3297 = CARTESIAN_POINT ( 'NONE',  ( 2.349999999999997000, 1.400000000000000100, -5.099999999999999600 ) ) ;
#3298 = DIRECTION ( 'NONE',  ( 0.0000000000000000000, -1.000000000000000000, 0.0000000000000000000 ) ) ;
#3299 = VECTOR ( 'NONE', #3298, 1000.000000000000000 ) ;
#3300 = CARTESIAN_POINT ( 'NONE',  ( 2.349999999999996100, 3.899999999999999900, -5.099999999999999600 ) ) ;
#3301 = UNCERTAINTY_MEASURE_WITH_UNIT (LENGTH_MEASURE( 1.000000000000000100E-005 ), #3304, 'distance_accuracy_value', 'NONE');
#3302 =( NAMED_UNIT ( * ) SI_UNIT ( $, .STERADIAN. ) SOLID_ANGLE_UNIT ( ) );
#3303 =( NAMED_UNIT ( * ) PLANE_ANGLE_UNIT ( ) SI_UNIT ( $, .RADIAN. ) );
#3304 =( LENGTH_UNIT ( ) NAMED_UNIT ( * ) SI_UNIT ( .MILLI., .METRE. ) );
#3305 = MECHANICAL_DESIGN_GEOMETRIC_PRESENTATION_REPRESENTATION (  '', ( #3307 ), #3360 ) ;
#3306 = PRESENTATION_LAYER_ASSIGNMENT (  '', '', ( #3307 ) ) ;
#3307 = STYLED_ITEM ( 'NONE', ( #3308 ), #868 ) ;
#3308 = PRESENTATION_STYLE_ASSIGNMENT (( #3309 ) ) ;
#3309 = SURFACE_STYLE_USAGE ( .BOTH. , #3310 ) ;
#3310 = SURFACE_SIDE_STYLE ('',( #3311 ) ) ;
#3311 = SURFACE_STYLE_FILL_AREA ( #3312 ) ;
#3312 = FILL_AREA_STYLE ('',( #3314 ) ) ;
#3313 = COLOUR_RGB ( '',0.8274509803921568100, 0.8392156862745098200, 0.8274509803921568100 ) ;
#3314 = FILL_AREA_STYLE_COLOUR ( '', #3313 ) ;
#3315 = FACE_OUTER_BOUND ( 'NONE', #867, .T. ) ;
#3316 = CARTESIAN_POINT ( 'NONE',  ( 1.499999999999984900, 1.399999999999999900, -5.149999999999999500 ) ) ;
#3317 = DIRECTION ( 'NONE',  ( -0.0000000000000000000, -0.0000000000000000000, 1.000000000000000000 ) ) ;
#3318 = VECTOR ( 'NONE', #3317, 1000.000000000000000 ) ;
#3319 = CARTESIAN_POINT ( 'NONE',  ( 1.499999999999984900, 1.399999999999999900, -5.149999999999999500 ) ) ;
#3320 = LINE ( 'NONE', #3319, #3318 ) ;
#3321 = DIRECTION ( 'NONE',  ( 0.0000000000000000000, -1.000000000000000000, 0.0000000000000000000 ) ) ;
#3322 = VECTOR ( 'NONE', #3321, 1000.000000000000000 ) ;
#3323 = CARTESIAN_POINT ( 'NONE',  ( -3.834924240491745600, 2.400000000000000400, 3.615075759508246100 ) ) ;
#3324 = LINE ( 'NONE', #3323, #3322 ) ;
#3325 = ORIENTED_EDGE ( 'NONE', *, *, #832, .T. ) ;
#3326 = CARTESIAN_POINT ( 'NONE',  ( -3.834924240491745600, 2.400000000000000400, 3.615075759508246100 ) ) ;
#3327 = CARTESIAN_POINT ( 'NONE',  ( 1.500000000000000400, -0.1000000000000000100, -3.799999999999998900 ) ) ;
#3328 = DIRECTION ( 'NONE',  ( -0.0000000000000000000, 1.000000000000000000, -0.0000000000000000000 ) ) ;
#3329 = VECTOR ( 'NONE', #3328, 1000.000000000000000 ) ;
#3330 = CARTESIAN_POINT ( 'NONE',  ( 1.500000000000000400, -0.1000000000000000100, -3.799999999999998900 ) ) ;
#3331 = LINE ( 'NONE', #3330, #3329 ) ;
#3332 = DIRECTION ( 'NONE',  ( -0.7071067811865462400, 0.0000000000000000000, -0.7071067811865489100 ) ) ;
#3333 = VECTOR ( 'NONE', #3103, 1000.000000000000000 ) ;
#3334 = CARTESIAN_POINT ( 'NONE',  ( -5.100000000000000500, 0.0000000000000000000, -5.099999999999999600 ) ) ;
#3335 = LINE ( 'NONE', #3334, #3333 ) ;
#3336 = STYLED_ITEM ( 'NONE', ( #3575 ), #3760 ) ;
#3337 = CARTESIAN_POINT ( 'NONE',  ( 1.499999999999974000, 2.400000000000000400, -5.149999999999999500 ) ) ;
#3338 = DIRECTION ( 'NONE',  ( -5.560011140951304800E-017, -1.000000000000000000, 0.0000000000000000000 ) ) ;
#3339 = VECTOR ( 'NONE', #3338, 1000.000000000000000 ) ;
#3340 = CARTESIAN_POINT ( 'NONE',  ( 1.499999999999999800, 3.900000000000000400, -5.099999999999999600 ) ) ;
#3341 = LINE ( 'NONE', #3340, #3339 ) ;
#3342 = DIRECTION ( 'NONE',  ( 1.000000000000000000, 0.0000000000000000000, 0.0000000000000000000 ) ) ;
#3343 = VECTOR ( 'NONE', #3342, 1000.000000000000000 ) ;
#3344 = CARTESIAN_POINT ( 'NONE',  ( 1.499999999999974000, 2.400000000000000400, -5.099999999999999600 ) ) ;
#3345 = LINE ( 'NONE', #3344, #3343 ) ;
#3346 = DIRECTION ( 'NONE',  ( -0.0000000000000000000, -0.0000000000000000000, 1.000000000000000000 ) ) ;
#3347 = VECTOR ( 'NONE', #3346, 1000.000000000000000 ) ;
#3348 = CARTESIAN_POINT ( 'NONE',  ( 1.499999999999957600, 3.900000000000000400, -5.149999999999999500 ) ) ;
#3349 = LINE ( 'NONE', #3348, #3347 ) ;
#3350 = CARTESIAN_POINT ( 'NONE',  ( 1.499999999999957600, 3.900000000000000400, -5.149999999999999500 ) ) ;
#3351 = DIRECTION ( 'NONE',  ( 1.089623183347932000E-014, -1.000000000000000000, -0.0000000000000000000 ) ) ;
#3352 = VECTOR ( 'NONE', #3351, 1000.000000000000000 ) ;
#3353 = CARTESIAN_POINT ( 'NONE',  ( 1.500000000000001100, -0.1000000000000000100, -5.149999999999999500 ) ) ;
#3354 = LINE ( 'NONE', #3353, #3352 ) ;
#3355 = DIRECTION ( 'NONE',  ( -5.421010862427522200E-016, 0.0000000000000000000, 1.000000000000000000 ) ) ;
#3356 = DIRECTION ( 'NONE',  ( -1.000000000000000000, 0.0000000000000000000, -5.421010862427522200E-016 ) ) ;
#3357 = CARTESIAN_POINT ( 'NONE',  ( 1.500000000000001100, -0.1000000000000000100, -4.999999999999999100 ) ) ;
#3358 = AXIS2_PLACEMENT_3D ( 'NONE', #3357, #3356, #3355 ) ;
#3359 = PLANE ( 'NONE',  #3358 ) ;
#3360 =( GEOMETRIC_REPRESENTATION_CONTEXT ( 3 ) GLOBAL_UNCERTAINTY_ASSIGNED_CONTEXT ( ( #3301 ) ) GLOBAL_UNIT_ASSIGNED_CONTEXT ( ( #3304, #3303, #3302 ) ) REPRESENTATION_CONTEXT ( 'NONE', 'WORKASPACE' ) );
#3361 = PLANE ( 'NONE',  #3412 ) ;
#3362 =( GEOMETRIC_REPRESENTATION_CONTEXT ( 3 ) GLOBAL_UNCERTAINTY_ASSIGNED_CONTEXT ( ( #3363 ) ) GLOBAL_UNIT_ASSIGNED_CONTEXT ( ( #3366, #3365, #3364 ) ) REPRESENTATION_CONTEXT ( 'NONE', 'WORKASPACE' ) );
#3363 = UNCERTAINTY_MEASURE_WITH_UNIT (LENGTH_MEASURE( 1.000000000000000100E-005 ), #3366, 'distance_accuracy_value', 'NONE');
#3364 =( NAMED_UNIT ( * ) SI_UNIT ( $, .STERADIAN. ) SOLID_ANGLE_UNIT ( ) );
#3365 =( NAMED_UNIT ( * ) PLANE_ANGLE_UNIT ( ) SI_UNIT ( $, .RADIAN. ) );
#3366 =( LENGTH_UNIT ( ) NAMED_UNIT ( * ) SI_UNIT ( .MILLI., .METRE. ) );
#3367 = MECHANICAL_DESIGN_GEOMETRIC_PRESENTATION_REPRESENTATION (  '', ( #3369 ), #3362 ) ;
#3368 = PRESENTATION_LAYER_ASSIGNMENT (  '', '', ( #3369 ) ) ;
#3369 = STYLED_ITEM ( 'NONE', ( #3370 ), #888 ) ;
#3370 = PRESENTATION_STYLE_ASSIGNMENT (( #3371 ) ) ;
#3371 = SURFACE_STYLE_USAGE ( .BOTH. , #3372 ) ;
#3372 = SURFACE_SIDE_STYLE ('',( #3373 ) ) ;
#3373 = SURFACE_STYLE_FILL_AREA ( #3374 ) ;
#3374 = FILL_AREA_STYLE ('',( #3375 ) ) ;
#3375 = FILL_AREA_STYLE_COLOUR ( '', #3376 ) ;
#3376 = COLOUR_RGB ( '',0.8274509803921568100, 0.8392156862745098200, 0.8274509803921568100 ) ;
#3377 = FACE_OUTER_BOUND ( 'NONE', #879, .T. ) ;
#3378 = CARTESIAN_POINT ( 'NONE',  ( 1.499999999999984900, 1.399999999999999900, -5.099999999999999600 ) ) ;
#3379 = DIRECTION ( 'NONE',  ( -0.7071067811865464600, 1.032573497605241600E-016, -0.7071067811865486800 ) ) ;
#3380 = VECTOR ( 'NONE', #3379, 999.9999999999998900 ) ;
#3381 = CARTESIAN_POINT ( 'NONE',  ( 2.349999999999997400, 1.400000000000000100, -5.100000000000000500 ) ) ;
#3382 = LINE ( 'NONE', #3381, #3380 ) ;
#3383 = CARTESIAN_POINT ( 'NONE',  ( 1.499999999999957600, 3.900000000000000400, -5.099999999999999600 ) ) ;
#3384 = DIRECTION ( 'NONE',  ( -5.560011140951304800E-017, -1.000000000000000000, 0.0000000000000000000 ) ) ;
#3385 = VECTOR ( 'NONE', #3384, 1000.000000000000000 ) ;
#3386 = CARTESIAN_POINT ( 'NONE',  ( 1.499999999999999800, 3.900000000000000400, -5.099999999999999600 ) ) ;
#3387 = LINE ( 'NONE', #3386, #3385 ) ;
#3388 = PLANE ( 'NONE',  #3447 ) ;
#3389 =( GEOMETRIC_REPRESENTATION_CONTEXT ( 3 ) GLOBAL_UNCERTAINTY_ASSIGNED_CONTEXT ( ( #3390 ) ) GLOBAL_UNIT_ASSIGNED_CONTEXT ( ( #3393, #3392, #3391 ) ) REPRESENTATION_CONTEXT ( 'NONE', 'WORKASPACE' ) );
#3390 = UNCERTAINTY_MEASURE_WITH_UNIT (LENGTH_MEASURE( 1.000000000000000100E-005 ), #3393, 'distance_accuracy_value', 'NONE');
#3391 =( NAMED_UNIT ( * ) SI_UNIT ( $, .STERADIAN. ) SOLID_ANGLE_UNIT ( ) );
#3392 =( NAMED_UNIT ( * ) PLANE_ANGLE_UNIT ( ) SI_UNIT ( $, .RADIAN. ) );
#3393 =( LENGTH_UNIT ( ) NAMED_UNIT ( * ) SI_UNIT ( .MILLI., .METRE. ) );
#3394 = MECHANICAL_DESIGN_GEOMETRIC_PRESENTATION_REPRESENTATION (  '', ( #3396 ), #3389 ) ;
#3395 = PRESENTATION_LAYER_ASSIGNMENT (  '', '', ( #3396 ) ) ;
#3396 = STYLED_ITEM ( 'NONE', ( #3397 ), #891 ) ;
#3397 = PRESENTATION_STYLE_ASSIGNMENT (( #3398 ) ) ;
#3398 = SURFACE_STYLE_USAGE ( .BOTH. , #3399 ) ;
#3399 = SURFACE_SIDE_STYLE ('',( #3400 ) ) ;
#3400 = SURFACE_STYLE_FILL_AREA ( #3401 ) ;
#3401 = FILL_AREA_STYLE ('',( #3408 ) ) ;
#3402 = COLOUR_RGB ( '',0.1921568627450980200, 0.2039215686274509800, 0.2039215686274509800 ) ;
#3403 = FACE_OUTER_BOUND ( 'NONE', #811, .T. ) ;
#3404 = DIRECTION ( 'NONE',  ( -0.0000000000000000000, -0.0000000000000000000, 1.000000000000000000 ) ) ;
#3405 = VECTOR ( 'NONE', #3404, 1000.000000000000000 ) ;
#3406 = CARTESIAN_POINT ( 'NONE',  ( 1.499999999999974000, 2.400000000000000400, -5.149999999999999500 ) ) ;
#3407 = LINE ( 'NONE', #3406, #3405 ) ;
#3408 = FILL_AREA_STYLE_COLOUR ( '', #3402 ) ;
#3409 = DIRECTION ( 'NONE',  ( -5.421010862427522200E-016, 0.0000000000000000000, 1.000000000000000000 ) ) ;
#3410 = DIRECTION ( 'NONE',  ( -1.000000000000000000, 0.0000000000000000000, -5.421010862427522200E-016 ) ) ;
#3411 = CARTESIAN_POINT ( 'NONE',  ( 1.500000000000001100, -0.1000000000000000100, -4.999999999999999100 ) ) ;
#3412 = AXIS2_PLACEMENT_3D ( 'NONE', #3411, #3410, #3409 ) ;
#3413 = UNCERTAINTY_MEASURE_WITH_UNIT (LENGTH_MEASURE( 1.000000000000000100E-005 ), #3416, 'distance_accuracy_value', 'NONE');
#3414 =( NAMED_UNIT ( * ) SI_UNIT ( $, .STERADIAN. ) SOLID_ANGLE_UNIT ( ) );
#3415 =( NAMED_UNIT ( * ) PLANE_ANGLE_UNIT ( ) SI_UNIT ( $, .RADIAN. ) );
#3416 =( LENGTH_UNIT ( ) NAMED_UNIT ( * ) SI_UNIT ( .MILLI., .METRE. ) );
#3417 = MECHANICAL_DESIGN_GEOMETRIC_PRESENTATION_REPRESENTATION (  '', ( #3419 ), #3474 ) ;
#3418 = PRESENTATION_LAYER_ASSIGNMENT (  '', '', ( #3419 ) ) ;
#3419 = STYLED_ITEM ( 'NONE', ( #3420 ), #905 ) ;
#3420 = PRESENTATION_STYLE_ASSIGNMENT (( #3421 ) ) ;
#3421 = SURFACE_STYLE_USAGE ( .BOTH. , #3422 ) ;
#3422 = SURFACE_SIDE_STYLE ('',( #3423 ) ) ;
#3423 = SURFACE_STYLE_FILL_AREA ( #3424 ) ;
#3424 = FILL_AREA_STYLE ('',( #3431 ) ) ;
#3425 = COLOUR_RGB ( '',0.1921568627450980200, 0.2039215686274509800, 0.2039215686274509800 ) ;
#3426 = FACE_OUTER_BOUND ( 'NONE', #906, .T. ) ;
#3427 = DIRECTION ( 'NONE',  ( 0.7071067811865464600, 0.0000000000000000000, 0.7071067811865486800 ) ) ;
#3428 = VECTOR ( 'NONE', #3427, 999.9999999999998900 ) ;
#3429 = CARTESIAN_POINT ( 'NONE',  ( -3.834924240491745600, 1.399999999999999900, 3.615075759508246100 ) ) ;
#3430 = LINE ( 'NONE', #3429, #3428 ) ;
#3431 = FILL_AREA_STYLE_COLOUR ( '', #3425 ) ;
#3432 = CARTESIAN_POINT ( 'NONE',  ( -1.500000000000000200, 1.399999999999999900, 5.099999999999999600 ) ) ;
#3433 = DIRECTION ( 'NONE',  ( 1.000000000000000000, -0.0000000000000000000, -0.0000000000000000000 ) ) ;
#3434 = VECTOR ( 'NONE', #3433, 1000.000000000000000 ) ;
#3435 = CARTESIAN_POINT ( 'NONE',  ( -1.500000000000000200, 1.399999999999999900, 5.099999999999999600 ) ) ;
#3436 = LINE ( 'NONE', #3435, #3434 ) ;
#3437 = CARTESIAN_POINT ( 'NONE',  ( -0.3443831934510339100, 3.899999999999999900, 1.778296303858318600 ) ) ;
#3438 = CARTESIAN_POINT ( 'NONE',  ( -1.180100623028498700, 3.899999999999999900, 0.5547047545625439800 ) ) ;
#3439 = DIRECTION ( 'NONE',  ( -0.5640048758647763200, 0.0000000000000000000, -0.8257714574873354900 ) ) ;
#3440 = VECTOR ( 'NONE', #3439, 1000.000000000000000 ) ;
#3441 = CARTESIAN_POINT ( 'NONE',  ( -0.3443831934510339100, 3.899999999999999900, 1.778296303858318600 ) ) ;
#3442 = LINE ( 'NONE', #3441, #3440 ) ;
#3443 = CARTESIAN_POINT ( 'NONE',  ( -1.233467700493287500, 3.899999999999999900, 3.054704754562544100 ) ) ;
#3444 = DIRECTION ( 'NONE',  ( 1.000000000000000000, 0.0000000000000000000, -0.0000000000000000000 ) ) ;
#3445 = DIRECTION ( 'NONE',  ( 0.0000000000000000000, 0.0000000000000000000, 1.000000000000000000 ) ) ;
#3446 = CARTESIAN_POINT ( 'NONE',  ( -5.100000000000000500, 3.899999999999999900, -5.099999999999999600 ) ) ;
#3447 = AXIS2_PLACEMENT_3D ( 'NONE', #3446, #3445, #3444 ) ;
#3448 = CARTESIAN_POINT ( 'NONE',  ( -2.349999999999997000, 3.899999999999999900, 5.099999999999999600 ) ) ;
#3449 = DIRECTION ( 'NONE',  ( 0.0000000000000000000, -1.000000000000000000, 0.0000000000000000000 ) ) ;
#3450 = VECTOR ( 'NONE', #3449, 1000.000000000000000 ) ;
#3451 = CARTESIAN_POINT ( 'NONE',  ( -2.349999999999996500, 3.899999999999999900, 5.099999999999999600 ) ) ;
#3452 = LINE ( 'NONE', #3451, #3450 ) ;
#3453 = DIRECTION ( 'NONE',  ( -0.7071067811865462400, 0.0000000000000000000, -0.7071067811865489100 ) ) ;
#3454 = VECTOR ( 'NONE', #3453, 999.9999999999998900 ) ;
#3455 = CARTESIAN_POINT ( 'NONE',  ( -2.349999999999996500, 0.0000000000000000000, 5.099999999999999600 ) ) ;
#3456 = LINE ( 'NONE', #3455, #3454 ) ;
#3457 = EDGE_LOOP ( 'NONE', ( #3500, #3480, #3198, #3754 ) ) ;
#3458 = DIRECTION ( 'NONE',  ( 0.0000000000000000000, -1.000000000000000000, 0.0000000000000000000 ) ) ;
#3459 = VECTOR ( 'NONE', #3458, 1000.000000000000000 ) ;
#3460 = CARTESIAN_POINT ( 'NONE',  ( -2.349999999999996500, 3.899999999999999900, 5.099999999999999600 ) ) ;
#3461 = LINE ( 'NONE', #3460, #3459 ) ;
#3462 = CARTESIAN_POINT ( 'NONE',  ( -2.349999999999996500, 0.0000000000000000000, 5.099999999999999600 ) ) ;
#3463 = CARTESIAN_POINT ( 'NONE',  ( -5.099999999999999600, 0.0000000000000000000, 2.349999999999986800 ) ) ;
#3464 = DIRECTION ( 'NONE',  ( 0.0000000000000000000, 1.000000000000000000, 0.0000000000000000000 ) ) ;
#3465 = VECTOR ( 'NONE', #3464, 1000.000000000000000 ) ;
#3466 = CARTESIAN_POINT ( 'NONE',  ( -5.099999999999999600, 3.899999999999999900, 2.349999999999986800 ) ) ;
#3467 = LINE ( 'NONE', #3466, #3465 ) ;
#3468 = CARTESIAN_POINT ( 'NONE',  ( -2.349999999999996100, 1.399999999999999900, 5.099999999999999600 ) ) ;
#3469 = DIRECTION ( 'NONE',  ( -1.000000000000000000, 0.0000000000000000000, -0.0000000000000000000 ) ) ;
#3470 = DIRECTION ( 'NONE',  ( 0.0000000000000000000, 0.0000000000000000000, -1.000000000000000000 ) ) ;
#3471 = CARTESIAN_POINT ( 'NONE',  ( -5.099999999999998800, 3.899999999999999900, 5.099999999999999600 ) ) ;
#3472 = AXIS2_PLACEMENT_3D ( 'NONE', #3471, #3470, #3469 ) ;
#3473 = PLANE ( 'NONE',  #3472 ) ;
#3474 =( GEOMETRIC_REPRESENTATION_CONTEXT ( 3 ) GLOBAL_UNCERTAINTY_ASSIGNED_CONTEXT ( ( #3413 ) ) GLOBAL_UNIT_ASSIGNED_CONTEXT ( ( #3416, #3415, #3414 ) ) REPRESENTATION_CONTEXT ( 'NONE', 'WORKASPACE' ) );
#3475 = VERTEX_POINT ( 'NONE', #3522 ) ;
#3476 = DIRECTION ( 'NONE',  ( 5.560011140951304800E-017, -1.000000000000000000, 0.0000000000000000000 ) ) ;
#3477 = VECTOR ( 'NONE', #3476, 1000.000000000000000 ) ;
#3478 = CARTESIAN_POINT ( 'NONE',  ( -1.499999999999999800, 3.900000000000000400, 5.099999999999999600 ) ) ;
#3479 = LINE ( 'NONE', #3478, #3477 ) ;
#3480 = ORIENTED_EDGE ( 'NONE', *, *, #3516, .F. ) ;
#3481 = CARTESIAN_POINT ( 'NONE',  ( -1.500000000000000200, 0.0000000000000000000, 5.099999999999999600 ) ) ;
#3482 = CARTESIAN_POINT ( 'NONE',  ( 1.500000000000001100, -0.1000000000000000100, -5.149999999999999500 ) ) ;
#3483 = CARTESIAN_POINT ( 'NONE',  ( -3.834924240491745600, 1.399999999999999900, 3.615075759508246100 ) ) ;
#3484 = DIRECTION ( 'NONE',  ( -5.421010862427522200E-016, 0.0000000000000000000, 1.000000000000000000 ) ) ;
#3485 = VECTOR ( 'NONE', #3484, 1000.000000000000000 ) ;
#3486 = CARTESIAN_POINT ( 'NONE',  ( 1.500000000000001100, -0.1000000000000000100, -4.999999999999999100 ) ) ;
#3487 = LINE ( 'NONE', #3486, #3485 ) ;
#3488 = DIRECTION ( 'NONE',  ( -0.0000000000000000000, -0.0000000000000000000, -1.000000000000000000 ) ) ;
#3489 = VECTOR ( 'NONE', #3488, 1000.000000000000000 ) ;
#3490 = CARTESIAN_POINT ( 'NONE',  ( 1.499999999999999600, 3.705158193791850200E-032, -4.999999999999999100 ) ) ;
#3491 = LINE ( 'NONE', #3490, #3489 ) ;
#3492 = DIRECTION ( 'NONE',  ( -1.000000000000000000, 0.0000000000000000000, 0.0000000000000000000 ) ) ;
#3493 = VECTOR ( 'NONE', #3492, 1000.000000000000000 ) ;
#3494 = CARTESIAN_POINT ( 'NONE',  ( -0.2914326953212039200, 3.899999999999999900, -0.3752567791989179800 ) ) ;
#3495 = LINE ( 'NONE', #3494, #3493 ) ;
#3496 = DIRECTION ( 'NONE',  ( -0.7071067811865464600, -0.0000000000000000000, -0.7071067811865486800 ) ) ;
#3497 = VECTOR ( 'NONE', #3496, 999.9999999999998900 ) ;
#3498 = CARTESIAN_POINT ( 'NONE',  ( -3.834924240491745600, 2.400000000000000400, 3.615075759508246100 ) ) ;
#3499 = LINE ( 'NONE', #3498, #3497 ) ;
#3500 = ORIENTED_EDGE ( 'NONE', *, *, #278, .F. ) ;
#3501 = CARTESIAN_POINT ( 'NONE',  ( -2.349999999999996100, 2.400000000000000400, 5.099999999999999600 ) ) ;
#3502 = CARTESIAN_POINT ( 'NONE',  ( -5.099999999999999600, 3.899999999999999900, 2.349999999999986800 ) ) ;
#3503 = DIRECTION ( 'NONE',  ( 0.7071067811865462400, -0.0000000000000000000, 0.7071067811865489100 ) ) ;
#3504 = VECTOR ( 'NONE', #3503, 999.9999999999998900 ) ;
#3505 = CARTESIAN_POINT ( 'NONE',  ( -3.724999999999993000, 3.899999999999999900, 3.724999999999998300 ) ) ;
#3506 = LINE ( 'NONE', #3505, #3504 ) ;
#3507 = FACE_OUTER_BOUND ( 'NONE', #3457, .T. ) ;
#3508 = CARTESIAN_POINT ( 'NONE',  ( 0.03083687697150129200, 3.899999999999999900, 1.785998768647050900 ) ) ;
#3509 = SURFACE_STYLE_FILL_AREA ( #3510 ) ;
#3510 = FILL_AREA_STYLE ('',( #3511 ) ) ;
#3511 = FILL_AREA_STYLE_COLOUR ( '', #3512 ) ;
#3512 = COLOUR_RGB ( '',1.000000000000000000, 1.000000000000000000, 1.000000000000000000 ) ;
#3513 = DIRECTION ( 'NONE',  ( -0.0000000000000000000, 1.000000000000000000, -0.0000000000000000000 ) ) ;
#3514 = VECTOR ( 'NONE', #3513, 1000.000000000000000 ) ;
#3515 = CARTESIAN_POINT ( 'NONE',  ( 1.499999999999999600, -0.1000000000000000100, 3.799999999999999400 ) ) ;
#3516 = EDGE_CURVE ( 'NONE', #3475, #276, #3521, .T. ) ;
#3517 = LINE ( 'NONE', #3515, #3514 ) ;
#3518 = DIRECTION ( 'NONE',  ( -0.0000000000000000000, 1.000000000000000000, -0.0000000000000000000 ) ) ;
#3519 = VECTOR ( 'NONE', #3518, 1000.000000000000000 ) ;
#3520 = CARTESIAN_POINT ( 'NONE',  ( -1.220129878419795100, 3.889999999999999700, -2.558355370748213600 ) ) ;
#3521 = LINE ( 'NONE', #3520, #3519 ) ;
#3522 = CARTESIAN_POINT ( 'NONE',  ( -1.220129878419795100, 3.889999999999999700, -2.558355370748213600 ) ) ;
#3523 = DIRECTION ( 'NONE',  ( -0.0000000000000000000, -1.000000000000000000, -0.0000000000000000000 ) ) ;
#3524 = VECTOR ( 'NONE', #3523, 1000.000000000000000 ) ;
#3525 = CARTESIAN_POINT ( 'NONE',  ( 3.870279579551073800, 1.399999999999999900, -3.650431098567574800 ) ) ;
#3526 = LINE ( 'NONE', #3525, #3524 ) ;
#3527 = DIRECTION ( 'NONE',  ( -0.5662018424294001900, 0.0000000000000000000, 0.8242666277543647700 ) ) ;
#3528 = VECTOR ( 'NONE', #3527, 1000.000000000000100 ) ;
#3529 = CARTESIAN_POINT ( 'NONE',  ( -0.1622749188031466500, 3.899999999999999900, 1.995065670055501800 ) ) ;
#3530 = LINE ( 'NONE', #3529, #3528 ) ;
#3531 = DIRECTION ( 'NONE',  ( 0.5715618010866457800, 0.0000000000000000000, -0.8205590213620160800 ) ) ;
#3532 = VECTOR ( 'NONE', #3531, 1000.000000000000000 ) ;
#3533 = CARTESIAN_POINT ( 'NONE',  ( -1.233467700493287500, 3.899999999999999900, 3.054704754562544100 ) ) ;
#3534 = LINE ( 'NONE', #3533, #3532 ) ;
#3535 = DIRECTION ( 'NONE',  ( -1.000000000000000000, 0.0000000000000000000, 0.0000000000000000000 ) ) ;
#3536 = VECTOR ( 'NONE', #3535, 1000.000000000000000 ) ;
#3537 = CARTESIAN_POINT ( 'NONE',  ( -0.8901578413383578500, 3.899999999999999900, 3.054704754562544100 ) ) ;
#3538 = LINE ( 'NONE', #3537, #3536 ) ;
#3539 = CARTESIAN_POINT ( 'NONE',  ( -0.8901578413383578500, 3.899999999999999900, 3.054704754562544100 ) ) ;
#3540 = DIRECTION ( 'NONE',  ( 1.000000000000000000, 0.0000000000000000000, 0.0000000000000000000 ) ) ;
#3541 = VECTOR ( 'NONE', #3540, 1000.000000000000000 ) ;
#3542 = CARTESIAN_POINT ( 'NONE',  ( -5.099999999999998800, 0.0000000000000000000, 5.099999999999999600 ) ) ;
#3543 = LINE ( 'NONE', #3542, #3541 ) ;
#3544 = PRESENTATION_LAYER_ASSIGNMENT (  '', '', ( #3545 ) ) ;
#3545 = STYLED_ITEM ( 'NONE', ( #3546 ), #3690 ) ;
#3546 = PRESENTATION_STYLE_ASSIGNMENT (( #3547 ) ) ;
#3547 = SURFACE_STYLE_USAGE ( .BOTH. , #3548 ) ;
#3548 = SURFACE_SIDE_STYLE ('',( #3549 ) ) ;
#3549 = SURFACE_STYLE_FILL_AREA ( #3550 ) ;
#3550 = FILL_AREA_STYLE ('',( #3552 ) ) ;
#3551 = COLOUR_RGB ( '',0.8274509803921568100, 0.8392156862745098200, 0.8274509803921568100 ) ;
#3552 = FILL_AREA_STYLE_COLOUR ( '', #3551 ) ;
#3553 = FACE_OUTER_BOUND ( 'NONE', #24, .T. ) ;
#3554 = CARTESIAN_POINT ( 'NONE',  ( -2.343589385462048600, 3.889999999999999700, -2.840045511593284600 ) ) ;
#3555 = DIRECTION ( 'NONE',  ( -0.0000000000000000000, 1.000000000000000000, -0.0000000000000000000 ) ) ;
#3556 = VECTOR ( 'NONE', #3555, 1000.000000000000000 ) ;
#3557 = CARTESIAN_POINT ( 'NONE',  ( -2.343589385462048600, 3.889999999999999700, -2.840045511593284600 ) ) ;
#3558 = LINE ( 'NONE', #3557, #3556 ) ;
#3559 = DIRECTION ( 'NONE',  ( -1.000000000000000000, 0.0000000000000000000, 0.0000000000000000000 ) ) ;
#3560 = DIRECTION ( 'NONE',  ( -0.0000000000000000000, 0.0000000000000000000, -1.000000000000000000 ) ) ;
#3561 = CARTESIAN_POINT ( 'NONE',  ( -1.220129878419795100, 3.889999999999999700, -2.558355370748213600 ) ) ;
#3562 = AXIS2_PLACEMENT_3D ( 'NONE', #3561, #3560, #3559 ) ;
#3563 = PLANE ( 'NONE',  #3562 ) ;
#3564 =( GEOMETRIC_REPRESENTATION_CONTEXT ( 3 ) GLOBAL_UNCERTAINTY_ASSIGNED_CONTEXT ( ( #3565 ) ) GLOBAL_UNIT_ASSIGNED_CONTEXT ( ( #3568, #3567, #3566 ) ) REPRESENTATION_CONTEXT ( 'NONE', 'WORKASPACE' ) );
#3565 = UNCERTAINTY_MEASURE_WITH_UNIT (LENGTH_MEASURE( 1.000000000000000100E-005 ), #3568, 'distance_accuracy_value', 'NONE');
#3566 =( NAMED_UNIT ( * ) SI_UNIT ( $, .STERADIAN. ) SOLID_ANGLE_UNIT ( ) );
#3567 =( NAMED_UNIT ( * ) PLANE_ANGLE_UNIT ( ) SI_UNIT ( $, .RADIAN. ) );
#3568 =( LENGTH_UNIT ( ) NAMED_UNIT ( * ) SI_UNIT ( .MILLI., .METRE. ) );
#3569 = MECHANICAL_DESIGN_GEOMETRIC_PRESENTATION_REPRESENTATION (  '', ( #3571 ), #3564 ) ;
#3570 = PRESENTATION_LAYER_ASSIGNMENT (  '', '', ( #3571 ) ) ;
#3571 = STYLED_ITEM ( 'NONE', ( #3572 ), #3651 ) ;
#3572 = PRESENTATION_STYLE_ASSIGNMENT (( #3573 ) ) ;
#3573 = SURFACE_STYLE_USAGE ( .BOTH. , #3574 ) ;
#3574 = SURFACE_SIDE_STYLE ('',( #3509 ) ) ;
#3575 = PRESENTATION_STYLE_ASSIGNMENT (( #3576 ) ) ;
#3576 = SURFACE_STYLE_USAGE ( .BOTH. , #3577 ) ;
#3577 = SURFACE_SIDE_STYLE ('',( #3578 ) ) ;
#3578 = SURFACE_STYLE_FILL_AREA ( #3579 ) ;
#3579 = FILL_AREA_STYLE ('',( #3586 ) ) ;
#3580 = COLOUR_RGB ( '',1.000000000000000000, 1.000000000000000000, 1.000000000000000000 ) ;
#3581 = FACE_OUTER_BOUND ( 'NONE', #3759, .T. ) ;
#3582 = DIRECTION ( 'NONE',  ( -0.0000000000000000000, 1.000000000000000000, -0.0000000000000000000 ) ) ;
#3583 = VECTOR ( 'NONE', #3582, 1000.000000000000000 ) ;
#3584 = CARTESIAN_POINT ( 'NONE',  ( -2.343589385462048600, 3.889999999999999700, -2.558355370748213600 ) ) ;
#3585 = LINE ( 'NONE', #3584, #3583 ) ;
#3586 = FILL_AREA_STYLE_COLOUR ( '', #3580 ) ;
#3587 = CARTESIAN_POINT ( 'NONE',  ( -2.343589385462048600, 3.889999999999999700, -2.558355370748213600 ) ) ;
#3588 = DIRECTION ( 'NONE',  ( 0.0000000000000000000, 0.0000000000000000000, -1.000000000000000000 ) ) ;
#3589 = VECTOR ( 'NONE', #3588, 1000.000000000000000 ) ;
#3590 = CARTESIAN_POINT ( 'NONE',  ( -2.343589385462048600, 3.889999999999999700, -2.558355370748213600 ) ) ;
#3591 = LINE ( 'NONE', #3590, #3589 ) ;
#3592 = DIRECTION ( 'NONE',  ( -1.000000000000000000, 0.0000000000000000000, 1.752335333352409800E-014 ) ) ;
#3593 = DIRECTION ( 'NONE',  ( -1.752335333352409800E-014, 0.0000000000000000000, -1.000000000000000000 ) ) ;
#3594 = CARTESIAN_POINT ( 'NONE',  ( 2.349999999999997000, 2.400000000000000400, -5.149497474683057500 ) ) ;
#3595 = AXIS2_PLACEMENT_3D ( 'NONE', #3594, #3593, #3592 ) ;
#3596 = PLANE ( 'NONE',  #3595 ) ;
#3597 =( GEOMETRIC_REPRESENTATION_CONTEXT ( 3 ) GLOBAL_UNCERTAINTY_ASSIGNED_CONTEXT ( ( #3598 ) ) GLOBAL_UNIT_ASSIGNED_CONTEXT ( ( #3601, #3600, #3599 ) ) REPRESENTATION_CONTEXT ( 'NONE', 'WORKASPACE' ) );
#3598 = UNCERTAINTY_MEASURE_WITH_UNIT (LENGTH_MEASURE( 1.000000000000000100E-005 ), #3601, 'distance_accuracy_value', 'NONE');
#3599 =( NAMED_UNIT ( * ) SI_UNIT ( $, .STERADIAN. ) SOLID_ANGLE_UNIT ( ) );
#3600 =( NAMED_UNIT ( * ) PLANE_ANGLE_UNIT ( ) SI_UNIT ( $, .RADIAN. ) );
#3601 =( LENGTH_UNIT ( ) NAMED_UNIT ( * ) SI_UNIT ( .MILLI., .METRE. ) );
#3602 = MECHANICAL_DESIGN_GEOMETRIC_PRESENTATION_REPRESENTATION (  '', ( #3545 ), #3597 ) ;
#3603 = EDGE_CURVE ( 'NONE', #174, #309, #3517, .T. ) ;
#3604 = EDGE_LOOP ( 'NONE', ( #37, #46, #43, #44, #41, #145, #142, #54 ) ) ;
#3605 = VERTEX_POINT ( 'NONE', #3508 ) ;
#3606 = COLOUR_RGB ( '',1.000000000000000000, 1.000000000000000000, 1.000000000000000000 ) ;
#3607 = FACE_OUTER_BOUND ( 'NONE', #3762, .T. ) ;
#3608 = DIRECTION ( 'NONE',  ( -0.0000000000000000000, 1.000000000000000000, -0.0000000000000000000 ) ) ;
#3609 = VECTOR ( 'NONE', #3608, 1000.000000000000000 ) ;
#3610 = CARTESIAN_POINT ( 'NONE',  ( -0.8878235403916260300, 3.889999999999999700, -2.840045511593284600 ) ) ;
#3611 = FILL_AREA_STYLE_COLOUR ( '', #3606 ) ;
#3612 = LINE ( 'NONE', #3610, #3609 ) ;
#3613 = DIRECTION ( 'NONE',  ( -1.000000000000000000, 0.0000000000000000000, 0.0000000000000000000 ) ) ;
#3614 = VECTOR ( 'NONE', #3613, 1000.000000000000000 ) ;
#3615 = CARTESIAN_POINT ( 'NONE',  ( -1.220129878419795100, 3.889999999999999700, -2.558355370748213600 ) ) ;
#3616 = LINE ( 'NONE', #3615, #3614 ) ;
#3617 = DIRECTION ( 'NONE',  ( 0.0000000000000000000, 0.0000000000000000000, -1.000000000000000000 ) ) ;
#3618 = DIRECTION ( 'NONE',  ( 1.000000000000000000, 0.0000000000000000000, 0.0000000000000000000 ) ) ;
#3619 = CARTESIAN_POINT ( 'NONE',  ( -2.343589385462048600, 3.889999999999999700, -2.558355370748213600 ) ) ;
#3621 = ORIENTED_EDGE ( 'NONE', *, *, #3691, .T. ) ;
#3620 = AXIS2_PLACEMENT_3D ( 'NONE', #3619, #3618, #3617 ) ;
#3622 = PLANE ( 'NONE',  #3620 ) ;
#3623 =( GEOMETRIC_REPRESENTATION_CONTEXT ( 3 ) GLOBAL_UNCERTAINTY_ASSIGNED_CONTEXT ( ( #3624 ) ) GLOBAL_UNIT_ASSIGNED_CONTEXT ( ( #3627, #3626, #3625 ) ) REPRESENTATION_CONTEXT ( 'NONE', 'WORKASPACE' ) );
#3624 = UNCERTAINTY_MEASURE_WITH_UNIT (LENGTH_MEASURE( 1.000000000000000100E-005 ), #3627, 'distance_accuracy_value', 'NONE');
#3625 =( NAMED_UNIT ( * ) SI_UNIT ( $, .STERADIAN. ) SOLID_ANGLE_UNIT ( ) );
#3626 =( NAMED_UNIT ( * ) PLANE_ANGLE_UNIT ( ) SI_UNIT ( $, .RADIAN. ) );
#3627 =( LENGTH_UNIT ( ) NAMED_UNIT ( * ) SI_UNIT ( .MILLI., .METRE. ) );
#3628 = MECHANICAL_DESIGN_GEOMETRIC_PRESENTATION_REPRESENTATION (  '', ( #3336 ), #3623 ) ;
#3629 = PRESENTATION_LAYER_ASSIGNMENT (  '', '', ( #3336 ) ) ;
#3630 =( LENGTH_UNIT ( ) NAMED_UNIT ( * ) SI_UNIT ( .MILLI., .METRE. ) );
#3631 = MECHANICAL_DESIGN_GEOMETRIC_PRESENTATION_REPRESENTATION (  '', ( #3633 ), #3689 ) ;
#3632 = PRESENTATION_LAYER_ASSIGNMENT (  '', '', ( #3633 ) ) ;
#3633 = STYLED_ITEM ( 'NONE', ( #3634 ), #3769 ) ;
#3634 = PRESENTATION_STYLE_ASSIGNMENT (( #3635 ) ) ;
#3635 = SURFACE_STYLE_USAGE ( .BOTH. , #3636 ) ;
#3636 = SURFACE_SIDE_STYLE ('',( #3637 ) ) ;
#3637 = SURFACE_STYLE_FILL_AREA ( #3638 ) ;
#3638 = FILL_AREA_STYLE ('',( #3639 ) ) ;
#3639 = FILL_AREA_STYLE_COLOUR ( '', #3640 ) ;
#3640 = COLOUR_RGB ( '',1.000000000000000000, 1.000000000000000000, 1.000000000000000000 ) ;
#3641 = FACE_OUTER_BOUND ( 'NONE', #3723, .T. ) ;
#3642 = CARTESIAN_POINT ( 'NONE',  ( -0.8878235403916260300, 3.889999999999999700, -2.840045511593284600 ) ) ;
#3643 = DIRECTION ( 'NONE',  ( 0.0000000000000000000, 0.0000000000000000000, 1.000000000000000000 ) ) ;
#3644 = DIRECTION ( 'NONE',  ( -1.000000000000000000, 0.0000000000000000000, 0.0000000000000000000 ) ) ;
#3645 = CARTESIAN_POINT ( 'NONE',  ( -0.8878235403916260300, 3.889999999999999700, -2.840045511593284600 ) ) ;
#3646 = AXIS2_PLACEMENT_3D ( 'NONE', #3645, #3644, #3643 ) ;
#3647 = PLANE ( 'NONE',  #3646 ) ;
#3648 =( GEOMETRIC_REPRESENTATION_CONTEXT ( 3 ) GLOBAL_UNCERTAINTY_ASSIGNED_CONTEXT ( ( #3650 ) ) GLOBAL_UNIT_ASSIGNED_CONTEXT ( ( #3654, #3653, #3652 ) ) REPRESENTATION_CONTEXT ( 'NONE', 'WORKASPACE' ) );
#3649 = ORIENTED_EDGE ( 'NONE', *, *, #137, .F. ) ;
#3650 = UNCERTAINTY_MEASURE_WITH_UNIT (LENGTH_MEASURE( 1.000000000000000100E-005 ), #3654, 'distance_accuracy_value', 'NONE');
#3651 = ADVANCED_FACE ( 'NONE', ( #3507 ), #3563, .T. ) ;
#3652 =( NAMED_UNIT ( * ) SI_UNIT ( $, .STERADIAN. ) SOLID_ANGLE_UNIT ( ) );
#3653 =( NAMED_UNIT ( * ) PLANE_ANGLE_UNIT ( ) SI_UNIT ( $, .RADIAN. ) );
#3654 =( LENGTH_UNIT ( ) NAMED_UNIT ( * ) SI_UNIT ( .MILLI., .METRE. ) );
#3655 = MECHANICAL_DESIGN_GEOMETRIC_PRESENTATION_REPRESENTATION (  '', ( #3657 ), #3648 ) ;
#3656 = PRESENTATION_LAYER_ASSIGNMENT (  '', '', ( #3657 ) ) ;
#3657 = STYLED_ITEM ( 'NONE', ( #3658 ), #3765 ) ;
#3658 = PRESENTATION_STYLE_ASSIGNMENT (( #3659 ) ) ;
#3659 = SURFACE_STYLE_USAGE ( .BOTH. , #3660 ) ;
#3660 = SURFACE_SIDE_STYLE ('',( #3661 ) ) ;
#3661 = SURFACE_STYLE_FILL_AREA ( #3662 ) ;
#3662 = FILL_AREA_STYLE ('',( #3611 ) ) ;
#3663 = FACE_OUTER_BOUND ( 'NONE', #3780, .T. ) ;
#3664 = DIRECTION ( 'NONE',  ( 0.5632671893086503800, 0.0000000000000000000, 0.8262748171451995700 ) ) ;
#3665 = VECTOR ( 'NONE', #3664, 1000.000000000000000 ) ;
#3666 = CARTESIAN_POINT ( 'NONE',  ( -0.8472441089439917100, 3.899999999999999900, 0.5547047545625439800 ) ) ;
#3667 = LINE ( 'NONE', #3666, #3665 ) ;
#3668 = FILL_AREA_STYLE_COLOUR ( '', #3718 ) ;
#3669 = CARTESIAN_POINT ( 'NONE',  ( -0.1622749188031466500, 3.899999999999999900, 1.995065670055501800 ) ) ;
#3670 = DIRECTION ( 'NONE',  ( -1.000000000000000000, 0.0000000000000000000, 0.0000000000000000000 ) ) ;
#3671 = VECTOR ( 'NONE', #3670, 1000.000000000000000 ) ;
#3672 = CARTESIAN_POINT ( 'NONE',  ( -0.1551226300707522500, 3.899999999999999900, 1.995065670055501800 ) ) ;
#3673 = LINE ( 'NONE', #3672, #3671 ) ;
#3674 = CARTESIAN_POINT ( 'NONE',  ( -0.8472441089439917100, 3.899999999999999900, 0.5547047545625439800 ) ) ;
#3675 = EDGE_CURVE ( 'NONE', #3687, #282, #3558, .T. ) ;
#3676 = DIRECTION ( 'NONE',  ( 1.000000000000000000, 0.0000000000000000000, 0.0000000000000000000 ) ) ;
#3677 = VECTOR ( 'NONE', #3676, 1000.000000000000000 ) ;
#3678 = ORIENTED_EDGE ( 'NONE', *, *, #158, .F. ) ;
#3679 = CARTESIAN_POINT ( 'NONE',  ( -2.343589385462048600, 3.889999999999999700, -2.840045511593284600 ) ) ;
#3680 = LINE ( 'NONE', #3679, #3677 ) ;
#3681 = ORIENTED_EDGE ( 'NONE', *, *, #3675, .T. ) ;
#3682 = DIRECTION ( 'NONE',  ( 1.000000000000000000, 0.0000000000000000000, 0.0000000000000000000 ) ) ;
#3683 = DIRECTION ( 'NONE',  ( -0.0000000000000000000, 0.0000000000000000000, 1.000000000000000000 ) ) ;
#3684 = CARTESIAN_POINT ( 'NONE',  ( -2.343589385462048600, 3.889999999999999700, -2.840045511593284600 ) ) ;
#3685 = AXIS2_PLACEMENT_3D ( 'NONE', #3684, #3683, #3682 ) ;
#3686 = ORIENTED_EDGE ( 'NONE', *, *, #160, .F. ) ;
#3687 = VERTEX_POINT ( 'NONE', #3554 ) ;
#3688 = PLANE ( 'NONE',  #3685 ) ;
#3689 =( GEOMETRIC_REPRESENTATION_CONTEXT ( 3 ) GLOBAL_UNCERTAINTY_ASSIGNED_CONTEXT ( ( #3692 ) ) GLOBAL_UNIT_ASSIGNED_CONTEXT ( ( #3630, #3694, #3693 ) ) REPRESENTATION_CONTEXT ( 'NONE', 'WORKASPACE' ) );
#3690 = ADVANCED_FACE ( 'NONE', ( #3553 ), #3596, .T. ) ;
#3691 = EDGE_CURVE ( 'NONE', #3756, #3687, #3591, .T. ) ;
#3692 = UNCERTAINTY_MEASURE_WITH_UNIT (LENGTH_MEASURE( 1.000000000000000100E-005 ), #3630, 'distance_accuracy_value', 'NONE');
#3693 =( NAMED_UNIT ( * ) SI_UNIT ( $, .STERADIAN. ) SOLID_ANGLE_UNIT ( ) );
#3694 =( NAMED_UNIT ( * ) PLANE_ANGLE_UNIT ( ) SI_UNIT ( $, .RADIAN. ) );
#3695 =( NAMED_UNIT ( * ) PLANE_ANGLE_UNIT ( ) SI_UNIT ( $, .RADIAN. ) );
#3696 =( LENGTH_UNIT ( ) NAMED_UNIT ( * ) SI_UNIT ( .MILLI., .METRE. ) );
#3697 = CARTESIAN_POINT ( 'NONE',  ( 0.0000000000000000000, 0.0000000000000000000, 0.0000000000000000000 ) ) ;
#3698 = CARTESIAN_POINT ( 'NONE',  ( -0.1567731582397664000, 3.899999999999999900, 1.567578874280853900 ) ) ;
#3699 = DIRECTION ( 'NONE',  ( -1.000000000000000000, 0.0000000000000000000, -0.0000000000000000000 ) ) ;
#3700 = DIRECTION ( 'NONE',  ( 0.0000000000000000000, 0.0000000000000000000, -1.000000000000000000 ) ) ;
#3701 = CARTESIAN_POINT ( 'NONE',  ( -5.099999999999998800, 3.899999999999999900, 5.099999999999999600 ) ) ;
#3702 = AXIS2_PLACEMENT_3D ( 'NONE', #3701, #3700, #3699 ) ;
#3703 = PLANE ( 'NONE',  #3702 ) ;
#3704 =( GEOMETRIC_REPRESENTATION_CONTEXT ( 3 ) GLOBAL_UNCERTAINTY_ASSIGNED_CONTEXT ( ( #3705 ) ) GLOBAL_UNIT_ASSIGNED_CONTEXT ( ( #3709, #3708, #3707 ) ) REPRESENTATION_CONTEXT ( 'NONE', 'WORKASPACE' ) );
#3705 = UNCERTAINTY_MEASURE_WITH_UNIT (LENGTH_MEASURE( 1.000000000000000100E-005 ), #3709, 'distance_accuracy_value', 'NONE');
#3706 = ORIENTED_EDGE ( 'NONE', *, *, #25, .F. ) ;
#3707 =( NAMED_UNIT ( * ) SI_UNIT ( $, .STERADIAN. ) SOLID_ANGLE_UNIT ( ) );
#3708 =( NAMED_UNIT ( * ) PLANE_ANGLE_UNIT ( ) SI_UNIT ( $, .RADIAN. ) );
#3709 =( LENGTH_UNIT ( ) NAMED_UNIT ( * ) SI_UNIT ( .MILLI., .METRE. ) );
#3710 = MECHANICAL_DESIGN_GEOMETRIC_PRESENTATION_REPRESENTATION (  '', ( #3712 ), #3704 ) ;
#3711 = PRESENTATION_LAYER_ASSIGNMENT (  '', '', ( #3712 ) ) ;
#3712 = STYLED_ITEM ( 'NONE', ( #3713 ), #3778 ) ;
#3713 = PRESENTATION_STYLE_ASSIGNMENT (( #3714 ) ) ;
#3714 = SURFACE_STYLE_USAGE ( .BOTH. , #3715 ) ;
#3715 = SURFACE_SIDE_STYLE ('',( #3716 ) ) ;
#3716 = SURFACE_STYLE_FILL_AREA ( #3717 ) ;
#3717 = FILL_AREA_STYLE ('',( #3668 ) ) ;
#3718 = COLOUR_RGB ( '',0.1921568627450980200, 0.2039215686274509800, 0.2039215686274509800 ) ;
#3719 = AXIS2_PLACEMENT_3D ( 'NONE', #3697, #3742, #3741 ) ;
#3720 =( GEOMETRIC_REPRESENTATION_CONTEXT ( 3 ) GLOBAL_UNCERTAINTY_ASSIGNED_CONTEXT ( ( #3721 ) ) GLOBAL_UNIT_ASSIGNED_CONTEXT ( ( #3725, #3724, #3722 ) ) REPRESENTATION_CONTEXT ( 'NONE', 'WORKASPACE' ) );
#3721 = UNCERTAINTY_MEASURE_WITH_UNIT (LENGTH_MEASURE( 1.000000000000000100E-005 ), #3725, 'distance_accuracy_value', 'NONE');
#3722 =( NAMED_UNIT ( * ) SI_UNIT ( $, .STERADIAN. ) SOLID_ANGLE_UNIT ( ) );
#3723 = EDGE_LOOP ( 'NONE', ( #3771, #3773, #3772, #3764 ) ) ;
#3724 =( NAMED_UNIT ( * ) PLANE_ANGLE_UNIT ( ) SI_UNIT ( $, .RADIAN. ) );
#3725 =( LENGTH_UNIT ( ) NAMED_UNIT ( * ) SI_UNIT ( .MILLI., .METRE. ) );
#3726 = MECHANICAL_DESIGN_GEOMETRIC_PRESENTATION_REPRESENTATION (  '', ( #3728 ), #3720 ) ;
#3727 = PRESENTATION_LAYER_ASSIGNMENT (  '', '', ( #3728 ) ) ;
#3728 = STYLED_ITEM ( 'NONE', ( #3729 ), #3737 ) ;
#3729 = PRESENTATION_STYLE_ASSIGNMENT (( #3730 ) ) ;
#3730 = SURFACE_STYLE_USAGE ( .BOTH. , #3731 ) ;
#3731 = SURFACE_SIDE_STYLE ('',( #3732 ) ) ;
#3732 = SURFACE_STYLE_FILL_AREA ( #3733 ) ;
#3733 = FILL_AREA_STYLE ('',( #3734 ) ) ;
#3734 = FILL_AREA_STYLE_COLOUR ( '', #3735 ) ;
#3735 = COLOUR_RGB ( '',0.7960784313725489700, 0.8235294117647058400, 0.9372549019607843100 ) ;
#3736 = APPLICATION_CONTEXT ( 'automotive_design' ) ;
#3737 = ADVANCED_BREP_SHAPE_REPRESENTATION ( 'MSS1038t', ( #212, #3719 ), #3738 ) ;
#3738 =( GEOMETRIC_REPRESENTATION_CONTEXT ( 3 ) GLOBAL_UNCERTAINTY_ASSIGNED_CONTEXT ( ( #3739 ) ) GLOBAL_UNIT_ASSIGNED_CONTEXT ( ( #3696, #3695, #3740 ) ) REPRESENTATION_CONTEXT ( 'NONE', 'WORKASPACE' ) );
#3739 = UNCERTAINTY_MEASURE_WITH_UNIT (LENGTH_MEASURE( 1.000000000000000100E-005 ), #3696, 'distance_accuracy_value', 'NONE');
#3740 =( NAMED_UNIT ( * ) SI_UNIT ( $, .STERADIAN. ) SOLID_ANGLE_UNIT ( ) );
#3741 = DIRECTION ( 'NONE',  ( 1.000000000000000000, 0.0000000000000000000, 0.0000000000000000000 ) ) ;
#3742 = DIRECTION ( 'NONE',  ( 0.0000000000000000000, 0.0000000000000000000, 1.000000000000000000 ) ) ;
#3743 = PRODUCT_DEFINITION_SHAPE ( 'NONE', 'NONE',  #3746 ) ;
#3744 = PRODUCT_RELATED_PRODUCT_CATEGORY ( 'part', '', ( #3751 ) ) ;
#3745 = PRODUCT_DEFINITION_FORMATION_WITH_SPECIFIED_SOURCE ( 'ANY', '', #3751, .NOT_KNOWN. ) ;
#3746 = PRODUCT_DEFINITION ( 'UNKNOWN', '', #3745, #3747 ) ;
#3747 = PRODUCT_DEFINITION_CONTEXT ( 'detailed design', #3749, 'design' ) ;
#3748 = APPLICATION_PROTOCOL_DEFINITION ( 'draft international standard', 'automotive_design', 1998, #3749 ) ;
#3749 = APPLICATION_CONTEXT ( 'automotive_design' ) ;
#3750 = SHAPE_DEFINITION_REPRESENTATION ( #3743, #3737 ) ;
#3751 = PRODUCT ( 'MSS1038t', 'MSS1038t', '', ( #3752 ) ) ;
#3752 = PRODUCT_CONTEXT ( 'NONE', #3736, 'mechanical' ) ;
#3753 = APPLICATION_PROTOCOL_DEFINITION ( 'draft international standard', 'automotive_design', 1998, #3736 ) ;
#3754 = ORIENTED_EDGE ( 'NONE', *, *, #3757, .T. ) ;
#3755 = ORIENTED_EDGE ( 'NONE', *, *, #3757, .F. ) ;
#3756 = VERTEX_POINT ( 'NONE', #3587 ) ;
#3757 = EDGE_CURVE ( 'NONE', #3756, #279, #3585, .T. ) ;
#3758 = ORIENTED_EDGE ( 'NONE', *, *, #281, .F. ) ;
#3759 = EDGE_LOOP ( 'NONE', ( #3758, #3755, #3621, #3681 ) ) ;
#3760 = ADVANCED_FACE ( 'NONE', ( #3581 ), #3622, .T. ) ;
#3761 = EDGE_CURVE ( 'NONE', #3475, #3756, #3616, .T. ) ;
#3762 = EDGE_LOOP ( 'NONE', ( #3766, #3767, #3782, #504 ) ) ;
#3763 = EDGE_CURVE ( 'NONE', #3768, #233, #3612, .T. ) ;
#3764 = ORIENTED_EDGE ( 'NONE', *, *, #3763, .T. ) ;
#3765 = ADVANCED_FACE ( 'NONE', ( #3607 ), #3647, .T. ) ;
#3766 = ORIENTED_EDGE ( 'NONE', *, *, #235, .F. ) ;
#3767 = ORIENTED_EDGE ( 'NONE', *, *, #3763, .F. ) ;
#3768 = VERTEX_POINT ( 'NONE', #3642 ) ;
#3769 = ADVANCED_FACE ( 'NONE', ( #3641 ), #3688, .T. ) ;
#3770 = EDGE_CURVE ( 'NONE', #3687, #3768, #3680, .T. ) ;
#3771 = ORIENTED_EDGE ( 'NONE', *, *, #232, .F. ) ;
#3772 = ORIENTED_EDGE ( 'NONE', *, *, #3770, .T. ) ;
#3773 = ORIENTED_EDGE ( 'NONE', *, *, #3675, .F. ) ;
#3774 = VERTEX_POINT ( 'NONE', #3674 ) ;
#3775 = EDGE_CURVE ( 'NONE', #517, #3776, #3673, .T. ) ;
#3776 = VERTEX_POINT ( 'NONE', #3669 ) ;
#3777 = EDGE_CURVE ( 'NONE', #3774, #3779, #3667, .T. ) ;
#3778 = ADVANCED_FACE ( 'NONE', ( #3663 ), #3703, .F. ) ;
#3779 = VERTEX_POINT ( 'NONE', #3698 ) ;
#3780 = EDGE_LOOP ( 'NONE', ( #9, #327, #243, #245 ) ) ;
#3781 = ORIENTED_EDGE ( 'NONE', *, *, #15, .T. ) ;
#3782 = ORIENTED_EDGE ( 'NONE', *, *, #502, .T. ) ;
#3783 = ORIENTED_EDGE ( 'NONE', *, *, #3775, .T. ) ;
#3784 = ORIENTED_EDGE ( 'NONE', *, *, #115, .T. ) ;
#3785 = EDGE_LOOP ( 'NONE', ( #14, #17, #13, #21, #22, #528, #520 ) ) ;
ENDSEC;
END-ISO-10303-21;
