ISO-10303-21;
HEADER;
FILE_DESCRIPTION((''),'2;1');
FILE_NAME('142_7010_0000_58V-M5_0_4MM','2022-07-30T11:21:15',('MLegi'),(''),
'CREO PARAMETRIC BY PTC INC, 2021304','CREO PARAMETRIC BY PTC INC, 2021304','');
FILE_SCHEMA(('CONFIG_CONTROL_DESIGN'));
ENDSEC;
DATA;
#2=DIRECTION('',(1.E0,0.E0,0.E0));
#3=VECTOR('',#2,4.029333314646E0);
#4=CARTESIAN_POINT('',(-2.014666657323E0,-5.152620388964E0,3.5E-1));
#5=LINE('',#4,#3);
#6=CARTESIAN_POINT('',(2.113734399460E0,-5.265080240791E0,3.5E-1));
#7=CARTESIAN_POINT('',(2.093767654890E0,-5.238342548072E0,3.5E-1));
#8=CARTESIAN_POINT('',(2.067085962996E0,-5.225E0,3.5E-1));
#9=CARTESIAN_POINT('',(2.033715690287E0,-5.225E0,3.5E-1));
#11=CARTESIAN_POINT('',(-2.033715690287E0,-5.225E0,3.5E-1));
#12=CARTESIAN_POINT('',(-2.067085962996E0,-5.225E0,3.5E-1));
#13=CARTESIAN_POINT('',(-2.093767654890E0,-5.238342548072E0,3.5E-1));
#14=CARTESIAN_POINT('',(-2.113734399460E0,-5.265080240791E0,3.5E-1));
#16=CARTESIAN_POINT('',(1.741284309713E0,-6.E0,3.5E-1));
#17=CARTESIAN_POINT('',(1.710851952268E0,-6.E0,3.5E-1));
#18=CARTESIAN_POINT('',(1.681324920085E0,-5.982842955355E0,3.5E-1));
#19=CARTESIAN_POINT('',(1.650286652800E0,-5.949851906904E0,3.5E-1));
#20=CARTESIAN_POINT('',(1.639311343554E0,-5.905876604447E0,3.5E-1));
#21=CARTESIAN_POINT('',(1.640844325278E0,-5.871714535842E0,3.5E-1));
#22=CARTESIAN_POINT('',(1.657240183287E0,-5.846076590920E0,3.5E-1));
#24=CARTESIAN_POINT('',(1.657240183287E0,-5.846076590920E0,3.5E-1));
#25=CARTESIAN_POINT('',(1.675374913428E0,-5.883792607063E0,3.5E-1));
#26=CARTESIAN_POINT('',(1.705385948068E0,-5.902620388964E0,3.5E-1));
#27=CARTESIAN_POINT('',(1.747235276749E0,-5.902620388964E0,3.5E-1));
#29=CARTESIAN_POINT('',(-1.657240183287E0,-5.846076590920E0,3.5E-1));
#30=CARTESIAN_POINT('',(-1.640844325278E0,-5.871714535842E0,3.5E-1));
#31=CARTESIAN_POINT('',(-1.639311343554E0,-5.905876604447E0,3.5E-1));
#32=CARTESIAN_POINT('',(-1.650286652800E0,-5.949851906904E0,3.5E-1));
#33=CARTESIAN_POINT('',(-1.681324920085E0,-5.982842955355E0,3.5E-1));
#34=CARTESIAN_POINT('',(-1.710851952268E0,-6.E0,3.5E-1));
#35=CARTESIAN_POINT('',(-1.741284309713E0,-6.E0,3.5E-1));
#37=CARTESIAN_POINT('',(-2.193675855446E0,-4.973611285487E0,3.765697171369E0));
#38=CARTESIAN_POINT('',(-2.203488270265E0,-4.973534662255E0,3.767174391484E0));
#39=CARTESIAN_POINT('',(-2.223014121431E0,-4.976240835972E0,3.769845554587E0));
#40=CARTESIAN_POINT('',(-2.249763345392E0,-4.988565630830E0,3.772016785202E0));
#41=CARTESIAN_POINT('',(-2.271703307760E0,-5.008071475037E0,3.772406878257E0));
#42=CARTESIAN_POINT('',(-2.287072781589E0,-5.033330014969E0,3.770878351344E0));
#43=CARTESIAN_POINT('',(-2.294382927968E0,-5.061804928906E0,3.767634867338E0));
#44=CARTESIAN_POINT('',(-2.293291827293E0,-5.091754805453E0,3.762826242115E0));
#45=CARTESIAN_POINT('',(-2.282832220892E0,-5.121524887161E0,3.756720771410E0));
#46=CARTESIAN_POINT('',(-2.270535493286E0,-5.138034467411E0,3.752161967879E0));
#47=CARTESIAN_POINT('',(-2.263289350474E0,-5.145282005604E0,3.749994187520E0));
#49=DIRECTION('',(5.226445525290E-2,-5.226442761957E-2,-9.972646871933E-1));
#50=VECTOR('',#49,3.425065797710E0);
#51=CARTESIAN_POINT('',(-2.193675855446E0,-4.973611285487E0,3.765697171369E0));
#52=LINE('',#51,#50);
#53=CARTESIAN_POINT('',(-2.014666657323E0,-5.152620388964E0,3.5E-1));
#54=CARTESIAN_POINT('',(-2.052446685528E0,-5.152620388964E0,3.5E-1));
#55=CARTESIAN_POINT('',(-2.093764648002E0,-5.182796610027E0,3.5E-1));
#56=CARTESIAN_POINT('',(-2.118484579139E0,-5.227600028356E0,3.5E-1));
#57=CARTESIAN_POINT('',(-2.113734399460E0,-5.265080240791E0,3.5E-1));
#59=CARTESIAN_POINT('',(-2.085103054317E0,-5.323468301683E0,3.5E-1));
#60=CARTESIAN_POINT('',(-2.101303173775E0,-5.307268182225E0,3.5E-1));
#61=CARTESIAN_POINT('',(-2.110853812606E0,-5.287808856240E0,3.5E-1));
#62=CARTESIAN_POINT('',(-2.113734399460E0,-5.265080240791E0,3.5E-1));
#64=CARTESIAN_POINT('',(-2.193675952946E0,-4.674022235603E0,3.75E0));
#65=DIRECTION('',(-1.E0,-6.708885888161E-9,0.E0));
#66=DIRECTION('',(6.699691172218E-9,-9.986295347546E-1,5.233595624302E-2));
#67=AXIS2_PLACEMENT_3D('',#64,#65,#66);
#69=CARTESIAN_POINT('',(-2.475421538300E0,-5.357413886412E0,3.75E0));
#70=DIRECTION('',(7.071067811865E-1,-7.071067811865E-1,0.E0));
#71=DIRECTION('',(7.071067811865E-1,7.071067811865E-1,0.E0));
#72=AXIS2_PLACEMENT_3D('',#69,#70,#71);
#74=DIRECTION('',(-1.E0,0.E0,0.E0));
#75=VECTOR('',#74,1.520015801545E0);
#76=CARTESIAN_POINT('',(-2.408813189110E0,-5.424022235602E0,4.05E0));
#77=LINE('',#76,#75);
#78=DIRECTION('',(0.E0,-1.E0,0.E0));
#79=VECTOR('',#78,1.083235472260E1);
#80=CARTESIAN_POINT('',(-3.928947368421E0,5.416177361301E0,4.05E0));
#81=LINE('',#80,#79);
#82=DIRECTION('',(-1.E0,0.E0,0.E0));
#83=VECTOR('',#82,1.520015801545E0);
#84=CARTESIAN_POINT('',(-2.408813189110E0,5.424022235602E0,4.05E0));
#85=LINE('',#84,#83);
#86=DIRECTION('',(-7.071065273460E-1,-7.071070350270E-1,-4.714412903273E-14));
#87=VECTOR('',#86,9.419820006470E-2);
#88=CARTESIAN_POINT('',(-2.408813189110E0,5.424022235602E0,4.05E0));
#89=LINE('',#88,#87);
#90=CARTESIAN_POINT('',(-2.475421351240E0,5.357414025650E0,4.05E0));
#91=CARTESIAN_POINT('',(-2.503821310455E0,5.329006680312E0,4.049998366328E0));
#92=CARTESIAN_POINT('',(-2.549827871221E0,5.266777297498E0,4.050000758601E0));
#93=CARTESIAN_POINT('',(-2.590566405411E0,5.155297407812E0,4.049999795403E0));
#94=CARTESIAN_POINT('',(-2.597258915146E0,5.037853431846E0,4.050000059786E0));
#95=CARTESIAN_POINT('',(-2.569859467255E0,4.922880244258E0,4.049999965454E0));
#96=CARTESIAN_POINT('',(-2.511162800050E0,4.821845737912E0,4.050000078400E0));
#97=CARTESIAN_POINT('',(-2.425324903681E0,4.740365603353E0,4.049999720947E0));
#98=CARTESIAN_POINT('',(-2.313085625142E0,4.685856763270E0,4.050001037813E0));
#99=CARTESIAN_POINT('',(-2.234837777173E0,4.674028355668E0,4.049997764472E0));
#100=CARTESIAN_POINT('',(-2.193675756303E0,4.674022265006E0,4.05E0));
#102=DIRECTION('',(1.E0,1.518977200289E-10,0.E0));
#103=VECTOR('',#102,4.387351501285E0);
#104=CARTESIAN_POINT('',(-2.193675756303E0,4.674022265006E0,4.05E0));
#105=LINE('',#104,#103);
#106=CARTESIAN_POINT('',(2.193675744982E0,4.674022265672E0,4.05E0));
#107=CARTESIAN_POINT('',(2.233602342785E0,4.674027310992E0,4.049998343176E0));
#108=CARTESIAN_POINT('',(2.309709075384E0,4.685411521803E0,4.050000769334E0));
#109=CARTESIAN_POINT('',(2.416822217597E0,4.735163381484E0,4.049999792566E0));
#110=CARTESIAN_POINT('',(2.504345681298E0,4.813271067608E0,4.050000060401E0));
#111=CARTESIAN_POINT('',(2.566192840111E0,4.913978349487E0,4.049999965830E0));
#112=CARTESIAN_POINT('',(2.596072804767E0,5.027221889530E0,4.050000076278E0));
#113=CARTESIAN_POINT('',(2.592828766244E0,5.145917903544E0,4.049999729057E0));
#114=CARTESIAN_POINT('',(2.551858079371E0,5.264108388230E0,4.050001007495E0));
#115=CARTESIAN_POINT('',(2.504680981060E0,5.328145598766E0,4.049997829807E0));
#116=CARTESIAN_POINT('',(2.475421351111E0,5.357414024351E0,4.05E0));
#118=DIRECTION('',(-7.071065197669E-1,7.071070426061E-1,2.545782945411E-13));
#119=VECTOR('',#118,9.419820089191E-2);
#120=CARTESIAN_POINT('',(2.475421351111E0,5.357414024351E0,4.05E0));
#121=LINE('',#120,#119);
#122=DIRECTION('',(1.E0,0.E0,0.E0));
#123=VECTOR('',#122,1.520015801545E0);
#124=CARTESIAN_POINT('',(2.408813189110E0,5.424022235602E0,4.05E0));
#125=LINE('',#124,#123);
#126=CARTESIAN_POINT('',(3.928828990655E0,5.424022235602E0,4.05E0));
#127=CARTESIAN_POINT('',(3.928907931736E0,5.421407873446E0,4.05E0));
#128=CARTESIAN_POINT('',(3.928947368421E0,5.418792915005E0,4.05E0));
#129=CARTESIAN_POINT('',(3.928947368421E0,5.416177361301E0,4.05E0));
#131=DIRECTION('',(1.E0,0.E0,0.E0));
#132=VECTOR('',#131,1.520015801545E0);
#133=CARTESIAN_POINT('',(2.408813189110E0,-5.424022235602E0,4.05E0));
#134=LINE('',#133,#132);
#135=DIRECTION('',(7.071065273460E-1,7.071070350270E-1,-4.714412903273E-14));
#136=VECTOR('',#135,9.419820006469E-2);
#137=CARTESIAN_POINT('',(2.408813189110E0,-5.424022235602E0,4.05E0));
#138=LINE('',#137,#136);
#139=CARTESIAN_POINT('',(2.475421351240E0,-5.357414025650E0,4.05E0));
#140=CARTESIAN_POINT('',(2.503821310455E0,-5.329006680312E0,4.049998366328E0));
#141=CARTESIAN_POINT('',(2.549827871221E0,-5.266777297498E0,4.050000758601E0));
#142=CARTESIAN_POINT('',(2.590566405411E0,-5.155297407812E0,4.049999795403E0));
#143=CARTESIAN_POINT('',(2.597258915146E0,-5.037853431846E0,4.050000059786E0));
#144=CARTESIAN_POINT('',(2.569859467255E0,-4.922880244258E0,4.049999965454E0));
#145=CARTESIAN_POINT('',(2.511162800050E0,-4.821845737912E0,4.050000078400E0));
#146=CARTESIAN_POINT('',(2.425324903681E0,-4.740365603353E0,4.049999720947E0));
#147=CARTESIAN_POINT('',(2.313085625142E0,-4.685856763270E0,4.050001037813E0));
#148=CARTESIAN_POINT('',(2.234837777173E0,-4.674028355668E0,4.049997764472E0));
#149=CARTESIAN_POINT('',(2.193675756303E0,-4.674022265006E0,4.05E0));
#151=DIRECTION('',(-1.E0,-1.518975175882E-10,0.E0));
#152=VECTOR('',#151,4.387351501285E0);
#153=CARTESIAN_POINT('',(2.193675756303E0,-4.674022265006E0,4.05E0));
#154=LINE('',#153,#152);
#155=CARTESIAN_POINT('',(-2.193675744982E0,-4.674022265672E0,4.05E0));
#156=CARTESIAN_POINT('',(-2.233602342785E0,-4.674027310992E0,4.049998343176E0));
#157=CARTESIAN_POINT('',(-2.309709075384E0,-4.685411521803E0,4.050000769334E0));
#158=CARTESIAN_POINT('',(-2.416822217597E0,-4.735163381484E0,4.049999792566E0));
#159=CARTESIAN_POINT('',(-2.504345681298E0,-4.813271067608E0,4.050000060401E0));
#160=CARTESIAN_POINT('',(-2.566192840111E0,-4.913978349487E0,4.049999965830E0));
#161=CARTESIAN_POINT('',(-2.596072804767E0,-5.027221889530E0,4.050000076278E0));
#162=CARTESIAN_POINT('',(-2.592828766244E0,-5.145917903544E0,4.049999729057E0));
#163=CARTESIAN_POINT('',(-2.551858079371E0,-5.264108388230E0,4.050001007495E0));
#164=CARTESIAN_POINT('',(-2.504680981060E0,-5.328145598766E0,4.049997829807E0));
#165=CARTESIAN_POINT('',(-2.475421351111E0,-5.357414024351E0,4.05E0));
#167=DIRECTION('',(7.071065197669E-1,-7.071070426061E-1,2.545782945411E-13));
#168=VECTOR('',#167,9.419820089192E-2);
#169=CARTESIAN_POINT('',(-2.475421351111E0,-5.357414024351E0,4.05E0));
#170=LINE('',#169,#168);
#171=CARTESIAN_POINT('',(-3.755981604209E0,-5.723611096029E0,3.765700786873E0));
#172=CARTESIAN_POINT('',(-3.772915005107E0,-5.722075039502E0,3.795010491418E0));
#173=CARTESIAN_POINT('',(-3.806821494483E0,-5.710437133673E0,3.853249869489E0));
#174=CARTESIAN_POINT('',(-3.854798386757E0,-5.666849090261E0,3.934235897689E0));
#175=CARTESIAN_POINT('',(-3.894921998616E0,-5.598379274226E0,4.000287497885E0));
#176=CARTESIAN_POINT('',(-3.921276846476E0,-5.512694728151E0,4.041539361501E0));
#177=CARTESIAN_POINT('',(-3.927948186886E0,-5.453192599326E0,4.05E0));
#178=CARTESIAN_POINT('',(-3.928828990655E0,-5.424022235602E0,4.05E0));
#180=DIRECTION('',(-5.005217278133E-1,-4.530849204677E-2,-8.645375298593E-1));
#181=VECTOR('',#180,2.139872401261E0);
#182=CARTESIAN_POINT('',(-3.755981604209E0,-5.723611096029E0,3.765700786873E0));
#183=LINE('',#182,#181);
#184=CARTESIAN_POINT('',(-5.E0,-5.513131752976E0,2.2E0));
#185=CARTESIAN_POINT('',(-5.E0,-5.515747306679E0,2.2E0));
#186=CARTESIAN_POINT('',(-4.999960563315E0,-5.518362265120E0,2.2E0));
#187=CARTESIAN_POINT('',(-4.999881622234E0,-5.520976627276E0,2.2E0));
#189=CARTESIAN_POINT('',(-3.928947368421E0,-5.416177361301E0,4.05E0));
#190=CARTESIAN_POINT('',(-3.928947368421E0,-5.418792915005E0,4.05E0));
#191=CARTESIAN_POINT('',(-3.928907931736E0,-5.421407873446E0,4.05E0));
#192=CARTESIAN_POINT('',(-3.928828990655E0,-5.424022235602E0,4.05E0));
#194=DIRECTION('',(-5.233615310611E-2,-5.226423109387E-2,-9.972609373811E-1));
#195=VECTOR('',#194,1.519863788963E0);
#196=CARTESIAN_POINT('',(-7.521004361103E0,-5.820565487702E0,1.915700786873E0));
#197=LINE('',#196,#195);
#198=DIRECTION('',(1.E0,0.E0,0.E0));
#199=VECTOR('',#198,2.693970125315E0);
#200=CARTESIAN_POINT('',(-7.521004361103E0,-5.820565487702E0,1.915700786873E0));
#201=LINE('',#200,#199);
#202=DIRECTION('',(-9.999999999990E-1,-7.367424385694E-8,-1.405784640088E-6));
#203=VECTOR('',#202,1.829348781499E0);
#204=CARTESIAN_POINT('',(-1.926632822712E0,-5.723610961253E0,3.765703358543E0));
#205=LINE('',#204,#203);
#206=CARTESIAN_POINT('',(-1.926632822712E0,-5.723610961253E0,3.765703358543E0));
#207=CARTESIAN_POINT('',(-1.926412997919E0,-5.723701962366E0,3.763966953866E0));
#208=CARTESIAN_POINT('',(-1.926036827861E0,-5.723884597340E0,3.760482070979E0));
#209=CARTESIAN_POINT('',(-1.925787077514E0,-5.724067803327E0,3.756986292486E0));
#210=CARTESIAN_POINT('',(-1.925695207494E0,-5.724159656101E0,3.755233637151E0));
#212=DIRECTION('',(-1.E0,0.E0,0.E0));
#213=VECTOR('',#212,3.652032404159E0);
#214=CARTESIAN_POINT('',(-1.747235276749E0,-5.902620388964E0,3.5E-1));
#215=LINE('',#214,#213);
#216=CARTESIAN_POINT('',(-5.399267681857E0,-5.902620388964E0,3.5E-1));
#217=CARTESIAN_POINT('',(-5.399164490221E0,-5.901746925514E0,
3.666666754806E-1));
#218=CARTESIAN_POINT('',(-5.399059890871E0,-5.900873462526E0,
3.833333421506E-1));
#219=CARTESIAN_POINT('',(-5.398953882205E0,-5.9E0,4.E-1));
#221=DIRECTION('',(-1.E0,0.E0,0.E0));
#222=VECTOR('',#221,2.201594302858E0);
#223=CARTESIAN_POINT('',(-5.398953882205E0,-5.9E0,4.E-1));
#224=LINE('',#223,#222);
#225=CARTESIAN_POINT('',(-7.600548185062E0,-5.9E0,4.E-1));
#226=CARTESIAN_POINT('',(-7.667123361996E0,-5.9E0,4.E-1));
#227=CARTESIAN_POINT('',(-7.771428827225E0,-5.871155111362E0,4.E-1));
#228=CARTESIAN_POINT('',(-7.888958323569E0,-5.788959076904E0,4.E-1));
#229=CARTESIAN_POINT('',(-7.971154838776E0,-5.671430061309E0,4.E-1));
#230=CARTESIAN_POINT('',(-8.E0,-5.567124868666E0,4.E-1));
#231=CARTESIAN_POINT('',(-8.E0,-5.500549691733E0,4.E-1));
#233=DIRECTION('',(-5.233615310611E-2,5.226423109387E-2,-9.972609373811E-1));
#234=VECTOR('',#233,1.519885395056E0);
#235=CARTESIAN_POINT('',(-7.920455045261E0,5.421114050209E0,1.915722333785E0));
#236=LINE('',#235,#234);
#237=DIRECTION('',(0.E0,-1.E0,0.E0));
#238=VECTOR('',#237,1.084222810042E1);
#239=CARTESIAN_POINT('',(-7.920455045261E0,5.421114050209E0,1.915722333785E0));
#240=LINE('',#239,#238);
#241=DIRECTION('',(-5.233615310611E-2,-5.226423109387E-2,-9.972609373811E-1));
#242=VECTOR('',#241,1.519885395056E0);
#243=CARTESIAN_POINT('',(-7.920455045261E0,-5.421114050209E0,1.915722333785E0));
#244=LINE('',#243,#242);
#245=DIRECTION('',(0.E0,1.E0,0.E0));
#246=VECTOR('',#245,1.100109938347E1);
#247=CARTESIAN_POINT('',(-8.E0,-5.500549691733E0,4.E-1));
#248=LINE('',#247,#246);
#249=CARTESIAN_POINT('',(-8.E0,5.500549691733E0,4.E-1));
#250=CARTESIAN_POINT('',(-8.E0,5.567124868666E0,4.E-1));
#251=CARTESIAN_POINT('',(-7.971154838776E0,5.671430061309E0,4.E-1));
#252=CARTESIAN_POINT('',(-7.888958323569E0,5.788959076904E0,4.E-1));
#253=CARTESIAN_POINT('',(-7.771428827225E0,5.871155111362E0,4.E-1));
#254=CARTESIAN_POINT('',(-7.667123361996E0,5.9E0,4.E-1));
#255=CARTESIAN_POINT('',(-7.600548185062E0,5.9E0,4.E-1));
#257=DIRECTION('',(-5.233615310611E-2,5.226423109387E-2,-9.972609373811E-1));
#258=VECTOR('',#257,1.519863788963E0);
#259=CARTESIAN_POINT('',(-7.521004361103E0,5.820565487702E0,1.915700786873E0));
#260=LINE('',#259,#258);
#261=DIRECTION('',(1.E0,0.E0,0.E0));
#262=VECTOR('',#261,2.201594302858E0);
#263=CARTESIAN_POINT('',(-7.600548185062E0,5.9E0,4.E-1));
#264=LINE('',#263,#262);
#265=CARTESIAN_POINT('',(-5.398953882205E0,5.9E0,4.E-1));
#266=CARTESIAN_POINT('',(-5.399059890871E0,5.900873462526E0,3.833333421506E-1));
#267=CARTESIAN_POINT('',(-5.399164490221E0,5.901746925514E0,3.666666754806E-1));
#268=CARTESIAN_POINT('',(-5.399267681857E0,5.902620388964E0,3.5E-1));
#270=DIRECTION('',(-1.E0,0.E0,0.E0));
#271=VECTOR('',#270,3.652032404159E0);
#272=CARTESIAN_POINT('',(-1.747235276749E0,5.902620388964E0,3.5E-1));
#273=LINE('',#272,#271);
#274=DIRECTION('',(-5.226457166328E-2,-5.226442729436E-2,9.972646811095E-1));
#275=VECTOR('',#274,3.414573517288E0);
#276=CARTESIAN_POINT('',(-1.747235276749E0,5.902620388964E0,3.5E-1));
#277=LINE('',#276,#275);
#278=CARTESIAN_POINT('',(-1.926627488124E0,5.723612798596E0,3.765668299955E0));
#279=CARTESIAN_POINT('',(-1.926402484109E0,5.723706686535E0,3.763876811356E0));
#280=CARTESIAN_POINT('',(-1.926028118701E0,5.723889467961E0,3.760389133991E0));
#281=CARTESIAN_POINT('',(-1.925785469760E0,5.724070705862E0,3.756930908828E0));
#282=CARTESIAN_POINT('',(-1.925696499043E0,5.724159659629E0,3.755233569843E0));
#284=DIRECTION('',(-9.999999998419E-1,-9.306930955415E-7,1.775868217884E-5));
#285=VECTOR('',#284,1.829354116374E0);
#286=CARTESIAN_POINT('',(-1.926627488124E0,5.723612798596E0,3.765668299955E0));
#287=LINE('',#286,#285);
#288=DIRECTION('',(-5.005217278133E-1,4.530849204677E-2,-8.645375298593E-1));
#289=VECTOR('',#288,2.139872401261E0);
#290=CARTESIAN_POINT('',(-3.755981604209E0,5.723611096029E0,3.765700786873E0));
#291=LINE('',#290,#289);
#292=CARTESIAN_POINT('',(4.575E0,6.E0,4.E-1));
#293=DIRECTION('',(0.E0,0.E0,-1.E0));
#294=DIRECTION('',(1.E0,0.E0,0.E0));
#295=AXIS2_PLACEMENT_3D('',#292,#293,#294);
#297=DIRECTION('',(-1.E0,0.E0,0.E0));
#298=VECTOR('',#297,9.595E0);
#299=CARTESIAN_POINT('',(1.5E1,6.E0,4.E-1));
#300=LINE('',#299,#298);
#301=CARTESIAN_POINT('',(1.5E1,0.E0,4.E-1));
#302=DIRECTION('',(0.E0,0.E0,1.E0));
#303=DIRECTION('',(9.666666666665E-1,2.560381915962E-1,0.E0));
#304=AXIS2_PLACEMENT_3D('',#301,#302,#303);
#306=DIRECTION('',(-3.006405511643E-13,1.E0,0.E0));
#307=VECTOR('',#306,3.072458299157E0);
#308=CARTESIAN_POINT('',(2.08E1,-1.536229149575E0,4.E-1));
#309=LINE('',#308,#307);
#310=CARTESIAN_POINT('',(1.5E1,0.E0,4.E-1));
#311=DIRECTION('',(0.E0,0.E0,1.E0));
#312=DIRECTION('',(0.E0,-1.E0,0.E0));
#313=AXIS2_PLACEMENT_3D('',#310,#311,#312);
#315=DIRECTION('',(1.E0,0.E0,0.E0));
#316=VECTOR('',#315,9.594999999988E0);
#317=CARTESIAN_POINT('',(5.405E0,-6.E0,4.E-1));
#318=LINE('',#317,#316);
#319=CARTESIAN_POINT('',(4.575E0,-6.E0,4.E-1));
#320=DIRECTION('',(0.E0,0.E0,-1.E0));
#321=DIRECTION('',(9.927155207284E-1,1.204819277108E-1,0.E0));
#322=AXIS2_PLACEMENT_3D('',#319,#320,#321);
#324=CARTESIAN_POINT('',(1.5E1,0.E0,4.E-1));
#325=DIRECTION('',(0.E0,0.E0,1.E0));
#326=DIRECTION('',(-1.E0,0.E0,0.E0));
#327=AXIS2_PLACEMENT_3D('',#324,#325,#326);
#329=CARTESIAN_POINT('',(1.5E1,0.E0,4.E-1));
#330=DIRECTION('',(0.E0,0.E0,1.E0));
#331=DIRECTION('',(1.E0,0.E0,0.E0));
#332=AXIS2_PLACEMENT_3D('',#329,#330,#331);
#334=CARTESIAN_POINT('',(-1.5E1,0.E0,4.E-1));
#335=DIRECTION('',(0.E0,0.E0,1.E0));
#336=DIRECTION('',(-1.E0,0.E0,0.E0));
#337=AXIS2_PLACEMENT_3D('',#334,#335,#336);
#339=CARTESIAN_POINT('',(-1.5E1,0.E0,4.E-1));
#340=DIRECTION('',(0.E0,0.E0,1.E0));
#341=DIRECTION('',(1.E0,0.E0,0.E0));
#342=AXIS2_PLACEMENT_3D('',#339,#340,#341);
#344=CARTESIAN_POINT('',(-4.575E0,-6.E0,4.E-1));
#345=DIRECTION('',(0.E0,0.E0,-1.E0));
#346=DIRECTION('',(-1.E0,0.E0,0.E0));
#347=AXIS2_PLACEMENT_3D('',#344,#345,#346);
#349=DIRECTION('',(1.E0,0.E0,0.E0));
#350=VECTOR('',#349,9.595E0);
#351=CARTESIAN_POINT('',(-1.5E1,-6.E0,4.E-1));
#352=LINE('',#351,#350);
#353=CARTESIAN_POINT('',(-1.5E1,0.E0,4.E-1));
#354=DIRECTION('',(0.E0,0.E0,1.E0));
#355=DIRECTION('',(-9.666666666665E-1,-2.560381915962E-1,0.E0));
#356=AXIS2_PLACEMENT_3D('',#353,#354,#355);
#358=DIRECTION('',(3.006405511643E-13,-1.E0,0.E0));
#359=VECTOR('',#358,3.072458299157E0);
#360=CARTESIAN_POINT('',(-2.08E1,1.536229149575E0,4.E-1));
#361=LINE('',#360,#359);
#362=CARTESIAN_POINT('',(-1.5E1,0.E0,4.E-1));
#363=DIRECTION('',(0.E0,0.E0,1.E0));
#364=DIRECTION('',(0.E0,1.E0,0.E0));
#365=AXIS2_PLACEMENT_3D('',#362,#363,#364);
#367=DIRECTION('',(-1.E0,0.E0,0.E0));
#368=VECTOR('',#367,9.594999999988E0);
#369=CARTESIAN_POINT('',(-5.405E0,6.E0,4.E-1));
#370=LINE('',#369,#368);
#371=CARTESIAN_POINT('',(-4.575E0,6.E0,4.E-1));
#372=DIRECTION('',(0.E0,0.E0,-1.E0));
#373=DIRECTION('',(-9.927155207284E-1,-1.204819277108E-1,0.E0));
#374=AXIS2_PLACEMENT_3D('',#371,#372,#373);
#376=DIRECTION('',(5.233615310611E-2,-5.226423109387E-2,-9.972609373811E-1));
#377=VECTOR('',#376,1.519863788963E0);
#378=CARTESIAN_POINT('',(7.521004361103E0,-5.820565487702E0,1.915700786873E0));
#379=LINE('',#378,#377);
#380=DIRECTION('',(-1.E0,0.E0,0.E0));
#381=VECTOR('',#380,2.201594302858E0);
#382=CARTESIAN_POINT('',(7.600548185062E0,-5.9E0,4.E-1));
#383=LINE('',#382,#381);
#384=CARTESIAN_POINT('',(5.398953882205E0,-5.9E0,4.E-1));
#385=CARTESIAN_POINT('',(5.399059890871E0,-5.900873462526E0,3.833333421506E-1));
#386=CARTESIAN_POINT('',(5.399164490221E0,-5.901746925514E0,3.666666754806E-1));
#387=CARTESIAN_POINT('',(5.399267681857E0,-5.902620388964E0,3.5E-1));
#389=DIRECTION('',(1.E0,0.E0,0.E0));
#390=VECTOR('',#389,3.652032404159E0);
#391=CARTESIAN_POINT('',(1.747235276749E0,-5.902620388964E0,3.5E-1));
#392=LINE('',#391,#390);
#393=DIRECTION('',(5.226457166328E-2,5.226442729436E-2,9.972646811095E-1));
#394=VECTOR('',#393,3.414573517288E0);
#395=CARTESIAN_POINT('',(1.747235276749E0,-5.902620388964E0,3.5E-1));
#396=LINE('',#395,#394);
#397=CARTESIAN_POINT('',(1.926627488124E0,-5.723612798596E0,3.765668299955E0));
#398=CARTESIAN_POINT('',(1.926402484109E0,-5.723706686535E0,3.763876811356E0));
#399=CARTESIAN_POINT('',(1.926028118701E0,-5.723889467961E0,3.760389133991E0));
#400=CARTESIAN_POINT('',(1.925785469760E0,-5.724070705862E0,3.756930908828E0));
#401=CARTESIAN_POINT('',(1.925696499043E0,-5.724159659629E0,3.755233569843E0));
#403=DIRECTION('',(9.999999998419E-1,9.306930955415E-7,1.775868217787E-5));
#404=VECTOR('',#403,1.829354116374E0);
#405=CARTESIAN_POINT('',(1.926627488124E0,-5.723612798596E0,3.765668299955E0));
#406=LINE('',#405,#404);
#407=DIRECTION('',(5.005217278133E-1,-4.530849204677E-2,-8.645375298593E-1));
#408=VECTOR('',#407,2.139872401261E0);
#409=CARTESIAN_POINT('',(3.755981604209E0,-5.723611096029E0,3.765700786873E0));
#410=LINE('',#409,#408);
#411=DIRECTION('',(1.E0,0.E0,0.E0));
#412=VECTOR('',#411,2.693970125315E0);
#413=CARTESIAN_POINT('',(4.827034235788E0,-5.820565487702E0,1.915700786873E0));
#414=LINE('',#413,#412);
#415=CARTESIAN_POINT('',(8.E0,-5.500549691733E0,4.E-1));
#416=CARTESIAN_POINT('',(8.E0,-5.567124868666E0,4.E-1));
#417=CARTESIAN_POINT('',(7.971154838776E0,-5.671430061309E0,4.E-1));
#418=CARTESIAN_POINT('',(7.888958323569E0,-5.788959076904E0,4.E-1));
#419=CARTESIAN_POINT('',(7.771428827225E0,-5.871155111362E0,4.E-1));
#420=CARTESIAN_POINT('',(7.667123361996E0,-5.9E0,4.E-1));
#421=CARTESIAN_POINT('',(7.600548185062E0,-5.9E0,4.E-1));
#423=CARTESIAN_POINT('',(7.521004361103E0,-5.820565487702E0,1.915700786873E0));
#424=CARTESIAN_POINT('',(7.562784443500E0,-5.820478807741E0,1.917357595669E0));
#425=CARTESIAN_POINT('',(7.646333777281E0,-5.807098655786E0,1.920086653742E0));
#426=CARTESIAN_POINT('',(7.759416565774E0,-5.749353012994E0,1.922279447081E0));
#427=CARTESIAN_POINT('',(7.849236050080E0,-5.659536082458E0,1.922284384210E0));
#428=CARTESIAN_POINT('',(7.906986126607E0,-5.546451942023E0,1.920100974547E0));
#429=CARTESIAN_POINT('',(7.920368358681E0,-5.462897445495E0,1.917376991045E0));
#430=CARTESIAN_POINT('',(7.920455045261E0,-5.421114050209E0,1.915722333785E0));
#432=CARTESIAN_POINT('',(7.521004361103E0,-5.520976627276E0,1.9E0));
#433=DIRECTION('',(-1.E0,0.E0,0.E0));
#434=DIRECTION('',(0.E0,-9.986295347546E-1,5.233595624294E-2));
#435=AXIS2_PLACEMENT_3D('',#432,#433,#434);
#437=DIRECTION('',(-1.E0,1.046407139604E-10,0.E0));
#438=VECTOR('',#437,2.521122738035E0);
#439=CARTESIAN_POINT('',(7.521004360269E0,-5.520976627540E0,2.2E0));
#440=LINE('',#439,#438);
#441=CARTESIAN_POINT('',(3.928828990655E0,-5.424022235602E0,4.05E0));
#442=CARTESIAN_POINT('',(3.927992771309E0,-5.451716057245E0,4.05E0));
#443=CARTESIAN_POINT('',(3.921853993128E0,-5.508137541621E0,4.042302245492E0));
#444=CARTESIAN_POINT('',(3.898407790928E0,-5.588973353970E0,4.005844618166E0));
#445=CARTESIAN_POINT('',(3.861713685327E0,-5.657630673723E0,3.945755216240E0));
#446=CARTESIAN_POINT('',(3.812950133446E0,-5.707225464076E0,3.863718634243E0));
#447=CARTESIAN_POINT('',(3.775403443516E0,-5.721849309179E0,3.799317682572E0));
#448=CARTESIAN_POINT('',(3.755981604209E0,-5.723611096029E0,3.765700786873E0));
#450=CARTESIAN_POINT('',(3.928828990655E0,-5.424022235602E0,4.05E0));
#451=CARTESIAN_POINT('',(3.928907931736E0,-5.421407873446E0,4.05E0));
#452=CARTESIAN_POINT('',(3.928947368421E0,-5.418792915005E0,4.05E0));
#453=CARTESIAN_POINT('',(3.928947368421E0,-5.416177361301E0,4.05E0));
#455=CARTESIAN_POINT('',(4.999881622234E0,-5.520976627276E0,2.2E0));
#456=CARTESIAN_POINT('',(4.999960563315E0,-5.518362265120E0,2.2E0));
#457=CARTESIAN_POINT('',(5.E0,-5.515747306679E0,2.2E0));
#458=CARTESIAN_POINT('',(5.E0,-5.513131752976E0,2.2E0));
#460=CARTESIAN_POINT('',(4.827034235788E0,-5.820565487702E0,1.915700786873E0));
#461=CARTESIAN_POINT('',(4.845978164331E0,-5.818847052920E0,1.948490475836E0));
#462=CARTESIAN_POINT('',(4.882864416980E0,-5.804833652269E0,2.011757539963E0));
#463=CARTESIAN_POINT('',(4.931593679365E0,-5.756200074530E0,2.093813088923E0));
#464=CARTESIAN_POINT('',(4.969057469167E0,-5.687381163877E0,2.155229443581E0));
#465=CARTESIAN_POINT('',(4.993299136447E0,-5.603548287276E0,2.192901747366E0));
#466=CARTESIAN_POINT('',(4.999069352018E0,-5.547877304234E0,2.2E0));
#467=CARTESIAN_POINT('',(4.999881622234E0,-5.520976627276E0,2.2E0));
#469=CARTESIAN_POINT('',(2.408813189110E0,-5.424022235602E0,4.05E0));
#470=CARTESIAN_POINT('',(2.385677926639E0,-5.429428249921E0,4.049999672789E0));
#471=CARTESIAN_POINT('',(2.341237951242E0,-5.439804052296E0,4.048428610045E0));
#472=CARTESIAN_POINT('',(2.280633010274E0,-5.453960724851E0,4.042438395345E0));
#473=CARTESIAN_POINT('',(2.225254036680E0,-5.466894653733E0,4.033567207191E0));
#474=CARTESIAN_POINT('',(2.174899805854E0,-5.478655719576E0,4.022402661109E0));
#475=CARTESIAN_POINT('',(2.129193066796E0,-5.489331052390E0,4.009391254493E0));
#476=CARTESIAN_POINT('',(2.087768666515E0,-5.499006289717E0,3.994859353848E0));
#477=CARTESIAN_POINT('',(2.050235197173E0,-5.507772733524E0,3.979018289282E0));
#478=CARTESIAN_POINT('',(2.016364088681E0,-5.515683793219E0,3.962050351383E0));
#479=CARTESIAN_POINT('',(1.986108616782E0,-5.522750402260E0,3.944189272875E0));
#480=CARTESIAN_POINT('',(1.959396314299E0,-5.528989392906E0,3.925659024600E0));
#481=CARTESIAN_POINT('',(1.936094239620E0,-5.534432076592E0,3.906634560308E0));
#482=CARTESIAN_POINT('',(1.916046130329E0,-5.539114137966E0,3.887268026353E0));
#483=CARTESIAN_POINT('',(1.898788202284E0,-5.543146248258E0,3.867308615023E0));
#484=CARTESIAN_POINT('',(1.884049601677E0,-5.546585274396E0,3.846385611421E0));
#485=CARTESIAN_POINT('',(1.871644861393E0,-5.549489646409E0,3.823833573987E0));
#486=CARTESIAN_POINT('',(1.861521326002E0,-5.551836859326E0,3.797938655077E0));
#487=CARTESIAN_POINT('',(1.857094032007E0,-5.552888966547E0,3.776922121063E0));
#488=CARTESIAN_POINT('',(1.856011156909E0,-5.553136265635E0,3.765627887069E0));
#490=CARTESIAN_POINT('',(1.926627488124E0,-5.723612798596E0,3.765668299955E0));
#491=CARTESIAN_POINT('',(1.927576895E0,-5.723021486656E0,3.776950438009E0));
#492=CARTESIAN_POINT('',(1.931422494577E0,-5.720638047015E0,3.797928988717E0));
#493=CARTESIAN_POINT('',(1.940266210779E0,-5.715138820932E0,3.823835251145E0));
#494=CARTESIAN_POINT('',(1.951081731062E0,-5.708420854012E0,3.846385414473E0));
#495=CARTESIAN_POINT('',(1.963939299590E0,-5.700431229888E0,3.867308103766E0));
#496=CARTESIAN_POINT('',(1.978992061559E0,-5.691078987997E0,3.887267840090E0));
#497=CARTESIAN_POINT('',(1.996479316944E0,-5.680213636365E0,3.906634278532E0));
#498=CARTESIAN_POINT('',(2.016804693654E0,-5.667585097796E0,3.925658846821E0));
#499=CARTESIAN_POINT('',(2.040104741041E0,-5.653108267596E0,3.944189134507E0));
#500=CARTESIAN_POINT('',(2.066495362845E0,-5.636711233093E0,3.962050267139E0));
#501=CARTESIAN_POINT('',(2.096039778406E0,-5.618354681300E0,3.979018238773E0));
#502=CARTESIAN_POINT('',(2.128778731252E0,-5.598013299302E0,3.994859327955E0));
#503=CARTESIAN_POINT('',(2.164911615241E0,-5.575563235107E0,4.009391242110E0));
#504=CARTESIAN_POINT('',(2.204779751711E0,-5.550792280487E0,4.022402655714E0));
#505=CARTESIAN_POINT('',(2.248701893314E0,-5.523502784203E0,4.033567205715E0));
#506=CARTESIAN_POINT('',(2.297006408013E0,-5.493489602568E0,4.042438394947E0));
#507=CARTESIAN_POINT('',(2.349870850288E0,-5.460645714512E0,4.048428610138E0));
#508=CARTESIAN_POINT('',(2.388631458741E0,-5.436558707201E0,4.049999672789E0));
#509=CARTESIAN_POINT('',(2.408813189110E0,-5.424022235602E0,4.05E0));
#511=CARTESIAN_POINT('',(1.856011156909E0,-5.553136265635E0,3.765627887069E0));
#512=CARTESIAN_POINT('',(1.855754739688E0,-5.553196129224E0,3.762957217289E0));
#513=CARTESIAN_POINT('',(1.855334343914E0,-5.553330400077E0,3.757746076158E0));
#514=CARTESIAN_POINT('',(1.855074972991E0,-5.553496576372E0,3.752553724015E0));
#515=CARTESIAN_POINT('',(1.854985663538E0,-5.553585862278E0,3.750000035567E0));
#517=CARTESIAN_POINT('',(1.926616327237E0,-5.623754738810E0,3.760341327165E0));
#518=DIRECTION('',(-1.244819545113E-1,-5.192888046905E-2,-9.908620662707E-1));
#519=DIRECTION('',(7.753131470167E-10,-9.986295347597E-1,5.233595614580E-2));
#520=AXIS2_PLACEMENT_3D('',#517,#518,#519);
#522=CARTESIAN_POINT('',(1.925696545521E0,-5.624296166717E0,3.750010267277E0));
#523=DIRECTION('',(-5.226442768871E-2,-5.226442768871E-2,-9.972646886342E-1));
#524=DIRECTION('',(0.E0,-9.986295347546E-1,5.233595624294E-2));
#525=AXIS2_PLACEMENT_3D('',#522,#523,#524);
#527=CARTESIAN_POINT('',(1.657240183287E0,-5.846076590920E0,3.5E-1));
#528=CARTESIAN_POINT('',(1.636705915176E0,-5.803370094518E0,3.5E-1));
#529=CARTESIAN_POINT('',(1.643291410425E0,-5.765279945575E0,3.5E-1));
#530=CARTESIAN_POINT('',(1.676798879754E0,-5.731772476246E0,3.5E-1));
#532=DIRECTION('',(7.071067811865E-1,7.071067811865E-1,0.E0));
#533=VECTOR('',#532,5.774293012407E-1);
#534=CARTESIAN_POINT('',(1.676798879754E0,-5.731772476246E0,3.5E-1));
#535=LINE('',#534,#533);
#536=CARTESIAN_POINT('',(1.670847912718E0,-5.829152087282E0,3.5E-1));
#537=CARTESIAN_POINT('',(1.665699152117E0,-5.834300847883E0,3.5E-1));
#538=CARTESIAN_POINT('',(1.661163164689E0,-5.839942286691E0,3.5E-1));
#539=CARTESIAN_POINT('',(1.657240183287E0,-5.846076590920E0,3.5E-1));
#541=DIRECTION('',(-7.071067811866E-1,-7.071067811865E-1,0.E0));
#542=VECTOR('',#541,6.127846403E-1);
#543=CARTESIAN_POINT('',(2.104152087282E0,-5.395847912718E0,3.5E-1));
#544=LINE('',#543,#542);
#545=CARTESIAN_POINT('',(2.104152087282E0,-5.395847912718E0,3.5E-1));
#546=CARTESIAN_POINT('',(2.124588208729E0,-5.375411791271E0,3.5E-1));
#547=CARTESIAN_POINT('',(2.138808372912E0,-5.332617659560E0,3.5E-1));
#548=CARTESIAN_POINT('',(2.131027026667E0,-5.288236992807E0,3.5E-1));
#549=CARTESIAN_POINT('',(2.113734399460E0,-5.265080240791E0,3.5E-1));
#551=CARTESIAN_POINT('',(2.263289374171E0,-5.145281981885E0,3.749995086305E0));
#552=CARTESIAN_POINT('',(2.270338848667E0,-5.138231357984E0,3.752105349337E0));
#553=CARTESIAN_POINT('',(2.282304874119E0,-5.122211969896E0,3.756532411109E0));
#554=CARTESIAN_POINT('',(2.292705177314E0,-5.094120502541E0,3.762370996534E0));
#555=CARTESIAN_POINT('',(2.294659362814E0,-5.064482912439E0,3.767264983276E0));
#556=CARTESIAN_POINT('',(2.287978697829E0,-5.035566043999E0,3.770674507226E0));
#557=CARTESIAN_POINT('',(2.273405002441E0,-5.010218788028E0,3.772337824607E0));
#558=CARTESIAN_POINT('',(2.251891698565E0,-4.989859407880E0,3.772145669922E0));
#559=CARTESIAN_POINT('',(2.223879475285E0,-4.976346038712E0,3.769963425457E0));
#560=CARTESIAN_POINT('',(2.203766989064E0,-4.973532735364E0,3.767214576710E0));
#561=CARTESIAN_POINT('',(2.193675836991E0,-4.973611322443E0,3.765696466035E0));
#563=DIRECTION('',(-5.226446497149E-2,-5.226446495505E-2,-9.972646847273E-1));
#564=VECTOR('',#563,3.409320653157E0);
#565=CARTESIAN_POINT('',(2.263289374171E0,-5.145281981885E0,3.749995086305E0));
#566=LINE('',#565,#564);
#567=CARTESIAN_POINT('',(2.113734399460E0,-5.265080240791E0,3.5E-1));
#568=CARTESIAN_POINT('',(2.110853812606E0,-5.287808856240E0,3.5E-1));
#569=CARTESIAN_POINT('',(2.101303173775E0,-5.307268182225E0,3.5E-1));
#570=CARTESIAN_POINT('',(2.085103054317E0,-5.323468301683E0,3.5E-1));
#572=CARTESIAN_POINT('',(2.113734399460E0,-5.265080240791E0,3.5E-1));
#573=CARTESIAN_POINT('',(2.118484579139E0,-5.227600028356E0,3.5E-1));
#574=CARTESIAN_POINT('',(2.093764648002E0,-5.182796610027E0,3.5E-1));
#575=CARTESIAN_POINT('',(2.052446685528E0,-5.152620388964E0,3.5E-1));
#576=CARTESIAN_POINT('',(2.014666657323E0,-5.152620388964E0,3.5E-1));
#578=CARTESIAN_POINT('',(2.475421538250E0,-5.357413886462E0,3.75E0));
#579=DIRECTION('',(7.071067811516E-1,7.071067812215E-1,0.E0));
#580=DIRECTION('',(-7.071067812215E-1,7.071067811516E-1,0.E0));
#581=AXIS2_PLACEMENT_3D('',#578,#579,#580);
#583=CARTESIAN_POINT('',(2.193675950258E0,-4.674022235602E0,3.75E0));
#584=DIRECTION('',(-1.E0,0.E0,0.E0));
#585=DIRECTION('',(0.E0,-9.986295347546E-1,5.233595624294E-2));
#586=AXIS2_PLACEMENT_3D('',#583,#584,#585);
#588=DIRECTION('',(-1.E0,8.423228156113E-9,1.607654749628E-7));
#589=VECTOR('',#588,4.387351692437E0);
#590=CARTESIAN_POINT('',(2.193675836991E0,-4.973611322443E0,3.765696466035E0));
#591=LINE('',#590,#589);
#592=DIRECTION('',(-5.226446064245E-2,-5.226442760754E-2,-9.972646869115E-1));
#593=VECTOR('',#592,3.425065091408E0);
#594=CARTESIAN_POINT('',(2.193675836991E0,-4.973611322443E0,3.765696466035E0));
#595=LINE('',#594,#593);
#596=DIRECTION('',(7.071066341639E-1,7.071069281572E-1,-8.571207470097E-6));
#597=VECTOR('',#596,5.774287652043E-1);
#598=CARTESIAN_POINT('',(1.854985663538E0,-5.553585862278E0,3.750000035567E0));
#599=LINE('',#598,#597);
#600=DIRECTION('',(-5.226452477696E-2,-5.226447496762E-2,-9.972646810683E-1));
#601=VECTOR('',#600,3.409325628503E0);
#602=CARTESIAN_POINT('',(1.854985663538E0,-5.553585862278E0,3.750000035567E0));
#603=LINE('',#602,#601);
#604=CARTESIAN_POINT('',(1.940708146735E0,-5.700713209502E0,-3.449999897389E0));
#605=DIRECTION('',(-5.226442768871E-2,-5.226442768871E-2,9.972646886342E-1));
#606=DIRECTION('',(-7.071067811865E-1,7.071067811865E-1,0.E0));
#607=AXIS2_PLACEMENT_3D('',#604,#605,#606);
#609=DIRECTION('',(-5.226451376966E-2,-5.226446954397E-2,9.972646819294E-1));
#610=VECTOR('',#609,3.810422705290E0);
#611=CARTESIAN_POINT('',(1.869997802667E0,-5.630002365851E0,-3.449999987207E0));
#612=LINE('',#611,#610);
#613=DIRECTION('',(5.226421804628E-2,5.226442826293E-2,-9.972646995910E-1));
#614=VECTOR('',#613,3.815670642620E0);
#615=CARTESIAN_POINT('',(1.741284309713E0,-6.E0,3.5E-1));
#616=LINE('',#615,#614);
#617=CARTESIAN_POINT('',(1.941645649580E0,-5.700164099782E0,-3.460477535026E0));
#618=DIRECTION('',(-1.254251621574E-1,-5.192266357730E-2,9.907434409093E-1));
#619=DIRECTION('',(-7.061358014873E-1,7.061357952221E-1,-5.238767568708E-2));
#620=AXIS2_PLACEMENT_3D('',#617,#618,#619);
#622=CARTESIAN_POINT('',(1.869997802667E0,-5.630002365851E0,-3.449999987207E0));
#623=CARTESIAN_POINT('',(1.870089887973E0,-5.629910305729E0,-3.452632970276E0));
#624=CARTESIAN_POINT('',(1.870355098118E0,-5.629742739613E0,-3.457882074044E0));
#625=CARTESIAN_POINT('',(1.870779743268E0,-5.629609311768E0,-3.463106503883E0));
#626=CARTESIAN_POINT('',(1.871031145300E0,-5.629550713447E0,-3.465706445504E0));
#628=DIRECTION('',(5.233615310611E-2,-5.226423109387E-2,9.972609373811E-1));
#629=VECTOR('',#628,1.469726459679E0);
#630=CARTESIAN_POINT('',(7.523628356044E0,-5.904843153918E0,-1.465700786873E0));
#631=LINE('',#630,#629);
#632=DIRECTION('',(-4.723143535999E-1,4.613049101013E-2,-8.802222044363E-1));
#633=VECTOR('',#632,2.272153542503E0);
#634=CARTESIAN_POINT('',(4.820515411001E0,-5.904843153918E0,-1.465700786873E0));
#635=LINE('',#634,#633);
#636=DIRECTION('',(9.999999999990E-1,-7.463914662794E-8,1.424196061747E-6));
#637=VECTOR('',#636,1.805699711906E0);
#638=CARTESIAN_POINT('',(1.941644967389E0,-5.800027460576E0,-3.465703358543E0));
#639=LINE('',#638,#637);
#640=CARTESIAN_POINT('',(1.941644967389E0,-5.800027460576E0,-3.465703358543E0));
#641=CARTESIAN_POINT('',(1.941425142596E0,-5.800118461689E0,-3.463966953866E0));
#642=CARTESIAN_POINT('',(1.941048972538E0,-5.800301096662E0,-3.460482070979E0));
#643=CARTESIAN_POINT('',(1.940799222192E0,-5.800484302650E0,-3.456986292486E0));
#644=CARTESIAN_POINT('',(1.940707352171E0,-5.800576155424E0,-3.455233637151E0));
#646=DIRECTION('',(1.E0,0.E0,0.E0));
#647=VECTOR('',#646,3.663715690287E0);
#648=CARTESIAN_POINT('',(1.741284309713E0,-6.E0,3.5E-1));
#649=LINE('',#648,#647);
#650=DIRECTION('',(1.E0,0.E0,0.E0));
#651=VECTOR('',#650,2.195750893839E0);
#652=CARTESIAN_POINT('',(5.404797291224E0,-5.981657277251E0,0.E0));
#653=LINE('',#652,#651);
#654=CARTESIAN_POINT('',(7.600548185062E0,-5.981657277251E0,0.E0));
#655=CARTESIAN_POINT('',(7.667123361996E0,-5.981657277251E0,0.E0));
#656=CARTESIAN_POINT('',(7.771428827225E0,-5.952812388613E0,0.E0));
#657=CARTESIAN_POINT('',(7.888958323569E0,-5.870616354155E0,0.E0));
#658=CARTESIAN_POINT('',(7.971154838776E0,-5.753087338560E0,0.E0));
#659=CARTESIAN_POINT('',(8.E0,-5.648782145917E0,0.E0));
#660=CARTESIAN_POINT('',(8.E0,-5.582206968984E0,0.E0));
#662=DIRECTION('',(5.233615310611E-2,5.226423109387E-2,9.972609373811E-1));
#663=VECTOR('',#662,1.469748065771E0);
#664=CARTESIAN_POINT('',(7.923079040202E0,5.505391716424E0,-1.465722333785E0));
#665=LINE('',#664,#663);
#666=DIRECTION('',(0.E0,-1.E0,0.E0));
#667=VECTOR('',#666,1.101078343285E1);
#668=CARTESIAN_POINT('',(7.923079040202E0,5.505391716424E0,-1.465722333785E0));
#669=LINE('',#668,#667);
#670=DIRECTION('',(5.233615310611E-2,-5.226423109387E-2,9.972609373811E-1));
#671=VECTOR('',#670,1.469748065771E0);
#672=CARTESIAN_POINT('',(7.923079040202E0,-5.505391716424E0,-1.465722333785E0));
#673=LINE('',#672,#671);
#674=DIRECTION('',(0.E0,1.E0,0.E0));
#675=VECTOR('',#674,1.116441393797E1);
#676=CARTESIAN_POINT('',(8.E0,-5.582206968984E0,0.E0));
#677=LINE('',#676,#675);
#678=CARTESIAN_POINT('',(8.E0,5.582206968984E0,0.E0));
#679=CARTESIAN_POINT('',(8.E0,5.648782145917E0,0.E0));
#680=CARTESIAN_POINT('',(7.971154838776E0,5.753087338560E0,0.E0));
#681=CARTESIAN_POINT('',(7.888958323569E0,5.870616354155E0,0.E0));
#682=CARTESIAN_POINT('',(7.771428827225E0,5.952812388613E0,0.E0));
#683=CARTESIAN_POINT('',(7.667123361996E0,5.981657277251E0,0.E0));
#684=CARTESIAN_POINT('',(7.600548185062E0,5.981657277251E0,0.E0));
#686=DIRECTION('',(5.233615310611E-2,5.226423109387E-2,9.972609373811E-1));
#687=VECTOR('',#686,1.469726459679E0);
#688=CARTESIAN_POINT('',(7.523628356044E0,5.904843153918E0,-1.465700786873E0));
#689=LINE('',#688,#687);
#690=DIRECTION('',(-1.E0,0.E0,0.E0));
#691=VECTOR('',#690,2.195750893839E0);
#692=CARTESIAN_POINT('',(7.600548185062E0,5.981657277251E0,0.E0));
#693=LINE('',#692,#691);
#694=CARTESIAN_POINT('',(5.404797291224E0,5.981657277251E0,0.E0));
#695=CARTESIAN_POINT('',(5.404932446869E0,5.987771516121E0,1.166666276255E-1));
#696=CARTESIAN_POINT('',(5.405E0,5.993885757038E0,2.333332943016E-1));
#697=CARTESIAN_POINT('',(5.405E0,6.E0,3.5E-1));
#699=DIRECTION('',(-1.E0,0.E0,0.E0));
#700=VECTOR('',#699,3.663715690287E0);
#701=CARTESIAN_POINT('',(5.405E0,6.E0,3.5E-1));
#702=LINE('',#701,#700);
#703=DIRECTION('',(5.226455652890E-2,-5.226442733581E-2,-9.972646819005E-1));
#704=VECTOR('',#703,3.815670642814E0);
#705=CARTESIAN_POINT('',(1.741284309713E0,6.E0,3.5E-1));
#706=LINE('',#705,#704);
#707=CARTESIAN_POINT('',(1.941639632802E0,5.800029297919E0,-3.465668299955E0));
#708=CARTESIAN_POINT('',(1.941414628787E0,5.800123185858E0,-3.463876811356E0));
#709=CARTESIAN_POINT('',(1.941040263378E0,5.800305967283E0,-3.460389133991E0));
#710=CARTESIAN_POINT('',(1.940797614438E0,5.800487205184E0,-3.456930908828E0));
#711=CARTESIAN_POINT('',(1.940708643720E0,5.800576158951E0,-3.455233569843E0));
#713=DIRECTION('',(9.999999998377E-1,-9.428822549558E-7,-1.799126518621E-5));
#714=VECTOR('',#713,1.805705046785E0);
#715=CARTESIAN_POINT('',(1.941639632802E0,5.800029297919E0,-3.465668299955E0));
#716=LINE('',#715,#714);
#717=DIRECTION('',(4.723143535999E-1,4.613049101013E-2,8.802222044363E-1));
#718=VECTOR('',#717,2.272153542503E0);
#719=CARTESIAN_POINT('',(3.747344679294E0,5.800027595351E0,-3.465700786873E0));
#720=LINE('',#719,#718);
#721=CARTESIAN_POINT('',(-1.5E1,0.E0,0.E0));
#722=DIRECTION('',(0.E0,0.E0,-1.E0));
#723=DIRECTION('',(-9.666666666666E-1,2.560381915958E-1,0.E0));
#724=AXIS2_PLACEMENT_3D('',#721,#722,#723);
#726=CARTESIAN_POINT('',(-1.5E1,0.E0,0.E0));
#727=DIRECTION('',(0.E0,0.E0,-1.E0));
#728=DIRECTION('',(0.E0,-1.E0,0.E0));
#729=AXIS2_PLACEMENT_3D('',#726,#727,#728);
#731=CARTESIAN_POINT('',(-1.5E1,0.E0,0.E0));
#732=DIRECTION('',(0.E0,0.E0,1.E0));
#733=DIRECTION('',(-1.E0,0.E0,0.E0));
#734=AXIS2_PLACEMENT_3D('',#731,#732,#733);
#736=CARTESIAN_POINT('',(-1.5E1,0.E0,0.E0));
#737=DIRECTION('',(0.E0,0.E0,1.E0));
#738=DIRECTION('',(1.E0,0.E0,0.E0));
#739=AXIS2_PLACEMENT_3D('',#736,#737,#738);
#741=CARTESIAN_POINT('',(1.5E1,0.E0,0.E0));
#742=DIRECTION('',(0.E0,0.E0,1.E0));
#743=DIRECTION('',(-1.E0,0.E0,0.E0));
#744=AXIS2_PLACEMENT_3D('',#741,#742,#743);
#746=CARTESIAN_POINT('',(1.5E1,0.E0,0.E0));
#747=DIRECTION('',(0.E0,0.E0,1.E0));
#748=DIRECTION('',(1.E0,0.E0,0.E0));
#749=AXIS2_PLACEMENT_3D('',#746,#747,#748);
#751=CARTESIAN_POINT('',(1.5E1,0.E0,0.E0));
#752=DIRECTION('',(0.E0,0.E0,-1.E0));
#753=DIRECTION('',(9.666666666666E-1,-2.560381915958E-1,0.E0));
#754=AXIS2_PLACEMENT_3D('',#751,#752,#753);
#756=CARTESIAN_POINT('',(1.5E1,0.E0,0.E0));
#757=DIRECTION('',(0.E0,0.E0,-1.E0));
#758=DIRECTION('',(0.E0,1.E0,0.E0));
#759=AXIS2_PLACEMENT_3D('',#756,#757,#758);
#761=DIRECTION('',(-5.233615310611E-2,-5.226423109387E-2,9.972609373811E-1));
#762=VECTOR('',#761,1.469726459679E0);
#763=CARTESIAN_POINT('',(-7.523628356044E0,-5.904843153918E0,
-1.465700786873E0));
#764=LINE('',#763,#762);
#765=DIRECTION('',(1.E0,0.E0,0.E0));
#766=VECTOR('',#765,2.195750893839E0);
#767=CARTESIAN_POINT('',(-7.600548185062E0,-5.981657277251E0,0.E0));
#768=LINE('',#767,#766);
#769=CARTESIAN_POINT('',(-5.404797291224E0,-5.981657277251E0,0.E0));
#770=CARTESIAN_POINT('',(-5.404932446869E0,-5.987771516121E0,
1.166666276255E-1));
#771=CARTESIAN_POINT('',(-5.405E0,-5.993885757038E0,2.333332943016E-1));
#772=CARTESIAN_POINT('',(-5.405E0,-6.E0,3.5E-1));
#774=DIRECTION('',(1.E0,0.E0,0.E0));
#775=VECTOR('',#774,3.663715690287E0);
#776=CARTESIAN_POINT('',(-5.405E0,-6.E0,3.5E-1));
#777=LINE('',#776,#775);
#778=DIRECTION('',(-5.226455652890E-2,5.226442733581E-2,-9.972646819005E-1));
#779=VECTOR('',#778,3.815670642814E0);
#780=CARTESIAN_POINT('',(-1.741284309713E0,-6.E0,3.5E-1));
#781=LINE('',#780,#779);
#782=CARTESIAN_POINT('',(-1.941639632802E0,-5.800029297919E0,
-3.465668299955E0));
#783=CARTESIAN_POINT('',(-1.941414628787E0,-5.800123185858E0,
-3.463876811356E0));
#784=CARTESIAN_POINT('',(-1.941040263378E0,-5.800305967283E0,
-3.460389133991E0));
#785=CARTESIAN_POINT('',(-1.940797614438E0,-5.800487205184E0,
-3.456930908828E0));
#786=CARTESIAN_POINT('',(-1.940708643720E0,-5.800576158951E0,
-3.455233569843E0));
#788=DIRECTION('',(-9.999999998377E-1,9.428822554476E-7,-1.799126518547E-5));
#789=VECTOR('',#788,1.805705046785E0);
#790=CARTESIAN_POINT('',(-1.941639632802E0,-5.800029297919E0,
-3.465668299955E0));
#791=LINE('',#790,#789);
#792=DIRECTION('',(-4.723143535999E-1,-4.613049101013E-2,8.802222044363E-1));
#793=VECTOR('',#792,2.272153542503E0);
#794=CARTESIAN_POINT('',(-3.747344679294E0,-5.800027595351E0,
-3.465700786873E0));
#795=LINE('',#794,#793);
#796=CARTESIAN_POINT('',(-8.E0,-5.582206968984E0,0.E0));
#797=CARTESIAN_POINT('',(-8.E0,-5.648782145917E0,0.E0));
#798=CARTESIAN_POINT('',(-7.971154838776E0,-5.753087338560E0,0.E0));
#799=CARTESIAN_POINT('',(-7.888958323569E0,-5.870616354155E0,0.E0));
#800=CARTESIAN_POINT('',(-7.771428827225E0,-5.952812388613E0,0.E0));
#801=CARTESIAN_POINT('',(-7.667123361996E0,-5.981657277251E0,0.E0));
#802=CARTESIAN_POINT('',(-7.600548185062E0,-5.981657277251E0,0.E0));
#804=CARTESIAN_POINT('',(-7.523628356044E0,-5.904843153918E0,
-1.465700786873E0));
#805=CARTESIAN_POINT('',(-7.565408438442E0,-5.904756473956E0,
-1.467357595669E0));
#806=CARTESIAN_POINT('',(-7.648957772223E0,-5.891376322001E0,
-1.470086653742E0));
#807=CARTESIAN_POINT('',(-7.762040560716E0,-5.833630679209E0,
-1.472279447081E0));
#808=CARTESIAN_POINT('',(-7.851860045022E0,-5.743813748673E0,
-1.472284384210E0));
#809=CARTESIAN_POINT('',(-7.909610121549E0,-5.630729608238E0,
-1.470100974547E0));
#810=CARTESIAN_POINT('',(-7.922992353623E0,-5.547175111710E0,
-1.467376991045E0));
#811=CARTESIAN_POINT('',(-7.923079040202E0,-5.505391716424E0,
-1.465722333785E0));
#813=CARTESIAN_POINT('',(-7.523628356044E0,-5.605254293491E0,-1.45E0));
#814=DIRECTION('',(1.E0,0.E0,0.E0));
#815=DIRECTION('',(0.E0,-9.986295347546E-1,-5.233595624294E-2));
#816=AXIS2_PLACEMENT_3D('',#813,#814,#815);
#818=DIRECTION('',(1.E0,0.E0,0.E0));
#819=VECTOR('',#818,2.703112945043E0);
#820=CARTESIAN_POINT('',(-7.523628356044E0,-5.904843153918E0,
-1.465700786873E0));
#821=LINE('',#820,#819);
#822=CARTESIAN_POINT('',(-4.999870221124E0,-5.605254293491E0,-1.75E0));
#823=CARTESIAN_POINT('',(-4.998992660561E0,-5.633262775180E0,-1.75E0));
#824=CARTESIAN_POINT('',(-4.992555045703E0,-5.690156285900E0,
-1.742212017173E0));
#825=CARTESIAN_POINT('',(-4.967578786822E0,-5.771938811288E0,
-1.704716047759E0));
#826=CARTESIAN_POINT('',(-4.929938969817E0,-5.838972708736E0,
-1.645266604094E0));
#827=CARTESIAN_POINT('',(-4.880259396343E0,-5.887980366413E0,
-1.564763975822E0));
#828=CARTESIAN_POINT('',(-4.841000256766E0,-5.903052360479E0,
-1.499871161260E0));
#829=CARTESIAN_POINT('',(-4.820515411001E0,-5.904843153918E0,
-1.465700786873E0));
#831=DIRECTION('',(1.E0,1.045279252170E-10,0.E0));
#832=VECTOR('',#831,2.523758134087E0);
#833=CARTESIAN_POINT('',(-7.523628355210E0,-5.605254293755E0,-1.75E0));
#834=LINE('',#833,#832);
#835=CARTESIAN_POINT('',(-3.926699489416E0,-5.500438734925E0,-3.75E0));
#836=CARTESIAN_POINT('',(-3.925837369071E0,-5.527954422077E0,-3.75E0));
#837=CARTESIAN_POINT('',(-3.919534219144E0,-5.584087932351E0,
-3.742398792388E0));
#838=CARTESIAN_POINT('',(-3.895390038359E0,-5.664747245354E0,
-3.706240910832E0));
#839=CARTESIAN_POINT('',(-3.857422704037E0,-5.733568547390E0,
-3.646341159872E0));
#840=CARTESIAN_POINT('',(-3.806782713455E0,-5.783463255085E0,
-3.564252435830E0));
#841=CARTESIAN_POINT('',(-3.767637016589E0,-5.798253631080E0,
-3.499550041611E0));
#842=CARTESIAN_POINT('',(-3.747344679294E0,-5.800027595351E0,
-3.465700786873E0));
#844=CARTESIAN_POINT('',(-3.926699489416E0,-5.500438734925E0,-3.75E0));
#845=CARTESIAN_POINT('',(-3.926786033529E0,-5.497676567516E0,-3.75E0));
#846=CARTESIAN_POINT('',(-3.926829268293E0,-5.494913721790E0,-3.75E0));
#847=CARTESIAN_POINT('',(-3.926829268293E0,-5.492150198915E0,-3.75E0));
#849=CARTESIAN_POINT('',(-4.999870221124E0,-5.605254293491E0,-1.75E0));
#850=CARTESIAN_POINT('',(-4.999956765236E0,-5.602492126082E0,-1.75E0));
#851=CARTESIAN_POINT('',(-5.E0,-5.599729280355E0,-1.75E0));
#852=CARTESIAN_POINT('',(-5.E0,-5.596965757480E0,-1.75E0));
#854=CARTESIAN_POINT('',(-2.423825333787E0,-5.500438734925E0,-3.75E0));
#855=CARTESIAN_POINT('',(-2.400690071316E0,-5.505844749243E0,
-3.749999672789E0));
#856=CARTESIAN_POINT('',(-2.356250095920E0,-5.516220551618E0,
-3.748428610045E0));
#857=CARTESIAN_POINT('',(-2.295645154951E0,-5.530377224174E0,
-3.742438395345E0));
#858=CARTESIAN_POINT('',(-2.240266181357E0,-5.543311153055E0,
-3.733567207191E0));
#859=CARTESIAN_POINT('',(-2.189911950531E0,-5.555072218898E0,
-3.722402661109E0));
#860=CARTESIAN_POINT('',(-2.144205211473E0,-5.565747551712E0,
-3.709391254493E0));
#861=CARTESIAN_POINT('',(-2.102780811193E0,-5.575422789040E0,
-3.694859353848E0));
#862=CARTESIAN_POINT('',(-2.065247341850E0,-5.584189232846E0,
-3.679018289282E0));
#863=CARTESIAN_POINT('',(-2.031376233359E0,-5.592100292541E0,
-3.662050351383E0));
#864=CARTESIAN_POINT('',(-2.001120761459E0,-5.599166901583E0,
-3.644189272875E0));
#865=CARTESIAN_POINT('',(-1.974408458976E0,-5.605405892229E0,
-3.625659024600E0));
#866=CARTESIAN_POINT('',(-1.951106384297E0,-5.610848575914E0,
-3.606634560308E0));
#867=CARTESIAN_POINT('',(-1.931058275006E0,-5.615530637289E0,
-3.587268026353E0));
#868=CARTESIAN_POINT('',(-1.913800346961E0,-5.619562747580E0,
-3.567308615022E0));
#869=CARTESIAN_POINT('',(-1.899061746354E0,-5.623001773719E0,
-3.546385611421E0));
#870=CARTESIAN_POINT('',(-1.886657006071E0,-5.625906145732E0,
-3.523833573987E0));
#871=CARTESIAN_POINT('',(-1.876533470679E0,-5.628253358649E0,
-3.497938655077E0));
#872=CARTESIAN_POINT('',(-1.872106176684E0,-5.629305465870E0,
-3.476922121063E0));
#873=CARTESIAN_POINT('',(-1.871023301586E0,-5.629552764957E0,
-3.465627887069E0));
#875=CARTESIAN_POINT('',(-1.941639632802E0,-5.800029297919E0,
-3.465668299955E0));
#876=CARTESIAN_POINT('',(-1.942589039677E0,-5.799437985978E0,
-3.476950438009E0));
#877=CARTESIAN_POINT('',(-1.946434639254E0,-5.797054546337E0,
-3.497928988717E0));
#878=CARTESIAN_POINT('',(-1.955278355457E0,-5.791555320254E0,
-3.523835251145E0));
#879=CARTESIAN_POINT('',(-1.966093875739E0,-5.784837353335E0,
-3.546385414473E0));
#880=CARTESIAN_POINT('',(-1.978951444267E0,-5.776847729210E0,
-3.567308103766E0));
#881=CARTESIAN_POINT('',(-1.994004206237E0,-5.767495487319E0,
-3.587267840090E0));
#882=CARTESIAN_POINT('',(-2.011491461621E0,-5.756630135687E0,
-3.606634278532E0));
#883=CARTESIAN_POINT('',(-2.031816838332E0,-5.744001597119E0,
-3.625658846821E0));
#884=CARTESIAN_POINT('',(-2.055116885718E0,-5.729524766919E0,
-3.644189134507E0));
#885=CARTESIAN_POINT('',(-2.081507507522E0,-5.713127732416E0,
-3.662050267139E0));
#886=CARTESIAN_POINT('',(-2.111051923083E0,-5.694771180622E0,
-3.679018238773E0));
#887=CARTESIAN_POINT('',(-2.143790875929E0,-5.674429798625E0,
-3.694859327955E0));
#888=CARTESIAN_POINT('',(-2.179923759918E0,-5.651979734430E0,
-3.709391242110E0));
#889=CARTESIAN_POINT('',(-2.219791896389E0,-5.627208779809E0,
-3.722402655714E0));
#890=CARTESIAN_POINT('',(-2.263714037991E0,-5.599919283525E0,
-3.733567205715E0));
#891=CARTESIAN_POINT('',(-2.312018552690E0,-5.569906101891E0,
-3.742438394947E0));
#892=CARTESIAN_POINT('',(-2.364882994965E0,-5.537062213834E0,
-3.748428610138E0));
#893=CARTESIAN_POINT('',(-2.403643603418E0,-5.512975206524E0,
-3.749999672789E0));
#894=CARTESIAN_POINT('',(-2.423825333787E0,-5.500438734925E0,-3.75E0));
#896=CARTESIAN_POINT('',(-1.871023301586E0,-5.629552764957E0,
-3.465627887069E0));
#897=CARTESIAN_POINT('',(-1.870766884365E0,-5.629612628546E0,
-3.462957217289E0));
#898=CARTESIAN_POINT('',(-1.870346488591E0,-5.629746899399E0,
-3.457746076158E0));
#899=CARTESIAN_POINT('',(-1.870087117668E0,-5.629913075695E0,
-3.452553724015E0));
#900=CARTESIAN_POINT('',(-1.869997808215E0,-5.630002361601E0,
-3.450000035567E0));
#902=CARTESIAN_POINT('',(-1.941628471914E0,-5.700171238133E0,
-3.460341327165E0));
#903=DIRECTION('',(1.244819545113E-1,-5.192888046905E-2,9.908620662707E-1));
#904=DIRECTION('',(-7.753131470167E-10,-9.986295347597E-1,-5.233595614581E-2));
#905=AXIS2_PLACEMENT_3D('',#902,#903,#904);
#907=CARTESIAN_POINT('',(-1.940708690198E0,-5.700712666039E0,
-3.450010267277E0));
#908=DIRECTION('',(5.226442768871E-2,-5.226442768871E-2,9.972646886342E-1));
#909=DIRECTION('',(0.E0,-9.986295347546E-1,-5.233595624294E-2));
#910=AXIS2_PLACEMENT_3D('',#907,#908,#909);
#912=DIRECTION('',(7.071067811865E-1,-7.071067811865E-1,0.E0));
#913=VECTOR('',#912,5.774293012407E-1);
#914=CARTESIAN_POINT('',(-2.085103054317E0,-5.323468301683E0,3.5E-1));
#915=LINE('',#914,#913);
#916=CARTESIAN_POINT('',(-2.113734399460E0,-5.265080240791E0,3.5E-1));
#917=CARTESIAN_POINT('',(-2.131027026667E0,-5.288236992807E0,3.5E-1));
#918=CARTESIAN_POINT('',(-2.138808372912E0,-5.332617659560E0,3.5E-1));
#919=CARTESIAN_POINT('',(-2.124588208729E0,-5.375411791271E0,3.5E-1));
#920=CARTESIAN_POINT('',(-2.104152087282E0,-5.395847912718E0,3.5E-1));
#922=DIRECTION('',(-7.071067811865E-1,7.071067811865E-1,0.E0));
#923=VECTOR('',#922,6.127846403001E-1);
#924=CARTESIAN_POINT('',(-1.670847912718E0,-5.829152087282E0,3.5E-1));
#925=LINE('',#924,#923);
#926=CARTESIAN_POINT('',(-1.670847912718E0,-5.829152087282E0,3.5E-1));
#927=CARTESIAN_POINT('',(-1.665699152117E0,-5.834300847883E0,3.5E-1));
#928=CARTESIAN_POINT('',(-1.661163164689E0,-5.839942286691E0,3.5E-1));
#929=CARTESIAN_POINT('',(-1.657240183287E0,-5.846076590920E0,3.5E-1));
#931=CARTESIAN_POINT('',(-1.925696002058E0,-5.624296710180E0,3.749999897389E0));
#932=DIRECTION('',(5.226442768871E-2,-5.226442768871E-2,-9.972646886342E-1));
#933=DIRECTION('',(7.071067811865E-1,7.071067811865E-1,0.E0));
#934=AXIS2_PLACEMENT_3D('',#931,#932,#933);
#936=DIRECTION('',(5.226452389682E-2,-5.226447446812E-2,-9.972646811406E-1));
#937=VECTOR('',#936,3.409325579763E0);
#938=CARTESIAN_POINT('',(-1.854985657990E0,-5.553585866529E0,3.749999987207E0));
#939=LINE('',#938,#937);
#940=CARTESIAN_POINT('',(-1.657240183287E0,-5.846076590920E0,3.5E-1));
#941=CARTESIAN_POINT('',(-1.636705915176E0,-5.803370094518E0,3.5E-1));
#942=CARTESIAN_POINT('',(-1.643291410425E0,-5.765279945575E0,3.5E-1));
#943=CARTESIAN_POINT('',(-1.676798879754E0,-5.731772476246E0,3.5E-1));
#945=CARTESIAN_POINT('',(-1.657240183287E0,-5.846076590920E0,3.5E-1));
#946=CARTESIAN_POINT('',(-1.675374913428E0,-5.883792607063E0,3.5E-1));
#947=CARTESIAN_POINT('',(-1.705385948068E0,-5.902620388964E0,3.5E-1));
#948=CARTESIAN_POINT('',(-1.747235276749E0,-5.902620388964E0,3.5E-1));
#950=DIRECTION('',(-5.226419342038E-2,5.226442833039E-2,9.972647008781E-1));
#951=VECTOR('',#950,3.414573517094E0);
#952=CARTESIAN_POINT('',(-1.747235276749E0,-5.902620388964E0,3.5E-1));
#953=LINE('',#952,#951);
#954=CARTESIAN_POINT('',(-1.926633504903E0,-5.623747600459E0,3.760477535026E0));
#955=DIRECTION('',(1.254251621574E-1,-5.192266357730E-2,-9.907434409093E-1));
#956=DIRECTION('',(7.061358014873E-1,7.061357952221E-1,5.238767568708E-2));
#957=AXIS2_PLACEMENT_3D('',#954,#955,#956);
#959=CARTESIAN_POINT('',(-1.854985657990E0,-5.553585866529E0,3.749999987207E0));
#960=CARTESIAN_POINT('',(-1.855077743296E0,-5.553493806406E0,3.752632970276E0));
#961=CARTESIAN_POINT('',(-1.855342953440E0,-5.553326240290E0,3.757882074044E0));
#962=CARTESIAN_POINT('',(-1.855767598591E0,-5.553192812445E0,3.763106503883E0));
#963=CARTESIAN_POINT('',(-1.856019000622E0,-5.553134214125E0,3.765706445504E0));
#965=CARTESIAN_POINT('',(-2.408813189110E0,-5.424022235602E0,4.05E0));
#966=CARTESIAN_POINT('',(-2.388593208798E0,-5.436582454077E0,4.049999669098E0));
#967=CARTESIAN_POINT('',(-2.349794970840E0,-5.460692868752E0,4.048423570700E0));
#968=CARTESIAN_POINT('',(-2.296955175478E0,-5.493521433093E0,4.042427861259E0));
#969=CARTESIAN_POINT('',(-2.248860548866E0,-5.523404202157E0,4.033596442829E0));
#970=CARTESIAN_POINT('',(-2.205099057311E0,-5.550593870059E0,4.022492280303E0));
#971=CARTESIAN_POINT('',(-2.165260026322E0,-5.575346724781E0,4.009517902198E0));
#972=CARTESIAN_POINT('',(-2.129071244121E0,-5.597831496474E0,3.994989329848E0));
#973=CARTESIAN_POINT('',(-2.096337516623E0,-5.618169599165E0,3.979172112973E0));
#974=CARTESIAN_POINT('',(-2.066962126977E0,-5.636421090709E0,3.962331610759E0));
#975=CARTESIAN_POINT('',(-2.040848939228E0,-5.652645675599E0,3.944719489757E0));
#976=CARTESIAN_POINT('',(-2.017815922189E0,-5.666956560395E0,3.926512209907E0));
#977=CARTESIAN_POINT('',(-1.997613709331E0,-5.679508345103E0,3.907773097873E0));
#978=CARTESIAN_POINT('',(-1.980057573872E0,-5.690416854146E0,3.888546460323E0));
#979=CARTESIAN_POINT('',(-1.964790374425E0,-5.699900992778E0,3.868566175511E0));
#980=CARTESIAN_POINT('',(-1.951559420338E0,-5.708125772836E0,3.847287693826E0));
#981=CARTESIAN_POINT('',(-1.940464081838E0,-5.715011035380E0,3.824375336020E0));
#982=CARTESIAN_POINT('',(-1.931503334477E0,-5.720599183454E0,3.798207947903E0));
#983=CARTESIAN_POINT('',(-1.927580056922E0,-5.723015136584E0,3.777084606218E0));
#984=CARTESIAN_POINT('',(-1.926632822712E0,-5.723610961253E0,3.765703358543E0));
#986=CARTESIAN_POINT('',(-1.856019000622E0,-5.553134214125E0,3.765706445504E0));
#987=CARTESIAN_POINT('',(-1.857117917289E0,-5.552878861734E0,3.777086852305E0));
#988=CARTESIAN_POINT('',(-1.861579540387E0,-5.551833063196E0,3.798210536232E0));
#989=CARTESIAN_POINT('',(-1.871885258505E0,-5.549429412036E0,3.824373675205E0));
#990=CARTESIAN_POINT('',(-1.884592798324E0,-5.546459814146E0,3.847288395704E0));
#991=CARTESIAN_POINT('',(-1.899766944922E0,-5.542916541890E0,3.868565334973E0));
#992=CARTESIAN_POINT('',(-1.917267713993E0,-5.538828715648E0,3.888546351787E0));
#993=CARTESIAN_POINT('',(-1.937395485021E0,-5.534127765824E0,3.907772793920E0));
#994=CARTESIAN_POINT('',(-1.960555910818E0,-5.528718327310E0,3.926512053943E0));
#995=CARTESIAN_POINT('',(-1.986962026549E0,-5.522550874370E0,3.944719361546E0));
#996=CARTESIAN_POINT('',(-2.016899324713E0,-5.515558645876E0,3.962331533525E0));
#997=CARTESIAN_POINT('',(-2.050576606900E0,-5.507692900511E0,3.979172064434E0));
#998=CARTESIAN_POINT('',(-2.088104053296E0,-5.498927903796E0,3.994989303924E0));
#999=CARTESIAN_POINT('',(-2.129592520727E0,-5.489237727471E0,4.009517889695E0));
#1000=CARTESIAN_POINT('',(-2.175265881757E0,-5.478570203472E0,
4.022492274951E0));
#1001=CARTESIAN_POINT('',(-2.225435928995E0,-5.466852164252E0,
4.033596441407E0));
#1002=CARTESIAN_POINT('',(-2.280574274822E0,-5.453974439462E0,
4.042427860882E0));
#1003=CARTESIAN_POINT('',(-2.341150953482E0,-5.439824365058E0,
4.048423570788E0));
#1004=CARTESIAN_POINT('',(-2.385634088250E0,-5.429438505142E0,
4.049999669098E0));
#1005=CARTESIAN_POINT('',(-2.408813189110E0,-5.424022235602E0,4.05E0));
#1007=DIRECTION('',(7.071066352973E-1,-7.071069270045E-1,1.004398787392E-5));
#1008=VECTOR('',#1007,5.774287386126E-1);
#1009=CARTESIAN_POINT('',(-2.263289350474E0,-5.145282005604E0,
3.749994187520E0));
#1010=LINE('',#1009,#1008);
#1011=DIRECTION('',(5.226447179948E-2,-5.226447177648E-2,-9.972646840119E-1));
#1012=VECTOR('',#1011,3.409319754352E0);
#1013=CARTESIAN_POINT('',(-2.263289350474E0,-5.145282005604E0,
3.749994187520E0));
#1014=LINE('',#1013,#1012);
#1015=CARTESIAN_POINT('',(-2.303298707202E0,-5.196701292744E0,
-3.449994662863E0));
#1016=CARTESIAN_POINT('',(-2.310398079724E0,-5.189601312317E0,
-3.452118659241E0));
#1017=CARTESIAN_POINT('',(-2.322392473520E0,-5.173484406922E0,
-3.456567855754E0));
#1018=CARTESIAN_POINT('',(-2.332728518716E0,-5.145474848712E0,
-3.462381148439E0));
#1019=CARTESIAN_POINT('',(-2.334661049209E0,-5.115776660967E0,
-3.467283000547E0));
#1020=CARTESIAN_POINT('',(-2.327971420546E0,-5.086914639215E0,
-3.470681445168E0));
#1021=CARTESIAN_POINT('',(-2.313289513568E0,-5.061480616240E0,
-3.472342292676E0));
#1022=CARTESIAN_POINT('',(-2.291931185742E0,-5.041327351109E0,
-3.472141653677E0));
#1023=CARTESIAN_POINT('',(-2.264051929251E0,-5.027809018254E0,
-3.469982001767E0));
#1024=CARTESIAN_POINT('',(-2.243855533287E0,-5.024948691518E0,
-3.467225152392E0));
#1025=CARTESIAN_POINT('',(-2.233687981397E0,-5.025027822258E0,
-3.465696456633E0));
#1027=DIRECTION('',(5.226373298616E-2,-5.226373300020E-2,9.972647614487E-1));
#1028=VECTOR('',#1027,3.810417062510E0);
#1029=CARTESIAN_POINT('',(-2.303298707202E0,-5.196701292744E0,
-3.449994662863E0));
#1030=LINE('',#1029,#1028);
#1031=CARTESIAN_POINT('',(-2.515433682996E0,-5.408830385716E0,-3.45E0));
#1032=DIRECTION('',(-7.071067809803E-1,7.071067813928E-1,0.E0));
#1033=DIRECTION('',(7.071067813928E-1,7.071067809803E-1,0.E0));
#1034=AXIS2_PLACEMENT_3D('',#1031,#1032,#1033);
#1036=CARTESIAN_POINT('',(-2.233688094936E0,-4.725438734925E0,-3.45E0));
#1037=DIRECTION('',(1.E0,0.E0,0.E0));
#1038=DIRECTION('',(0.E0,-9.986295347546E-1,-5.233595624294E-2));
#1039=AXIS2_PLACEMENT_3D('',#1036,#1037,#1038);
#1041=DIRECTION('',(1.E0,8.473312213519E-9,-1.617214134558E-7));
#1042=VECTOR('',#1041,4.467375981739E0);
#1043=CARTESIAN_POINT('',(-2.233687981397E0,-5.025027822258E0,
-3.465696456633E0));
#1044=LINE('',#1043,#1042);
#1045=DIRECTION('',(5.226445724562E-2,-5.226442761593E-2,9.972646870890E-1));
#1046=VECTOR('',#1045,3.826162207518E0);
#1047=CARTESIAN_POINT('',(-2.233687981397E0,-5.025027822258E0,
-3.465696456633E0));
#1048=LINE('',#1047,#1046);
#1049=DIRECTION('',(-1.E0,0.E0,0.E0));
#1050=VECTOR('',#1049,4.067431380574E0);
#1051=CARTESIAN_POINT('',(2.033715690287E0,-5.225E0,3.5E-1));
#1052=LINE('',#1051,#1050);
#1053=CARTESIAN_POINT('',(2.233688000342E0,-5.025027784405E0,
-3.465697179103E0));
#1054=CARTESIAN_POINT('',(2.243563564364E0,-5.024950709739E0,
-3.467183093936E0));
#1055=CARTESIAN_POINT('',(2.263176499447E0,-5.027703434773E0,
-3.469862580884E0));
#1056=CARTESIAN_POINT('',(2.289827583193E0,-5.040018377252E0,
-3.472018864968E0));
#1057=CARTESIAN_POINT('',(2.311794676036E0,-5.059583587290E0,
-3.472404296245E0));
#1058=CARTESIAN_POINT('',(2.327120526717E0,-5.084813329833E0,
-3.470873951006E0));
#1059=CARTESIAN_POINT('',(2.334412799094E0,-5.113427086310E0,
-3.467605347258E0));
#1060=CARTESIAN_POINT('',(2.333286251178E0,-5.143126612577E0,
-3.462830380830E0));
#1061=CARTESIAN_POINT('',(2.322918662106E0,-5.172804113588E0,
-3.456754589127E0));
#1062=CARTESIAN_POINT('',(2.310599533800E0,-5.189399723984E0,
-3.452176732672E0));
#1063=CARTESIAN_POINT('',(2.303298158596E0,-5.196701841329E0,
-3.449993658256E0));
#1065=DIRECTION('',(-5.226445231478E-2,-5.226442762693E-2,9.972646873469E-1));
#1066=VECTOR('',#1065,3.826162930981E0);
#1067=CARTESIAN_POINT('',(2.233688000342E0,-5.025027784405E0,
-3.465697179103E0));
#1068=LINE('',#1067,#1066);
#1069=CARTESIAN_POINT('',(2.233688117071E0,-4.725438734929E0,-3.45E0));
#1070=DIRECTION('',(1.E0,-5.526287076621E-8,0.E0));
#1071=DIRECTION('',(-5.518713486245E-8,-9.986295347545E-1,-5.233595624356E-2));
#1072=AXIS2_PLACEMENT_3D('',#1069,#1070,#1071);
#1074=CARTESIAN_POINT('',(2.515433682917E0,-5.408830385795E0,-3.45E0));
#1075=DIRECTION('',(-7.071067811866E-1,-7.071067811865E-1,0.E0));
#1076=DIRECTION('',(-7.071067811865E-1,7.071067811865E-1,0.E0));
#1077=AXIS2_PLACEMENT_3D('',#1074,#1075,#1076);
#1079=DIRECTION('',(-1.E0,0.E0,0.E0));
#1080=VECTOR('',#1079,1.502874155630E0);
#1081=CARTESIAN_POINT('',(-2.423825333787E0,5.500438734925E0,-3.75E0));
#1082=LINE('',#1081,#1080);
#1083=DIRECTION('',(-1.E0,0.E0,0.E0));
#1084=VECTOR('',#1083,1.502874155630E0);
#1085=CARTESIAN_POINT('',(-2.423825333787E0,-5.500438734925E0,-3.75E0));
#1086=LINE('',#1085,#1084);
#1087=DIRECTION('',(-7.071065703488E-1,7.071069920243E-1,9.597963125352E-14));
#1088=VECTOR('',#1087,1.295535074828E-1);
#1089=CARTESIAN_POINT('',(-2.423825333787E0,-5.500438734925E0,-3.75E0));
#1090=LINE('',#1089,#1088);
#1091=CARTESIAN_POINT('',(-2.515433470140E0,-5.408830543943E0,-3.75E0));
#1092=CARTESIAN_POINT('',(-2.544014461493E0,-5.380242085245E0,
-3.749998395478E0));
#1093=CARTESIAN_POINT('',(-2.590136934046E0,-5.317622787460E0,
-3.750000745074E0));
#1094=CARTESIAN_POINT('',(-2.630620429276E0,-5.206468607307E0,
-3.749999799025E0));
#1095=CARTESIAN_POINT('',(-2.637225637668E0,-5.088782095832E0,
-3.750000058825E0));
#1096=CARTESIAN_POINT('',(-2.609792399044E0,-4.974026867419E0,
-3.749999965673E0));
#1097=CARTESIAN_POINT('',(-2.550663753341E0,-4.872644399663E0,
-3.750000078481E0));
#1098=CARTESIAN_POINT('',(-2.465446230035E0,-4.791987024262E0,
-3.749999720403E0));
#1099=CARTESIAN_POINT('',(-2.353738993460E0,-4.737463213683E0,
-3.750001039906E0));
#1100=CARTESIAN_POINT('',(-2.275145386764E0,-4.725444945100E0,
-3.749997759951E0));
#1101=CARTESIAN_POINT('',(-2.233687833576E0,-4.725438774662E0,-3.75E0));
#1103=DIRECTION('',(1.E0,1.124951467298E-9,0.E0));
#1104=VECTOR('',#1103,4.467375692603E0);
#1105=CARTESIAN_POINT('',(-2.233687833576E0,-4.725438774662E0,-3.75E0));
#1106=LINE('',#1105,#1104);
#1107=CARTESIAN_POINT('',(2.233687859027E0,-4.725438769636E0,-3.75E0));
#1108=CARTESIAN_POINT('',(2.273863665486E0,-4.725443863088E0,
-3.749998372674E0));
#1109=CARTESIAN_POINT('',(2.350319560111E0,-4.737016120754E0,
-3.750000755646E0));
#1110=CARTESIAN_POINT('',(2.457041997445E0,-4.786725249628E0,
-3.749999796230E0));
#1111=CARTESIAN_POINT('',(2.544675383902E0,-4.865069536096E0,
-3.750000059435E0));
#1112=CARTESIAN_POINT('',(2.606348133890E0,-4.965661028218E0,
-3.749999966028E0));
#1113=CARTESIAN_POINT('',(2.636162462228E0,-5.079455035521E0,
-3.750000076451E0));
#1114=CARTESIAN_POINT('',(2.632767892848E0,-5.197157305535E0,
-3.749999728169E0));
#1115=CARTESIAN_POINT('',(2.592165103027E0,-5.314978904909E0,
-3.750001010875E0));
#1116=CARTESIAN_POINT('',(2.544887982199E0,-5.379367117353E0,
-3.749997822512E0));
#1117=CARTESIAN_POINT('',(2.515433443452E0,-5.408830562079E0,-3.75E0));
#1119=DIRECTION('',(-7.071065373456E-1,-7.071070250274E-1,-6.855689623928E-14));
#1120=VECTOR('',#1119,1.295534757875E-1);
#1121=CARTESIAN_POINT('',(2.515433443452E0,-5.408830562079E0,-3.75E0));
#1122=LINE('',#1121,#1120);
#1123=DIRECTION('',(1.E0,0.E0,0.E0));
#1124=VECTOR('',#1123,1.502874155630E0);
#1125=CARTESIAN_POINT('',(2.423825333787E0,-5.500438734925E0,-3.75E0));
#1126=LINE('',#1125,#1124);
#1127=CARTESIAN_POINT('',(3.926699489416E0,-5.500438734925E0,-3.75E0));
#1128=CARTESIAN_POINT('',(3.926786033529E0,-5.497676567516E0,-3.75E0));
#1129=CARTESIAN_POINT('',(3.926829268293E0,-5.494913721790E0,-3.75E0));
#1130=CARTESIAN_POINT('',(3.926829268293E0,-5.492150198915E0,-3.75E0));
#1132=DIRECTION('',(0.E0,-1.E0,0.E0));
#1133=VECTOR('',#1132,1.098430039783E1);
#1134=CARTESIAN_POINT('',(3.926829268293E0,5.492150198915E0,-3.75E0));
#1135=LINE('',#1134,#1133);
#1136=DIRECTION('',(1.E0,0.E0,0.E0));
#1137=VECTOR('',#1136,1.502874155630E0);
#1138=CARTESIAN_POINT('',(2.423825333787E0,5.500438734925E0,-3.75E0));
#1139=LINE('',#1138,#1137);
#1140=DIRECTION('',(7.071065966195E-1,-7.071069657535E-1,4.798980390608E-14));
#1141=VECTOR('',#1140,1.295535391240E-1);
#1142=CARTESIAN_POINT('',(2.423825333787E0,5.500438734925E0,-3.75E0));
#1143=LINE('',#1142,#1141);
#1144=CARTESIAN_POINT('',(2.515433495917E0,5.408830524972E0,-3.75E0));
#1145=CARTESIAN_POINT('',(2.543833455132E0,5.380423179635E0,-3.749998366328E0));
#1146=CARTESIAN_POINT('',(2.589840015898E0,5.318193796820E0,-3.750000758601E0));
#1147=CARTESIAN_POINT('',(2.630578550088E0,5.206713907134E0,-3.749999795403E0));
#1148=CARTESIAN_POINT('',(2.637271059823E0,5.089269931168E0,-3.750000059786E0));
#1149=CARTESIAN_POINT('',(2.609871611933E0,4.974296743581E0,-3.749999965454E0));
#1150=CARTESIAN_POINT('',(2.551174944727E0,4.873262237235E0,-3.750000078400E0));
#1151=CARTESIAN_POINT('',(2.465337048358E0,4.791782102676E0,-3.749999720947E0));
#1152=CARTESIAN_POINT('',(2.353097769819E0,4.737273262593E0,-3.750001037813E0));
#1153=CARTESIAN_POINT('',(2.274849921850E0,4.725444854991E0,-3.749997764472E0));
#1154=CARTESIAN_POINT('',(2.233687900980E0,4.725438764329E0,-3.75E0));
#1156=DIRECTION('',(-1.E0,1.491761733749E-10,0.E0));
#1157=VECTOR('',#1156,4.467375790639E0);
#1158=CARTESIAN_POINT('',(2.233687900980E0,4.725438764329E0,-3.75E0));
#1159=LINE('',#1158,#1157);
#1160=CARTESIAN_POINT('',(-2.233687889659E0,4.725438764995E0,-3.75E0));
#1161=CARTESIAN_POINT('',(-2.273614487462E0,4.725443810315E0,
-3.749998343176E0));
#1162=CARTESIAN_POINT('',(-2.349721220062E0,4.736828021125E0,
-3.750000769334E0));
#1163=CARTESIAN_POINT('',(-2.456834362274E0,4.786579880807E0,
-3.749999792566E0));
#1164=CARTESIAN_POINT('',(-2.544357825975E0,4.864687566930E0,
-3.750000060401E0));
#1165=CARTESIAN_POINT('',(-2.606204984788E0,4.965394848810E0,
-3.749999965830E0));
#1166=CARTESIAN_POINT('',(-2.636084949444E0,5.078638388852E0,
-3.750000076278E0));
#1167=CARTESIAN_POINT('',(-2.632840910921E0,5.197334402867E0,
-3.749999729057E0));
#1168=CARTESIAN_POINT('',(-2.591870224049E0,5.315524887552E0,
-3.750001007495E0));
#1169=CARTESIAN_POINT('',(-2.544693125738E0,5.379562098088E0,
-3.749997829807E0));
#1170=CARTESIAN_POINT('',(-2.515433495788E0,5.408830523674E0,-3.75E0));
#1172=DIRECTION('',(7.071065911087E-1,7.071069712644E-1,-1.782478419416E-13));
#1173=VECTOR('',#1172,1.295535399512E-1);
#1174=CARTESIAN_POINT('',(-2.515433495788E0,5.408830523674E0,-3.75E0));
#1175=LINE('',#1174,#1173);
#1176=CARTESIAN_POINT('',(-3.747344679294E0,5.800027595351E0,
-3.465700786873E0));
#1177=CARTESIAN_POINT('',(-3.764916006799E0,5.798491502848E0,
-3.495011177893E0));
#1178=CARTESIAN_POINT('',(-3.800098350146E0,5.786869434173E0,
-3.553250264694E0));
#1179=CARTESIAN_POINT('',(-3.850026357377E0,5.743124496758E0,
-3.634470376945E0));
#1180=CARTESIAN_POINT('',(-3.891680732018E0,5.674433639734E0,
-3.700544136978E0));
#1181=CARTESIAN_POINT('',(-3.918921824225E0,5.588772382413E0,
-3.741619964221E0));
#1182=CARTESIAN_POINT('',(-3.925789895816E0,5.529469592482E0,-3.75E0));
#1183=CARTESIAN_POINT('',(-3.926699489416E0,5.500438734925E0,-3.75E0));
#1185=DIRECTION('',(-4.723143535999E-1,4.613049101013E-2,8.802222044363E-1));
#1186=VECTOR('',#1185,2.272153542503E0);
#1187=CARTESIAN_POINT('',(-3.747344679294E0,5.800027595351E0,
-3.465700786873E0));
#1188=LINE('',#1187,#1186);
#1189=CARTESIAN_POINT('',(-5.E0,5.596965757480E0,-1.75E0));
#1190=CARTESIAN_POINT('',(-5.E0,5.599729280355E0,-1.75E0));
#1191=CARTESIAN_POINT('',(-4.999956765236E0,5.602492126082E0,-1.75E0));
#1192=CARTESIAN_POINT('',(-4.999870221124E0,5.605254293491E0,-1.75E0));
#1194=CARTESIAN_POINT('',(-3.926829268293E0,5.492150198915E0,-3.75E0));
#1195=CARTESIAN_POINT('',(-3.926829268293E0,5.494913721790E0,-3.75E0));
#1196=CARTESIAN_POINT('',(-3.926786033529E0,5.497676567516E0,-3.75E0));
#1197=CARTESIAN_POINT('',(-3.926699489416E0,5.500438734925E0,-3.75E0));
#1199=DIRECTION('',(-5.233615310611E-2,5.226423109387E-2,9.972609373811E-1));
#1200=VECTOR('',#1199,1.469726459679E0);
#1201=CARTESIAN_POINT('',(-7.523628356044E0,5.904843153918E0,
-1.465700786873E0));
#1202=LINE('',#1201,#1200);
#1203=DIRECTION('',(-9.999999999990E-1,7.463914564419E-8,1.424196061255E-6));
#1204=VECTOR('',#1203,1.805699711906E0);
#1205=CARTESIAN_POINT('',(-1.941644967389E0,5.800027460576E0,
-3.465703358543E0));
#1206=LINE('',#1205,#1204);
#1207=CARTESIAN_POINT('',(-1.941644967389E0,5.800027460576E0,
-3.465703358543E0));
#1208=CARTESIAN_POINT('',(-1.941425142596E0,5.800118461689E0,
-3.463966953866E0));
#1209=CARTESIAN_POINT('',(-1.941048972538E0,5.800301096662E0,
-3.460482070979E0));
#1210=CARTESIAN_POINT('',(-1.940799222192E0,5.800484302650E0,
-3.456986292486E0));
#1211=CARTESIAN_POINT('',(-1.940707352171E0,5.800576155424E0,
-3.455233637151E0));
#1213=DIRECTION('',(-1.E0,0.E0,0.E0));
#1214=VECTOR('',#1213,2.195750893839E0);
#1215=CARTESIAN_POINT('',(-5.404797291224E0,5.981657277251E0,0.E0));
#1216=LINE('',#1215,#1214);
#1217=CARTESIAN_POINT('',(-7.600548185062E0,5.981657277251E0,0.E0));
#1218=CARTESIAN_POINT('',(-7.667123361996E0,5.981657277251E0,0.E0));
#1219=CARTESIAN_POINT('',(-7.771428827225E0,5.952812388613E0,0.E0));
#1220=CARTESIAN_POINT('',(-7.888958323569E0,5.870616354155E0,0.E0));
#1221=CARTESIAN_POINT('',(-7.971154838776E0,5.753087338560E0,0.E0));
#1222=CARTESIAN_POINT('',(-8.E0,5.648782145917E0,0.E0));
#1223=CARTESIAN_POINT('',(-8.E0,5.582206968984E0,0.E0));
#1225=DIRECTION('',(-5.233615310611E-2,5.226423109387E-2,9.972609373811E-1));
#1226=VECTOR('',#1225,1.469748065771E0);
#1227=CARTESIAN_POINT('',(-7.923079040202E0,5.505391716424E0,
-1.465722333785E0));
#1228=LINE('',#1227,#1226);
#1229=DIRECTION('',(0.E0,-1.E0,0.E0));
#1230=VECTOR('',#1229,1.116441393797E1);
#1231=CARTESIAN_POINT('',(-8.E0,5.582206968984E0,0.E0));
#1232=LINE('',#1231,#1230);
#1233=DIRECTION('',(-5.233615310611E-2,-5.226423109387E-2,9.972609373811E-1));
#1234=VECTOR('',#1233,1.469748065771E0);
#1235=CARTESIAN_POINT('',(-7.923079040202E0,-5.505391716424E0,
-1.465722333785E0));
#1236=LINE('',#1235,#1234);
#1237=DIRECTION('',(0.E0,1.E0,0.E0));
#1238=VECTOR('',#1237,1.101078343285E1);
#1239=CARTESIAN_POINT('',(-7.923079040202E0,-5.505391716424E0,
-1.465722333785E0));
#1240=LINE('',#1239,#1238);
#1241=CARTESIAN_POINT('',(-7.623491309779E0,5.505391716424E0,-1.45E0));
#1242=DIRECTION('',(0.E0,-1.E0,0.E0));
#1243=DIRECTION('',(-9.986257680786E-1,0.E0,-5.240777928304E-2));
#1244=AXIS2_PLACEMENT_3D('',#1241,#1242,#1243);
#1246=CARTESIAN_POINT('',(-7.623491309779E0,-5.505391716424E0,-1.45E0));
#1247=DIRECTION('',(0.E0,-1.E0,0.E0));
#1248=DIRECTION('',(-9.986257680786E-1,0.E0,-5.240777928304E-2));
#1249=AXIS2_PLACEMENT_3D('',#1246,#1247,#1248);
#1251=DIRECTION('',(-1.407407490619E-10,-1.E0,0.E0));
#1252=VECTOR('',#1251,1.875804663762E0);
#1253=CARTESIAN_POINT('',(-7.623491309779E0,-3.629587051828E0,-1.75E0));
#1254=LINE('',#1253,#1252);
#1255=DIRECTION('',(0.E0,-1.E0,0.E0));
#1256=VECTOR('',#1255,2.591741036553E-1);
#1257=CARTESIAN_POINT('',(-7.623491309779E0,-3.370412948172E0,-1.75E0));
#1258=LINE('',#1257,#1256);
#1259=DIRECTION('',(0.E0,-1.E0,0.E0));
#1260=VECTOR('',#1259,6.740825896345E0);
#1261=CARTESIAN_POINT('',(-7.623491309779E0,3.370412948172E0,-1.75E0));
#1262=LINE('',#1261,#1260);
#1263=DIRECTION('',(0.E0,-1.E0,0.E0));
#1264=VECTOR('',#1263,2.591741036553E-1);
#1265=CARTESIAN_POINT('',(-7.623491309779E0,3.629587051828E0,-1.75E0));
#1266=LINE('',#1265,#1264);
#1267=DIRECTION('',(1.406346868637E-10,-1.E0,0.E0));
#1268=VECTOR('',#1267,1.875804663763E0);
#1269=CARTESIAN_POINT('',(-7.623491310043E0,5.505391715590E0,-1.75E0));
#1270=LINE('',#1269,#1268);
#1271=CARTESIAN_POINT('',(-7.923079040202E0,5.505391716424E0,
-1.465722333785E0));
#1272=CARTESIAN_POINT('',(-7.922992360610E0,5.547171866740E0,
-1.467376860021E0));
#1273=CARTESIAN_POINT('',(-7.909612241056E0,5.630721335650E0,
-1.470100735830E0));
#1274=CARTESIAN_POINT('',(-7.851866731554E0,5.743804326711E0,
-1.472284276425E0));
#1275=CARTESIAN_POINT('',(-7.762049982719E0,5.833623992592E0,
-1.472279555734E0));
#1276=CARTESIAN_POINT('',(-7.648966045050E0,5.891374202404E0,
-1.470086893022E0));
#1277=CARTESIAN_POINT('',(-7.565411683522E0,5.904756466969E0,
-1.467357726878E0));
#1278=CARTESIAN_POINT('',(-7.523628356044E0,5.904843153918E0,
-1.465700786873E0));
#1280=CARTESIAN_POINT('',(-7.623491310043E0,5.505391715590E0,-1.75E0));
#1281=CARTESIAN_POINT('',(-7.623489378170E0,5.516189879314E0,-1.75E0));
#1282=CARTESIAN_POINT('',(-7.620186137846E0,5.536627645291E0,-1.75E0));
#1283=CARTESIAN_POINT('',(-7.605762979756E0,5.565122139346E0,-1.75E0));
#1284=CARTESIAN_POINT('',(-7.583361375333E0,5.587524353219E0,-1.75E0));
#1285=CARTESIAN_POINT('',(-7.554866470328E0,5.601948605584E0,-1.75E0));
#1286=CARTESIAN_POINT('',(-7.534427400788E0,5.605252361012E0,-1.75E0));
#1287=CARTESIAN_POINT('',(-7.523628355210E0,5.605254293755E0,-1.75E0));
#1289=CARTESIAN_POINT('',(-6.5E0,3.5E0,-1.75E0));
#1290=DIRECTION('',(0.E0,0.E0,1.E0));
#1291=DIRECTION('',(1.027332863355E-7,1.E0,0.E0));
#1292=AXIS2_PLACEMENT_3D('',#1289,#1290,#1291);
#1294=CARTESIAN_POINT('',(-6.5E0,3.5E0,-1.75E0));
#1295=DIRECTION('',(0.E0,0.E0,1.E0));
#1296=DIRECTION('',(0.E0,-1.E0,0.E0));
#1297=AXIS2_PLACEMENT_3D('',#1294,#1295,#1296);
#1299=CARTESIAN_POINT('',(-6.5E0,3.5E0,-1.75E0));
#1300=DIRECTION('',(0.E0,0.E0,1.E0));
#1301=DIRECTION('',(-9.934136230146E-1,-1.145834787785E-1,0.E0));
#1302=AXIS2_PLACEMENT_3D('',#1299,#1300,#1301);
#1304=CARTESIAN_POINT('',(-6.5E0,-3.5E0,-1.75E0));
#1305=DIRECTION('',(0.E0,0.E0,1.E0));
#1306=DIRECTION('',(1.027332863355E-7,1.E0,0.E0));
#1307=AXIS2_PLACEMENT_3D('',#1304,#1305,#1306);
#1309=CARTESIAN_POINT('',(-6.5E0,-3.5E0,-1.75E0));
#1310=DIRECTION('',(0.E0,0.E0,1.E0));
#1311=DIRECTION('',(0.E0,-1.E0,0.E0));
#1312=AXIS2_PLACEMENT_3D('',#1309,#1310,#1311);
#1314=CARTESIAN_POINT('',(-6.5E0,-3.5E0,-1.75E0));
#1315=DIRECTION('',(0.E0,0.E0,1.E0));
#1316=DIRECTION('',(-9.934136230146E-1,-1.145834787785E-1,0.E0));
#1317=AXIS2_PLACEMENT_3D('',#1314,#1315,#1316);
#1319=CARTESIAN_POINT('',(-7.523628355210E0,-5.605254293755E0,-1.75E0));
#1320=CARTESIAN_POINT('',(-7.534426562805E0,-5.605252361890E0,-1.75E0));
#1321=CARTESIAN_POINT('',(-7.554864410571E0,-5.601949132193E0,-1.75E0));
#1322=CARTESIAN_POINT('',(-7.583359015326E0,-5.587526022718E0,-1.75E0));
#1323=CARTESIAN_POINT('',(-7.605761310269E0,-5.565124499329E0,-1.75E0));
#1324=CARTESIAN_POINT('',(-7.620185611256E0,-5.536629704976E0,-1.75E0));
#1325=CARTESIAN_POINT('',(-7.623489377293E0,-5.516190717266E0,-1.75E0));
#1326=CARTESIAN_POINT('',(-7.623491310043E0,-5.505391715590E0,-1.75E0));
#1328=DIRECTION('',(0.E0,-1.E0,0.E0));
#1329=VECTOR('',#1328,1.119393151496E1);
#1330=CARTESIAN_POINT('',(-5.E0,5.596965757481E0,-1.75E0));
#1331=LINE('',#1330,#1329);
#1332=CARTESIAN_POINT('',(-6.5E0,3.5E0,-1.955233595624E0));
#1333=DIRECTION('',(0.E0,0.E0,-1.E0));
#1334=DIRECTION('',(-1.E0,0.E0,0.E0));
#1335=AXIS2_PLACEMENT_3D('',#1332,#1333,#1334);
#1337=CARTESIAN_POINT('',(-6.5E0,3.5E0,-1.955233595624E0));
#1338=DIRECTION('',(0.E0,0.E0,-1.E0));
#1339=DIRECTION('',(0.E0,1.E0,0.E0));
#1340=AXIS2_PLACEMENT_3D('',#1337,#1338,#1339);
#1342=CARTESIAN_POINT('',(-6.5E0,3.5E0,-1.955233595624E0));
#1343=DIRECTION('',(0.E0,0.E0,-1.E0));
#1344=DIRECTION('',(1.E0,0.E0,0.E0));
#1345=AXIS2_PLACEMENT_3D('',#1342,#1343,#1344);
#1347=CARTESIAN_POINT('',(-5.479678682781E0,3.5E0,-1.95E0));
#1348=DIRECTION('',(0.E0,1.E0,0.E0));
#1349=DIRECTION('',(9.986295347546E-1,0.E0,-5.233595624290E-2));
#1350=AXIS2_PLACEMENT_3D('',#1347,#1348,#1349);
#1352=CARTESIAN_POINT('',(-7.520321317219E0,3.5E0,-1.95E0));
#1353=DIRECTION('',(0.E0,-1.E0,0.E0));
#1354=DIRECTION('',(-9.986295347546E-1,0.E0,-5.233595624290E-2));
#1355=AXIS2_PLACEMENT_3D('',#1352,#1353,#1354);
#1357=CARTESIAN_POINT('',(-6.5E0,3.5E0,-1.955233595624E0));
#1358=DIRECTION('',(0.E0,0.E0,-1.E0));
#1359=DIRECTION('',(0.E0,-1.E0,0.E0));
#1360=AXIS2_PLACEMENT_3D('',#1357,#1358,#1359);
#1362=DIRECTION('',(0.E0,-5.233595624294E-2,9.986295347546E-1));
#1363=VECTOR('',#1362,2.055152471279E-1);
#1364=CARTESIAN_POINT('',(-6.5E0,2.379815729305E0,-1.955233595624E0));
#1365=LINE('',#1364,#1363);
#1366=DIRECTION('',(1.884306690421E-7,5.217808556016E-2,9.986377958936E-1));
#1367=VECTOR('',#1366,2.055135470220E-1);
#1368=CARTESIAN_POINT('',(-6.5E0,4.620184270695E0,-1.955233595624E0));
#1369=LINE('',#1368,#1367);
#1370=CARTESIAN_POINT('',(-7.520321317219E0,3.5E0,-1.95E0));
#1371=DIRECTION('',(0.E0,-1.E0,0.E0));
#1372=DIRECTION('',(-6.883545756938E-1,0.E0,-7.253743710123E-1));
#1373=AXIS2_PLACEMENT_3D('',#1370,#1371,#1372);
#1375=CARTESIAN_POINT('',(-6.5E0,3.5E0,-2.022537437101E0));
#1376=DIRECTION('',(0.E0,0.E0,-1.E0));
#1377=DIRECTION('',(1.E0,0.E0,0.E0));
#1378=AXIS2_PLACEMENT_3D('',#1375,#1376,#1377);
#1380=CARTESIAN_POINT('',(-5.479678682781E0,3.5E0,-1.95E0));
#1381=DIRECTION('',(0.E0,1.E0,0.E0));
#1382=DIRECTION('',(6.883545756938E-1,0.E0,-7.253743710123E-1));
#1383=AXIS2_PLACEMENT_3D('',#1380,#1381,#1382);
#1385=CARTESIAN_POINT('',(-6.5E0,3.5E0,-2.05E0));
#1386=DIRECTION('',(0.E0,0.E0,-1.E0));
#1387=DIRECTION('',(-1.E0,0.E0,0.E0));
#1388=AXIS2_PLACEMENT_3D('',#1385,#1386,#1387);
#1390=CARTESIAN_POINT('',(-6.5E0,3.5E0,-2.05E0));
#1391=DIRECTION('',(0.E0,0.E0,-1.E0));
#1392=DIRECTION('',(1.E0,0.E0,0.E0));
#1393=AXIS2_PLACEMENT_3D('',#1390,#1391,#1392);
#1395=CARTESIAN_POINT('',(-6.5E0,3.5E0,-2.022537437101E0));
#1396=DIRECTION('',(0.E0,0.E0,-1.E0));
#1397=DIRECTION('',(-1.E0,0.E0,0.E0));
#1398=AXIS2_PLACEMENT_3D('',#1395,#1396,#1397);
#1400=CARTESIAN_POINT('',(-6.5E0,3.5E0,-1.75E0));
#1401=DIRECTION('',(0.E0,0.E0,1.E0));
#1402=DIRECTION('',(-9.934136230146E-1,1.145834787785E-1,0.E0));
#1403=AXIS2_PLACEMENT_3D('',#1400,#1401,#1402);
#1405=CARTESIAN_POINT('',(-6.5E0,-3.5E0,-1.955233595624E0));
#1406=DIRECTION('',(0.E0,0.E0,-1.E0));
#1407=DIRECTION('',(-1.E0,0.E0,0.E0));
#1408=AXIS2_PLACEMENT_3D('',#1405,#1406,#1407);
#1410=CARTESIAN_POINT('',(-6.5E0,-3.5E0,-1.955233595624E0));
#1411=DIRECTION('',(0.E0,0.E0,-1.E0));
#1412=DIRECTION('',(0.E0,1.E0,0.E0));
#1413=AXIS2_PLACEMENT_3D('',#1410,#1411,#1412);
#1415=CARTESIAN_POINT('',(-6.5E0,-3.5E0,-1.955233595624E0));
#1416=DIRECTION('',(0.E0,0.E0,-1.E0));
#1417=DIRECTION('',(1.E0,0.E0,0.E0));
#1418=AXIS2_PLACEMENT_3D('',#1415,#1416,#1417);
#1420=CARTESIAN_POINT('',(-5.479678682781E0,-3.5E0,-1.95E0));
#1421=DIRECTION('',(0.E0,1.E0,0.E0));
#1422=DIRECTION('',(9.986295347546E-1,0.E0,-5.233595624290E-2));
#1423=AXIS2_PLACEMENT_3D('',#1420,#1421,#1422);
#1425=CARTESIAN_POINT('',(-7.520321317219E0,-3.5E0,-1.95E0));
#1426=DIRECTION('',(0.E0,-1.E0,0.E0));
#1427=DIRECTION('',(-9.986295347546E-1,0.E0,-5.233595624290E-2));
#1428=AXIS2_PLACEMENT_3D('',#1425,#1426,#1427);
#1430=CARTESIAN_POINT('',(-6.5E0,-3.5E0,-1.955233595624E0));
#1431=DIRECTION('',(0.E0,0.E0,-1.E0));
#1432=DIRECTION('',(0.E0,-1.E0,0.E0));
#1433=AXIS2_PLACEMENT_3D('',#1430,#1431,#1432);
#1435=DIRECTION('',(0.E0,-5.233595624294E-2,9.986295347546E-1));
#1436=VECTOR('',#1435,2.055152471279E-1);
#1437=CARTESIAN_POINT('',(-6.5E0,-4.620184270695E0,-1.955233595624E0));
#1438=LINE('',#1437,#1436);
#1439=DIRECTION('',(1.884306690421E-7,5.217808556017E-2,9.986377958936E-1));
#1440=VECTOR('',#1439,2.055135470220E-1);
#1441=CARTESIAN_POINT('',(-6.5E0,-2.379815729305E0,-1.955233595624E0));
#1442=LINE('',#1441,#1440);
#1443=CARTESIAN_POINT('',(-7.520321317219E0,-3.5E0,-1.95E0));
#1444=DIRECTION('',(0.E0,-1.E0,0.E0));
#1445=DIRECTION('',(-6.883545756938E-1,0.E0,-7.253743710123E-1));
#1446=AXIS2_PLACEMENT_3D('',#1443,#1444,#1445);
#1448=CARTESIAN_POINT('',(-6.5E0,-3.5E0,-2.022537437101E0));
#1449=DIRECTION('',(0.E0,0.E0,-1.E0));
#1450=DIRECTION('',(1.E0,0.E0,0.E0));
#1451=AXIS2_PLACEMENT_3D('',#1448,#1449,#1450);
#1453=CARTESIAN_POINT('',(-5.479678682781E0,-3.5E0,-1.95E0));
#1454=DIRECTION('',(0.E0,1.E0,0.E0));
#1455=DIRECTION('',(6.883545756938E-1,0.E0,-7.253743710123E-1));
#1456=AXIS2_PLACEMENT_3D('',#1453,#1454,#1455);
#1458=CARTESIAN_POINT('',(-6.5E0,-3.5E0,-2.05E0));
#1459=DIRECTION('',(0.E0,0.E0,-1.E0));
#1460=DIRECTION('',(-1.E0,0.E0,0.E0));
#1461=AXIS2_PLACEMENT_3D('',#1458,#1459,#1460);
#1463=CARTESIAN_POINT('',(-6.5E0,-3.5E0,-2.05E0));
#1464=DIRECTION('',(0.E0,0.E0,-1.E0));
#1465=DIRECTION('',(1.E0,0.E0,0.E0));
#1466=AXIS2_PLACEMENT_3D('',#1463,#1464,#1465);
#1468=CARTESIAN_POINT('',(-6.5E0,-3.5E0,-2.022537437101E0));
#1469=DIRECTION('',(0.E0,0.E0,-1.E0));
#1470=DIRECTION('',(-1.E0,0.E0,0.E0));
#1471=AXIS2_PLACEMENT_3D('',#1468,#1469,#1470);
#1473=CARTESIAN_POINT('',(-6.5E0,-3.5E0,-1.75E0));
#1474=DIRECTION('',(0.E0,0.E0,1.E0));
#1475=DIRECTION('',(-9.934136230146E-1,1.145834787785E-1,0.E0));
#1476=AXIS2_PLACEMENT_3D('',#1473,#1474,#1475);
#1478=DIRECTION('',(-4.723143535999E-1,-4.613049101008E-2,8.802222044363E-1));
#1479=VECTOR('',#1478,2.272153542503E0);
#1480=CARTESIAN_POINT('',(-3.926829268293E0,-5.492150198915E0,-3.75E0));
#1481=LINE('',#1480,#1479);
#1482=DIRECTION('',(0.E0,-1.E0,0.E0));
#1483=VECTOR('',#1482,1.098430039783E1);
#1484=CARTESIAN_POINT('',(-3.926829268293E0,5.492150198915E0,-3.75E0));
#1485=LINE('',#1484,#1483);
#1486=DIRECTION('',(4.723143535999E-1,-4.613049101008E-2,-8.802222044363E-1));
#1487=VECTOR('',#1486,2.272153542503E0);
#1488=CARTESIAN_POINT('',(-5.E0,5.596965757481E0,-1.75E0));
#1489=LINE('',#1488,#1487);
#1490=CARTESIAN_POINT('',(-7.523628356044E0,5.605254293491E0,-1.45E0));
#1491=DIRECTION('',(-1.E0,0.E0,0.E0));
#1492=DIRECTION('',(0.E0,9.986295347546E-1,-5.233595624294E-2));
#1493=AXIS2_PLACEMENT_3D('',#1490,#1491,#1492);
#1495=DIRECTION('',(-1.E0,1.046078126272E-10,0.E0));
#1496=VECTOR('',#1495,2.523758134086E0);
#1497=CARTESIAN_POINT('',(-4.999870221124E0,5.605254293491E0,-1.75E0));
#1498=LINE('',#1497,#1496);
#1499=CARTESIAN_POINT('',(-4.820515411001E0,5.904843153918E0,
-1.465700786873E0));
#1500=CARTESIAN_POINT('',(-4.840272027878E0,5.903116022540E0,
-1.498656416760E0));
#1501=CARTESIAN_POINT('',(-4.878658965498E0,5.888996797698E0,
-1.562144086259E0));
#1502=CARTESIAN_POINT('',(-4.929324393973E0,5.840081184993E0,
-1.644297995972E0));
#1503=CARTESIAN_POINT('',(-4.968090612236E0,5.771188590550E0,
-1.705531794484E0));
#1504=CARTESIAN_POINT('',(-4.993143184372E0,5.687248596978E0,
-1.743046673160E0));
#1505=CARTESIAN_POINT('',(-4.999034727993E0,5.631920138623E0,-1.75E0));
#1506=CARTESIAN_POINT('',(-4.999870221124E0,5.605254293491E0,-1.75E0));
#1508=DIRECTION('',(-1.E0,0.E0,0.E0));
#1509=VECTOR('',#1508,2.703112945043E0);
#1510=CARTESIAN_POINT('',(-4.820515411001E0,5.904843153918E0,
-1.465700786873E0));
#1511=LINE('',#1510,#1509);
#1512=CARTESIAN_POINT('',(-1.941645649580E0,5.700164099782E0,
-3.460477535026E0));
#1513=DIRECTION('',(1.254251621574E-1,5.192266357730E-2,9.907434409093E-1));
#1514=DIRECTION('',(7.061358014873E-1,-7.061357952221E-1,-5.238767568708E-2));
#1515=AXIS2_PLACEMENT_3D('',#1512,#1513,#1514);
#1517=CARTESIAN_POINT('',(-1.869997802667E0,5.630002365851E0,
-3.449999987207E0));
#1518=CARTESIAN_POINT('',(-1.870089887973E0,5.629910305729E0,
-3.452632970276E0));
#1519=CARTESIAN_POINT('',(-1.870355098118E0,5.629742739613E0,
-3.457882074044E0));
#1520=CARTESIAN_POINT('',(-1.870779743268E0,5.629609311768E0,
-3.463106503883E0));
#1521=CARTESIAN_POINT('',(-1.871031145300E0,5.629550713447E0,
-3.465706445504E0));
#1523=CARTESIAN_POINT('',(-1.940708146735E0,5.700713209502E0,
-3.449999897389E0));
#1524=DIRECTION('',(5.226442768871E-2,5.226442768871E-2,9.972646886342E-1));
#1525=DIRECTION('',(7.071067811865E-1,-7.071067811865E-1,0.E0));
#1526=AXIS2_PLACEMENT_3D('',#1523,#1524,#1525);
#1528=DIRECTION('',(5.226451376966E-2,5.226446954397E-2,9.972646819294E-1));
#1529=VECTOR('',#1528,3.810422705290E0);
#1530=CARTESIAN_POINT('',(-1.869997802667E0,5.630002365851E0,
-3.449999987207E0));
#1531=LINE('',#1530,#1529);
#1532=DIRECTION('',(-5.226421804628E-2,-5.226442826293E-2,-9.972646995910E-1));
#1533=VECTOR('',#1532,3.815670642620E0);
#1534=CARTESIAN_POINT('',(-1.741284309713E0,6.E0,3.5E-1));
#1535=LINE('',#1534,#1533);
#1536=DIRECTION('',(7.071066435848E-1,7.071069187133E-1,-1.029228382108E-5));
#1537=VECTOR('',#1536,6.127793767784E-1);
#1538=CARTESIAN_POINT('',(-2.303298171039E0,5.196701828886E0,
-3.449993680308E0));
#1539=LINE('',#1538,#1537);
#1540=DIRECTION('',(5.226360648479E-2,5.226360650434E-2,9.972647747075E-1));
#1541=VECTOR('',#1540,3.810416026599E0);
#1542=CARTESIAN_POINT('',(-2.303298171039E0,5.196701828886E0,
-3.449993680308E0));
#1543=LINE('',#1542,#1541);
#1544=CARTESIAN_POINT('',(-2.515433682977E0,5.408830385735E0,-3.45E0));
#1545=DIRECTION('',(7.071067811866E-1,7.071067811865E-1,0.E0));
#1546=DIRECTION('',(7.071067811865E-1,-7.071067811865E-1,0.E0));
#1547=AXIS2_PLACEMENT_3D('',#1544,#1545,#1546);
#1549=CARTESIAN_POINT('',(-2.233688097623E0,4.725438734925E0,-3.45E0));
#1550=DIRECTION('',(-1.E0,6.708893285078E-9,0.E0));
#1551=DIRECTION('',(6.699698573705E-9,9.986295347546E-1,-5.233595624302E-2));
#1552=AXIS2_PLACEMENT_3D('',#1549,#1550,#1551);
#1554=CARTESIAN_POINT('',(-2.233688000123E0,5.025027784810E0,
-3.465697171369E0));
#1555=CARTESIAN_POINT('',(-2.243500414942E0,5.024951161578E0,
-3.467174391484E0));
#1556=CARTESIAN_POINT('',(-2.263026266042E0,5.027657335239E0,
-3.469845554497E0));
#1557=CARTESIAN_POINT('',(-2.289775490301E0,5.039982130346E0,
-3.472016785516E0));
#1558=CARTESIAN_POINT('',(-2.311715451576E0,5.059487973638E0,
-3.472406877090E0));
#1559=CARTESIAN_POINT('',(-2.327084929479E0,5.084746516982E0,
-3.470878355697E0));
#1560=CARTESIAN_POINT('',(-2.334395060655E0,5.113221418188E0,
-3.467634851092E0));
#1561=CARTESIAN_POINT('',(-2.333304016718E0,5.143171342248E0,
-3.462826302745E0));
#1562=CARTESIAN_POINT('',(-2.322844198569E0,5.172941246638E0,
-3.456720545132E0));
#1563=CARTESIAN_POINT('',(-2.310547997799E0,5.189451268059E0,
-3.452162455439E0));
#1564=CARTESIAN_POINT('',(-2.303298171039E0,5.196701828886E0,
-3.449993680308E0));
#1566=DIRECTION('',(5.226445236335E-2,5.226442762682E-2,9.972646873443E-1));
#1567=VECTOR('',#1566,3.826162923236E0);
#1568=CARTESIAN_POINT('',(-2.233688000123E0,5.025027784810E0,
-3.465697171369E0));
#1569=LINE('',#1568,#1567);
#1570=CARTESIAN_POINT('',(-2.033715690287E0,5.225E0,3.5E-1));
#1571=CARTESIAN_POINT('',(-2.067085962996E0,5.225E0,3.5E-1));
#1572=CARTESIAN_POINT('',(-2.093767654890E0,5.238342548072E0,3.5E-1));
#1573=CARTESIAN_POINT('',(-2.113734399460E0,5.265080240791E0,3.5E-1));
#1575=DIRECTION('',(-1.E0,-8.272342921995E-9,-1.578856764101E-7));
#1576=VECTOR('',#1575,4.467375981791E0);
#1577=CARTESIAN_POINT('',(2.233687981668E0,5.025027821766E0,-3.465696466035E0));
#1578=LINE('',#1577,#1576);
#1579=DIRECTION('',(-5.226445718791E-2,5.226442761605E-2,9.972646870921E-1));
#1580=VECTOR('',#1579,3.826162216935E0);
#1581=CARTESIAN_POINT('',(2.233687981668E0,5.025027821766E0,-3.465696466035E0));
#1582=LINE('',#1581,#1580);
#1583=CARTESIAN_POINT('',(2.233688094936E0,4.725438734925E0,-3.45E0));
#1584=DIRECTION('',(-1.E0,0.E0,0.E0));
#1585=DIRECTION('',(0.E0,9.986295347546E-1,-5.233595624294E-2));
#1586=AXIS2_PLACEMENT_3D('',#1583,#1584,#1585);
#1588=CARTESIAN_POINT('',(2.515433682927E0,5.408830385785E0,-3.45E0));
#1589=DIRECTION('',(7.071067811516E-1,-7.071067812215E-1,0.E0));
#1590=DIRECTION('',(-7.071067812215E-1,-7.071067811516E-1,0.E0));
#1591=AXIS2_PLACEMENT_3D('',#1588,#1589,#1590);
#1593=CARTESIAN_POINT('',(2.303298703455E0,5.196701296492E0,-3.449994656254E0));
#1594=CARTESIAN_POINT('',(2.310351290602E0,5.189648104865E0,-3.452105762669E0));
#1595=CARTESIAN_POINT('',(2.322316880839E0,5.173628354326E0,-3.456532219281E0));
#1596=CARTESIAN_POINT('',(2.332717358957E0,5.145537032649E0,-3.462371047934E0));
#1597=CARTESIAN_POINT('',(2.334671497587E0,5.115899403512E0,-3.467264969503E0));
#1598=CARTESIAN_POINT('',(2.327990845161E0,5.086982545532E0,-3.470674510916E0));
#1599=CARTESIAN_POINT('',(2.313417146407E0,5.061635286758E0,-3.472337823618E0));
#1600=CARTESIAN_POINT('',(2.291903843434E0,5.041275907362E0,-3.472145670189E0));
#1601=CARTESIAN_POINT('',(2.263891619907E0,5.027762537989E0,-3.469963425380E0));
#1602=CARTESIAN_POINT('',(2.243779133742E0,5.024949234687E0,-3.467214576710E0));
#1603=CARTESIAN_POINT('',(2.233687981668E0,5.025027821766E0,-3.465696466035E0));
#1605=DIRECTION('',(-5.226373209835E-2,5.226373211243E-2,9.972647615417E-1));
#1606=VECTOR('',#1605,3.810417055526E0);
#1607=CARTESIAN_POINT('',(2.303298703455E0,5.196701296492E0,-3.449994656254E0));
#1608=LINE('',#1607,#1606);
#1609=DIRECTION('',(7.071066425534E-1,-7.071069197652E-1,8.778536385022E-6));
#1610=VECTOR('',#1609,6.127801227756E-1);
#1611=CARTESIAN_POINT('',(1.869997808215E0,5.630002361601E0,-3.450000035567E0));
#1612=LINE('',#1611,#1610);
#1613=DIRECTION('',(-5.226451455713E-2,5.226446999088E-2,9.972646818647E-1));
#1614=VECTOR('',#1613,3.810422754029E0);
#1615=CARTESIAN_POINT('',(1.869997808215E0,5.630002361601E0,-3.450000035567E0));
#1616=LINE('',#1615,#1614);
#1617=CARTESIAN_POINT('',(2.423825333787E0,5.500438734925E0,-3.75E0));
#1618=CARTESIAN_POINT('',(2.400690071316E0,5.505844749243E0,-3.749999672789E0));
#1619=CARTESIAN_POINT('',(2.356250095920E0,5.516220551618E0,-3.748428610045E0));
#1620=CARTESIAN_POINT('',(2.295645154951E0,5.530377224174E0,-3.742438395345E0));
#1621=CARTESIAN_POINT('',(2.240266181357E0,5.543311153055E0,-3.733567207191E0));
#1622=CARTESIAN_POINT('',(2.189911950531E0,5.555072218898E0,-3.722402661109E0));
#1623=CARTESIAN_POINT('',(2.144205211473E0,5.565747551712E0,-3.709391254493E0));
#1624=CARTESIAN_POINT('',(2.102780811193E0,5.575422789040E0,-3.694859353848E0));
#1625=CARTESIAN_POINT('',(2.065247341850E0,5.584189232846E0,-3.679018289282E0));
#1626=CARTESIAN_POINT('',(2.031376233359E0,5.592100292541E0,-3.662050351383E0));
#1627=CARTESIAN_POINT('',(2.001120761459E0,5.599166901583E0,-3.644189272875E0));
#1628=CARTESIAN_POINT('',(1.974408458976E0,5.605405892229E0,-3.625659024600E0));
#1629=CARTESIAN_POINT('',(1.951106384297E0,5.610848575914E0,-3.606634560308E0));
#1630=CARTESIAN_POINT('',(1.931058275006E0,5.615530637289E0,-3.587268026353E0));
#1631=CARTESIAN_POINT('',(1.913800346961E0,5.619562747580E0,-3.567308615022E0));
#1632=CARTESIAN_POINT('',(1.899061746354E0,5.623001773719E0,-3.546385611421E0));
#1633=CARTESIAN_POINT('',(1.886657006071E0,5.625906145732E0,-3.523833573987E0));
#1634=CARTESIAN_POINT('',(1.876533470679E0,5.628253358649E0,-3.497938655077E0));
#1635=CARTESIAN_POINT('',(1.872106176684E0,5.629305465870E0,-3.476922121063E0));
#1636=CARTESIAN_POINT('',(1.871023301586E0,5.629552764957E0,-3.465627887069E0));
#1638=CARTESIAN_POINT('',(1.941639632802E0,5.800029297919E0,-3.465668299955E0));
#1639=CARTESIAN_POINT('',(1.942589039677E0,5.799437985978E0,-3.476950438009E0));
#1640=CARTESIAN_POINT('',(1.946434639254E0,5.797054546337E0,-3.497928988717E0));
#1641=CARTESIAN_POINT('',(1.955278355457E0,5.791555320254E0,-3.523835251145E0));
#1642=CARTESIAN_POINT('',(1.966093875739E0,5.784837353335E0,-3.546385414473E0));
#1643=CARTESIAN_POINT('',(1.978951444267E0,5.776847729210E0,-3.567308103766E0));
#1644=CARTESIAN_POINT('',(1.994004206237E0,5.767495487319E0,-3.587267840090E0));
#1645=CARTESIAN_POINT('',(2.011491461621E0,5.756630135687E0,-3.606634278532E0));
#1646=CARTESIAN_POINT('',(2.031816838332E0,5.744001597119E0,-3.625658846821E0));
#1647=CARTESIAN_POINT('',(2.055116885718E0,5.729524766919E0,-3.644189134507E0));
#1648=CARTESIAN_POINT('',(2.081507507522E0,5.713127732416E0,-3.662050267139E0));
#1649=CARTESIAN_POINT('',(2.111051923083E0,5.694771180622E0,-3.679018238773E0));
#1650=CARTESIAN_POINT('',(2.143790875929E0,5.674429798625E0,-3.694859327955E0));
#1651=CARTESIAN_POINT('',(2.179923759918E0,5.651979734430E0,-3.709391242110E0));
#1652=CARTESIAN_POINT('',(2.219791896389E0,5.627208779809E0,-3.722402655714E0));
#1653=CARTESIAN_POINT('',(2.263714037991E0,5.599919283525E0,-3.733567205715E0));
#1654=CARTESIAN_POINT('',(2.312018552690E0,5.569906101891E0,-3.742438394947E0));
#1655=CARTESIAN_POINT('',(2.364882994965E0,5.537062213834E0,-3.748428610138E0));
#1656=CARTESIAN_POINT('',(2.403643603418E0,5.512975206524E0,-3.749999672789E0));
#1657=CARTESIAN_POINT('',(2.423825333787E0,5.500438734925E0,-3.75E0));
#1659=CARTESIAN_POINT('',(1.871023301586E0,5.629552764957E0,-3.465627887069E0));
#1660=CARTESIAN_POINT('',(1.870766884365E0,5.629612628546E0,-3.462957217289E0));
#1661=CARTESIAN_POINT('',(1.870346488591E0,5.629746899399E0,-3.457746076158E0));
#1662=CARTESIAN_POINT('',(1.870087117668E0,5.629913075695E0,-3.452553724015E0));
#1663=CARTESIAN_POINT('',(1.869997808215E0,5.630002361601E0,-3.450000035567E0));
#1665=CARTESIAN_POINT('',(1.941628471914E0,5.700171238133E0,-3.460341327165E0));
#1666=DIRECTION('',(-1.244819545113E-1,5.192888046905E-2,9.908620662707E-1));
#1667=DIRECTION('',(7.753131470167E-10,9.986295347597E-1,-5.233595614581E-2));
#1668=AXIS2_PLACEMENT_3D('',#1665,#1666,#1667);
#1670=CARTESIAN_POINT('',(1.940708690198E0,5.700712666039E0,-3.450010267277E0));
#1671=DIRECTION('',(-5.226442768871E-2,5.226442768871E-2,9.972646886342E-1));
#1672=DIRECTION('',(0.E0,9.986295347546E-1,-5.233595624294E-2));
#1673=AXIS2_PLACEMENT_3D('',#1670,#1671,#1672);
#1675=CARTESIAN_POINT('',(1.741284309713E0,6.E0,3.5E-1));
#1676=CARTESIAN_POINT('',(1.710851952268E0,6.E0,3.5E-1));
#1677=CARTESIAN_POINT('',(1.681324920085E0,5.982842955355E0,3.5E-1));
#1678=CARTESIAN_POINT('',(1.650286652800E0,5.949851906904E0,3.5E-1));
#1679=CARTESIAN_POINT('',(1.639311343554E0,5.905876604447E0,3.5E-1));
#1680=CARTESIAN_POINT('',(1.640844325278E0,5.871714535842E0,3.5E-1));
#1681=CARTESIAN_POINT('',(1.657240183287E0,5.846076590920E0,3.5E-1));
#1683=DIRECTION('',(-1.E0,0.E0,0.E0));
#1684=VECTOR('',#1683,4.029333314646E0);
#1685=CARTESIAN_POINT('',(2.014666657323E0,5.152620388964E0,3.5E-1));
#1686=LINE('',#1685,#1684);
#1687=DIRECTION('',(-1.E0,0.E0,0.E0));
#1688=VECTOR('',#1687,4.067431380574E0);
#1689=CARTESIAN_POINT('',(2.033715690287E0,5.225E0,3.5E-1));
#1690=LINE('',#1689,#1688);
#1691=CARTESIAN_POINT('',(2.033715690287E0,5.225E0,3.5E-1));
#1692=CARTESIAN_POINT('',(2.067085962996E0,5.225E0,3.5E-1));
#1693=CARTESIAN_POINT('',(2.093767654890E0,5.238342548072E0,3.5E-1));
#1694=CARTESIAN_POINT('',(2.113734399460E0,5.265080240791E0,3.5E-1));
#1696=DIRECTION('',(1.E0,0.E0,0.E0));
#1697=VECTOR('',#1696,3.663715690287E0);
#1698=CARTESIAN_POINT('',(-5.405E0,6.E0,3.5E-1));
#1699=LINE('',#1698,#1697);
#1700=CARTESIAN_POINT('',(-1.741284309713E0,6.E0,3.5E-1));
#1701=CARTESIAN_POINT('',(-1.710851952268E0,6.E0,3.5E-1));
#1702=CARTESIAN_POINT('',(-1.681324920085E0,5.982842955355E0,3.5E-1));
#1703=CARTESIAN_POINT('',(-1.650286652800E0,5.949851906904E0,3.5E-1));
#1704=CARTESIAN_POINT('',(-1.639311343554E0,5.905876604447E0,3.5E-1));
#1705=CARTESIAN_POINT('',(-1.640844325278E0,5.871714535842E0,3.5E-1));
#1706=CARTESIAN_POINT('',(-1.657240183287E0,5.846076590920E0,3.5E-1));
#1708=CARTESIAN_POINT('',(-1.747235276749E0,5.902620388964E0,3.5E-1));
#1709=CARTESIAN_POINT('',(-1.705385948068E0,5.902620388964E0,3.5E-1));
#1710=CARTESIAN_POINT('',(-1.675374913428E0,5.883792607063E0,3.5E-1));
#1711=CARTESIAN_POINT('',(-1.657240183287E0,5.846076590920E0,3.5E-1));
#1713=CARTESIAN_POINT('',(1.747235276749E0,5.902620388964E0,3.5E-1));
#1714=CARTESIAN_POINT('',(1.705385948068E0,5.902620388964E0,3.5E-1));
#1715=CARTESIAN_POINT('',(1.675374913428E0,5.883792607063E0,3.5E-1));
#1716=CARTESIAN_POINT('',(1.657240183287E0,5.846076590920E0,3.5E-1));
#1718=CARTESIAN_POINT('',(2.193675855446E0,4.973611285487E0,3.765697171369E0));
#1719=CARTESIAN_POINT('',(2.203488270265E0,4.973534662255E0,3.767174391484E0));
#1720=CARTESIAN_POINT('',(2.223014121365E0,4.976240835917E0,3.769845554497E0));
#1721=CARTESIAN_POINT('',(2.249763345624E0,4.988565631024E0,3.772016785516E0));
#1722=CARTESIAN_POINT('',(2.271703306899E0,5.008071474316E0,3.772406877090E0));
#1723=CARTESIAN_POINT('',(2.287072784801E0,5.033330017659E0,3.770878355697E0));
#1724=CARTESIAN_POINT('',(2.294382915978E0,5.061804918866E0,3.767634851092E0));
#1725=CARTESIAN_POINT('',(2.293291872040E0,5.091754842925E0,3.762826302745E0));
#1726=CARTESIAN_POINT('',(2.282832053892E0,5.121524747315E0,3.756720545132E0));
#1727=CARTESIAN_POINT('',(2.270535853121E0,5.138034768737E0,3.752162455439E0));
#1728=CARTESIAN_POINT('',(2.263286026362E0,5.145285329563E0,3.749993680308E0));
#1730=DIRECTION('',(-5.226445525290E-2,5.226442761957E-2,-9.972646871933E-1));
#1731=VECTOR('',#1730,3.425065797710E0);
#1732=CARTESIAN_POINT('',(2.193675855446E0,4.973611285487E0,3.765697171369E0));
#1733=LINE('',#1732,#1731);
#1734=CARTESIAN_POINT('',(2.014666657323E0,5.152620388964E0,3.5E-1));
#1735=CARTESIAN_POINT('',(2.052446685528E0,5.152620388964E0,3.5E-1));
#1736=CARTESIAN_POINT('',(2.093764648002E0,5.182796610027E0,3.5E-1));
#1737=CARTESIAN_POINT('',(2.118484579139E0,5.227600028356E0,3.5E-1));
#1738=CARTESIAN_POINT('',(2.113734399460E0,5.265080240791E0,3.5E-1));
#1740=CARTESIAN_POINT('',(2.085103054317E0,5.323468301683E0,3.5E-1));
#1741=CARTESIAN_POINT('',(2.101303173775E0,5.307268182225E0,3.5E-1));
#1742=CARTESIAN_POINT('',(2.110853812606E0,5.287808856240E0,3.5E-1));
#1743=CARTESIAN_POINT('',(2.113734399460E0,5.265080240791E0,3.5E-1));
#1745=CARTESIAN_POINT('',(2.193675952946E0,4.674022235603E0,3.75E0));
#1746=DIRECTION('',(1.E0,6.708887523113E-9,0.E0));
#1747=DIRECTION('',(-6.699692652515E-9,9.986295347546E-1,5.233595624302E-2));
#1748=AXIS2_PLACEMENT_3D('',#1745,#1746,#1747);
#1750=CARTESIAN_POINT('',(2.475421538300E0,5.357413886412E0,3.75E0));
#1751=DIRECTION('',(-7.071067811865E-1,7.071067811865E-1,0.E0));
#1752=DIRECTION('',(-7.071067811865E-1,-7.071067811865E-1,0.E0));
#1753=AXIS2_PLACEMENT_3D('',#1750,#1751,#1752);
#1755=DIRECTION('',(-7.071066351571E-1,7.071069271316E-1,1.092247401774E-5));
#1756=VECTOR('',#1755,5.774240377221E-1);
#1757=CARTESIAN_POINT('',(2.263286026362E0,5.145285329563E0,3.749993680308E0));
#1758=LINE('',#1757,#1756);
#1759=DIRECTION('',(-5.226350987258E-2,5.226350989443E-2,-9.972647848337E-1));
#1760=VECTOR('',#1759,3.409318901073E0);
#1761=CARTESIAN_POINT('',(2.263286026362E0,5.145285329563E0,3.749993680308E0));
#1762=LINE('',#1761,#1760);
#1763=DIRECTION('',(-7.071067811865E-1,7.071067811865E-1,0.E0));
#1764=VECTOR('',#1763,5.774293012407E-1);
#1765=CARTESIAN_POINT('',(2.085103054317E0,5.323468301683E0,3.5E-1));
#1766=LINE('',#1765,#1764);
#1767=CARTESIAN_POINT('',(2.104152087282E0,5.395847912718E0,3.5E-1));
#1768=CARTESIAN_POINT('',(2.124588208729E0,5.375411791271E0,3.5E-1));
#1769=CARTESIAN_POINT('',(2.138808372912E0,5.332617659560E0,3.5E-1));
#1770=CARTESIAN_POINT('',(2.131027026667E0,5.288236992807E0,3.5E-1));
#1771=CARTESIAN_POINT('',(2.113734399460E0,5.265080240791E0,3.5E-1));
#1773=DIRECTION('',(-7.071067811865E-1,7.071067811865E-1,0.E0));
#1774=VECTOR('',#1773,6.127846403E-1);
#1775=CARTESIAN_POINT('',(2.104152087282E0,5.395847912718E0,3.5E-1));
#1776=LINE('',#1775,#1774);
#1777=CARTESIAN_POINT('',(1.657240183287E0,5.846076590920E0,3.5E-1));
#1778=CARTESIAN_POINT('',(1.661163164689E0,5.839942286691E0,3.5E-1));
#1779=CARTESIAN_POINT('',(1.665699152117E0,5.834300847883E0,3.5E-1));
#1780=CARTESIAN_POINT('',(1.670847912719E0,5.829152087281E0,3.5E-1));
#1782=CARTESIAN_POINT('',(1.925696002058E0,5.624296710180E0,3.749999897389E0));
#1783=DIRECTION('',(-5.226442768871E-2,5.226442768871E-2,-9.972646886342E-1));
#1784=DIRECTION('',(-7.071067811865E-1,-7.071067811865E-1,0.E0));
#1785=AXIS2_PLACEMENT_3D('',#1782,#1783,#1784);
#1787=DIRECTION('',(-5.226452389682E-2,5.226447446812E-2,-9.972646811406E-1));
#1788=VECTOR('',#1787,3.409325579763E0);
#1789=CARTESIAN_POINT('',(1.854985657990E0,5.553585866529E0,3.749999987207E0));
#1790=LINE('',#1789,#1788);
#1791=CARTESIAN_POINT('',(1.676798879754E0,5.731772476246E0,3.5E-1));
#1792=CARTESIAN_POINT('',(1.643291410425E0,5.765279945575E0,3.5E-1));
#1793=CARTESIAN_POINT('',(1.636705915176E0,5.803370094518E0,3.5E-1));
#1794=CARTESIAN_POINT('',(1.657240183287E0,5.846076590920E0,3.5E-1));
#1796=DIRECTION('',(5.226419342037E-2,-5.226442833039E-2,9.972647008781E-1));
#1797=VECTOR('',#1796,3.414573517094E0);
#1798=CARTESIAN_POINT('',(1.747235276749E0,5.902620388964E0,3.5E-1));
#1799=LINE('',#1798,#1797);
#1800=CARTESIAN_POINT('',(1.926633504903E0,5.623747600459E0,3.760477535026E0));
#1801=DIRECTION('',(-1.254251621574E-1,5.192266357730E-2,-9.907434409093E-1));
#1802=DIRECTION('',(-7.061358014873E-1,-7.061357952221E-1,5.238767568708E-2));
#1803=AXIS2_PLACEMENT_3D('',#1800,#1801,#1802);
#1805=CARTESIAN_POINT('',(1.854985657990E0,5.553585866529E0,3.749999987207E0));
#1806=CARTESIAN_POINT('',(1.855077743296E0,5.553493806406E0,3.752632970276E0));
#1807=CARTESIAN_POINT('',(1.855342953440E0,5.553326240290E0,3.757882074044E0));
#1808=CARTESIAN_POINT('',(1.855767598591E0,5.553192812445E0,3.763106503883E0));
#1809=CARTESIAN_POINT('',(1.856019000622E0,5.553134214125E0,3.765706445504E0));
#1811=DIRECTION('',(5.233615310611E-2,5.226423109387E-2,-9.972609373811E-1));
#1812=VECTOR('',#1811,1.519863788963E0);
#1813=CARTESIAN_POINT('',(7.521004361103E0,5.820565487702E0,1.915700786873E0));
#1814=LINE('',#1813,#1812);
#1815=DIRECTION('',(-5.005217278133E-1,-4.530849204677E-2,8.645375298593E-1));
#1816=VECTOR('',#1815,2.139872401261E0);
#1817=CARTESIAN_POINT('',(4.827034235788E0,5.820565487702E0,1.915700786873E0));
#1818=LINE('',#1817,#1816);
#1819=DIRECTION('',(9.999999999990E-1,7.367424240039E-8,-1.405784639602E-6));
#1820=VECTOR('',#1819,1.829348781499E0);
#1821=CARTESIAN_POINT('',(1.926632822712E0,5.723610961253E0,3.765703358543E0));
#1822=LINE('',#1821,#1820);
#1823=CARTESIAN_POINT('',(1.926632822712E0,5.723610961253E0,3.765703358543E0));
#1824=CARTESIAN_POINT('',(1.926412997919E0,5.723701962366E0,3.763966953866E0));
#1825=CARTESIAN_POINT('',(1.926036827861E0,5.723884597340E0,3.760482070979E0));
#1826=CARTESIAN_POINT('',(1.925787077514E0,5.724067803327E0,3.756986292486E0));
#1827=CARTESIAN_POINT('',(1.925695207494E0,5.724159656101E0,3.755233637151E0));
#1829=DIRECTION('',(1.E0,0.E0,0.E0));
#1830=VECTOR('',#1829,3.652032404159E0);
#1831=CARTESIAN_POINT('',(1.747235276749E0,5.902620388964E0,3.5E-1));
#1832=LINE('',#1831,#1830);
#1833=CARTESIAN_POINT('',(5.399267681857E0,5.902620388964E0,3.5E-1));
#1834=CARTESIAN_POINT('',(5.399164490221E0,5.901746925514E0,3.666666754806E-1));
#1835=CARTESIAN_POINT('',(5.399059890871E0,5.900873462526E0,3.833333421506E-1));
#1836=CARTESIAN_POINT('',(5.398953882205E0,5.9E0,4.E-1));
#1838=DIRECTION('',(1.E0,0.E0,0.E0));
#1839=VECTOR('',#1838,2.201594302858E0);
#1840=CARTESIAN_POINT('',(5.398953882205E0,5.9E0,4.E-1));
#1841=LINE('',#1840,#1839);
#1842=CARTESIAN_POINT('',(7.600548185062E0,5.9E0,4.E-1));
#1843=CARTESIAN_POINT('',(7.667123361996E0,5.9E0,4.E-1));
#1844=CARTESIAN_POINT('',(7.771428827225E0,5.871155111362E0,4.E-1));
#1845=CARTESIAN_POINT('',(7.888958323569E0,5.788959076904E0,4.E-1));
#1846=CARTESIAN_POINT('',(7.971154838776E0,5.671430061309E0,4.E-1));
#1847=CARTESIAN_POINT('',(8.E0,5.567124868666E0,4.E-1));
#1848=CARTESIAN_POINT('',(8.E0,5.500549691733E0,4.E-1));
#1850=DIRECTION('',(5.233615310611E-2,5.226423109387E-2,-9.972609373811E-1));
#1851=VECTOR('',#1850,1.519885395056E0);
#1852=CARTESIAN_POINT('',(7.920455045261E0,5.421114050209E0,1.915722333785E0));
#1853=LINE('',#1852,#1851);
#1854=DIRECTION('',(0.E0,-1.E0,0.E0));
#1855=VECTOR('',#1854,1.100109938347E1);
#1856=CARTESIAN_POINT('',(8.E0,5.500549691733E0,4.E-1));
#1857=LINE('',#1856,#1855);
#1858=DIRECTION('',(5.233615310611E-2,-5.226423109387E-2,-9.972609373811E-1));
#1859=VECTOR('',#1858,1.519885395056E0);
#1860=CARTESIAN_POINT('',(7.920455045261E0,-5.421114050209E0,1.915722333785E0));
#1861=LINE('',#1860,#1859);
#1862=CARTESIAN_POINT('',(7.620867314837E0,5.421114050209E0,1.9E0));
#1863=DIRECTION('',(0.E0,-1.E0,0.E0));
#1864=DIRECTION('',(9.986257680786E-1,0.E0,5.240777928304E-2));
#1865=AXIS2_PLACEMENT_3D('',#1862,#1863,#1864);
#1867=DIRECTION('',(0.E0,-1.E0,0.E0));
#1868=VECTOR('',#1867,1.084222810042E1);
#1869=CARTESIAN_POINT('',(7.920455045261E0,5.421114050209E0,1.915722333785E0));
#1870=LINE('',#1869,#1868);
#1871=CARTESIAN_POINT('',(7.620867314837E0,-5.421114050209E0,1.9E0));
#1872=DIRECTION('',(0.E0,-1.E0,0.E0));
#1873=DIRECTION('',(9.986257680786E-1,0.E0,5.240777928304E-2));
#1874=AXIS2_PLACEMENT_3D('',#1871,#1872,#1873);
#1876=DIRECTION('',(1.826781227891E-14,-1.E0,0.E0));
#1877=VECTOR('',#1876,1.084222809875E1);
#1878=CARTESIAN_POINT('',(7.620867315101E0,5.421114049375E0,2.2E0));
#1879=LINE('',#1878,#1877);
#1880=CARTESIAN_POINT('',(7.920455045261E0,5.421114050209E0,1.915722333785E0));
#1881=CARTESIAN_POINT('',(7.920368365669E0,5.462894200524E0,1.917376860021E0));
#1882=CARTESIAN_POINT('',(7.906988246115E0,5.546443669435E0,1.920100735830E0));
#1883=CARTESIAN_POINT('',(7.849242736612E0,5.659526660496E0,1.922284276425E0));
#1884=CARTESIAN_POINT('',(7.759425987777E0,5.749346326377E0,1.922279555734E0));
#1885=CARTESIAN_POINT('',(7.646342050108E0,5.807096536189E0,1.920086893022E0));
#1886=CARTESIAN_POINT('',(7.562787688581E0,5.820478800753E0,1.917357726878E0));
#1887=CARTESIAN_POINT('',(7.521004361103E0,5.820565487702E0,1.915700786873E0));
#1889=CARTESIAN_POINT('',(7.620867315101E0,5.421114049375E0,2.2E0));
#1890=CARTESIAN_POINT('',(7.620865383228E0,5.431912213099E0,2.2E0));
#1891=CARTESIAN_POINT('',(7.617562142905E0,5.452349979076E0,2.2E0));
#1892=CARTESIAN_POINT('',(7.603138984814E0,5.480844473131E0,2.2E0));
#1893=CARTESIAN_POINT('',(7.580737380391E0,5.503246687004E0,2.2E0));
#1894=CARTESIAN_POINT('',(7.552242475386E0,5.517670939369E0,2.2E0));
#1895=CARTESIAN_POINT('',(7.531803405846E0,5.520974694797E0,2.2E0));
#1896=CARTESIAN_POINT('',(7.521004360268E0,5.520976627540E0,2.2E0));
#1898=CARTESIAN_POINT('',(7.521004360269E0,-5.520976627540E0,2.2E0));
#1899=CARTESIAN_POINT('',(7.531802567863E0,-5.520974695675E0,2.2E0));
#1900=CARTESIAN_POINT('',(7.552240415629E0,-5.517671465978E0,2.2E0));
#1901=CARTESIAN_POINT('',(7.580735020384E0,-5.503248356503E0,2.2E0));
#1902=CARTESIAN_POINT('',(7.603137315327E0,-5.480846833114E0,2.2E0));
#1903=CARTESIAN_POINT('',(7.617561616314E0,-5.452352038761E0,2.2E0));
#1904=CARTESIAN_POINT('',(7.620865382351E0,-5.431913051051E0,2.2E0));
#1905=CARTESIAN_POINT('',(7.620867315101E0,-5.421114049375E0,2.2E0));
#1907=DIRECTION('',(0.E0,-1.E0,0.E0));
#1908=VECTOR('',#1907,1.102626350595E1);
#1909=CARTESIAN_POINT('',(5.E0,5.513131752975E0,2.2E0));
#1910=LINE('',#1909,#1908);
#1911=DIRECTION('',(0.E0,-1.E0,0.E0));
#1912=VECTOR('',#1911,1.083235472260E1);
#1913=CARTESIAN_POINT('',(3.928947368421E0,5.416177361301E0,4.05E0));
#1914=LINE('',#1913,#1912);
#1915=DIRECTION('',(-5.005217278133E-1,-4.530849204688E-2,8.645375298593E-1));
#1916=VECTOR('',#1915,2.139872401261E0);
#1917=CARTESIAN_POINT('',(5.E0,5.513131752975E0,2.2E0));
#1918=LINE('',#1917,#1916);
#1919=DIRECTION('',(5.005217278133E-1,-4.530849204688E-2,-8.645375298593E-1));
#1920=VECTOR('',#1919,2.139872401261E0);
#1921=CARTESIAN_POINT('',(3.928947368421E0,-5.416177361301E0,4.05E0));
#1922=LINE('',#1921,#1920);
#1923=CARTESIAN_POINT('',(3.755981604209E0,5.723611096029E0,3.765700786873E0));
#1924=CARTESIAN_POINT('',(3.772922946134E0,5.722074319159E0,3.795024236391E0));
#1925=CARTESIAN_POINT('',(3.806840589364E0,5.710427166359E0,3.853282488872E0));
#1926=CARTESIAN_POINT('',(3.854816413117E0,5.666825331823E0,3.934265939745E0));
#1927=CARTESIAN_POINT('',(3.894929544845E0,5.598358762841E0,4.000299520429E0));
#1928=CARTESIAN_POINT('',(3.921277695847E0,5.512686848293E0,4.041540422733E0));
#1929=CARTESIAN_POINT('',(3.927948250310E0,5.453190498854E0,4.05E0));
#1930=CARTESIAN_POINT('',(3.928828990655E0,5.424022235602E0,4.05E0));
#1932=CARTESIAN_POINT('',(4.999881622234E0,5.520976627276E0,2.2E0));
#1933=CARTESIAN_POINT('',(4.999031640255E0,5.549126238292E0,2.2E0));
#1934=CARTESIAN_POINT('',(4.992767180028E0,5.606252205114E0,2.192123026784E0));
#1935=CARTESIAN_POINT('',(4.968596323510E0,5.688082993790E0,2.154464754342E0));
#1936=CARTESIAN_POINT('',(4.932147904249E0,5.755163687994E0,2.094722075319E0));
#1937=CARTESIAN_POINT('',(4.884311331793E0,5.803881930783E0,2.014222334554E0));
#1938=CARTESIAN_POINT('',(4.846637997252E0,5.818787198396E0,1.949632568204E0));
#1939=CARTESIAN_POINT('',(4.827034235788E0,5.820565487702E0,1.915700786873E0));
#1941=CARTESIAN_POINT('',(5.E0,5.513131752976E0,2.2E0));
#1942=CARTESIAN_POINT('',(5.E0,5.515747306679E0,2.2E0));
#1943=CARTESIAN_POINT('',(4.999960563315E0,5.518362265120E0,2.2E0));
#1944=CARTESIAN_POINT('',(4.999881622234E0,5.520976627276E0,2.2E0));
#1946=CARTESIAN_POINT('',(2.408813189110E0,5.424022235602E0,4.05E0));
#1947=CARTESIAN_POINT('',(2.388593208798E0,5.436582454077E0,4.049999669098E0));
#1948=CARTESIAN_POINT('',(2.349794970840E0,5.460692868752E0,4.048423570700E0));
#1949=CARTESIAN_POINT('',(2.296955175478E0,5.493521433093E0,4.042427861259E0));
#1950=CARTESIAN_POINT('',(2.248860548866E0,5.523404202157E0,4.033596442829E0));
#1951=CARTESIAN_POINT('',(2.205099057311E0,5.550593870059E0,4.022492280303E0));
#1952=CARTESIAN_POINT('',(2.165260026322E0,5.575346724781E0,4.009517902198E0));
#1953=CARTESIAN_POINT('',(2.129071244121E0,5.597831496474E0,3.994989329848E0));
#1954=CARTESIAN_POINT('',(2.096337516623E0,5.618169599165E0,3.979172112973E0));
#1955=CARTESIAN_POINT('',(2.066962126977E0,5.636421090709E0,3.962331610759E0));
#1956=CARTESIAN_POINT('',(2.040848939228E0,5.652645675599E0,3.944719489757E0));
#1957=CARTESIAN_POINT('',(2.017815922189E0,5.666956560395E0,3.926512209907E0));
#1958=CARTESIAN_POINT('',(1.997613709331E0,5.679508345103E0,3.907773097873E0));
#1959=CARTESIAN_POINT('',(1.980057573872E0,5.690416854146E0,3.888546460323E0));
#1960=CARTESIAN_POINT('',(1.964790374425E0,5.699900992778E0,3.868566175511E0));
#1961=CARTESIAN_POINT('',(1.951559420338E0,5.708125772836E0,3.847287693826E0));
#1962=CARTESIAN_POINT('',(1.940464081838E0,5.715011035380E0,3.824375336020E0));
#1963=CARTESIAN_POINT('',(1.931503334477E0,5.720599183454E0,3.798207947903E0));
#1964=CARTESIAN_POINT('',(1.927580056922E0,5.723015136584E0,3.777084606218E0));
#1965=CARTESIAN_POINT('',(1.926632822712E0,5.723610961253E0,3.765703358543E0));
#1967=CARTESIAN_POINT('',(1.856019000622E0,5.553134214125E0,3.765706445504E0));
#1968=CARTESIAN_POINT('',(1.857117917289E0,5.552878861734E0,3.777086852305E0));
#1969=CARTESIAN_POINT('',(1.861579540387E0,5.551833063196E0,3.798210536232E0));
#1970=CARTESIAN_POINT('',(1.871885258505E0,5.549429412036E0,3.824373675205E0));
#1971=CARTESIAN_POINT('',(1.884592798324E0,5.546459814146E0,3.847288395704E0));
#1972=CARTESIAN_POINT('',(1.899766944922E0,5.542916541890E0,3.868565334973E0));
#1973=CARTESIAN_POINT('',(1.917267713993E0,5.538828715648E0,3.888546351787E0));
#1974=CARTESIAN_POINT('',(1.937395485021E0,5.534127765824E0,3.907772793920E0));
#1975=CARTESIAN_POINT('',(1.960555910818E0,5.528718327310E0,3.926512053943E0));
#1976=CARTESIAN_POINT('',(1.986962026549E0,5.522550874370E0,3.944719361546E0));
#1977=CARTESIAN_POINT('',(2.016899324713E0,5.515558645876E0,3.962331533525E0));
#1978=CARTESIAN_POINT('',(2.050576606900E0,5.507692900511E0,3.979172064434E0));
#1979=CARTESIAN_POINT('',(2.088104053296E0,5.498927903796E0,3.994989303924E0));
#1980=CARTESIAN_POINT('',(2.129592520727E0,5.489237727471E0,4.009517889695E0));
#1981=CARTESIAN_POINT('',(2.175265881757E0,5.478570203472E0,4.022492274951E0));
#1982=CARTESIAN_POINT('',(2.225435928995E0,5.466852164252E0,4.033596441407E0));
#1983=CARTESIAN_POINT('',(2.280574274822E0,5.453974439462E0,4.042427860882E0));
#1984=CARTESIAN_POINT('',(2.341150953482E0,5.439824365058E0,4.048423570788E0));
#1985=CARTESIAN_POINT('',(2.385634088250E0,5.429438505142E0,4.049999669098E0));
#1986=CARTESIAN_POINT('',(2.408813189110E0,5.424022235602E0,4.05E0));
#1988=CARTESIAN_POINT('',(7.521004361103E0,5.520976627276E0,1.9E0));
#1989=DIRECTION('',(1.E0,0.E0,0.E0));
#1990=DIRECTION('',(0.E0,9.986295347546E-1,5.233595624294E-2));
#1991=AXIS2_PLACEMENT_3D('',#1988,#1989,#1990);
#1993=DIRECTION('',(1.E0,1.047189234051E-10,0.E0));
#1994=VECTOR('',#1993,2.521122738034E0);
#1995=CARTESIAN_POINT('',(4.999881622234E0,5.520976627276E0,2.2E0));
#1996=LINE('',#1995,#1994);
#1997=DIRECTION('',(1.E0,0.E0,0.E0));
#1998=VECTOR('',#1997,2.693970125315E0);
#1999=CARTESIAN_POINT('',(4.827034235788E0,5.820565487702E0,1.915700786873E0));
#2000=LINE('',#1999,#1998);
#2001=CARTESIAN_POINT('',(4.575E0,6.E0,3.5E-1));
#2002=DIRECTION('',(0.E0,0.E0,1.E0));
#2003=DIRECTION('',(9.930935925520E-1,-1.173248329733E-1,0.E0));
#2004=AXIS2_PLACEMENT_3D('',#2001,#2002,#2003);
#2006=DIRECTION('',(5.329070518201E-14,0.E0,-1.E0));
#2007=VECTOR('',#2006,5.E-2);
#2008=CARTESIAN_POINT('',(5.405E0,6.E0,4.E-1));
#2009=LINE('',#2008,#2007);
#2010=DIRECTION('',(-1.E0,0.E0,0.E0));
#2011=VECTOR('',#2010,9.595E0);
#2012=CARTESIAN_POINT('',(1.5E1,6.E0,0.E0));
#2013=LINE('',#2012,#2011);
#2014=DIRECTION('',(0.E0,0.E0,-1.E0));
#2015=VECTOR('',#2014,4.E-1);
#2016=CARTESIAN_POINT('',(2.08E1,1.536229149583E0,4.E-1));
#2017=LINE('',#2016,#2015);
#2018=DIRECTION('',(0.E0,0.E0,1.E0));
#2019=VECTOR('',#2018,4.E-1);
#2020=CARTESIAN_POINT('',(1.5E1,6.E0,0.E0));
#2021=LINE('',#2020,#2019);
#2022=DIRECTION('',(-3.006405511643E-13,1.E0,0.E0));
#2023=VECTOR('',#2022,3.072458299157E0);
#2024=CARTESIAN_POINT('',(2.08E1,-1.536229149575E0,0.E0));
#2025=LINE('',#2024,#2023);
#2026=DIRECTION('',(0.E0,0.E0,-1.E0));
#2027=VECTOR('',#2026,4.E-1);
#2028=CARTESIAN_POINT('',(1.499999999999E1,-6.E0,4.E-1));
#2029=LINE('',#2028,#2027);
#2030=DIRECTION('',(0.E0,0.E0,1.E0));
#2031=VECTOR('',#2030,4.E-1);
#2032=CARTESIAN_POINT('',(2.08E1,-1.536229149575E0,0.E0));
#2033=LINE('',#2032,#2031);
#2034=DIRECTION('',(1.E0,0.E0,0.E0));
#2035=VECTOR('',#2034,9.594999999988E0);
#2036=CARTESIAN_POINT('',(5.405E0,-6.E0,0.E0));
#2037=LINE('',#2036,#2035);
#2038=DIRECTION('',(0.E0,0.E0,1.E0));
#2039=VECTOR('',#2038,5.E-2);
#2040=CARTESIAN_POINT('',(5.405E0,-6.E0,3.5E-1));
#2041=LINE('',#2040,#2039);
#2042=CARTESIAN_POINT('',(4.575E0,-6.E0,3.5E-1));
#2043=DIRECTION('',(0.E0,0.E0,1.E0));
#2044=DIRECTION('',(1.E0,0.E0,0.E0));
#2045=AXIS2_PLACEMENT_3D('',#2042,#2043,#2044);
#2047=CARTESIAN_POINT('',(5.404797291224E0,-5.981657277251E0,
1.137978600241E-14));
#2048=CARTESIAN_POINT('',(5.404932446869E0,-5.987771516121E0,
1.166666276255E-1));
#2049=CARTESIAN_POINT('',(5.405E0,-5.993885757038E0,2.333332943016E-1));
#2050=CARTESIAN_POINT('',(5.405E0,-6.E0,3.5E-1));
#2052=DIRECTION('',(0.E0,0.E0,1.E0));
#2053=VECTOR('',#2052,3.5E-1);
#2054=CARTESIAN_POINT('',(5.405E0,-6.E0,0.E0));
#2055=LINE('',#2054,#2053);
#2056=CARTESIAN_POINT('',(4.575E0,-6.E0,0.E0));
#2057=DIRECTION('',(0.E0,0.E0,-1.E0));
#2058=DIRECTION('',(9.997557725586E-1,2.209966596272E-2,0.E0));
#2059=AXIS2_PLACEMENT_3D('',#2056,#2057,#2058);
#2061=CARTESIAN_POINT('',(4.575E0,6.E0,0.E0));
#2062=DIRECTION('',(0.E0,0.E0,-1.E0));
#2063=DIRECTION('',(1.E0,0.E0,0.E0));
#2064=AXIS2_PLACEMENT_3D('',#2061,#2062,#2063);
#2066=DIRECTION('',(0.E0,0.E0,-1.E0));
#2067=VECTOR('',#2066,3.5E-1);
#2068=CARTESIAN_POINT('',(5.405E0,6.E0,3.5E-1));
#2069=LINE('',#2068,#2067);
#2070=CARTESIAN_POINT('',(-2.193675950259E0,4.674022235602E0,3.75E0));
#2071=DIRECTION('',(1.E0,0.E0,0.E0));
#2072=DIRECTION('',(0.E0,9.986295347546E-1,5.233595624294E-2));
#2073=AXIS2_PLACEMENT_3D('',#2070,#2071,#2072);
#2075=DIRECTION('',(1.E0,-8.423228156113E-9,1.607654749628E-7));
#2076=VECTOR('',#2075,4.387351692437E0);
#2077=CARTESIAN_POINT('',(-2.193675836991E0,4.973611322443E0,3.765696466035E0));
#2078=LINE('',#2077,#2076);
#2079=DIRECTION('',(5.226446064245E-2,5.226442760754E-2,-9.972646869115E-1));
#2080=VECTOR('',#2079,3.425065091408E0);
#2081=CARTESIAN_POINT('',(-2.193675836991E0,4.973611322443E0,3.765696466035E0));
#2082=LINE('',#2081,#2080);
#2083=CARTESIAN_POINT('',(-2.263289374171E0,5.145281981885E0,3.749995086305E0));
#2084=CARTESIAN_POINT('',(-2.270338848667E0,5.138231357984E0,3.752105349337E0));
#2085=CARTESIAN_POINT('',(-2.282304874119E0,5.122211969896E0,3.756532411109E0));
#2086=CARTESIAN_POINT('',(-2.292705177314E0,5.094120502541E0,3.762370996534E0));
#2087=CARTESIAN_POINT('',(-2.294659362814E0,5.064482912439E0,3.767264983276E0));
#2088=CARTESIAN_POINT('',(-2.287978697829E0,5.035566043999E0,3.770674507226E0));
#2089=CARTESIAN_POINT('',(-2.273405002441E0,5.010218788028E0,3.772337824607E0));
#2090=CARTESIAN_POINT('',(-2.251891698565E0,4.989859407880E0,3.772145669922E0));
#2091=CARTESIAN_POINT('',(-2.223879475285E0,4.976346038712E0,3.769963425457E0));
#2092=CARTESIAN_POINT('',(-2.203766989064E0,4.973532735364E0,3.767214576710E0));
#2093=CARTESIAN_POINT('',(-2.193675836991E0,4.973611322443E0,3.765696466035E0));
#2095=DIRECTION('',(5.226446497149E-2,5.226446495505E-2,-9.972646847273E-1));
#2096=VECTOR('',#2095,3.409320653157E0);
#2097=CARTESIAN_POINT('',(-2.263289374171E0,5.145281981885E0,3.749995086305E0));
#2098=LINE('',#2097,#2096);
#2099=CARTESIAN_POINT('',(-2.113734399460E0,5.265080240791E0,3.5E-1));
#2100=CARTESIAN_POINT('',(-2.110853812606E0,5.287808856240E0,3.5E-1));
#2101=CARTESIAN_POINT('',(-2.101303173775E0,5.307268182225E0,3.5E-1));
#2102=CARTESIAN_POINT('',(-2.085103054317E0,5.323468301683E0,3.5E-1));
#2104=CARTESIAN_POINT('',(-2.113734399460E0,5.265080240791E0,3.5E-1));
#2105=CARTESIAN_POINT('',(-2.118484579139E0,5.227600028356E0,3.5E-1));
#2106=CARTESIAN_POINT('',(-2.093764648002E0,5.182796610027E0,3.5E-1));
#2107=CARTESIAN_POINT('',(-2.052446685528E0,5.152620388964E0,3.5E-1));
#2108=CARTESIAN_POINT('',(-2.014666657323E0,5.152620388964E0,3.5E-1));
#2110=CARTESIAN_POINT('',(-2.475421538250E0,5.357413886462E0,3.75E0));
#2111=DIRECTION('',(-7.071067811516E-1,-7.071067812215E-1,0.E0));
#2112=DIRECTION('',(7.071067812215E-1,-7.071067811516E-1,0.E0));
#2113=AXIS2_PLACEMENT_3D('',#2110,#2111,#2112);
#2115=DIRECTION('',(-7.071066341639E-1,-7.071069281572E-1,-8.571207463176E-6));
#2116=VECTOR('',#2115,5.774287652043E-1);
#2117=CARTESIAN_POINT('',(-1.854985663538E0,5.553585862278E0,3.750000035567E0));
#2118=LINE('',#2117,#2116);
#2119=DIRECTION('',(5.226452477695E-2,5.226447496762E-2,-9.972646810683E-1));
#2120=VECTOR('',#2119,3.409325628503E0);
#2121=CARTESIAN_POINT('',(-1.854985663538E0,5.553585862278E0,3.750000035567E0));
#2122=LINE('',#2121,#2120);
#2123=CARTESIAN_POINT('',(-1.925696545521E0,5.624296166717E0,3.750010267277E0));
#2124=DIRECTION('',(5.226442768871E-2,5.226442768871E-2,-9.972646886342E-1));
#2125=DIRECTION('',(0.E0,9.986295347546E-1,5.233595624294E-2));
#2126=AXIS2_PLACEMENT_3D('',#2123,#2124,#2125);
#2128=CARTESIAN_POINT('',(-1.676798879754E0,5.731772476246E0,3.5E-1));
#2129=CARTESIAN_POINT('',(-1.643291410425E0,5.765279945575E0,3.5E-1));
#2130=CARTESIAN_POINT('',(-1.636705915176E0,5.803370094518E0,3.5E-1));
#2131=CARTESIAN_POINT('',(-1.657240183287E0,5.846076590920E0,3.5E-1));
#2133=CARTESIAN_POINT('',(-1.856011156909E0,5.553136265635E0,3.765627887069E0));
#2134=CARTESIAN_POINT('',(-1.855754739688E0,5.553196129224E0,3.762957217289E0));
#2135=CARTESIAN_POINT('',(-1.855334343914E0,5.553330400077E0,3.757746076158E0));
#2136=CARTESIAN_POINT('',(-1.855074972991E0,5.553496576372E0,3.752553724015E0));
#2137=CARTESIAN_POINT('',(-1.854985663538E0,5.553585862278E0,3.750000035567E0));
#2139=CARTESIAN_POINT('',(-1.926616327237E0,5.623754738810E0,3.760341327165E0));
#2140=DIRECTION('',(1.244819545113E-1,5.192888046905E-2,-9.908620662707E-1));
#2141=DIRECTION('',(-7.753131470167E-10,9.986295347597E-1,5.233595614580E-2));
#2142=AXIS2_PLACEMENT_3D('',#2139,#2140,#2141);
#2144=CARTESIAN_POINT('',(-2.408813189110E0,5.424022235602E0,4.05E0));
#2145=CARTESIAN_POINT('',(-2.385677926639E0,5.429428249921E0,4.049999672789E0));
#2146=CARTESIAN_POINT('',(-2.341237951242E0,5.439804052296E0,4.048428610045E0));
#2147=CARTESIAN_POINT('',(-2.280633010274E0,5.453960724851E0,4.042438395345E0));
#2148=CARTESIAN_POINT('',(-2.225254036680E0,5.466894653733E0,4.033567207191E0));
#2149=CARTESIAN_POINT('',(-2.174899805854E0,5.478655719576E0,4.022402661109E0));
#2150=CARTESIAN_POINT('',(-2.129193066796E0,5.489331052390E0,4.009391254493E0));
#2151=CARTESIAN_POINT('',(-2.087768666515E0,5.499006289717E0,3.994859353848E0));
#2152=CARTESIAN_POINT('',(-2.050235197173E0,5.507772733524E0,3.979018289282E0));
#2153=CARTESIAN_POINT('',(-2.016364088681E0,5.515683793219E0,3.962050351383E0));
#2154=CARTESIAN_POINT('',(-1.986108616782E0,5.522750402260E0,3.944189272875E0));
#2155=CARTESIAN_POINT('',(-1.959396314299E0,5.528989392906E0,3.925659024600E0));
#2156=CARTESIAN_POINT('',(-1.936094239620E0,5.534432076592E0,3.906634560308E0));
#2157=CARTESIAN_POINT('',(-1.916046130329E0,5.539114137966E0,3.887268026353E0));
#2158=CARTESIAN_POINT('',(-1.898788202284E0,5.543146248258E0,3.867308615022E0));
#2159=CARTESIAN_POINT('',(-1.884049601677E0,5.546585274396E0,3.846385611421E0));
#2160=CARTESIAN_POINT('',(-1.871644861394E0,5.549489646409E0,3.823833573987E0));
#2161=CARTESIAN_POINT('',(-1.861521326002E0,5.551836859326E0,3.797938655077E0));
#2162=CARTESIAN_POINT('',(-1.857094032007E0,5.552888966547E0,3.776922121063E0));
#2163=CARTESIAN_POINT('',(-1.856011156909E0,5.553136265635E0,3.765627887069E0));
#2165=CARTESIAN_POINT('',(-1.926627488124E0,5.723612798596E0,3.765668299955E0));
#2166=CARTESIAN_POINT('',(-1.927576895E0,5.723021486656E0,3.776950438009E0));
#2167=CARTESIAN_POINT('',(-1.931422494577E0,5.720638047015E0,3.797928988717E0));
#2168=CARTESIAN_POINT('',(-1.940266210779E0,5.715138820932E0,3.823835251145E0));
#2169=CARTESIAN_POINT('',(-1.951081731062E0,5.708420854012E0,3.846385414473E0));
#2170=CARTESIAN_POINT('',(-1.963939299590E0,5.700431229888E0,3.867308103766E0));
#2171=CARTESIAN_POINT('',(-1.978992061559E0,5.691078987997E0,3.887267840090E0));
#2172=CARTESIAN_POINT('',(-1.996479316944E0,5.680213636365E0,3.906634278532E0));
#2173=CARTESIAN_POINT('',(-2.016804693654E0,5.667585097796E0,3.925658846821E0));
#2174=CARTESIAN_POINT('',(-2.040104741041E0,5.653108267596E0,3.944189134507E0));
#2175=CARTESIAN_POINT('',(-2.066495362845E0,5.636711233093E0,3.962050267139E0));
#2176=CARTESIAN_POINT('',(-2.096039778406E0,5.618354681300E0,3.979018238773E0));
#2177=CARTESIAN_POINT('',(-2.128778731252E0,5.598013299302E0,3.994859327955E0));
#2178=CARTESIAN_POINT('',(-2.164911615241E0,5.575563235107E0,4.009391242110E0));
#2179=CARTESIAN_POINT('',(-2.204779751711E0,5.550792280487E0,4.022402655714E0));
#2180=CARTESIAN_POINT('',(-2.248701893314E0,5.523502784203E0,4.033567205715E0));
#2181=CARTESIAN_POINT('',(-2.297006408013E0,5.493489602568E0,4.042438394947E0));
#2182=CARTESIAN_POINT('',(-2.349870850288E0,5.460645714512E0,4.048428610138E0));
#2183=CARTESIAN_POINT('',(-2.388631458741E0,5.436558707201E0,4.049999672789E0));
#2184=CARTESIAN_POINT('',(-2.408813189110E0,5.424022235602E0,4.05E0));
#2186=CARTESIAN_POINT('',(-3.928828990655E0,5.424022235602E0,4.05E0));
#2187=CARTESIAN_POINT('',(-3.927992771309E0,5.451716057245E0,4.05E0));
#2188=CARTESIAN_POINT('',(-3.921853993128E0,5.508137541621E0,4.042302245493E0));
#2189=CARTESIAN_POINT('',(-3.898407790928E0,5.588973353970E0,4.005844618166E0));
#2190=CARTESIAN_POINT('',(-3.861713685327E0,5.657630673723E0,3.945755216240E0));
#2191=CARTESIAN_POINT('',(-3.812950133446E0,5.707225464076E0,3.863718634243E0));
#2192=CARTESIAN_POINT('',(-3.775403443516E0,5.721849309179E0,3.799317682572E0));
#2193=CARTESIAN_POINT('',(-3.755981604209E0,5.723611096029E0,3.765700786873E0));
#2195=CARTESIAN_POINT('',(-3.928828990655E0,5.424022235602E0,4.05E0));
#2196=CARTESIAN_POINT('',(-3.928907931736E0,5.421407873446E0,4.05E0));
#2197=CARTESIAN_POINT('',(-3.928947368421E0,5.418792915005E0,4.05E0));
#2198=CARTESIAN_POINT('',(-3.928947368421E0,5.416177361301E0,4.05E0));
#2200=CARTESIAN_POINT('',(-4.999881622234E0,5.520976627276E0,2.2E0));
#2201=CARTESIAN_POINT('',(-4.999960563315E0,5.518362265120E0,2.2E0));
#2202=CARTESIAN_POINT('',(-5.E0,5.515747306679E0,2.2E0));
#2203=CARTESIAN_POINT('',(-5.E0,5.513131752976E0,2.2E0));
#2205=DIRECTION('',(0.E0,-1.E0,0.E0));
#2206=VECTOR('',#2205,1.102626350595E1);
#2207=CARTESIAN_POINT('',(-5.E0,5.513131752975E0,2.2E0));
#2208=LINE('',#2207,#2206);
#2209=DIRECTION('',(-5.005217278133E-1,4.530849204688E-2,-8.645375298593E-1));
#2210=VECTOR('',#2209,2.139872401261E0);
#2211=CARTESIAN_POINT('',(-3.928947368421E0,5.416177361301E0,4.05E0));
#2212=LINE('',#2211,#2210);
#2213=DIRECTION('',(5.005217278133E-1,4.530849204688E-2,8.645375298593E-1));
#2214=VECTOR('',#2213,2.139872401261E0);
#2215=CARTESIAN_POINT('',(-5.E0,-5.513131752975E0,2.2E0));
#2216=LINE('',#2215,#2214);
#2217=CARTESIAN_POINT('',(-7.521004360269E0,5.520976627540E0,2.2E0));
#2218=CARTESIAN_POINT('',(-7.531802567863E0,5.520974695675E0,2.2E0));
#2219=CARTESIAN_POINT('',(-7.552240415629E0,5.517671465978E0,2.2E0));
#2220=CARTESIAN_POINT('',(-7.580735020384E0,5.503248356503E0,2.2E0));
#2221=CARTESIAN_POINT('',(-7.603137315327E0,5.480846833114E0,2.2E0));
#2222=CARTESIAN_POINT('',(-7.617561616314E0,5.452352038761E0,2.2E0));
#2223=CARTESIAN_POINT('',(-7.620865382351E0,5.431913051051E0,2.2E0));
#2224=CARTESIAN_POINT('',(-7.620867315101E0,5.421114049375E0,2.2E0));
#2226=CARTESIAN_POINT('',(-7.620867315101E0,-5.421114049375E0,2.2E0));
#2227=CARTESIAN_POINT('',(-7.620865383228E0,-5.431912213099E0,2.2E0));
#2228=CARTESIAN_POINT('',(-7.617562142905E0,-5.452349979076E0,2.2E0));
#2229=CARTESIAN_POINT('',(-7.603138984814E0,-5.480844473131E0,2.2E0));
#2230=CARTESIAN_POINT('',(-7.580737380391E0,-5.503246687004E0,2.2E0));
#2231=CARTESIAN_POINT('',(-7.552242475386E0,-5.517670939369E0,2.2E0));
#2232=CARTESIAN_POINT('',(-7.531803405846E0,-5.520974694797E0,2.2E0));
#2233=CARTESIAN_POINT('',(-7.521004360268E0,-5.520976627540E0,2.2E0));
#2235=CARTESIAN_POINT('',(-7.521004361103E0,5.820565487702E0,1.915700786873E0));
#2236=CARTESIAN_POINT('',(-7.562784443500E0,5.820478807741E0,1.917357595669E0));
#2237=CARTESIAN_POINT('',(-7.646333777281E0,5.807098655786E0,1.920086653742E0));
#2238=CARTESIAN_POINT('',(-7.759416565774E0,5.749353012994E0,1.922279447081E0));
#2239=CARTESIAN_POINT('',(-7.849236050080E0,5.659536082458E0,1.922284384210E0));
#2240=CARTESIAN_POINT('',(-7.906986126607E0,5.546451942023E0,1.920100974547E0));
#2241=CARTESIAN_POINT('',(-7.920368358681E0,5.462897445495E0,1.917376991045E0));
#2242=CARTESIAN_POINT('',(-7.920455045261E0,5.421114050209E0,1.915722333785E0));
#2244=CARTESIAN_POINT('',(-7.521004361103E0,5.520976627276E0,1.9E0));
#2245=DIRECTION('',(1.E0,0.E0,0.E0));
#2246=DIRECTION('',(0.E0,9.986295347546E-1,5.233595624294E-2));
#2247=AXIS2_PLACEMENT_3D('',#2244,#2245,#2246);
#2249=DIRECTION('',(1.E0,0.E0,0.E0));
#2250=VECTOR('',#2249,2.693970125315E0);
#2251=CARTESIAN_POINT('',(-7.521004361103E0,5.820565487702E0,1.915700786873E0));
#2252=LINE('',#2251,#2250);
#2253=CARTESIAN_POINT('',(-4.999881622234E0,5.520976627276E0,2.2E0));
#2254=CARTESIAN_POINT('',(-4.999031640255E0,5.549126238292E0,2.2E0));
#2255=CARTESIAN_POINT('',(-4.992768908332E0,5.606252257300E0,2.192122031008E0));
#2256=CARTESIAN_POINT('',(-4.968602327725E0,5.688083175088E0,2.154461294965E0));
#2257=CARTESIAN_POINT('',(-4.932156440261E0,5.755163945740E0,2.094717157228E0));
#2258=CARTESIAN_POINT('',(-4.884297287007E0,5.803881506698E0,2.014230426569E0));
#2259=CARTESIAN_POINT('',(-4.846637997252E0,5.818787198396E0,1.949632568204E0));
#2260=CARTESIAN_POINT('',(-4.827034235788E0,5.820565487702E0,1.915700786873E0));
#2262=DIRECTION('',(1.E0,-1.046326111801E-10,0.E0));
#2263=VECTOR('',#2262,2.521122738035E0);
#2264=CARTESIAN_POINT('',(-7.521004360269E0,5.520976627540E0,2.2E0));
#2265=LINE('',#2264,#2263);
#2266=CARTESIAN_POINT('',(-7.620867314837E0,5.421114050209E0,1.9E0));
#2267=DIRECTION('',(0.E0,1.E0,0.E0));
#2268=DIRECTION('',(-9.986257680786E-1,0.E0,5.240777928304E-2));
#2269=AXIS2_PLACEMENT_3D('',#2266,#2267,#2268);
#2271=DIRECTION('',(-1.826781227891E-14,1.E0,0.E0));
#2272=VECTOR('',#2271,1.084222809875E1);
#2273=CARTESIAN_POINT('',(-7.620867315101E0,-5.421114049375E0,2.2E0));
#2274=LINE('',#2273,#2272);
#2275=CARTESIAN_POINT('',(-7.620867314837E0,-5.421114050209E0,1.9E0));
#2276=DIRECTION('',(0.E0,1.E0,0.E0));
#2277=DIRECTION('',(-9.986257680786E-1,0.E0,5.240777928304E-2));
#2278=AXIS2_PLACEMENT_3D('',#2275,#2276,#2277);
#2280=CARTESIAN_POINT('',(-7.920455045261E0,-5.421114050209E0,
1.915722333785E0));
#2281=CARTESIAN_POINT('',(-7.920368365669E0,-5.462894200524E0,
1.917376860021E0));
#2282=CARTESIAN_POINT('',(-7.906988246115E0,-5.546443669435E0,
1.920100735830E0));
#2283=CARTESIAN_POINT('',(-7.849242736612E0,-5.659526660496E0,
1.922284276425E0));
#2284=CARTESIAN_POINT('',(-7.759425987777E0,-5.749346326377E0,
1.922279555734E0));
#2285=CARTESIAN_POINT('',(-7.646342050108E0,-5.807096536189E0,
1.920086893022E0));
#2286=CARTESIAN_POINT('',(-7.562787688580E0,-5.820478800753E0,
1.917357726878E0));
#2287=CARTESIAN_POINT('',(-7.521004361103E0,-5.820565487702E0,
1.915700786873E0));
#2289=CARTESIAN_POINT('',(-7.521004361103E0,-5.520976627276E0,1.9E0));
#2290=DIRECTION('',(-1.E0,0.E0,0.E0));
#2291=DIRECTION('',(0.E0,-9.986295347546E-1,5.233595624294E-2));
#2292=AXIS2_PLACEMENT_3D('',#2289,#2290,#2291);
#2294=DIRECTION('',(-1.E0,-1.047108206248E-10,0.E0));
#2295=VECTOR('',#2294,2.521122738034E0);
#2296=CARTESIAN_POINT('',(-4.999881622234E0,-5.520976627276E0,2.2E0));
#2297=LINE('',#2296,#2295);
#2298=CARTESIAN_POINT('',(-4.827034235788E0,-5.820565487702E0,
1.915700786873E0));
#2299=CARTESIAN_POINT('',(-4.845978164331E0,-5.818847052920E0,
1.948490475836E0));
#2300=CARTESIAN_POINT('',(-4.882847470816E0,-5.804833140577E0,
2.011767303630E0));
#2301=CARTESIAN_POINT('',(-4.931601031893E0,-5.756200296541E0,
2.093808852706E0));
#2302=CARTESIAN_POINT('',(-4.969064415705E0,-5.687381373629E0,
2.155225441277E0));
#2303=CARTESIAN_POINT('',(-4.993298396194E0,-5.603548264924E0,
2.192902173869E0));
#2304=CARTESIAN_POINT('',(-4.999069352018E0,-5.547877304234E0,2.2E0));
#2305=CARTESIAN_POINT('',(-4.999881622234E0,-5.520976627276E0,2.2E0));
#2307=DIRECTION('',(-7.071067811865E-1,-7.071067811866E-1,0.E0));
#2308=VECTOR('',#2307,5.774293012407E-1);
#2309=CARTESIAN_POINT('',(-1.676798879754E0,5.731772476246E0,3.5E-1));
#2310=LINE('',#2309,#2308);
#2311=CARTESIAN_POINT('',(-1.657240183287E0,5.846076590920E0,3.5E-1));
#2312=CARTESIAN_POINT('',(-1.661163164689E0,5.839942286691E0,3.5E-1));
#2313=CARTESIAN_POINT('',(-1.665699152117E0,5.834300847883E0,3.5E-1));
#2314=CARTESIAN_POINT('',(-1.670847912718E0,5.829152087282E0,3.5E-1));
#2316=DIRECTION('',(-7.071067811866E-1,-7.071067811865E-1,0.E0));
#2317=VECTOR('',#2316,6.127846403E-1);
#2318=CARTESIAN_POINT('',(-1.670847912718E0,5.829152087282E0,3.5E-1));
#2319=LINE('',#2318,#2317);
#2320=CARTESIAN_POINT('',(-2.113734399460E0,5.265080240791E0,3.5E-1));
#2321=CARTESIAN_POINT('',(-2.131027026667E0,5.288236992807E0,3.5E-1));
#2322=CARTESIAN_POINT('',(-2.138808372912E0,5.332617659560E0,3.5E-1));
#2323=CARTESIAN_POINT('',(-2.124588208729E0,5.375411791271E0,3.5E-1));
#2324=CARTESIAN_POINT('',(-2.104152087282E0,5.395847912718E0,3.5E-1));
#2326=DIRECTION('',(0.E0,0.E0,1.E0));
#2327=VECTOR('',#2326,5.E-2);
#2328=CARTESIAN_POINT('',(-5.405E0,6.E0,3.5E-1));
#2329=LINE('',#2328,#2327);
#2330=CARTESIAN_POINT('',(-4.575E0,6.E0,3.5E-1));
#2331=DIRECTION('',(0.E0,0.E0,1.E0));
#2332=DIRECTION('',(-1.E0,0.E0,0.E0));
#2333=AXIS2_PLACEMENT_3D('',#2330,#2331,#2332);
#2335=DIRECTION('',(-1.E0,0.E0,0.E0));
#2336=VECTOR('',#2335,9.594999999988E0);
#2337=CARTESIAN_POINT('',(-5.405E0,6.E0,0.E0));
#2338=LINE('',#2337,#2336);
#2339=CARTESIAN_POINT('',(-5.404797291224E0,5.981657277251E0,0.E0));
#2340=CARTESIAN_POINT('',(-5.404932446869E0,5.987771516121E0,
1.166666276255E-1));
#2341=CARTESIAN_POINT('',(-5.405E0,5.993885757038E0,2.333332943016E-1));
#2342=CARTESIAN_POINT('',(-5.405E0,6.E0,3.5E-1));
#2344=DIRECTION('',(0.E0,0.E0,1.E0));
#2345=VECTOR('',#2344,3.5E-1);
#2346=CARTESIAN_POINT('',(-5.405E0,6.E0,0.E0));
#2347=LINE('',#2346,#2345);
#2348=CARTESIAN_POINT('',(-4.575E0,6.E0,0.E0));
#2349=DIRECTION('',(0.E0,0.E0,-1.E0));
#2350=DIRECTION('',(-9.997557725586E-1,-2.209966596272E-2,0.E0));
#2351=AXIS2_PLACEMENT_3D('',#2348,#2349,#2350);
#2353=DIRECTION('',(0.E0,0.E0,-1.E0));
#2354=VECTOR('',#2353,4.E-1);
#2355=CARTESIAN_POINT('',(-1.499999999999E1,6.E0,4.E-1));
#2356=LINE('',#2355,#2354);
#2357=DIRECTION('',(0.E0,0.E0,1.E0));
#2358=VECTOR('',#2357,4.E-1);
#2359=CARTESIAN_POINT('',(-2.08E1,1.536229149575E0,0.E0));
#2360=LINE('',#2359,#2358);
#2361=DIRECTION('',(3.006405511643E-13,-1.E0,0.E0));
#2362=VECTOR('',#2361,3.072458299157E0);
#2363=CARTESIAN_POINT('',(-2.08E1,1.536229149575E0,0.E0));
#2364=LINE('',#2363,#2362);
#2365=DIRECTION('',(0.E0,0.E0,-1.E0));
#2366=VECTOR('',#2365,4.E-1);
#2367=CARTESIAN_POINT('',(-2.08E1,-1.536229149583E0,4.E-1));
#2368=LINE('',#2367,#2366);
#2369=DIRECTION('',(0.E0,0.E0,1.E0));
#2370=VECTOR('',#2369,4.E-1);
#2371=CARTESIAN_POINT('',(-1.5E1,-6.E0,0.E0));
#2372=LINE('',#2371,#2370);
#2373=DIRECTION('',(1.E0,0.E0,0.E0));
#2374=VECTOR('',#2373,9.595E0);
#2375=CARTESIAN_POINT('',(-1.5E1,-6.E0,0.E0));
#2376=LINE('',#2375,#2374);
#2377=CARTESIAN_POINT('',(-4.575E0,-6.E0,0.E0));
#2378=DIRECTION('',(0.E0,0.E0,-1.E0));
#2379=DIRECTION('',(-1.E0,0.E0,0.E0));
#2380=AXIS2_PLACEMENT_3D('',#2377,#2378,#2379);
#2382=DIRECTION('',(0.E0,0.E0,-1.E0));
#2383=VECTOR('',#2382,3.5E-1);
#2384=CARTESIAN_POINT('',(-5.405E0,-6.E0,3.5E-1));
#2385=LINE('',#2384,#2383);
#2386=CARTESIAN_POINT('',(-4.575E0,-6.E0,3.5E-1));
#2387=DIRECTION('',(0.E0,0.E0,1.E0));
#2388=DIRECTION('',(-9.930935925520E-1,1.173248329733E-1,0.E0));
#2389=AXIS2_PLACEMENT_3D('',#2386,#2387,#2388);
#2391=DIRECTION('',(-3.552713678801E-14,0.E0,-1.E0));
#2392=VECTOR('',#2391,5.E-2);
#2393=CARTESIAN_POINT('',(-5.405E0,-6.E0,4.E-1));
#2394=LINE('',#2393,#2392);
#2395=CARTESIAN_POINT('',(3.926699489416E0,5.500438734925E0,-3.75E0));
#2396=CARTESIAN_POINT('',(3.925837369071E0,5.527954422077E0,-3.75E0));
#2397=CARTESIAN_POINT('',(3.919534219144E0,5.584087932351E0,-3.742398792388E0));
#2398=CARTESIAN_POINT('',(3.895390038359E0,5.664747245355E0,-3.706240910832E0));
#2399=CARTESIAN_POINT('',(3.857422704037E0,5.733568547390E0,-3.646341159871E0));
#2400=CARTESIAN_POINT('',(3.806782713455E0,5.783463255086E0,-3.564252435829E0));
#2401=CARTESIAN_POINT('',(3.767637016588E0,5.798253631080E0,-3.499550041611E0));
#2402=CARTESIAN_POINT('',(3.747344679294E0,5.800027595351E0,-3.465700786873E0));
#2404=CARTESIAN_POINT('',(3.926699489416E0,5.500438734925E0,-3.75E0));
#2405=CARTESIAN_POINT('',(3.926786033529E0,5.497676567516E0,-3.75E0));
#2406=CARTESIAN_POINT('',(3.926829268293E0,5.494913721790E0,-3.75E0));
#2407=CARTESIAN_POINT('',(3.926829268293E0,5.492150198915E0,-3.75E0));
#2409=CARTESIAN_POINT('',(4.999870221124E0,5.605254293491E0,-1.75E0));
#2410=CARTESIAN_POINT('',(4.999956765236E0,5.602492126082E0,-1.75E0));
#2411=CARTESIAN_POINT('',(5.E0,5.599729280355E0,-1.75E0));
#2412=CARTESIAN_POINT('',(5.E0,5.596965757480E0,-1.75E0));
#2414=CARTESIAN_POINT('',(4.820515411001E0,5.904843153918E0,-1.465700786873E0));
#2415=CARTESIAN_POINT('',(4.840272027878E0,5.903116022540E0,-1.498656416760E0));
#2416=CARTESIAN_POINT('',(4.878675909425E0,5.888997328584E0,-1.562133956343E0));
#2417=CARTESIAN_POINT('',(4.929316097068E0,5.840080925035E0,-1.644302956272E0));
#2418=CARTESIAN_POINT('',(4.968083654067E0,5.771188372537E0,-1.705535954420E0));
#2419=CARTESIAN_POINT('',(4.993144586980E0,5.687248640924E0,-1.743045834612E0));
#2420=CARTESIAN_POINT('',(4.999034727993E0,5.631920138623E0,-1.75E0));
#2421=CARTESIAN_POINT('',(4.999870221124E0,5.605254293491E0,-1.75E0));
#2423=DIRECTION('',(-4.723143535999E-1,4.613049101008E-2,-8.802222044363E-1));
#2424=VECTOR('',#2423,2.272153542503E0);
#2425=CARTESIAN_POINT('',(5.E0,-5.596965757481E0,-1.75E0));
#2426=LINE('',#2425,#2424);
#2427=DIRECTION('',(0.E0,-1.E0,0.E0));
#2428=VECTOR('',#2427,1.119393151496E1);
#2429=CARTESIAN_POINT('',(5.E0,5.596965757481E0,-1.75E0));
#2430=LINE('',#2429,#2428);
#2431=DIRECTION('',(4.723143535999E-1,4.613049101008E-2,8.802222044363E-1));
#2432=VECTOR('',#2431,2.272153542503E0);
#2433=CARTESIAN_POINT('',(3.926829268293E0,5.492150198915E0,-3.75E0));
#2434=LINE('',#2433,#2432);
#2435=CARTESIAN_POINT('',(3.747344679294E0,-5.800027595351E0,
-3.465700786873E0));
#2436=CARTESIAN_POINT('',(3.764907467405E0,-5.798492249365E0,
-3.494996933495E0));
#2437=CARTESIAN_POINT('',(3.800077848322E0,-5.786879786730E0,
-3.553216514624E0));
#2438=CARTESIAN_POINT('',(3.850007328297E0,-5.743148767555E0,
-3.634439819703E0));
#2439=CARTESIAN_POINT('',(3.891672829676E0,-5.674454418861E0,
-3.700532008019E0));
#2440=CARTESIAN_POINT('',(3.918920942257E0,-5.588780327735E0,
-3.741618905383E0));
#2441=CARTESIAN_POINT('',(3.925789829899E0,-5.529471696320E0,-3.75E0));
#2442=CARTESIAN_POINT('',(3.926699489416E0,-5.500438734925E0,-3.75E0));
#2444=CARTESIAN_POINT('',(4.999870221124E0,-5.605254293491E0,-1.75E0));
#2445=CARTESIAN_POINT('',(4.998992660561E0,-5.633262775180E0,-1.75E0));
#2446=CARTESIAN_POINT('',(4.992553557464E0,-5.690156239270E0,
-1.742212906916E0));
#2447=CARTESIAN_POINT('',(4.967572750126E0,-5.771938622146E0,
-1.704719656794E0));
#2448=CARTESIAN_POINT('',(4.929929549005E0,-5.838972413564E0,
-1.645272236321E0));
#2449=CARTESIAN_POINT('',(4.880272976405E0,-5.887980791903E0,
-1.564755856990E0));
#2450=CARTESIAN_POINT('',(4.841000256766E0,-5.903052360479E0,
-1.499871161260E0));
#2451=CARTESIAN_POINT('',(4.820515411001E0,-5.904843153918E0,
-1.465700786873E0));
#2453=CARTESIAN_POINT('',(5.E0,-5.596965757480E0,-1.75E0));
#2454=CARTESIAN_POINT('',(5.E0,-5.599729280355E0,-1.75E0));
#2455=CARTESIAN_POINT('',(4.999956765236E0,-5.602492126082E0,-1.75E0));
#2456=CARTESIAN_POINT('',(4.999870221124E0,-5.605254293491E0,-1.75E0));
#2458=CARTESIAN_POINT('',(2.423825333787E0,-5.500438734925E0,-3.75E0));
#2459=CARTESIAN_POINT('',(2.403605353475E0,-5.512998953400E0,
-3.749999669098E0));
#2460=CARTESIAN_POINT('',(2.364807115517E0,-5.537109368075E0,
-3.748423570700E0));
#2461=CARTESIAN_POINT('',(2.311967320156E0,-5.569937932415E0,
-3.742427861259E0));
#2462=CARTESIAN_POINT('',(2.263872693543E0,-5.599820701480E0,
-3.733596442829E0));
#2463=CARTESIAN_POINT('',(2.220111201989E0,-5.627010369382E0,
-3.722492280303E0));
#2464=CARTESIAN_POINT('',(2.180272170999E0,-5.651763224104E0,
-3.709517902198E0));
#2465=CARTESIAN_POINT('',(2.144083388799E0,-5.674247995796E0,
-3.694989329848E0));
#2466=CARTESIAN_POINT('',(2.111349661301E0,-5.694586098488E0,
-3.679172112973E0));
#2467=CARTESIAN_POINT('',(2.081974271654E0,-5.712837590032E0,
-3.662331610759E0));
#2468=CARTESIAN_POINT('',(2.055861083906E0,-5.729062174921E0,
-3.644719489757E0));
#2469=CARTESIAN_POINT('',(2.032828066866E0,-5.743373059718E0,
-3.626512209907E0));
#2470=CARTESIAN_POINT('',(2.012625854008E0,-5.755924844426E0,
-3.607773097873E0));
#2471=CARTESIAN_POINT('',(1.995069718549E0,-5.766833353469E0,
-3.588546460323E0));
#2472=CARTESIAN_POINT('',(1.979802519102E0,-5.776317492101E0,
-3.568566175511E0));
#2473=CARTESIAN_POINT('',(1.966571565016E0,-5.784542272158E0,
-3.547287693826E0));
#2474=CARTESIAN_POINT('',(1.955476226515E0,-5.791427534702E0,
-3.524375336020E0));
#2475=CARTESIAN_POINT('',(1.946515479154E0,-5.797015682777E0,
-3.498207947903E0));
#2476=CARTESIAN_POINT('',(1.942592201599E0,-5.799431635907E0,
-3.477084606218E0));
#2477=CARTESIAN_POINT('',(1.941644967389E0,-5.800027460576E0,
-3.465703358543E0));
#2479=CARTESIAN_POINT('',(1.871031145300E0,-5.629550713447E0,
-3.465706445504E0));
#2480=CARTESIAN_POINT('',(1.872130061967E0,-5.629295361057E0,
-3.477086852305E0));
#2481=CARTESIAN_POINT('',(1.876591685065E0,-5.628249562519E0,
-3.498210536232E0));
#2482=CARTESIAN_POINT('',(1.886897403183E0,-5.625845911359E0,
-3.524373675205E0));
#2483=CARTESIAN_POINT('',(1.899604943001E0,-5.622876313469E0,
-3.547288395704E0));
#2484=CARTESIAN_POINT('',(1.914779089600E0,-5.619333041213E0,
-3.568565334973E0));
#2485=CARTESIAN_POINT('',(1.932279858671E0,-5.615245214971E0,
-3.588546351787E0));
#2486=CARTESIAN_POINT('',(1.952407629699E0,-5.610544265147E0,
-3.607772793920E0));
#2487=CARTESIAN_POINT('',(1.975568055495E0,-5.605134826633E0,
-3.626512053943E0));
#2488=CARTESIAN_POINT('',(2.001974171226E0,-5.598967373693E0,
-3.644719361546E0));
#2489=CARTESIAN_POINT('',(2.031911469390E0,-5.591975145199E0,
-3.662331533525E0));
#2490=CARTESIAN_POINT('',(2.065588751577E0,-5.584109399833E0,
-3.679172064434E0));
#2491=CARTESIAN_POINT('',(2.103116197973E0,-5.575344403119E0,
-3.694989303924E0));
#2492=CARTESIAN_POINT('',(2.144604665404E0,-5.565654226794E0,
-3.709517889695E0));
#2493=CARTESIAN_POINT('',(2.190278026435E0,-5.554986702794E0,
-3.722492274951E0));
#2494=CARTESIAN_POINT('',(2.240448073673E0,-5.543268663575E0,
-3.733596441407E0));
#2495=CARTESIAN_POINT('',(2.295586419500E0,-5.530390938784E0,
-3.742427860882E0));
#2496=CARTESIAN_POINT('',(2.356163098159E0,-5.516240864381E0,
-3.748423570788E0));
#2497=CARTESIAN_POINT('',(2.400646232927E0,-5.505855004464E0,
-3.749999669098E0));
#2498=CARTESIAN_POINT('',(2.423825333787E0,-5.500438734925E0,-3.75E0));
#2500=CARTESIAN_POINT('',(7.523628356044E0,-5.605254293491E0,-1.45E0));
#2501=DIRECTION('',(1.E0,0.E0,0.E0));
#2502=DIRECTION('',(0.E0,-9.986295347546E-1,-5.233595624294E-2));
#2503=AXIS2_PLACEMENT_3D('',#2500,#2501,#2502);
#2505=DIRECTION('',(1.E0,-1.046081645541E-10,0.E0));
#2506=VECTOR('',#2505,2.523758134086E0);
#2507=CARTESIAN_POINT('',(4.999870221124E0,-5.605254293491E0,-1.75E0));
#2508=LINE('',#2507,#2506);
#2509=DIRECTION('',(1.E0,0.E0,0.E0));
#2510=VECTOR('',#2509,2.703112945043E0);
#2511=CARTESIAN_POINT('',(4.820515411001E0,-5.904843153918E0,
-1.465700786873E0));
#2512=LINE('',#2511,#2510);
#2513=CARTESIAN_POINT('',(7.923079040202E0,-5.505391716424E0,
-1.465722333785E0));
#2514=CARTESIAN_POINT('',(7.922992360610E0,-5.547171866740E0,
-1.467376860021E0));
#2515=CARTESIAN_POINT('',(7.909612241056E0,-5.630721335650E0,
-1.470100735830E0));
#2516=CARTESIAN_POINT('',(7.851866731554E0,-5.743804326711E0,
-1.472284276425E0));
#2517=CARTESIAN_POINT('',(7.762049982719E0,-5.833623992592E0,
-1.472279555734E0));
#2518=CARTESIAN_POINT('',(7.648966045050E0,-5.891374202404E0,
-1.470086893022E0));
#2519=CARTESIAN_POINT('',(7.565411683522E0,-5.904756466969E0,
-1.467357726878E0));
#2520=CARTESIAN_POINT('',(7.523628356044E0,-5.904843153918E0,
-1.465700786873E0));
#2522=CARTESIAN_POINT('',(7.623491309779E0,5.505391716424E0,-1.45E0));
#2523=DIRECTION('',(0.E0,1.E0,0.E0));
#2524=DIRECTION('',(9.986257680786E-1,0.E0,-5.240777928304E-2));
#2525=AXIS2_PLACEMENT_3D('',#2522,#2523,#2524);
#2527=DIRECTION('',(1.407407490619E-10,1.E0,0.E0));
#2528=VECTOR('',#2527,1.875804663762E0);
#2529=CARTESIAN_POINT('',(7.623491309779E0,3.629587051828E0,-1.75E0));
#2530=LINE('',#2529,#2528);
#2531=DIRECTION('',(0.E0,1.E0,0.E0));
#2532=VECTOR('',#2531,2.591741036553E-1);
#2533=CARTESIAN_POINT('',(7.623491309779E0,3.370412948172E0,-1.75E0));
#2534=LINE('',#2533,#2532);
#2535=DIRECTION('',(0.E0,1.E0,0.E0));
#2536=VECTOR('',#2535,6.740825896345E0);
#2537=CARTESIAN_POINT('',(7.623491309779E0,-3.370412948172E0,-1.75E0));
#2538=LINE('',#2537,#2536);
#2539=DIRECTION('',(0.E0,1.E0,0.E0));
#2540=VECTOR('',#2539,2.591741036553E-1);
#2541=CARTESIAN_POINT('',(7.623491309779E0,-3.629587051828E0,-1.75E0));
#2542=LINE('',#2541,#2540);
#2543=DIRECTION('',(-1.406346868637E-10,1.E0,0.E0));
#2544=VECTOR('',#2543,1.875804663763E0);
#2545=CARTESIAN_POINT('',(7.623491310043E0,-5.505391715590E0,-1.75E0));
#2546=LINE('',#2545,#2544);
#2547=CARTESIAN_POINT('',(7.623491309779E0,-5.505391716424E0,-1.45E0));
#2548=DIRECTION('',(0.E0,1.E0,0.E0));
#2549=DIRECTION('',(9.986257680786E-1,0.E0,-5.240777928304E-2));
#2550=AXIS2_PLACEMENT_3D('',#2547,#2548,#2549);
#2552=CARTESIAN_POINT('',(7.523628356044E0,5.904843153918E0,-1.465700786873E0));
#2553=CARTESIAN_POINT('',(7.565408438442E0,5.904756473956E0,-1.467357595669E0));
#2554=CARTESIAN_POINT('',(7.648957772223E0,5.891376322001E0,-1.470086653742E0));
#2555=CARTESIAN_POINT('',(7.762040560716E0,5.833630679209E0,-1.472279447081E0));
#2556=CARTESIAN_POINT('',(7.851860045022E0,5.743813748673E0,-1.472284384210E0));
#2557=CARTESIAN_POINT('',(7.909610121549E0,5.630729608238E0,-1.470100974547E0));
#2558=CARTESIAN_POINT('',(7.922992353623E0,5.547175111710E0,-1.467376991045E0));
#2559=CARTESIAN_POINT('',(7.923079040202E0,5.505391716424E0,-1.465722333785E0));
#2561=CARTESIAN_POINT('',(7.523628356044E0,5.605254293491E0,-1.45E0));
#2562=DIRECTION('',(-1.E0,0.E0,0.E0));
#2563=DIRECTION('',(0.E0,9.986295347546E-1,-5.233595624294E-2));
#2564=AXIS2_PLACEMENT_3D('',#2561,#2562,#2563);
#2566=DIRECTION('',(-1.E0,0.E0,0.E0));
#2567=VECTOR('',#2566,2.703112945043E0);
#2568=CARTESIAN_POINT('',(7.523628356044E0,5.904843153918E0,-1.465700786873E0));
#2569=LINE('',#2568,#2567);
#2570=DIRECTION('',(-1.E0,-1.045293329247E-10,0.E0));
#2571=VECTOR('',#2570,2.523758134087E0);
#2572=CARTESIAN_POINT('',(7.523628355210E0,5.605254293755E0,-1.75E0));
#2573=LINE('',#2572,#2571);
#2574=CARTESIAN_POINT('',(7.523628355210E0,5.605254293755E0,-1.75E0));
#2575=CARTESIAN_POINT('',(7.534426562805E0,5.605252361890E0,-1.75E0));
#2576=CARTESIAN_POINT('',(7.554864410571E0,5.601949132193E0,-1.75E0));
#2577=CARTESIAN_POINT('',(7.583359015326E0,5.587526022718E0,-1.75E0));
#2578=CARTESIAN_POINT('',(7.605761310269E0,5.565124499329E0,-1.75E0));
#2579=CARTESIAN_POINT('',(7.620185611256E0,5.536629704976E0,-1.75E0));
#2580=CARTESIAN_POINT('',(7.623489377293E0,5.516190717266E0,-1.75E0));
#2581=CARTESIAN_POINT('',(7.623491310043E0,5.505391715590E0,-1.75E0));
#2583=CARTESIAN_POINT('',(7.623491310043E0,-5.505391715590E0,-1.75E0));
#2584=CARTESIAN_POINT('',(7.623489378170E0,-5.516189879314E0,-1.75E0));
#2585=CARTESIAN_POINT('',(7.620186137846E0,-5.536627645291E0,-1.75E0));
#2586=CARTESIAN_POINT('',(7.605762979756E0,-5.565122139346E0,-1.75E0));
#2587=CARTESIAN_POINT('',(7.583361375333E0,-5.587524353219E0,-1.75E0));
#2588=CARTESIAN_POINT('',(7.554866470328E0,-5.601948605584E0,-1.75E0));
#2589=CARTESIAN_POINT('',(7.534427400788E0,-5.605252361012E0,-1.75E0));
#2590=CARTESIAN_POINT('',(7.523628355210E0,-5.605254293755E0,-1.75E0));
#2592=CARTESIAN_POINT('',(6.5E0,-3.5E0,-1.75E0));
#2593=DIRECTION('',(0.E0,0.E0,1.E0));
#2594=DIRECTION('',(0.E0,-1.E0,0.E0));
#2595=AXIS2_PLACEMENT_3D('',#2592,#2593,#2594);
#2597=CARTESIAN_POINT('',(6.5E0,-3.5E0,-1.75E0));
#2598=DIRECTION('',(0.E0,0.E0,1.E0));
#2599=DIRECTION('',(-1.128430904637E-7,1.E0,0.E0));
#2600=AXIS2_PLACEMENT_3D('',#2597,#2598,#2599);
#2602=CARTESIAN_POINT('',(6.5E0,-3.5E0,-1.75E0));
#2603=DIRECTION('',(0.E0,0.E0,1.E0));
#2604=DIRECTION('',(9.934136230146E-1,1.145834787785E-1,0.E0));
#2605=AXIS2_PLACEMENT_3D('',#2602,#2603,#2604);
#2607=CARTESIAN_POINT('',(6.5E0,3.5E0,-1.75E0));
#2608=DIRECTION('',(0.E0,0.E0,1.E0));
#2609=DIRECTION('',(0.E0,-1.E0,0.E0));
#2610=AXIS2_PLACEMENT_3D('',#2607,#2608,#2609);
#2612=CARTESIAN_POINT('',(6.5E0,3.5E0,-1.75E0));
#2613=DIRECTION('',(0.E0,0.E0,1.E0));
#2614=DIRECTION('',(-1.128430904637E-7,1.E0,0.E0));
#2615=AXIS2_PLACEMENT_3D('',#2612,#2613,#2614);
#2617=CARTESIAN_POINT('',(6.5E0,3.5E0,-1.75E0));
#2618=DIRECTION('',(0.E0,0.E0,1.E0));
#2619=DIRECTION('',(9.934136230146E-1,1.145834787785E-1,0.E0));
#2620=AXIS2_PLACEMENT_3D('',#2617,#2618,#2619);
#2622=DIRECTION('',(0.E0,-5.233595624294E-2,9.986295347546E-1));
#2623=VECTOR('',#2622,2.055152471279E-1);
#2624=CARTESIAN_POINT('',(6.5E0,-4.620184270695E0,-1.955233595624E0));
#2625=LINE('',#2624,#2623);
#2626=DIRECTION('',(-2.069692158547E-7,5.213320666855E-2,9.986401397713E-1));
#2627=VECTOR('',#2626,2.055130646674E-1);
#2628=CARTESIAN_POINT('',(6.5E0,-2.379815729305E0,-1.955233595624E0));
#2629=LINE('',#2628,#2627);
#2630=CARTESIAN_POINT('',(6.5E0,-3.5E0,-1.955233595624E0));
#2631=DIRECTION('',(0.E0,0.E0,-1.E0));
#2632=DIRECTION('',(-1.E0,0.E0,0.E0));
#2633=AXIS2_PLACEMENT_3D('',#2630,#2631,#2632);
#2635=CARTESIAN_POINT('',(6.5E0,-3.5E0,-1.955233595624E0));
#2636=DIRECTION('',(0.E0,0.E0,-1.E0));
#2637=DIRECTION('',(0.E0,1.E0,0.E0));
#2638=AXIS2_PLACEMENT_3D('',#2635,#2636,#2637);
#2640=CARTESIAN_POINT('',(6.5E0,-3.5E0,-1.955233595624E0));
#2641=DIRECTION('',(0.E0,0.E0,-1.E0));
#2642=DIRECTION('',(1.E0,0.E0,0.E0));
#2643=AXIS2_PLACEMENT_3D('',#2640,#2641,#2642);
#2645=CARTESIAN_POINT('',(7.520321317219E0,-3.5E0,-1.95E0));
#2646=DIRECTION('',(0.E0,1.E0,0.E0));
#2647=DIRECTION('',(9.986295347546E-1,0.E0,-5.233595624290E-2));
#2648=AXIS2_PLACEMENT_3D('',#2645,#2646,#2647);
#2650=CARTESIAN_POINT('',(5.479678682781E0,-3.5E0,-1.95E0));
#2651=DIRECTION('',(0.E0,-1.E0,0.E0));
#2652=DIRECTION('',(-9.986295347546E-1,0.E0,-5.233595624290E-2));
#2653=AXIS2_PLACEMENT_3D('',#2650,#2651,#2652);
#2655=CARTESIAN_POINT('',(6.5E0,-3.5E0,-1.955233595624E0));
#2656=DIRECTION('',(0.E0,0.E0,-1.E0));
#2657=DIRECTION('',(0.E0,-1.E0,0.E0));
#2658=AXIS2_PLACEMENT_3D('',#2655,#2656,#2657);
#2660=CARTESIAN_POINT('',(5.479678682781E0,-3.5E0,-1.95E0));
#2661=DIRECTION('',(0.E0,-1.E0,0.E0));
#2662=DIRECTION('',(-6.883545756938E-1,0.E0,-7.253743710123E-1));
#2663=AXIS2_PLACEMENT_3D('',#2660,#2661,#2662);
#2665=CARTESIAN_POINT('',(6.5E0,-3.5E0,-2.022537437101E0));
#2666=DIRECTION('',(0.E0,0.E0,-1.E0));
#2667=DIRECTION('',(1.E0,0.E0,0.E0));
#2668=AXIS2_PLACEMENT_3D('',#2665,#2666,#2667);
#2670=CARTESIAN_POINT('',(7.520321317219E0,-3.5E0,-1.95E0));
#2671=DIRECTION('',(0.E0,1.E0,0.E0));
#2672=DIRECTION('',(6.883545756938E-1,0.E0,-7.253743710123E-1));
#2673=AXIS2_PLACEMENT_3D('',#2670,#2671,#2672);
#2675=CARTESIAN_POINT('',(6.5E0,-3.5E0,-2.05E0));
#2676=DIRECTION('',(0.E0,0.E0,-1.E0));
#2677=DIRECTION('',(-1.E0,0.E0,0.E0));
#2678=AXIS2_PLACEMENT_3D('',#2675,#2676,#2677);
#2680=CARTESIAN_POINT('',(6.5E0,-3.5E0,-2.05E0));
#2681=DIRECTION('',(0.E0,0.E0,-1.E0));
#2682=DIRECTION('',(1.E0,0.E0,0.E0));
#2683=AXIS2_PLACEMENT_3D('',#2680,#2681,#2682);
#2685=CARTESIAN_POINT('',(6.5E0,-3.5E0,-2.022537437101E0));
#2686=DIRECTION('',(0.E0,0.E0,-1.E0));
#2687=DIRECTION('',(-1.E0,0.E0,0.E0));
#2688=AXIS2_PLACEMENT_3D('',#2685,#2686,#2687);
#2690=CARTESIAN_POINT('',(6.5E0,-3.5E0,-1.75E0));
#2691=DIRECTION('',(0.E0,0.E0,1.E0));
#2692=DIRECTION('',(9.934136230146E-1,-1.145834787785E-1,0.E0));
#2693=AXIS2_PLACEMENT_3D('',#2690,#2691,#2692);
#2695=DIRECTION('',(0.E0,-5.233595624294E-2,9.986295347546E-1));
#2696=VECTOR('',#2695,2.055152471279E-1);
#2697=CARTESIAN_POINT('',(6.5E0,2.379815729305E0,-1.955233595624E0));
#2698=LINE('',#2697,#2696);
#2699=DIRECTION('',(-2.069692158547E-7,5.213320666856E-2,9.986401397713E-1));
#2700=VECTOR('',#2699,2.055130646674E-1);
#2701=CARTESIAN_POINT('',(6.5E0,4.620184270695E0,-1.955233595624E0));
#2702=LINE('',#2701,#2700);
#2703=CARTESIAN_POINT('',(6.5E0,3.5E0,-1.955233595624E0));
#2704=DIRECTION('',(0.E0,0.E0,-1.E0));
#2705=DIRECTION('',(-1.E0,0.E0,0.E0));
#2706=AXIS2_PLACEMENT_3D('',#2703,#2704,#2705);
#2708=CARTESIAN_POINT('',(6.5E0,3.5E0,-1.955233595624E0));
#2709=DIRECTION('',(0.E0,0.E0,-1.E0));
#2710=DIRECTION('',(0.E0,1.E0,0.E0));
#2711=AXIS2_PLACEMENT_3D('',#2708,#2709,#2710);
#2713=CARTESIAN_POINT('',(6.5E0,3.5E0,-1.955233595624E0));
#2714=DIRECTION('',(0.E0,0.E0,-1.E0));
#2715=DIRECTION('',(1.E0,0.E0,0.E0));
#2716=AXIS2_PLACEMENT_3D('',#2713,#2714,#2715);
#2718=CARTESIAN_POINT('',(7.520321317219E0,3.5E0,-1.95E0));
#2719=DIRECTION('',(0.E0,1.E0,0.E0));
#2720=DIRECTION('',(9.986295347546E-1,0.E0,-5.233595624290E-2));
#2721=AXIS2_PLACEMENT_3D('',#2718,#2719,#2720);
#2723=CARTESIAN_POINT('',(5.479678682781E0,3.5E0,-1.95E0));
#2724=DIRECTION('',(0.E0,-1.E0,0.E0));
#2725=DIRECTION('',(-9.986295347546E-1,0.E0,-5.233595624290E-2));
#2726=AXIS2_PLACEMENT_3D('',#2723,#2724,#2725);
#2728=CARTESIAN_POINT('',(6.5E0,3.5E0,-1.955233595624E0));
#2729=DIRECTION('',(0.E0,0.E0,-1.E0));
#2730=DIRECTION('',(0.E0,-1.E0,0.E0));
#2731=AXIS2_PLACEMENT_3D('',#2728,#2729,#2730);
#2733=CARTESIAN_POINT('',(5.479678682781E0,3.5E0,-1.95E0));
#2734=DIRECTION('',(0.E0,-1.E0,0.E0));
#2735=DIRECTION('',(-6.883545756938E-1,0.E0,-7.253743710123E-1));
#2736=AXIS2_PLACEMENT_3D('',#2733,#2734,#2735);
#2738=CARTESIAN_POINT('',(6.5E0,3.5E0,-2.022537437101E0));
#2739=DIRECTION('',(0.E0,0.E0,-1.E0));
#2740=DIRECTION('',(1.E0,0.E0,0.E0));
#2741=AXIS2_PLACEMENT_3D('',#2738,#2739,#2740);
#2743=CARTESIAN_POINT('',(7.520321317219E0,3.5E0,-1.95E0));
#2744=DIRECTION('',(0.E0,1.E0,0.E0));
#2745=DIRECTION('',(6.883545756938E-1,0.E0,-7.253743710123E-1));
#2746=AXIS2_PLACEMENT_3D('',#2743,#2744,#2745);
#2748=CARTESIAN_POINT('',(6.5E0,3.5E0,-2.05E0));
#2749=DIRECTION('',(0.E0,0.E0,-1.E0));
#2750=DIRECTION('',(-1.E0,0.E0,0.E0));
#2751=AXIS2_PLACEMENT_3D('',#2748,#2749,#2750);
#2753=CARTESIAN_POINT('',(6.5E0,3.5E0,-2.05E0));
#2754=DIRECTION('',(0.E0,0.E0,-1.E0));
#2755=DIRECTION('',(1.E0,0.E0,0.E0));
#2756=AXIS2_PLACEMENT_3D('',#2753,#2754,#2755);
#2758=CARTESIAN_POINT('',(6.5E0,3.5E0,-2.022537437101E0));
#2759=DIRECTION('',(0.E0,0.E0,-1.E0));
#2760=DIRECTION('',(-1.E0,0.E0,0.E0));
#2761=AXIS2_PLACEMENT_3D('',#2758,#2759,#2760);
#2763=CARTESIAN_POINT('',(6.5E0,3.5E0,-1.75E0));
#2764=DIRECTION('',(0.E0,0.E0,1.E0));
#2765=DIRECTION('',(9.934136230146E-1,-1.145834787785E-1,0.E0));
#2766=AXIS2_PLACEMENT_3D('',#2763,#2764,#2765);
#2768=CARTESIAN_POINT('',(-2.423825333787E0,5.500438734925E0,-3.75E0));
#2769=CARTESIAN_POINT('',(-2.403605353475E0,5.512998953400E0,
-3.749999669098E0));
#2770=CARTESIAN_POINT('',(-2.364807115517E0,5.537109368075E0,
-3.748423570700E0));
#2771=CARTESIAN_POINT('',(-2.311967320156E0,5.569937932415E0,
-3.742427861259E0));
#2772=CARTESIAN_POINT('',(-2.263872693543E0,5.599820701480E0,
-3.733596442829E0));
#2773=CARTESIAN_POINT('',(-2.220111201989E0,5.627010369382E0,
-3.722492280303E0));
#2774=CARTESIAN_POINT('',(-2.180272170999E0,5.651763224104E0,
-3.709517902198E0));
#2775=CARTESIAN_POINT('',(-2.144083388799E0,5.674247995796E0,
-3.694989329848E0));
#2776=CARTESIAN_POINT('',(-2.111349661301E0,5.694586098488E0,
-3.679172112973E0));
#2777=CARTESIAN_POINT('',(-2.081974271654E0,5.712837590032E0,
-3.662331610759E0));
#2778=CARTESIAN_POINT('',(-2.055861083906E0,5.729062174921E0,
-3.644719489757E0));
#2779=CARTESIAN_POINT('',(-2.032828066866E0,5.743373059718E0,
-3.626512209907E0));
#2780=CARTESIAN_POINT('',(-2.012625854008E0,5.755924844426E0,
-3.607773097873E0));
#2781=CARTESIAN_POINT('',(-1.995069718549E0,5.766833353469E0,
-3.588546460323E0));
#2782=CARTESIAN_POINT('',(-1.979802519102E0,5.776317492101E0,
-3.568566175511E0));
#2783=CARTESIAN_POINT('',(-1.966571565016E0,5.784542272158E0,
-3.547287693826E0));
#2784=CARTESIAN_POINT('',(-1.955476226515E0,5.791427534702E0,
-3.524375336020E0));
#2785=CARTESIAN_POINT('',(-1.946515479154E0,5.797015682777E0,
-3.498207947903E0));
#2786=CARTESIAN_POINT('',(-1.942592201599E0,5.799431635907E0,
-3.477084606218E0));
#2787=CARTESIAN_POINT('',(-1.941644967389E0,5.800027460576E0,
-3.465703358543E0));
#2789=CARTESIAN_POINT('',(-1.871031145300E0,5.629550713447E0,
-3.465706445504E0));
#2790=CARTESIAN_POINT('',(-1.872130061967E0,5.629295361057E0,
-3.477086852305E0));
#2791=CARTESIAN_POINT('',(-1.876591685065E0,5.628249562519E0,
-3.498210536232E0));
#2792=CARTESIAN_POINT('',(-1.886897403183E0,5.625845911359E0,
-3.524373675205E0));
#2793=CARTESIAN_POINT('',(-1.899604943001E0,5.622876313469E0,
-3.547288395704E0));
#2794=CARTESIAN_POINT('',(-1.914779089600E0,5.619333041213E0,
-3.568565334973E0));
#2795=CARTESIAN_POINT('',(-1.932279858671E0,5.615245214971E0,
-3.588546351787E0));
#2796=CARTESIAN_POINT('',(-1.952407629699E0,5.610544265147E0,
-3.607772793920E0));
#2797=CARTESIAN_POINT('',(-1.975568055495E0,5.605134826633E0,
-3.626512053943E0));
#2798=CARTESIAN_POINT('',(-2.001974171226E0,5.598967373693E0,
-3.644719361546E0));
#2799=CARTESIAN_POINT('',(-2.031911469390E0,5.591975145199E0,
-3.662331533525E0));
#2800=CARTESIAN_POINT('',(-2.065588751577E0,5.584109399833E0,
-3.679172064434E0));
#2801=CARTESIAN_POINT('',(-2.103116197973E0,5.575344403119E0,
-3.694989303924E0));
#2802=CARTESIAN_POINT('',(-2.144604665404E0,5.565654226794E0,
-3.709517889695E0));
#2803=CARTESIAN_POINT('',(-2.190278026435E0,5.554986702794E0,
-3.722492274951E0));
#2804=CARTESIAN_POINT('',(-2.240448073673E0,5.543268663575E0,
-3.733596441407E0));
#2805=CARTESIAN_POINT('',(-2.295586419500E0,5.530390938784E0,
-3.742427860882E0));
#2806=CARTESIAN_POINT('',(-2.356163098159E0,5.516240864381E0,
-3.748423570788E0));
#2807=CARTESIAN_POINT('',(-2.400646232927E0,5.505855004464E0,
-3.749999669098E0));
#2808=CARTESIAN_POINT('',(-2.423825333787E0,5.500438734925E0,-3.75E0));
#2810=DIRECTION('',(-7.071066425535E-1,7.071069197652E-1,8.767750298447E-6));
#2811=VECTOR('',#2810,6.127801280758E-1);
#2812=CARTESIAN_POINT('',(-1.869997808215E0,-5.630002361601E0,
-3.450000035567E0));
#2813=LINE('',#2812,#2811);
#2814=DIRECTION('',(5.226451455715E-2,-5.226446999090E-2,9.972646818647E-1));
#2815=VECTOR('',#2814,3.810422754029E0);
#2816=CARTESIAN_POINT('',(-1.869997808215E0,-5.630002361601E0,
-3.450000035567E0));
#2817=LINE('',#2816,#2815);
#2818=DIRECTION('',(-7.071066435841E-1,-7.071069187135E-1,-1.032827094057E-5));
#2819=VECTOR('',#2818,6.127793591812E-1);
#2820=CARTESIAN_POINT('',(2.303298158596E0,-5.196701841329E0,
-3.449993658256E0));
#2821=LINE('',#2820,#2819);
#2822=DIRECTION('',(-5.226360353860E-2,-5.226360355829E-2,9.972647750163E-1));
#2823=VECTOR('',#2822,3.810416003307E0);
#2824=CARTESIAN_POINT('',(2.303298158596E0,-5.196701841329E0,
-3.449993658256E0));
#2825=LINE('',#2824,#2823);
#2826=DIRECTION('',(0.E0,0.E0,1.E0));
#2827=VECTOR('',#2826,4.E-1);
#2828=CARTESIAN_POINT('',(-1.775E1,0.E0,0.E0));
#2829=LINE('',#2828,#2827);
#2830=DIRECTION('',(0.E0,0.E0,1.E0));
#2831=VECTOR('',#2830,4.E-1);
#2832=CARTESIAN_POINT('',(-1.225E1,0.E0,0.E0));
#2833=LINE('',#2832,#2831);
#2834=DIRECTION('',(0.E0,0.E0,1.E0));
#2835=VECTOR('',#2834,4.E-1);
#2836=CARTESIAN_POINT('',(1.225E1,0.E0,0.E0));
#2837=LINE('',#2836,#2835);
#2838=DIRECTION('',(0.E0,0.E0,1.E0));
#2839=VECTOR('',#2838,4.E-1);
#2840=CARTESIAN_POINT('',(1.775E1,0.E0,0.E0));
#2841=LINE('',#2840,#2839);
#2842=CARTESIAN_POINT('',(2.033715690287E0,-5.225E0,3.5E-1));
#2843=CARTESIAN_POINT('',(-2.033715690287E0,-5.225E0,3.5E-1));
#2844=VERTEX_POINT('',#2842);
#2845=VERTEX_POINT('',#2843);
#2846=CARTESIAN_POINT('',(2.033715690287E0,5.225E0,3.5E-1));
#2847=CARTESIAN_POINT('',(-2.033715690287E0,5.225E0,3.5E-1));
#2848=VERTEX_POINT('',#2846);
#2849=VERTEX_POINT('',#2847);
#2850=CARTESIAN_POINT('',(7.623491309779E0,-3.370412948172E0,-1.75E0));
#2851=CARTESIAN_POINT('',(7.623491309779E0,3.370412948172E0,-1.75E0));
#2852=VERTEX_POINT('',#2850);
#2853=VERTEX_POINT('',#2851);
#2854=VERTEX_POINT('',#2453);
#2855=VERTEX_POINT('',#2456);
#2856=CARTESIAN_POINT('',(5.E0,5.596965757481E0,-1.75E0));
#2857=VERTEX_POINT('',#2856);
#2858=VERTEX_POINT('',#2409);
#2859=VERTEX_POINT('',#1189);
#2860=VERTEX_POINT('',#1192);
#2861=CARTESIAN_POINT('',(-5.E0,-5.596965757481E0,-1.75E0));
#2862=VERTEX_POINT('',#2861);
#2863=VERTEX_POINT('',#849);
#2864=CARTESIAN_POINT('',(-7.623491309779E0,3.370412948172E0,-1.75E0));
#2865=CARTESIAN_POINT('',(-7.623491309779E0,-3.370412948172E0,-1.75E0));
#2866=VERTEX_POINT('',#2864);
#2867=VERTEX_POINT('',#2865);
#2868=CARTESIAN_POINT('',(-7.623491309779E0,3.629587051828E0,-1.75E0));
#2869=VERTEX_POINT('',#2868);
#2870=CARTESIAN_POINT('',(-7.623491309779E0,-3.629587051828E0,-1.75E0));
#2871=VERTEX_POINT('',#2870);
#2872=CARTESIAN_POINT('',(7.623491309779E0,-3.629587051828E0,-1.75E0));
#2873=VERTEX_POINT('',#2872);
#2874=CARTESIAN_POINT('',(7.623491309779E0,3.629587051828E0,-1.75E0));
#2875=VERTEX_POINT('',#2874);
#2876=VERTEX_POINT('',#2451);
#2877=VERTEX_POINT('',#829);
#2878=VERTEX_POINT('',#1499);
#2879=VERTEX_POINT('',#2414);
#2880=CARTESIAN_POINT('',(5.405E0,6.E0,0.E0));
#2881=CARTESIAN_POINT('',(5.404797291224E0,5.981657277251E0,0.E0));
#2882=VERTEX_POINT('',#2880);
#2883=VERTEX_POINT('',#2881);
#2884=CARTESIAN_POINT('',(1.5E1,6.E0,0.E0));
#2885=VERTEX_POINT('',#2884);
#2886=CARTESIAN_POINT('',(2.08E1,1.536229149577E0,0.E0));
#2887=VERTEX_POINT('',#2886);
#2888=CARTESIAN_POINT('',(2.08E1,-1.536229149575E0,0.E0));
#2889=VERTEX_POINT('',#2888);
#2890=CARTESIAN_POINT('',(1.5E1,-6.E0,0.E0));
#2891=VERTEX_POINT('',#2890);
#2892=CARTESIAN_POINT('',(5.405E0,-6.E0,0.E0));
#2893=VERTEX_POINT('',#2892);
#2894=CARTESIAN_POINT('',(5.404797291224E0,-5.981657277251E0,0.E0));
#2895=VERTEX_POINT('',#2894);
#2896=VERTEX_POINT('',#184);
#2897=VERTEX_POINT('',#187);
#2898=CARTESIAN_POINT('',(-5.E0,5.513131752975E0,2.2E0));
#2899=VERTEX_POINT('',#2898);
#2900=VERTEX_POINT('',#2200);
#2901=CARTESIAN_POINT('',(5.E0,5.513131752975E0,2.2E0));
#2902=CARTESIAN_POINT('',(5.E0,-5.513131752975E0,2.2E0));
#2903=VERTEX_POINT('',#2901);
#2904=VERTEX_POINT('',#2902);
#2905=VERTEX_POINT('',#455);
#2906=VERTEX_POINT('',#1944);
#2907=VERTEX_POINT('',#2260);
#2908=VERTEX_POINT('',#1939);
#2909=VERTEX_POINT('',#2298);
#2910=VERTEX_POINT('',#460);
#2911=CARTESIAN_POINT('',(-5.405E0,6.E0,4.E-1));
#2912=CARTESIAN_POINT('',(-1.499999999999E1,6.E0,4.E-1));
#2913=VERTEX_POINT('',#2911);
#2914=VERTEX_POINT('',#2912);
#2915=CARTESIAN_POINT('',(-2.08E1,1.536229149575E0,4.E-1));
#2916=VERTEX_POINT('',#2915);
#2917=CARTESIAN_POINT('',(-2.08E1,-1.536229149583E0,4.E-1));
#2918=VERTEX_POINT('',#2917);
#2919=CARTESIAN_POINT('',(-1.5E1,-6.E0,4.E-1));
#2920=VERTEX_POINT('',#2919);
#2921=CARTESIAN_POINT('',(-5.405E0,-6.E0,4.E-1));
#2922=VERTEX_POINT('',#2921);
#2923=CARTESIAN_POINT('',(-5.404797291224E0,5.981657277251E0,0.E0));
#2924=CARTESIAN_POINT('',(-5.405E0,6.E0,0.E0));
#2925=VERTEX_POINT('',#2923);
#2926=VERTEX_POINT('',#2924);
#2927=CARTESIAN_POINT('',(1.5E1,6.E0,4.E-1));
#2928=CARTESIAN_POINT('',(5.405E0,6.E0,4.E-1));
#2929=VERTEX_POINT('',#2927);
#2930=VERTEX_POINT('',#2928);
#2931=CARTESIAN_POINT('',(2.08E1,1.536229149577E0,4.E-1));
#2932=VERTEX_POINT('',#2931);
#2933=CARTESIAN_POINT('',(2.08E1,-1.536229149575E0,4.E-1));
#2934=VERTEX_POINT('',#2933);
#2935=CARTESIAN_POINT('',(1.5E1,-6.E0,4.E-1));
#2936=VERTEX_POINT('',#2935);
#2937=CARTESIAN_POINT('',(5.405E0,-6.E0,4.E-1));
#2938=VERTEX_POINT('',#2937);
#2939=CARTESIAN_POINT('',(-5.405E0,-6.E0,0.E0));
#2940=CARTESIAN_POINT('',(-5.404797291224E0,-5.981657277251E0,0.E0));
#2941=VERTEX_POINT('',#2939);
#2942=VERTEX_POINT('',#2940);
#2943=CARTESIAN_POINT('',(-1.5E1,-6.E0,0.E0));
#2944=VERTEX_POINT('',#2943);
#2945=CARTESIAN_POINT('',(-2.08E1,-1.536229149577E0,0.E0));
#2946=VERTEX_POINT('',#2945);
#2947=CARTESIAN_POINT('',(-2.08E1,1.536229149575E0,0.E0));
#2948=VERTEX_POINT('',#2947);
#2949=CARTESIAN_POINT('',(-1.5E1,6.E0,0.E0));
#2950=VERTEX_POINT('',#2949);
#2951=CARTESIAN_POINT('',(6.5E0,-2.379815729305E0,-1.955233595624E0));
#2952=CARTESIAN_POINT('',(6.499999957465E0,-2.369101674232E0,-1.75E0));
#2953=VERTEX_POINT('',#2951);
#2954=VERTEX_POINT('',#2952);
#2955=CARTESIAN_POINT('',(6.5E0,-4.620184270695E0,-1.955233595624E0));
#2956=CARTESIAN_POINT('',(6.5E0,-4.630940107676E0,-1.75E0));
#2957=VERTEX_POINT('',#2955);
#2958=VERTEX_POINT('',#2956);
#2959=CARTESIAN_POINT('',(-6.5E0,-2.379815729305E0,-1.955233595624E0));
#2960=CARTESIAN_POINT('',(-6.499999961275E0,-2.369092425865E0,-1.75E0));
#2961=VERTEX_POINT('',#2959);
#2962=VERTEX_POINT('',#2960);
#2963=CARTESIAN_POINT('',(-6.5E0,-4.620184270695E0,-1.955233595624E0));
#2964=CARTESIAN_POINT('',(-6.5E0,-4.630940107676E0,-1.75E0));
#2965=VERTEX_POINT('',#2963);
#2966=VERTEX_POINT('',#2964);
#2967=CARTESIAN_POINT('',(-6.5E0,4.620184270695E0,-1.955233595624E0));
#2968=CARTESIAN_POINT('',(-6.499999961275E0,4.630907574135E0,-1.75E0));
#2969=VERTEX_POINT('',#2967);
#2970=VERTEX_POINT('',#2968);
#2971=CARTESIAN_POINT('',(-6.5E0,2.379815729305E0,-1.955233595624E0));
#2972=CARTESIAN_POINT('',(-6.5E0,2.369059892324E0,-1.75E0));
#2973=VERTEX_POINT('',#2971);
#2974=VERTEX_POINT('',#2972);
#2975=CARTESIAN_POINT('',(6.5E0,4.620184270695E0,-1.955233595624E0));
#2976=CARTESIAN_POINT('',(6.499999957465E0,4.630898325768E0,-1.75E0));
#2977=VERTEX_POINT('',#2975);
#2978=VERTEX_POINT('',#2976);
#2979=CARTESIAN_POINT('',(6.5E0,2.379815729305E0,-1.955233595624E0));
#2980=CARTESIAN_POINT('',(6.5E0,2.369059892324E0,-1.75E0));
#2981=VERTEX_POINT('',#2979);
#2982=VERTEX_POINT('',#2980);
#2983=CARTESIAN_POINT('',(-7.620184270695E0,-3.5E0,-1.955233595624E0));
#2984=CARTESIAN_POINT('',(-7.589156774789E0,-3.5E0,-2.022537437101E0));
#2985=VERTEX_POINT('',#2983);
#2986=VERTEX_POINT('',#2984);
#2987=CARTESIAN_POINT('',(-5.410843225211E0,-3.5E0,-2.022537437101E0));
#2988=VERTEX_POINT('',#2987);
#2989=CARTESIAN_POINT('',(-5.379815729305E0,-3.5E0,-1.955233595624E0));
#2990=VERTEX_POINT('',#2989);
#2991=CARTESIAN_POINT('',(-5.479678682781E0,-3.5E0,-2.05E0));
#2992=VERTEX_POINT('',#2991);
#2993=CARTESIAN_POINT('',(-7.520321317219E0,-3.5E0,-2.05E0));
#2994=VERTEX_POINT('',#2993);
#2995=CARTESIAN_POINT('',(-7.620184270695E0,3.5E0,-1.955233595624E0));
#2996=CARTESIAN_POINT('',(-7.589156774789E0,3.5E0,-2.022537437101E0));
#2997=VERTEX_POINT('',#2995);
#2998=VERTEX_POINT('',#2996);
#2999=CARTESIAN_POINT('',(-5.410843225211E0,3.5E0,-2.022537437101E0));
#3000=VERTEX_POINT('',#2999);
#3001=CARTESIAN_POINT('',(-5.379815729305E0,3.5E0,-1.955233595624E0));
#3002=VERTEX_POINT('',#3001);
#3003=CARTESIAN_POINT('',(-5.479678682781E0,3.5E0,-2.05E0));
#3004=VERTEX_POINT('',#3003);
#3005=CARTESIAN_POINT('',(-7.520321317219E0,3.5E0,-2.05E0));
#3006=VERTEX_POINT('',#3005);
#3007=CARTESIAN_POINT('',(5.379815729305E0,3.5E0,-1.955233595624E0));
#3008=CARTESIAN_POINT('',(5.410843225211E0,3.5E0,-2.022537437101E0));
#3009=VERTEX_POINT('',#3007);
#3010=VERTEX_POINT('',#3008);
#3011=CARTESIAN_POINT('',(7.589156774789E0,3.5E0,-2.022537437101E0));
#3012=VERTEX_POINT('',#3011);
#3013=CARTESIAN_POINT('',(7.620184270695E0,3.5E0,-1.955233595624E0));
#3014=VERTEX_POINT('',#3013);
#3015=CARTESIAN_POINT('',(7.520321317219E0,3.5E0,-2.05E0));
#3016=VERTEX_POINT('',#3015);
#3017=CARTESIAN_POINT('',(5.479678682781E0,3.5E0,-2.05E0));
#3018=VERTEX_POINT('',#3017);
#3019=CARTESIAN_POINT('',(5.379815729305E0,-3.5E0,-1.955233595624E0));
#3020=CARTESIAN_POINT('',(5.410843225211E0,-3.5E0,-2.022537437101E0));
#3021=VERTEX_POINT('',#3019);
#3022=VERTEX_POINT('',#3020);
#3023=CARTESIAN_POINT('',(7.589156774789E0,-3.5E0,-2.022537437101E0));
#3024=VERTEX_POINT('',#3023);
#3025=CARTESIAN_POINT('',(7.620184270695E0,-3.5E0,-1.955233595624E0));
#3026=VERTEX_POINT('',#3025);
#3027=CARTESIAN_POINT('',(7.520321317219E0,-3.5E0,-2.05E0));
#3028=VERTEX_POINT('',#3027);
#3029=CARTESIAN_POINT('',(5.479678682781E0,-3.5E0,-2.05E0));
#3030=VERTEX_POINT('',#3029);
#3031=VERTEX_POINT('',#697);
#3032=VERTEX_POINT('',#2342);
#3033=VERTEX_POINT('',#2050);
#3034=VERTEX_POINT('',#772);
#3035=CARTESIAN_POINT('',(-1.741284309713E0,-6.E0,3.5E-1));
#3036=VERTEX_POINT('',#3035);
#3037=CARTESIAN_POINT('',(-1.741284309713E0,6.E0,3.5E-1));
#3038=VERTEX_POINT('',#3037);
#3039=CARTESIAN_POINT('',(1.741284309713E0,6.E0,3.5E-1));
#3040=VERTEX_POINT('',#3039);
#3041=CARTESIAN_POINT('',(1.741284309713E0,-6.E0,3.5E-1));
#3042=VERTEX_POINT('',#3041);
#3043=CARTESIAN_POINT('',(3.926829268293E0,5.492150198915E0,-3.75E0));
#3044=CARTESIAN_POINT('',(3.926829268293E0,-5.492150198915E0,-3.75E0));
#3045=VERTEX_POINT('',#3043);
#3046=VERTEX_POINT('',#3044);
#3047=CARTESIAN_POINT('',(-3.926829268293E0,5.492150198915E0,-3.75E0));
#3048=CARTESIAN_POINT('',(-3.926829268293E0,-5.492150198915E0,-3.75E0));
#3049=VERTEX_POINT('',#3047);
#3050=VERTEX_POINT('',#3048);
#3051=CARTESIAN_POINT('',(3.928947368421E0,5.416177361301E0,4.05E0));
#3052=CARTESIAN_POINT('',(3.928947368421E0,-5.416177361301E0,4.05E0));
#3053=VERTEX_POINT('',#3051);
#3054=VERTEX_POINT('',#3052);
#3055=CARTESIAN_POINT('',(-3.928947368421E0,5.416177361301E0,4.05E0));
#3056=CARTESIAN_POINT('',(-3.928947368421E0,-5.416177361301E0,4.05E0));
#3057=VERTEX_POINT('',#3055);
#3058=VERTEX_POINT('',#3056);
#3059=VERTEX_POINT('',#1176);
#3060=VERTEX_POINT('',#1183);
#3061=CARTESIAN_POINT('',(-2.423825333787E0,5.500438734925E0,-3.75E0));
#3062=VERTEX_POINT('',#3061);
#3063=CARTESIAN_POINT('',(-1.941644967389E0,5.800027460576E0,
-3.465703358543E0));
#3064=VERTEX_POINT('',#3063);
#3065=CARTESIAN_POINT('',(-2.515433495788E0,5.408830523674E0,-3.75E0));
#3066=VERTEX_POINT('',#3065);
#3067=CARTESIAN_POINT('',(-2.303298171039E0,5.196701828886E0,
-3.449993680308E0));
#3068=CARTESIAN_POINT('',(-1.869997802667E0,5.630002365851E0,
-3.449999987207E0));
#3069=VERTEX_POINT('',#3067);
#3070=VERTEX_POINT('',#3068);
#3071=VERTEX_POINT('',#1554);
#3072=VERTEX_POINT('',#1160);
#3073=CARTESIAN_POINT('',(2.233687981668E0,5.025027821766E0,-3.465696466035E0));
#3074=VERTEX_POINT('',#3073);
#3075=CARTESIAN_POINT('',(2.233687900980E0,4.725438764329E0,-3.75E0));
#3076=VERTEX_POINT('',#3075);
#3077=VERTEX_POINT('',#1593);
#3078=VERTEX_POINT('',#1144);
#3079=CARTESIAN_POINT('',(1.869997808215E0,5.630002361601E0,-3.450000035567E0));
#3080=VERTEX_POINT('',#3079);
#3081=CARTESIAN_POINT('',(2.423825333787E0,5.500438734925E0,-3.75E0));
#3082=VERTEX_POINT('',#3081);
#3083=CARTESIAN_POINT('',(3.926699489416E0,5.500438734925E0,-3.75E0));
#3084=VERTEX_POINT('',#3083);
#3085=VERTEX_POINT('',#2402);
#3086=CARTESIAN_POINT('',(1.941639632802E0,5.800029297919E0,-3.465668299955E0));
#3087=VERTEX_POINT('',#3086);
#3088=VERTEX_POINT('',#711);
#3089=CARTESIAN_POINT('',(-1.940708146735E0,5.800576162978E0,
-3.455233493013E0));
#3090=VERTEX_POINT('',#3089);
#3091=VERTEX_POINT('',#2435);
#3092=VERTEX_POINT('',#2442);
#3093=CARTESIAN_POINT('',(2.423825333787E0,-5.500438734925E0,-3.75E0));
#3094=VERTEX_POINT('',#3093);
#3095=CARTESIAN_POINT('',(1.941644967389E0,-5.800027460576E0,
-3.465703358543E0));
#3096=VERTEX_POINT('',#3095);
#3097=CARTESIAN_POINT('',(2.515433443452E0,-5.408830562079E0,-3.75E0));
#3098=VERTEX_POINT('',#3097);
#3099=CARTESIAN_POINT('',(2.303298158596E0,-5.196701841329E0,
-3.449993658256E0));
#3100=CARTESIAN_POINT('',(1.869997802667E0,-5.630002365851E0,
-3.449999987207E0));
#3101=VERTEX_POINT('',#3099);
#3102=VERTEX_POINT('',#3100);
#3103=VERTEX_POINT('',#1053);
#3104=VERTEX_POINT('',#1107);
#3105=CARTESIAN_POINT('',(-2.233687981397E0,-5.025027822258E0,
-3.465696456633E0));
#3106=VERTEX_POINT('',#3105);
#3107=CARTESIAN_POINT('',(-2.233687833576E0,-4.725438774662E0,-3.75E0));
#3108=VERTEX_POINT('',#3107);
#3109=VERTEX_POINT('',#1015);
#3110=VERTEX_POINT('',#1091);
#3111=CARTESIAN_POINT('',(-1.869997808215E0,-5.630002361601E0,
-3.450000035567E0));
#3112=VERTEX_POINT('',#3111);
#3113=CARTESIAN_POINT('',(-2.423825333787E0,-5.500438734925E0,-3.75E0));
#3114=VERTEX_POINT('',#3113);
#3115=VERTEX_POINT('',#835);
#3116=VERTEX_POINT('',#842);
#3117=CARTESIAN_POINT('',(-1.941639632802E0,-5.800029297919E0,
-3.465668299955E0));
#3118=VERTEX_POINT('',#3117);
#3119=VERTEX_POINT('',#786);
#3120=CARTESIAN_POINT('',(1.940708146735E0,-5.800576162978E0,
-3.455233493013E0));
#3121=VERTEX_POINT('',#3120);
#3122=VERTEX_POINT('',#171);
#3123=VERTEX_POINT('',#178);
#3124=CARTESIAN_POINT('',(-2.408813189110E0,-5.424022235602E0,4.05E0));
#3125=VERTEX_POINT('',#3124);
#3126=CARTESIAN_POINT('',(-1.926632822712E0,-5.723610961253E0,
3.765703358543E0));
#3127=VERTEX_POINT('',#3126);
#3128=CARTESIAN_POINT('',(-2.475421351111E0,-5.357414024351E0,4.05E0));
#3129=VERTEX_POINT('',#3128);
#3130=CARTESIAN_POINT('',(-2.263289350474E0,-5.145282005604E0,
3.749994187520E0));
#3131=CARTESIAN_POINT('',(-1.854985657990E0,-5.553585866529E0,
3.749999987207E0));
#3132=VERTEX_POINT('',#3130);
#3133=VERTEX_POINT('',#3131);
#3134=VERTEX_POINT('',#37);
#3135=VERTEX_POINT('',#155);
#3136=CARTESIAN_POINT('',(2.193675836991E0,-4.973611322443E0,3.765696466035E0));
#3137=VERTEX_POINT('',#3136);
#3138=CARTESIAN_POINT('',(2.193675756303E0,-4.674022265006E0,4.05E0));
#3139=VERTEX_POINT('',#3138);
#3140=VERTEX_POINT('',#551);
#3141=VERTEX_POINT('',#139);
#3142=CARTESIAN_POINT('',(1.854985663538E0,-5.553585862278E0,3.750000035567E0));
#3143=VERTEX_POINT('',#3142);
#3144=CARTESIAN_POINT('',(2.408813189110E0,-5.424022235602E0,4.05E0));
#3145=VERTEX_POINT('',#3144);
#3146=VERTEX_POINT('',#441);
#3147=VERTEX_POINT('',#448);
#3148=CARTESIAN_POINT('',(1.926627488124E0,-5.723612798596E0,3.765668299955E0));
#3149=VERTEX_POINT('',#3148);
#3150=VERTEX_POINT('',#401);
#3151=CARTESIAN_POINT('',(-1.925696002058E0,-5.724159663655E0,
3.755233493013E0));
#3152=VERTEX_POINT('',#3151);
#3153=VERTEX_POINT('',#1923);
#3154=VERTEX_POINT('',#1930);
#3155=CARTESIAN_POINT('',(2.408813189110E0,5.424022235602E0,4.05E0));
#3156=VERTEX_POINT('',#3155);
#3157=CARTESIAN_POINT('',(1.926632822712E0,5.723610961253E0,3.765703358543E0));
#3158=VERTEX_POINT('',#3157);
#3159=CARTESIAN_POINT('',(2.475421351111E0,5.357414024351E0,4.05E0));
#3160=VERTEX_POINT('',#3159);
#3161=CARTESIAN_POINT('',(2.263286026362E0,5.145285329563E0,3.749993680308E0));
#3162=CARTESIAN_POINT('',(1.854985657990E0,5.553585866529E0,3.749999987207E0));
#3163=VERTEX_POINT('',#3161);
#3164=VERTEX_POINT('',#3162);
#3165=VERTEX_POINT('',#1718);
#3166=VERTEX_POINT('',#106);
#3167=CARTESIAN_POINT('',(-2.193675836991E0,4.973611322443E0,3.765696466035E0));
#3168=VERTEX_POINT('',#3167);
#3169=CARTESIAN_POINT('',(-2.193675756303E0,4.674022265006E0,4.05E0));
#3170=VERTEX_POINT('',#3169);
#3171=VERTEX_POINT('',#2083);
#3172=VERTEX_POINT('',#90);
#3173=CARTESIAN_POINT('',(-1.854985663538E0,5.553585862278E0,3.750000035567E0));
#3174=VERTEX_POINT('',#3173);
#3175=CARTESIAN_POINT('',(-2.408813189110E0,5.424022235602E0,4.05E0));
#3176=VERTEX_POINT('',#3175);
#3177=CARTESIAN_POINT('',(-3.928828990655E0,5.424022235602E0,4.05E0));
#3178=VERTEX_POINT('',#3177);
#3179=VERTEX_POINT('',#2193);
#3180=CARTESIAN_POINT('',(-1.926627488124E0,5.723612798596E0,3.765668299955E0));
#3181=VERTEX_POINT('',#3180);
#3182=VERTEX_POINT('',#282);
#3183=CARTESIAN_POINT('',(1.925696002058E0,5.724159663655E0,3.755233493013E0));
#3184=VERTEX_POINT('',#3183);
#3185=CARTESIAN_POINT('',(1.871012559221E0,5.629554969186E0,-3.465511959100E0));
#3186=VERTEX_POINT('',#3185);
#3187=CARTESIAN_POINT('',(-1.871032069431E0,5.629550520259E0,
-3.465716302594E0));
#3188=VERTEX_POINT('',#3187);
#3189=CARTESIAN_POINT('',(-1.871012559221E0,-5.629554969186E0,
-3.465511959100E0));
#3190=VERTEX_POINT('',#3189);
#3191=CARTESIAN_POINT('',(1.871032069431E0,-5.629550520259E0,
-3.465716302594E0));
#3192=VERTEX_POINT('',#3191);
#3193=CARTESIAN_POINT('',(1.856000414544E0,-5.553138469864E0,3.765511959100E0));
#3194=VERTEX_POINT('',#3193);
#3195=CARTESIAN_POINT('',(-1.856019924754E0,-5.553134020937E0,
3.765716302594E0));
#3196=VERTEX_POINT('',#3195);
#3197=CARTESIAN_POINT('',(-1.856000414544E0,5.553138469864E0,3.765511959100E0));
#3198=VERTEX_POINT('',#3197);
#3199=CARTESIAN_POINT('',(1.856019924754E0,5.553134020937E0,3.765716302594E0));
#3200=VERTEX_POINT('',#3199);
#3201=CARTESIAN_POINT('',(-2.085103054317E0,-5.323468301683E0,3.5E-1));
#3202=CARTESIAN_POINT('',(-1.676798879754E0,-5.731772476246E0,3.5E-1));
#3203=VERTEX_POINT('',#3201);
#3204=VERTEX_POINT('',#3202);
#3205=CARTESIAN_POINT('',(1.676798879754E0,-5.731772476246E0,3.5E-1));
#3206=CARTESIAN_POINT('',(2.085103054317E0,-5.323468301683E0,3.5E-1));
#3207=VERTEX_POINT('',#3205);
#3208=VERTEX_POINT('',#3206);
#3209=CARTESIAN_POINT('',(-5.398953882205E0,-5.9E0,4.E-1));
#3210=VERTEX_POINT('',#3209);
#3211=CARTESIAN_POINT('',(5.398953882205E0,-5.9E0,4.E-1));
#3212=VERTEX_POINT('',#3211);
#3213=VERTEX_POINT('',#216);
#3214=VERTEX_POINT('',#387);
#3215=VERTEX_POINT('',#527);
#3216=VERTEX_POINT('',#29);
#3217=VERTEX_POINT('',#6);
#3218=VERTEX_POINT('',#62);
#3219=CARTESIAN_POINT('',(-1.747235276749E0,-5.902620388964E0,3.5E-1));
#3220=VERTEX_POINT('',#3219);
#3221=CARTESIAN_POINT('',(1.747235276749E0,-5.902620388964E0,3.5E-1));
#3222=VERTEX_POINT('',#3221);
#3223=CARTESIAN_POINT('',(-1.670847912718E0,-5.829152087282E0,3.5E-1));
#3224=CARTESIAN_POINT('',(-2.104152087282E0,-5.395847912718E0,3.5E-1));
#3225=VERTEX_POINT('',#3223);
#3226=VERTEX_POINT('',#3224);
#3227=CARTESIAN_POINT('',(2.104152087282E0,-5.395847912718E0,3.5E-1));
#3228=CARTESIAN_POINT('',(1.670847912718E0,-5.829152087282E0,3.5E-1));
#3229=VERTEX_POINT('',#3227);
#3230=VERTEX_POINT('',#3228);
#3231=CARTESIAN_POINT('',(-2.014666657323E0,-5.152620388964E0,3.5E-1));
#3232=CARTESIAN_POINT('',(2.014666657323E0,-5.152620388964E0,3.5E-1));
#3233=VERTEX_POINT('',#3231);
#3234=VERTEX_POINT('',#3232);
#3235=CARTESIAN_POINT('',(-1.676798879754E0,5.731772476246E0,3.5E-1));
#3236=CARTESIAN_POINT('',(-2.085103054317E0,5.323468301683E0,3.5E-1));
#3237=VERTEX_POINT('',#3235);
#3238=VERTEX_POINT('',#3236);
#3239=CARTESIAN_POINT('',(2.085103054317E0,5.323468301683E0,3.5E-1));
#3240=CARTESIAN_POINT('',(1.676798879754E0,5.731772476246E0,3.5E-1));
#3241=VERTEX_POINT('',#3239);
#3242=VERTEX_POINT('',#3240);
#3243=CARTESIAN_POINT('',(-5.398953882205E0,5.9E0,4.E-1));
#3244=VERTEX_POINT('',#3243);
#3245=CARTESIAN_POINT('',(5.398953882205E0,5.9E0,4.E-1));
#3246=VERTEX_POINT('',#3245);
#3247=VERTEX_POINT('',#268);
#3248=VERTEX_POINT('',#1833);
#3249=VERTEX_POINT('',#2131);
#3250=VERTEX_POINT('',#1794);
#3251=VERTEX_POINT('',#2099);
#3252=VERTEX_POINT('',#1694);
#3253=CARTESIAN_POINT('',(1.747235276749E0,5.902620388964E0,3.5E-1));
#3254=VERTEX_POINT('',#3253);
#3255=CARTESIAN_POINT('',(-1.747235276749E0,5.902620388964E0,3.5E-1));
#3256=VERTEX_POINT('',#3255);
#3257=CARTESIAN_POINT('',(-1.670847912718E0,5.829152087282E0,3.5E-1));
#3258=CARTESIAN_POINT('',(-2.104152087282E0,5.395847912718E0,3.5E-1));
#3259=VERTEX_POINT('',#3257);
#3260=VERTEX_POINT('',#3258);
#3261=CARTESIAN_POINT('',(2.104152087282E0,5.395847912718E0,3.5E-1));
#3262=CARTESIAN_POINT('',(1.670847912718E0,5.829152087282E0,3.5E-1));
#3263=VERTEX_POINT('',#3261);
#3264=VERTEX_POINT('',#3262);
#3265=CARTESIAN_POINT('',(2.014666657323E0,5.152620388964E0,3.5E-1));
#3266=CARTESIAN_POINT('',(-2.014666657323E0,5.152620388964E0,3.5E-1));
#3267=VERTEX_POINT('',#3265);
#3268=VERTEX_POINT('',#3266);
#3269=CARTESIAN_POINT('',(-7.521004361103E0,5.820565487702E0,1.915700786873E0));
#3270=CARTESIAN_POINT('',(-7.600548185062E0,5.9E0,4.E-1));
#3271=VERTEX_POINT('',#3269);
#3272=VERTEX_POINT('',#3270);
#3273=CARTESIAN_POINT('',(-7.920455045261E0,5.421114050209E0,1.915722333785E0));
#3274=CARTESIAN_POINT('',(-8.E0,5.500549691733E0,4.E-1));
#3275=VERTEX_POINT('',#3273);
#3276=VERTEX_POINT('',#3274);
#3277=CARTESIAN_POINT('',(-7.521004361103E0,5.520976627672E0,2.2E0));
#3278=VERTEX_POINT('',#3277);
#3279=VERTEX_POINT('',#2224);
#3280=CARTESIAN_POINT('',(-7.923079040202E0,5.505391716424E0,
-1.465722333785E0));
#3281=CARTESIAN_POINT('',(-8.E0,5.582206968984E0,0.E0));
#3282=VERTEX_POINT('',#3280);
#3283=VERTEX_POINT('',#3281);
#3284=CARTESIAN_POINT('',(-7.523628356044E0,5.904843153918E0,
-1.465700786873E0));
#3285=CARTESIAN_POINT('',(-7.600548185062E0,5.981657277251E0,0.E0));
#3286=VERTEX_POINT('',#3284);
#3287=VERTEX_POINT('',#3285);
#3288=CARTESIAN_POINT('',(-7.623491310175E0,5.505391716424E0,-1.75E0));
#3289=VERTEX_POINT('',#3288);
#3290=VERTEX_POINT('',#1287);
#3291=CARTESIAN_POINT('',(7.523628356044E0,5.904843153918E0,-1.465700786873E0));
#3292=CARTESIAN_POINT('',(7.600548185062E0,5.981657277251E0,0.E0));
#3293=VERTEX_POINT('',#3291);
#3294=VERTEX_POINT('',#3292);
#3295=CARTESIAN_POINT('',(7.923079040202E0,5.505391716424E0,-1.465722333785E0));
#3296=CARTESIAN_POINT('',(8.E0,5.582206968984E0,0.E0));
#3297=VERTEX_POINT('',#3295);
#3298=VERTEX_POINT('',#3296);
#3299=CARTESIAN_POINT('',(7.523628356044E0,5.605254293887E0,-1.75E0));
#3300=VERTEX_POINT('',#3299);
#3301=VERTEX_POINT('',#2581);
#3302=CARTESIAN_POINT('',(7.920455045261E0,5.421114050209E0,1.915722333785E0));
#3303=CARTESIAN_POINT('',(8.E0,5.500549691733E0,4.E-1));
#3304=VERTEX_POINT('',#3302);
#3305=VERTEX_POINT('',#3303);
#3306=CARTESIAN_POINT('',(7.521004361103E0,5.820565487702E0,1.915700786873E0));
#3307=CARTESIAN_POINT('',(7.600548185062E0,5.9E0,4.E-1));
#3308=VERTEX_POINT('',#3306);
#3309=VERTEX_POINT('',#3307);
#3310=CARTESIAN_POINT('',(7.620867315233E0,5.421114050209E0,2.2E0));
#3311=VERTEX_POINT('',#3310);
#3312=VERTEX_POINT('',#1896);
#3313=CARTESIAN_POINT('',(7.923079040202E0,-5.505391716424E0,
-1.465722333785E0));
#3314=CARTESIAN_POINT('',(8.E0,-5.582206968984E0,0.E0));
#3315=VERTEX_POINT('',#3313);
#3316=VERTEX_POINT('',#3314);
#3317=CARTESIAN_POINT('',(7.523628356044E0,-5.904843153918E0,
-1.465700786873E0));
#3318=CARTESIAN_POINT('',(7.600548185062E0,-5.981657277251E0,0.E0));
#3319=VERTEX_POINT('',#3317);
#3320=VERTEX_POINT('',#3318);
#3321=CARTESIAN_POINT('',(7.623491310175E0,-5.505391716424E0,-1.75E0));
#3322=VERTEX_POINT('',#3321);
#3323=VERTEX_POINT('',#2590);
#3324=CARTESIAN_POINT('',(7.521004361103E0,-5.820565487702E0,1.915700786873E0));
#3325=CARTESIAN_POINT('',(7.600548185062E0,-5.9E0,4.E-1));
#3326=VERTEX_POINT('',#3324);
#3327=VERTEX_POINT('',#3325);
#3328=CARTESIAN_POINT('',(7.920455045261E0,-5.421114050209E0,1.915722333785E0));
#3329=CARTESIAN_POINT('',(8.E0,-5.500549691733E0,4.E-1));
#3330=VERTEX_POINT('',#3328);
#3331=VERTEX_POINT('',#3329);
#3332=CARTESIAN_POINT('',(7.521004361103E0,-5.520976627672E0,2.2E0));
#3333=VERTEX_POINT('',#3332);
#3334=VERTEX_POINT('',#1905);
#3335=CARTESIAN_POINT('',(-7.523628356044E0,-5.904843153918E0,
-1.465700786873E0));
#3336=CARTESIAN_POINT('',(-7.600548185062E0,-5.981657277251E0,0.E0));
#3337=VERTEX_POINT('',#3335);
#3338=VERTEX_POINT('',#3336);
#3339=CARTESIAN_POINT('',(-7.923079040202E0,-5.505391716424E0,
-1.465722333785E0));
#3340=CARTESIAN_POINT('',(-8.E0,-5.582206968984E0,0.E0));
#3341=VERTEX_POINT('',#3339);
#3342=VERTEX_POINT('',#3340);
#3343=CARTESIAN_POINT('',(-7.523628356044E0,-5.605254293887E0,-1.75E0));
#3344=VERTEX_POINT('',#3343);
#3345=VERTEX_POINT('',#1326);
#3346=CARTESIAN_POINT('',(-7.920455045261E0,-5.421114050209E0,
1.915722333785E0));
#3347=CARTESIAN_POINT('',(-8.E0,-5.500549691733E0,4.E-1));
#3348=VERTEX_POINT('',#3346);
#3349=VERTEX_POINT('',#3347);
#3350=CARTESIAN_POINT('',(-7.521004361103E0,-5.820565487702E0,
1.915700786873E0));
#3351=CARTESIAN_POINT('',(-7.600548185062E0,-5.9E0,4.E-1));
#3352=VERTEX_POINT('',#3350);
#3353=VERTEX_POINT('',#3351);
#3354=CARTESIAN_POINT('',(-7.620867315233E0,-5.421114050209E0,2.2E0));
#3355=VERTEX_POINT('',#3354);
#3356=VERTEX_POINT('',#2233);
#3357=CARTESIAN_POINT('',(-1.775E1,0.E0,0.E0));
#3358=CARTESIAN_POINT('',(-1.225E1,0.E0,0.E0));
#3359=VERTEX_POINT('',#3357);
#3360=VERTEX_POINT('',#3358);
#3361=CARTESIAN_POINT('',(1.225E1,0.E0,0.E0));
#3362=CARTESIAN_POINT('',(1.775E1,0.E0,0.E0));
#3363=VERTEX_POINT('',#3361);
#3364=VERTEX_POINT('',#3362);
#3365=CARTESIAN_POINT('',(-1.775E1,0.E0,4.E-1));
#3366=CARTESIAN_POINT('',(-1.225E1,0.E0,4.E-1));
#3367=VERTEX_POINT('',#3365);
#3368=VERTEX_POINT('',#3366);
#3369=CARTESIAN_POINT('',(1.225E1,0.E0,4.E-1));
#3370=CARTESIAN_POINT('',(1.775E1,0.E0,4.E-1));
#3371=VERTEX_POINT('',#3369);
#3372=VERTEX_POINT('',#3370);
#3373=CARTESIAN_POINT('',(-8.E0,-6.E0,3.5E-1));
#3374=DIRECTION('',(0.E0,0.E0,1.E0));
#3375=DIRECTION('',(1.E0,0.E0,0.E0));
#3376=AXIS2_PLACEMENT_3D('',#3373,#3374,#3375);
#3377=PLANE('',#3376);
#3379=ORIENTED_EDGE('',*,*,#3378,.F.);
#3381=ORIENTED_EDGE('',*,*,#3380,.T.);
#3383=ORIENTED_EDGE('',*,*,#3382,.F.);
#3385=ORIENTED_EDGE('',*,*,#3384,.T.);
#3387=ORIENTED_EDGE('',*,*,#3386,.T.);
#3389=ORIENTED_EDGE('',*,*,#3388,.T.);
#3390=EDGE_LOOP('',(#3379,#3381,#3383,#3385,#3387,#3389));
#3391=FACE_OUTER_BOUND('',#3390,.F.);
#3392=ADVANCED_FACE('',(#3391),#3377,.T.);
#3393=CARTESIAN_POINT('',(-8.E0,-6.E0,3.5E-1));
#3394=DIRECTION('',(0.E0,0.E0,1.E0));
#3395=DIRECTION('',(1.E0,0.E0,0.E0));
#3396=AXIS2_PLACEMENT_3D('',#3393,#3394,#3395);
#3397=PLANE('',#3396);
#3399=ORIENTED_EDGE('',*,*,#3398,.F.);
#3401=ORIENTED_EDGE('',*,*,#3400,.F.);
#3403=ORIENTED_EDGE('',*,*,#3402,.T.);
#3405=ORIENTED_EDGE('',*,*,#3404,.T.);
#3407=ORIENTED_EDGE('',*,*,#3406,.T.);
#3408=EDGE_LOOP('',(#3399,#3401,#3403,#3405,#3407));
#3409=FACE_OUTER_BOUND('',#3408,.F.);
#3410=ADVANCED_FACE('',(#3409),#3397,.T.);
#3411=CARTESIAN_POINT('',(-8.E0,-6.E0,3.5E-1));
#3412=DIRECTION('',(0.E0,0.E0,1.E0));
#3413=DIRECTION('',(1.E0,0.E0,0.E0));
#3414=AXIS2_PLACEMENT_3D('',#3411,#3412,#3413);
#3415=PLANE('',#3414);
#3417=ORIENTED_EDGE('',*,*,#3416,.T.);
#3419=ORIENTED_EDGE('',*,*,#3418,.F.);
#3421=ORIENTED_EDGE('',*,*,#3420,.F.);
#3423=ORIENTED_EDGE('',*,*,#3422,.F.);
#3425=ORIENTED_EDGE('',*,*,#3424,.F.);
#3426=EDGE_LOOP('',(#3417,#3419,#3421,#3423,#3425));
#3427=FACE_OUTER_BOUND('',#3426,.F.);
#3428=ADVANCED_FACE('',(#3427),#3415,.T.);
#3429=CARTESIAN_POINT('',(-2.017946131366E0,-5.249203868397E0,
4.178096881015E-1));
#3430=DIRECTION('',(-5.226442768871E-2,5.226442768871E-2,9.972646886342E-1));
#3431=DIRECTION('',(0.E0,9.986295347546E-1,-5.233595624294E-2));
#3432=AXIS2_PLACEMENT_3D('',#3429,#3430,#3431);
#3433=CYLINDRICAL_SURFACE('',#3432,1.E-1);
#3435=ORIENTED_EDGE('',*,*,#3434,.F.);
#3437=ORIENTED_EDGE('',*,*,#3436,.T.);
#3438=ORIENTED_EDGE('',*,*,#3378,.T.);
#3440=ORIENTED_EDGE('',*,*,#3439,.F.);
#3442=ORIENTED_EDGE('',*,*,#3441,.F.);
#3443=EDGE_LOOP('',(#3435,#3437,#3438,#3440,#3442));
#3444=FACE_OUTER_BOUND('',#3443,.F.);
#3445=ADVANCED_FACE('',(#3444),#3433,.F.);
#3446=CARTESIAN_POINT('',(-2.167315421738E0,-4.974668489830E0,
3.708593933664E0));
#3447=CARTESIAN_POINT('',(-2.175920936412E0,-4.972512478939E0,
3.710088755344E0));
#3448=CARTESIAN_POINT('',(-2.194798484505E0,-4.970481003191E0,
3.713281928604E0));
#3449=CARTESIAN_POINT('',(-2.223397031630E0,-4.975121168203E0,
3.717019790898E0));
#3450=CARTESIAN_POINT('',(-2.250205198706E0,-4.987917009282E0,
3.719232079851E0));
#3451=CARTESIAN_POINT('',(-2.272278421966E0,-5.007650761858E0,
3.719603855796E0));
#3452=CARTESIAN_POINT('',(-2.287937709696E0,-5.032845312576E0,
3.718093075401E0));
#3453=CARTESIAN_POINT('',(-2.296002200156E0,-5.061786268667E0,
3.714819444116E0));
#3454=CARTESIAN_POINT('',(-2.295581462310E0,-5.092634173414E0,
3.709998744766E0));
#3455=CARTESIAN_POINT('',(-2.286080352080E0,-5.122872992690E0,
3.704010275202E0));
#3456=CARTESIAN_POINT('',(-2.268731862347E0,-5.148215745730E0,
3.697738751846E0));
#3457=CARTESIAN_POINT('',(-2.253532789725E0,-5.160950009830E0,
3.693744585410E0));
#3458=CARTESIAN_POINT('',(-2.245946327504E0,-5.165707547455E0,
3.692113538315E0));
#3459=CARTESIAN_POINT('',(-2.175381557704E0,-5.005366281714E0,
3.935253047915E0));
#3460=CARTESIAN_POINT('',(-2.181065388224E0,-5.002730518140E0,
3.937499925488E0));
#3461=CARTESIAN_POINT('',(-2.194208318562E0,-4.998916006301E0,
3.941043680336E0));
#3462=CARTESIAN_POINT('',(-2.215833707057E0,-4.999560353065E0,
3.945097965693E0));
#3463=CARTESIAN_POINT('',(-2.236998002049E0,-5.007791586185E0,
3.947491429104E0));
#3464=CARTESIAN_POINT('',(-2.254220615806E0,-5.022808333696E0,
3.947890706822E0));
#3465=CARTESIAN_POINT('',(-2.265260550846E0,-5.042755986886E0,
3.946262053153E0));
#3466=CARTESIAN_POINT('',(-2.268915422908E0,-5.065138285872E0,
3.942711019517E0));
#3467=CARTESIAN_POINT('',(-2.264981865911E0,-5.087353618870E0,
3.937431798934E0));
#3468=CARTESIAN_POINT('',(-2.254231450169E0,-5.106699514605E0,
3.930780680222E0));
#3469=CARTESIAN_POINT('',(-2.239353960330E0,-5.120342063718E0,
3.923727258961E0));
#3470=CARTESIAN_POINT('',(-2.228427048505E0,-5.125803924533E0,
3.919124031025E0));
#3471=CARTESIAN_POINT('',(-2.223359209510E0,-5.127572823902E0,
3.916714683958E0));
#3472=CARTESIAN_POINT('',(-2.132690511546E0,-4.842896682346E0,
4.090920751450E0));
#3473=CARTESIAN_POINT('',(-2.151945123186E0,-4.835597329440E0,
4.092660248687E0));
#3474=CARTESIAN_POINT('',(-2.195710874614E0,-4.826045747334E0,
4.094401521984E0));
#3475=CARTESIAN_POINT('',(-2.265919235550E0,-4.831788896381E0,
4.096292096006E0));
#3476=CARTESIAN_POINT('',(-2.333865180051E0,-4.860591781113E0,
4.097401454107E0));
#3477=CARTESIAN_POINT('',(-2.389569415933E0,-4.909659449475E0,
4.097583252547E0));
#3478=CARTESIAN_POINT('',(-2.426761917739E0,-4.973720908042E0,
4.096834867369E0));
#3479=CARTESIAN_POINT('',(-2.441829673308E0,-5.045929768990E0,
4.095178659665E0));
#3480=CARTESIAN_POINT('',(-2.433568242045E0,-5.119119775361E0,
4.092661107895E0));
#3481=CARTESIAN_POINT('',(-2.403123613775E0,-5.185371397E0,4.089387400972E0));
#3482=CARTESIAN_POINT('',(-2.357261158032E0,-5.235097369095E0,
4.085820717893E0));
#3483=CARTESIAN_POINT('',(-2.321476557972E0,-5.256915725271E0,
4.083374534572E0));
#3484=CARTESIAN_POINT('',(-2.304424249092E0,-5.264436569590E0,
4.081543005506E0));
#3485=CARTESIAN_POINT('',(-2.075769021015E0,-4.626269741437E0,
4.042406741031E0));
#3486=CARTESIAN_POINT('',(-2.113475630141E0,-4.614113160024E0,
4.042813539630E0));
#3487=CARTESIAN_POINT('',(-2.198020555895E0,-4.599779148243E0,
4.042141483218E0));
#3488=CARTESIAN_POINT('',(-2.330800112006E0,-4.615353151590E0,
4.041239497048E0));
#3489=CARTESIAN_POINT('',(-2.457926542930E0,-4.672262708106E0,
4.040698158956E0));
#3490=CARTESIAN_POINT('',(-2.562519505493E0,-4.765015033093E0,
4.040603573756E0));
#3491=CARTESIAN_POINT('',(-2.634260186691E0,-4.884806940117E0,
4.040980435368E0));
#3492=CARTESIAN_POINT('',(-2.666798390046E0,-5.020595650447E0,
4.041770056443E0));
#3493=CARTESIAN_POINT('',(-2.657096986873E0,-5.160753312046E0,
4.042871461668E0));
#3494=CARTESIAN_POINT('',(-2.605363735849E0,-5.291576463782E0,
4.044125491900E0));
#3495=CARTESIAN_POINT('',(-2.521571287481E0,-5.394296273535E0,
4.045330907142E0));
#3496=CARTESIAN_POINT('',(-2.453067550462E0,-5.442105299523E0,
4.045962293098E0));
#3497=CARTESIAN_POINT('',(-2.419781669246E0,-5.459197270355E0,
4.045570315154E0));
#3498=(BOUNDED_SURFACE()B_SPLINE_SURFACE(3,3,((#3446,#3447,#3448,#3449,#3450,
#3451,#3452,#3453,#3454,#3455,#3456,#3457,#3458),(#3459,#3460,#3461,#3462,#3463,
#3464,#3465,#3466,#3467,#3468,#3469,#3470,#3471),(#3472,#3473,#3474,#3475,#3476,
#3477,#3478,#3479,#3480,#3481,#3482,#3483,#3484),(#3485,#3486,#3487,#3488,#3489,
#3490,#3491,#3492,#3493,#3494,#3495,#3496,#3497)),.UNSPECIFIED.,.F.,.F.,.F.)B_SPLINE_SURFACE_WITH_KNOTS((4,4),(4,1,1,1,1,1,1,1,1,1,4),(0.E0,1.E0),(
-1.100937298321E-1,0.E0,1.235503296320E-1,2.468711018614E-1,3.701826786523E-1,
4.938126084564E-1,6.171795455281E-1,7.425513051633E-1,8.716716539919E-1,1.E0,
1.107723825815E0),.UNSPECIFIED.)GEOMETRIC_REPRESENTATION_ITEM()RATIONAL_B_SPLINE_SURFACE(((1.272105426615E0,1.272105426615E0,1.272105426615E0,1.272105426615E0,
1.272105426615E0,1.272105426615E0,1.272105426615E0,1.272105426615E0,
1.272105426615E0,1.272105426615E0,1.272105426615E0,1.272105426615E0,
1.272105426615E0),(9.092981911284E-1,9.092981911284E-1,9.092981911284E-1,
9.092981911284E-1,9.092981911284E-1,9.092981911284E-1,9.092981911284E-1,
9.092981911284E-1,9.092981911284E-1,9.092981911284E-1,9.092981911284E-1,
9.092981911284E-1,9.092981911284E-1),(9.092981911284E-1,9.092981911284E-1,
9.092981911284E-1,9.092981911284E-1,9.092981911284E-1,9.092981911284E-1,
9.092981911284E-1,9.092981911284E-1,9.092981911284E-1,9.092981911284E-1,
9.092981911284E-1,9.092981911284E-1,9.092981911284E-1),(1.272105426615E0,
1.272105426615E0,1.272105426615E0,1.272105426615E0,1.272105426615E0,
1.272105426615E0,1.272105426615E0,1.272105426615E0,1.272105426615E0,
1.272105426615E0,1.272105426615E0,1.272105426615E0,1.272105426615E0)))REPRESENTATION_ITEM('')SURFACE());
#3499=ORIENTED_EDGE('',*,*,#3434,.T.);
#3501=ORIENTED_EDGE('',*,*,#3500,.T.);
#3503=ORIENTED_EDGE('',*,*,#3502,.F.);
#3505=ORIENTED_EDGE('',*,*,#3504,.F.);
#3506=EDGE_LOOP('',(#3499,#3501,#3503,#3505));
#3507=FACE_OUTER_BOUND('',#3506,.F.);
#3508=ADVANCED_FACE('',(#3507),#3498,.T.);
#3509=CARTESIAN_POINT('',(-2.537194313770E0,-5.295641110942E0,3.75E0));
#3510=DIRECTION('',(7.071067811865E-1,-7.071067811865E-1,0.E0));
#3511=DIRECTION('',(7.071067811865E-1,7.071067811865E-1,0.E0));
#3512=AXIS2_PLACEMENT_3D('',#3509,#3510,#3511);
#3513=CYLINDRICAL_SURFACE('',#3512,3.E-1);
#3515=ORIENTED_EDGE('',*,*,#3514,.F.);
#3516=ORIENTED_EDGE('',*,*,#3500,.F.);
#3518=ORIENTED_EDGE('',*,*,#3517,.T.);
#3520=ORIENTED_EDGE('',*,*,#3519,.T.);
#3522=ORIENTED_EDGE('',*,*,#3521,.T.);
#3523=EDGE_LOOP('',(#3515,#3516,#3518,#3520,#3522));
#3524=FACE_OUTER_BOUND('',#3523,.F.);
#3525=ADVANCED_FACE('',(#3524),#3513,.T.);
#3526=CARTESIAN_POINT('',(-3.9E0,-5.9E0,4.05E0));
#3527=DIRECTION('',(0.E0,0.E0,1.E0));
#3528=DIRECTION('',(-1.E0,0.E0,0.E0));
#3529=AXIS2_PLACEMENT_3D('',#3526,#3527,#3528);
#3530=PLANE('',#3529);
#3532=ORIENTED_EDGE('',*,*,#3531,.T.);
#3534=ORIENTED_EDGE('',*,*,#3533,.F.);
#3536=ORIENTED_EDGE('',*,*,#3535,.F.);
#3538=ORIENTED_EDGE('',*,*,#3537,.F.);
#3540=ORIENTED_EDGE('',*,*,#3539,.F.);
#3542=ORIENTED_EDGE('',*,*,#3541,.T.);
#3544=ORIENTED_EDGE('',*,*,#3543,.T.);
#3546=ORIENTED_EDGE('',*,*,#3545,.T.);
#3548=ORIENTED_EDGE('',*,*,#3547,.T.);
#3550=ORIENTED_EDGE('',*,*,#3549,.T.);
#3552=ORIENTED_EDGE('',*,*,#3551,.T.);
#3554=ORIENTED_EDGE('',*,*,#3553,.T.);
#3556=ORIENTED_EDGE('',*,*,#3555,.T.);
#3558=ORIENTED_EDGE('',*,*,#3557,.F.);
#3560=ORIENTED_EDGE('',*,*,#3559,.F.);
#3562=ORIENTED_EDGE('',*,*,#3561,.T.);
#3564=ORIENTED_EDGE('',*,*,#3563,.T.);
#3566=ORIENTED_EDGE('',*,*,#3565,.T.);
#3567=ORIENTED_EDGE('',*,*,#3502,.T.);
#3568=ORIENTED_EDGE('',*,*,#3514,.T.);
#3569=EDGE_LOOP('',(#3532,#3534,#3536,#3538,#3540,#3542,#3544,#3546,#3548,#3550,
#3552,#3554,#3556,#3558,#3560,#3562,#3564,#3566,#3567,#3568));
#3570=FACE_OUTER_BOUND('',#3569,.F.);
#3571=ADVANCED_FACE('',(#3570),#3530,.T.);
#3572=CARTESIAN_POINT('',(6.055327098628E1,-5.424022235602E0,3.75E0));
#3573=DIRECTION('',(-1.E0,0.E0,0.E0));
#3574=DIRECTION('',(0.E0,-9.986295347546E-1,5.233595624294E-2));
#3575=AXIS2_PLACEMENT_3D('',#3572,#3573,#3574);
#3576=CYLINDRICAL_SURFACE('',#3575,3.E-1);
#3578=ORIENTED_EDGE('',*,*,#3577,.T.);
#3579=ORIENTED_EDGE('',*,*,#3531,.F.);
#3581=ORIENTED_EDGE('',*,*,#3580,.T.);
#3583=ORIENTED_EDGE('',*,*,#3582,.T.);
#3584=EDGE_LOOP('',(#3578,#3579,#3581,#3583));
#3585=FACE_OUTER_BOUND('',#3584,.F.);
#3586=ADVANCED_FACE('',(#3585),#3576,.T.);
#3587=CARTESIAN_POINT('',(-4.749145467865E0,-5.513925939112E0,
2.034535144594E0));
#3588=DIRECTION('',(5.005217278133E-1,4.530849204677E-2,8.645375298593E-1));
#3589=DIRECTION('',(-8.654262854811E-1,0.E0,5.010362705417E-1));
#3590=AXIS2_PLACEMENT_3D('',#3587,#3588,#3589);
#3591=CYLINDRICAL_SURFACE('',#3590,3.E-1);
#3592=ORIENTED_EDGE('',*,*,#3577,.F.);
#3594=ORIENTED_EDGE('',*,*,#3593,.T.);
#3596=ORIENTED_EDGE('',*,*,#3595,.T.);
#3598=ORIENTED_EDGE('',*,*,#3597,.F.);
#3600=ORIENTED_EDGE('',*,*,#3599,.T.);
#3601=ORIENTED_EDGE('',*,*,#3533,.T.);
#3602=EDGE_LOOP('',(#3592,#3594,#3596,#3598,#3600,#3601));
#3603=FACE_OUTER_BOUND('',#3602,.F.);
#3604=ADVANCED_FACE('',(#3603),#3591,.T.);
#3605=CARTESIAN_POINT('',(8.E0,-5.9E0,4.E-1));
#3606=DIRECTION('',(0.E0,-9.986295347546E-1,5.233595624294E-2));
#3607=DIRECTION('',(0.E0,5.233595624294E-2,9.986295347546E-1));
#3608=AXIS2_PLACEMENT_3D('',#3605,#3606,#3607);
#3609=PLANE('',#3608);
#3611=ORIENTED_EDGE('',*,*,#3610,.F.);
#3613=ORIENTED_EDGE('',*,*,#3612,.T.);
#3614=ORIENTED_EDGE('',*,*,#3593,.F.);
#3615=ORIENTED_EDGE('',*,*,#3582,.F.);
#3617=ORIENTED_EDGE('',*,*,#3616,.T.);
#3619=ORIENTED_EDGE('',*,*,#3618,.F.);
#3620=ORIENTED_EDGE('',*,*,#3422,.T.);
#3622=ORIENTED_EDGE('',*,*,#3621,.T.);
#3624=ORIENTED_EDGE('',*,*,#3623,.T.);
#3625=EDGE_LOOP('',(#3611,#3613,#3614,#3615,#3617,#3619,#3620,#3622,#3624));
#3626=FACE_OUTER_BOUND('',#3625,.F.);
#3627=ADVANCED_FACE('',(#3626),#3609,.T.);
#3628=CARTESIAN_POINT('',(-6.874186753409E0,-4.775184943510E0,
1.421982079757E1));
#3629=DIRECTION('',(-5.233615310611E-2,-5.226423109387E-2,-9.972609373811E-1));
#3630=DIRECTION('',(0.E0,-9.986295347546E-1,5.233595624294E-2));
#3631=AXIS2_PLACEMENT_3D('',#3628,#3629,#3630);
#3632=CYLINDRICAL_SURFACE('',#3631,4.E-1);
#3634=ORIENTED_EDGE('',*,*,#3633,.F.);
#3636=ORIENTED_EDGE('',*,*,#3635,.T.);
#3637=ORIENTED_EDGE('',*,*,#3610,.T.);
#3639=ORIENTED_EDGE('',*,*,#3638,.T.);
#3640=EDGE_LOOP('',(#3634,#3636,#3637,#3639));
#3641=FACE_OUTER_BOUND('',#3640,.F.);
#3642=ADVANCED_FACE('',(#3641),#3632,.T.);
#3643=CARTESIAN_POINT('',(-8.E0,-5.9E0,4.E-1));
#3644=DIRECTION('',(-9.986257680786E-1,0.E0,5.240777928304E-2));
#3645=DIRECTION('',(-5.240777928304E-2,0.E0,-9.986257680786E-1));
#3646=AXIS2_PLACEMENT_3D('',#3643,#3644,#3645);
#3647=PLANE('',#3646);
#3649=ORIENTED_EDGE('',*,*,#3648,.F.);
#3651=ORIENTED_EDGE('',*,*,#3650,.T.);
#3652=ORIENTED_EDGE('',*,*,#3633,.T.);
#3654=ORIENTED_EDGE('',*,*,#3653,.T.);
#3655=EDGE_LOOP('',(#3649,#3651,#3652,#3654));
#3656=FACE_OUTER_BOUND('',#3655,.F.);
#3657=ADVANCED_FACE('',(#3656),#3647,.T.);
#3658=CARTESIAN_POINT('',(-6.874186753409E0,4.775184943510E0,1.421982079757E1));
#3659=DIRECTION('',(-5.233615310611E-2,5.226423109387E-2,-9.972609373811E-1));
#3660=DIRECTION('',(-9.986257680786E-1,0.E0,5.240777928304E-2));
#3661=AXIS2_PLACEMENT_3D('',#3658,#3659,#3660);
#3662=CYLINDRICAL_SURFACE('',#3661,4.E-1);
#3664=ORIENTED_EDGE('',*,*,#3663,.F.);
#3666=ORIENTED_EDGE('',*,*,#3665,.T.);
#3667=ORIENTED_EDGE('',*,*,#3648,.T.);
#3669=ORIENTED_EDGE('',*,*,#3668,.T.);
#3670=EDGE_LOOP('',(#3664,#3666,#3667,#3669));
#3671=FACE_OUTER_BOUND('',#3670,.F.);
#3672=ADVANCED_FACE('',(#3671),#3662,.T.);
#3673=CARTESIAN_POINT('',(8.E0,5.9E0,4.E-1));
#3674=DIRECTION('',(0.E0,9.986295347546E-1,5.233595624294E-2));
#3675=DIRECTION('',(0.E0,5.233595624294E-2,-9.986295347546E-1));
#3676=AXIS2_PLACEMENT_3D('',#3673,#3674,#3675);
#3677=PLANE('',#3676);
#3678=ORIENTED_EDGE('',*,*,#3663,.T.);
#3680=ORIENTED_EDGE('',*,*,#3679,.T.);
#3682=ORIENTED_EDGE('',*,*,#3681,.T.);
#3684=ORIENTED_EDGE('',*,*,#3683,.F.);
#3686=ORIENTED_EDGE('',*,*,#3685,.T.);
#3688=ORIENTED_EDGE('',*,*,#3687,.F.);
#3690=ORIENTED_EDGE('',*,*,#3689,.T.);
#3692=ORIENTED_EDGE('',*,*,#3691,.T.);
#3694=ORIENTED_EDGE('',*,*,#3693,.F.);
#3695=EDGE_LOOP('',(#3678,#3680,#3682,#3684,#3686,#3688,#3690,#3692,#3694));
#3696=FACE_OUTER_BOUND('',#3695,.F.);
#3697=ADVANCED_FACE('',(#3696),#3677,.T.);
#3698=CARTESIAN_POINT('',(-4.575E0,6.E0,4.E-1));
#3699=DIRECTION('',(0.E0,0.E0,1.E0));
#3700=DIRECTION('',(-1.E0,0.E0,0.E0));
#3701=AXIS2_PLACEMENT_3D('',#3698,#3699,#3700);
#3702=PLANE('',#3701);
#3704=ORIENTED_EDGE('',*,*,#3703,.F.);
#3706=ORIENTED_EDGE('',*,*,#3705,.F.);
#3708=ORIENTED_EDGE('',*,*,#3707,.F.);
#3710=ORIENTED_EDGE('',*,*,#3709,.F.);
#3712=ORIENTED_EDGE('',*,*,#3711,.F.);
#3714=ORIENTED_EDGE('',*,*,#3713,.F.);
#3716=ORIENTED_EDGE('',*,*,#3715,.F.);
#3718=ORIENTED_EDGE('',*,*,#3717,.F.);
#3720=ORIENTED_EDGE('',*,*,#3719,.F.);
#3722=ORIENTED_EDGE('',*,*,#3721,.F.);
#3724=ORIENTED_EDGE('',*,*,#3723,.F.);
#3726=ORIENTED_EDGE('',*,*,#3725,.F.);
#3727=EDGE_LOOP('',(#3704,#3706,#3708,#3710,#3712,#3714,#3716,#3718,#3720,#3722,
#3724,#3726));
#3728=FACE_OUTER_BOUND('',#3727,.F.);
#3730=ORIENTED_EDGE('',*,*,#3729,.T.);
#3732=ORIENTED_EDGE('',*,*,#3731,.T.);
#3733=EDGE_LOOP('',(#3730,#3732));
#3734=FACE_BOUND('',#3733,.F.);
#3735=ADVANCED_FACE('',(#3728,#3734),#3702,.T.);
#3736=CARTESIAN_POINT('',(-4.575E0,6.E0,4.E-1));
#3737=DIRECTION('',(0.E0,0.E0,1.E0));
#3738=DIRECTION('',(-1.E0,0.E0,0.E0));
#3739=AXIS2_PLACEMENT_3D('',#3736,#3737,#3738);
#3740=PLANE('',#3739);
#3741=ORIENTED_EDGE('',*,*,#3653,.F.);
#3742=ORIENTED_EDGE('',*,*,#3638,.F.);
#3743=ORIENTED_EDGE('',*,*,#3623,.F.);
#3745=ORIENTED_EDGE('',*,*,#3744,.F.);
#3747=ORIENTED_EDGE('',*,*,#3746,.F.);
#3749=ORIENTED_EDGE('',*,*,#3748,.F.);
#3751=ORIENTED_EDGE('',*,*,#3750,.F.);
#3753=ORIENTED_EDGE('',*,*,#3752,.F.);
#3755=ORIENTED_EDGE('',*,*,#3754,.F.);
#3757=ORIENTED_EDGE('',*,*,#3756,.F.);
#3758=ORIENTED_EDGE('',*,*,#3679,.F.);
#3759=ORIENTED_EDGE('',*,*,#3668,.F.);
#3760=EDGE_LOOP('',(#3741,#3742,#3743,#3745,#3747,#3749,#3751,#3753,#3755,#3757,
#3758,#3759));
#3761=FACE_OUTER_BOUND('',#3760,.F.);
#3763=ORIENTED_EDGE('',*,*,#3762,.T.);
#3765=ORIENTED_EDGE('',*,*,#3764,.T.);
#3766=EDGE_LOOP('',(#3763,#3765));
#3767=FACE_BOUND('',#3766,.F.);
#3768=ADVANCED_FACE('',(#3761,#3767),#3740,.T.);
#3769=CARTESIAN_POINT('',(8.E0,-5.9E0,4.E-1));
#3770=DIRECTION('',(0.E0,-9.986295347546E-1,5.233595624294E-2));
#3771=DIRECTION('',(0.E0,5.233595624294E-2,9.986295347546E-1));
#3772=AXIS2_PLACEMENT_3D('',#3769,#3770,#3771);
#3773=PLANE('',#3772);
#3775=ORIENTED_EDGE('',*,*,#3774,.T.);
#3776=ORIENTED_EDGE('',*,*,#3703,.T.);
#3778=ORIENTED_EDGE('',*,*,#3777,.T.);
#3779=ORIENTED_EDGE('',*,*,#3406,.F.);
#3781=ORIENTED_EDGE('',*,*,#3780,.T.);
#3783=ORIENTED_EDGE('',*,*,#3782,.F.);
#3785=ORIENTED_EDGE('',*,*,#3784,.T.);
#3787=ORIENTED_EDGE('',*,*,#3786,.T.);
#3789=ORIENTED_EDGE('',*,*,#3788,.T.);
#3790=EDGE_LOOP('',(#3775,#3776,#3778,#3779,#3781,#3783,#3785,#3787,#3789));
#3791=FACE_OUTER_BOUND('',#3790,.F.);
#3792=ADVANCED_FACE('',(#3791),#3773,.T.);
#3793=CARTESIAN_POINT('',(6.874186753409E0,-4.775184943510E0,1.421982079757E1));
#3794=DIRECTION('',(5.233615310611E-2,-5.226423109387E-2,-9.972609373811E-1));
#3795=DIRECTION('',(9.986257680786E-1,0.E0,5.240777928304E-2));
#3796=AXIS2_PLACEMENT_3D('',#3793,#3794,#3795);
#3797=CYLINDRICAL_SURFACE('',#3796,4.E-1);
#3798=ORIENTED_EDGE('',*,*,#3774,.F.);
#3800=ORIENTED_EDGE('',*,*,#3799,.T.);
#3802=ORIENTED_EDGE('',*,*,#3801,.T.);
#3803=ORIENTED_EDGE('',*,*,#3705,.T.);
#3804=EDGE_LOOP('',(#3798,#3800,#3802,#3803));
#3805=FACE_OUTER_BOUND('',#3804,.F.);
#3806=ADVANCED_FACE('',(#3805),#3797,.T.);
#3807=CARTESIAN_POINT('',(7.904145135551E0,-5.317369857909E0,1.862943692332E0));
#3808=CARTESIAN_POINT('',(7.913822338386E0,-5.350832512951E0,1.862943692332E0));
#3809=CARTESIAN_POINT('',(7.924156875473E0,-5.427142370859E0,1.862943692332E0));
#3810=CARTESIAN_POINT('',(7.905420479082E0,-5.545971349067E0,1.862943692332E0));
#3811=CARTESIAN_POINT('',(7.848033666468E0,-5.658641707823E0,1.862943692332E0));
#3812=CARTESIAN_POINT('',(7.758523180062E0,-5.748149385979E0,1.862943692332E0));
#3813=CARTESIAN_POINT('',(7.645854946491E0,-5.805531345572E0,1.862943692332E0));
#3814=CARTESIAN_POINT('',(7.527319245021E0,-5.824220194874E0,1.862943692332E0));
#3815=CARTESIAN_POINT('',(7.451295099929E0,-5.814008863809E0,1.862943692332E0));
#3816=CARTESIAN_POINT('',(7.418079865794E0,-5.804490559129E0,1.862943692332E0));
#3817=CARTESIAN_POINT('',(7.930429985701E0,-5.310259557436E0,2.082064055896E0));
#3818=CARTESIAN_POINT('',(7.940771168396E0,-5.346014823957E0,2.082064055896E0));
#3819=CARTESIAN_POINT('',(7.951815047032E0,-5.427554861208E0,2.082064055896E0));
#3820=CARTESIAN_POINT('',(7.931793724655E0,-5.554533210833E0,2.082064055896E0));
#3821=CARTESIAN_POINT('',(7.870469506622E0,-5.674934890294E0,2.082064055896E0));
#3822=CARTESIAN_POINT('',(7.774815718530E0,-5.770585676470E0,2.082064055896E0));
#3823=CARTESIAN_POINT('',(7.654416323468E0,-5.831904700554E0,2.082064055896E0));
#3824=CARTESIAN_POINT('',(7.527751386922E0,-5.851875210972E0,2.082064055896E0));
#3825=CARTESIAN_POINT('',(7.446516647682E0,-5.840962994742E0,2.082064055896E0));
#3826=CARTESIAN_POINT('',(7.411025744327E0,-5.830791613449E0,2.082064055896E0));
#3827=CARTESIAN_POINT('',(7.776072810004E0,-5.352014632816E0,2.234060556781E0));
#3828=CARTESIAN_POINT('',(7.782514786298E0,-5.374306591355E0,2.234060556781E0));
#3829=CARTESIAN_POINT('',(7.789393073062E0,-5.425132521155E0,2.234060556781E0));
#3830=CARTESIAN_POINT('',(7.776917448877E0,-5.504253875268E0,2.234060556781E0));
#3831=CARTESIAN_POINT('',(7.738715553267E0,-5.579253552375E0,2.234060556781E0));
#3832=CARTESIAN_POINT('',(7.679138162503E0,-5.638829078523E0,2.234060556781E0));
#3833=CARTESIAN_POINT('',(7.604139834813E0,-5.677027782274E0,2.234060556781E0));
#3834=CARTESIAN_POINT('',(7.525213643582E0,-5.689471767376E0,2.234060556781E0));
#3835=CARTESIAN_POINT('',(7.474577998189E0,-5.682675483097E0,2.234060556781E0));
#3836=CARTESIAN_POINT('',(7.452450909795E0,-5.676339279133E0,2.234060556781E0));
#3837=CARTESIAN_POINT('',(7.566570888709E0,-5.408686883241E0,2.195355218244E0));
#3838=CARTESIAN_POINT('',(7.567720650833E0,-5.412705710799E0,2.195355218244E0));
#3839=CARTESIAN_POINT('',(7.568945170633E0,-5.421844790003E0,2.195355218244E0));
#3840=CARTESIAN_POINT('',(7.566710976828E0,-5.436012037112E0,2.195355218244E0));
#3841=CARTESIAN_POINT('',(7.559891949883E0,-5.449389656929E0,2.195355218244E0));
#3842=CARTESIAN_POINT('',(7.549279400044E0,-5.460001885758E0,2.195355218244E0));
#3843=CARTESIAN_POINT('',(7.535901860636E0,-5.466820438189E0,2.195355218244E0));
#3844=CARTESIAN_POINT('',(7.521769280836E0,-5.469049015376E0,2.195355218244E0));
#3845=CARTESIAN_POINT('',(7.512664383347E0,-5.467839096923E0,2.195355218244E0));
#3846=CARTESIAN_POINT('',(7.508675388615E0,-5.466708203406E0,2.195355218244E0));
#3847=(BOUNDED_SURFACE()B_SPLINE_SURFACE(3,3,((#3807,#3808,#3809,#3810,#3811,
#3812,#3813,#3814,#3815,#3816),(#3817,#3818,#3819,#3820,#3821,#3822,#3823,#3824,
#3825,#3826),(#3827,#3828,#3829,#3830,#3831,#3832,#3833,#3834,#3835,#3836),(
#3837,#3838,#3839,#3840,#3841,#3842,#3843,#3844,#3845,#3846)),.UNSPECIFIED.,.F.,
.F.,.F.)B_SPLINE_SURFACE_WITH_KNOTS((4,4),(4,1,1,1,1,1,1,4),(0.E0,1.E0),(
-1.699427022020E-1,0.E0,2.000089266704E-1,4.000037701428E-1,6.000131133118E-1,
8.000028973060E-1,1.E0,1.168556432713E0),.UNSPECIFIED.)GEOMETRIC_REPRESENTATION_ITEM()RATIONAL_B_SPLINE_SURFACE(((1.255111331577E0,1.255111331577E0,
1.255111331577E0,1.255111331577E0,1.255111331577E0,1.255111331577E0,
1.255111331577E0,1.255111331577E0,1.255111331577E0,1.255111331577E0),(
9.149628894742E-1,9.149628894742E-1,9.149628894742E-1,9.149628894742E-1,
9.149628894742E-1,9.149628894742E-1,9.149628894742E-1,9.149628894742E-1,
9.149628894742E-1,9.149628894742E-1),(9.149628894742E-1,9.149628894742E-1,
9.149628894742E-1,9.149628894742E-1,9.149628894742E-1,9.149628894742E-1,
9.149628894742E-1,9.149628894742E-1,9.149628894742E-1,9.149628894742E-1),(
1.255111331577E0,1.255111331577E0,1.255111331577E0,1.255111331577E0,
1.255111331577E0,1.255111331577E0,1.255111331577E0,1.255111331577E0,
1.255111331577E0,1.255111331577E0)))REPRESENTATION_ITEM('')SURFACE());
#3849=ORIENTED_EDGE('',*,*,#3848,.T.);
#3851=ORIENTED_EDGE('',*,*,#3850,.T.);
#3853=ORIENTED_EDGE('',*,*,#3852,.F.);
#3854=ORIENTED_EDGE('',*,*,#3799,.F.);
#3855=EDGE_LOOP('',(#3849,#3851,#3853,#3854));
#3856=FACE_OUTER_BOUND('',#3855,.F.);
#3857=ADVANCED_FACE('',(#3856),#3847,.T.);
#3858=CARTESIAN_POINT('',(5.E0,-5.520976627276E0,1.9E0));
#3859=DIRECTION('',(1.E0,0.E0,0.E0));
#3860=DIRECTION('',(0.E0,0.E0,1.E0));
#3861=AXIS2_PLACEMENT_3D('',#3858,#3859,#3860);
#3862=CYLINDRICAL_SURFACE('',#3861,3.E-1);
#3863=ORIENTED_EDGE('',*,*,#3848,.F.);
#3864=ORIENTED_EDGE('',*,*,#3788,.F.);
#3866=ORIENTED_EDGE('',*,*,#3865,.T.);
#3868=ORIENTED_EDGE('',*,*,#3867,.F.);
#3869=EDGE_LOOP('',(#3863,#3864,#3866,#3868));
#3870=FACE_OUTER_BOUND('',#3869,.F.);
#3871=ADVANCED_FACE('',(#3870),#3862,.T.);
#3872=CARTESIAN_POINT('',(3.651403613262E0,-5.414555571504E0,3.930634711636E0));
#3873=DIRECTION('',(5.005217278133E-1,-4.530849204677E-2,-8.645375298593E-1));
#3874=DIRECTION('',(8.654262854811E-1,0.E0,5.010362705417E-1));
#3875=AXIS2_PLACEMENT_3D('',#3872,#3873,#3874);
#3876=CYLINDRICAL_SURFACE('',#3875,3.E-1);
#3878=ORIENTED_EDGE('',*,*,#3877,.F.);
#3879=ORIENTED_EDGE('',*,*,#3557,.T.);
#3881=ORIENTED_EDGE('',*,*,#3880,.T.);
#3883=ORIENTED_EDGE('',*,*,#3882,.F.);
#3884=ORIENTED_EDGE('',*,*,#3865,.F.);
#3885=ORIENTED_EDGE('',*,*,#3786,.F.);
#3886=EDGE_LOOP('',(#3878,#3879,#3881,#3883,#3884,#3885));
#3887=FACE_OUTER_BOUND('',#3886,.F.);
#3888=ADVANCED_FACE('',(#3887),#3876,.T.);
#3889=CARTESIAN_POINT('',(-5.745174218819E1,-5.424022235602E0,3.75E0));
#3890=DIRECTION('',(1.E0,0.E0,0.E0));
#3891=DIRECTION('',(0.E0,0.E0,1.E0));
#3892=AXIS2_PLACEMENT_3D('',#3889,#3890,#3891);
#3893=CYLINDRICAL_SURFACE('',#3892,3.E-1);
#3894=ORIENTED_EDGE('',*,*,#3877,.T.);
#3895=ORIENTED_EDGE('',*,*,#3784,.F.);
#3897=ORIENTED_EDGE('',*,*,#3896,.T.);
#3898=ORIENTED_EDGE('',*,*,#3559,.T.);
#3899=EDGE_LOOP('',(#3894,#3895,#3897,#3898));
#3900=FACE_OUTER_BOUND('',#3899,.F.);
#3901=ADVANCED_FACE('',(#3900),#3893,.T.);
#3902=CARTESIAN_POINT('',(2.452556964850E0,-5.456065208697E0,4.038344618997E0));
#3903=CARTESIAN_POINT('',(2.444400064859E0,-5.460939111937E0,4.037801049686E0));
#3904=CARTESIAN_POINT('',(2.416855145120E0,-5.477336920119E0,4.035554943986E0));
#3905=CARTESIAN_POINT('',(2.371729874024E0,-5.503853311897E0,4.029582716253E0));
#3906=CARTESIAN_POINT('',(2.318858800416E0,-5.534358401448E0,4.018887878662E0));
#3907=CARTESIAN_POINT('',(2.270884706226E0,-5.561547192234E0,4.005932649644E0));
#3908=CARTESIAN_POINT('',(2.227441351268E0,-5.585730849903E0,3.991258034178E0));
#3909=CARTESIAN_POINT('',(2.188217878796E0,-5.607169403942E0,3.975279391271E0));
#3910=CARTESIAN_POINT('',(2.152904202969E0,-5.626106885553E0,3.958302299713E0));
#3911=CARTESIAN_POINT('',(2.121235221350E0,-5.642750261252E0,3.940559602698E0));
#3912=CARTESIAN_POINT('',(2.093038277198E0,-5.657248842065E0,3.922264842668E0));
#3913=CARTESIAN_POINT('',(2.068225452270E0,-5.669704577020E0,3.903650837375E0));
#3914=CARTESIAN_POINT('',(2.046735417902E0,-5.680206590649E0,3.884967628026E0));
#3915=CARTESIAN_POINT('',(2.028468289390E0,-5.688864881064E0,3.866443382397E0));
#3916=CARTESIAN_POINT('',(2.013232539030E0,-5.695833210375E0,3.848209971743E0));
#3917=CARTESIAN_POINT('',(2.000789170905E0,-5.701282683741E0,3.830277585233E0));
#3918=CARTESIAN_POINT('',(1.990906373026E0,-5.705373111099E0,3.812506901349E0));
#3919=CARTESIAN_POINT('',(1.983428349983E0,-5.708226873597E0,3.794587357390E0));
#3920=CARTESIAN_POINT('',(1.978452060771E0,-5.709874637625E0,3.776259869243E0));
#3921=CARTESIAN_POINT('',(1.976673563893E0,-5.710315844189E0,3.761662615903E0));
#3922=CARTESIAN_POINT('',(1.976405361081E0,-5.710369961919E0,3.753026931764E0));
#3923=CARTESIAN_POINT('',(1.976382363346E0,-5.710361820043E0,3.750265887377E0));
#3924=CARTESIAN_POINT('',(2.431075306916E0,-5.402680115449E0,4.068432102605E0));
#3925=CARTESIAN_POINT('',(2.422934383209E0,-5.408056301320E0,4.068789309358E0));
#3926=CARTESIAN_POINT('',(2.395415947099E0,-5.426235830150E0,4.069542755159E0));
#3927=CARTESIAN_POINT('',(2.350188076400E0,-5.456152617791E0,4.068237962254E0));
#3928=CARTESIAN_POINT('',(2.296953348533E0,-5.491426812663E0,4.062575498833E0));
#3929=CARTESIAN_POINT('',(2.248413437096E0,-5.523643010545E0,4.053769453660E0));
#3930=CARTESIAN_POINT('',(2.204215031428E0,-5.553024288646E0,4.042441072460E0));
#3931=CARTESIAN_POINT('',(2.164048774719E0,-5.579766643148E0,4.029065924564E0));
#3932=CARTESIAN_POINT('',(2.127596065683E0,-5.604073848962E0,4.013994015079E0));
#3933=CARTESIAN_POINT('',(2.094574360904E0,-5.626126951642E0,3.997481964254E0));
#3934=CARTESIAN_POINT('',(2.064787466833E0,-5.646050204963E0,3.979743470329E0));
#3935=CARTESIAN_POINT('',(2.038121898462E0,-5.663912865281E0,3.960990268382E0));
#3936=CARTESIAN_POINT('',(2.014491722496E0,-5.679765658008E0,3.941432829114E0));
#3937=CARTESIAN_POINT('',(1.993773197368E0,-5.693684523014E0,3.921236276423E0));
#3938=CARTESIAN_POINT('',(1.975744685189E0,-5.705811238431E0,3.900423825377E0));
#3939=CARTESIAN_POINT('',(1.960125775005E0,-5.716327555465E0,3.878804967645E0));
#3940=CARTESIAN_POINT('',(1.946626732904E0,-5.725422060593E0,3.855854485850E0));
#3941=CARTESIAN_POINT('',(1.935045557619E0,-5.733224584050E0,3.830503236403E0));
#3942=CARTESIAN_POINT('',(1.925638975745E0,-5.739556693123E0,3.801118322583E0));
#3943=CARTESIAN_POINT('',(1.921067930353E0,-5.742627142322E0,3.773598593032E0));
#3944=CARTESIAN_POINT('',(1.920346668038E0,-5.743112450901E0,3.756100523163E0));
#3945=CARTESIAN_POINT('',(1.920355794013E0,-5.743109074061E0,3.750431014282E0));
#3946=CARTESIAN_POINT('',(2.407485366140E0,-5.346917452185E0,4.044964384093E0));
#3947=CARTESIAN_POINT('',(2.399361986683E0,-5.351891070594E0,4.046263004096E0));
#3948=CARTESIAN_POINT('',(2.371872633395E0,-5.368802247855E0,4.050229442433E0));
#3949=CARTESIAN_POINT('',(2.326532093619E0,-5.397154542038E0,4.054368020026E0));
#3950=CARTESIAN_POINT('',(2.272898021230E0,-5.431432111379E0,4.055336976300E0));
#3951=CARTESIAN_POINT('',(2.223736761319E0,-5.463487859353E0,4.052739771884E0));
#3952=CARTESIAN_POINT('',(2.178709201702E0,-5.493406575948E0,4.047175911888E0));
#3953=CARTESIAN_POINT('',(2.137507632709E0,-5.521277671332E0,4.039102967194E0));
#3954=CARTESIAN_POINT('',(2.099804101878E0,-5.547223479721E0,4.028857823017E0));
#3955=CARTESIAN_POINT('',(2.065296913097E0,-5.571363678681E0,4.016677662627E0));
#3956=CARTESIAN_POINT('',(2.033764026023E0,-5.593772292825E0,4.002738072067E0));
#3957=CARTESIAN_POINT('',(2.005063879677E0,-5.614469680319E0,3.987189320409E0));
#3958=CARTESIAN_POINT('',(1.979083521350E0,-5.633454619063E0,3.970160003487E0));
#3959=CARTESIAN_POINT('',(1.955673011219E0,-5.650751429120E0,3.951715294613E0));
#3960=CARTESIAN_POINT('',(1.934577646095E0,-5.666463111675E0,3.931752971955E0));
#3961=CARTESIAN_POINT('',(1.915471535373E0,-5.680750738155E0,3.909892648045E0));
#3962=CARTESIAN_POINT('',(1.898001338564E0,-5.693801227182E0,3.885272481692E0));
#3963=CARTESIAN_POINT('',(1.881914313744E0,-5.705729463034E0,3.856168178950E0));
#3964=CARTESIAN_POINT('',(1.867642635246E0,-5.716155592863E0,3.819705997446E0));
#3965=CARTESIAN_POINT('',(1.860004971147E0,-5.721610597248E0,3.782693139639E0));
#3966=CARTESIAN_POINT('',(1.858786184531E0,-5.722490236141E0,3.758438175871E0));
#3967=CARTESIAN_POINT('',(1.858830586946E0,-5.722492782838E0,3.750538101995E0));
#3968=CARTESIAN_POINT('',(2.397889473213E0,-5.326840427828E0,3.983960366081E0));
#3969=CARTESIAN_POINT('',(2.389773230390E0,-5.330781418450E0,3.985598434333E0));
#3970=CARTESIAN_POINT('',(2.362295707383E0,-5.344239939951E0,3.990798139722E0));
#3971=CARTESIAN_POINT('',(2.316909336191E0,-5.367130763785E0,3.997440416368E0));
#3972=CARTESIAN_POINT('',(2.263112818830E0,-5.395326266451E0,4.002113276565E0));
#3973=CARTESIAN_POINT('',(2.213698807398E0,-5.422143229510E0,4.003546457986E0));
#3974=CARTESIAN_POINT('',(2.168333965351E0,-5.447572350856E0,4.002230583760E0));
#3975=CARTESIAN_POINT('',(2.126711253045E0,-5.471626656808E0,3.998539303164E0));
#3976=CARTESIAN_POINT('',(2.088498914154E0,-5.494361447341E0,3.992747790858E0));
#3977=CARTESIAN_POINT('',(2.053387461649E0,-5.515841474370E0,3.985043846647E0));
#3978=CARTESIAN_POINT('',(2.021144341258E0,-5.536099647516E0,3.975552691506E0));
#3979=CARTESIAN_POINT('',(1.991616571283E0,-5.555124598801E0,3.964364701436E0));
#3980=CARTESIAN_POINT('',(1.964680208085E0,-5.572885069236E0,3.951540180270E0));
#3981=CARTESIAN_POINT('',(1.940174654940E0,-5.589371432836E0,3.937075669598E0));
#3982=CARTESIAN_POINT('',(1.917831758389E0,-5.604647589747E0,3.920812352341E0));
#3983=CARTESIAN_POINT('',(1.897307127659E0,-5.618836721661E0,3.902320390442E0));
#3984=CARTESIAN_POINT('',(1.878221548441E0,-5.632094773422E0,3.880680368036E0));
#3985=CARTESIAN_POINT('',(1.860301638575E0,-5.644509490310E0,3.854063472456E0));
#3986=CARTESIAN_POINT('',(1.844050940853E0,-5.655644766306E0,3.819335075312E0));
#3987=CARTESIAN_POINT('',(1.835165840609E0,-5.661611957520E0,3.782738381005E0));
#3988=CARTESIAN_POINT('',(1.833744671548E0,-5.662579899046E0,3.758444224291E0));
#3989=CARTESIAN_POINT('',(1.833803423679E0,-5.662585484414E0,3.750514053182E0));
#3990=CARTESIAN_POINT('',(2.388293580287E0,-5.306763403470E0,3.922956348069E0));
#3991=CARTESIAN_POINT('',(2.380184474096E0,-5.309671766306E0,3.924933864571E0));
#3992=CARTESIAN_POINT('',(2.352718781372E0,-5.319677632046E0,3.931366837011E0));
#3993=CARTESIAN_POINT('',(2.307286578763E0,-5.337106985532E0,3.940512812709E0));
#3994=CARTESIAN_POINT('',(2.253327616429E0,-5.359220421522E0,3.948889576829E0));
#3995=CARTESIAN_POINT('',(2.203660853476E0,-5.380798599668E0,3.954353144088E0));
#3996=CARTESIAN_POINT('',(2.157958729E0,-5.401738125764E0,3.957285255633E0));
#3997=CARTESIAN_POINT('',(2.115914873382E0,-5.421975642284E0,3.957975639134E0));
#3998=CARTESIAN_POINT('',(2.077193726430E0,-5.441499414962E0,3.956637758700E0));
#3999=CARTESIAN_POINT('',(2.041478010202E0,-5.460319270059E0,3.953410030666E0));
#4000=CARTESIAN_POINT('',(2.008524656493E0,-5.478427002208E0,3.948367310945E0));
#4001=CARTESIAN_POINT('',(1.978169262889E0,-5.495779517282E0,3.941540082464E0));
#4002=CARTESIAN_POINT('',(1.950276894820E0,-5.512315519408E0,3.932920357052E0));
#4003=CARTESIAN_POINT('',(1.924676298661E0,-5.527991436553E0,3.922436044583E0));
#4004=CARTESIAN_POINT('',(1.901085870682E0,-5.542832067818E0,3.909871732727E0));
#4005=CARTESIAN_POINT('',(1.879142719944E0,-5.556922705167E0,3.894748132840E0));
#4006=CARTESIAN_POINT('',(1.858441758317E0,-5.570388319662E0,3.876088254379E0));
#4007=CARTESIAN_POINT('',(1.838688963405E0,-5.583289517586E0,3.851958765962E0));
#4008=CARTESIAN_POINT('',(1.820459246460E0,-5.595133939749E0,3.818964153179E0));
#4009=CARTESIAN_POINT('',(1.810326710072E0,-5.601613317793E0,3.782783622370E0));
#4010=CARTESIAN_POINT('',(1.808703158564E0,-5.602669561950E0,3.758450272711E0));
#4011=CARTESIAN_POINT('',(1.808776260411E0,-5.602678185990E0,3.750490004369E0));
#4012=CARTESIAN_POINT('',(2.399241825466E0,-5.336076456220E0,3.866056952039E0));
#4013=CARTESIAN_POINT('',(2.391124576874E0,-5.338026995543E0,3.867540246760E0));
#4014=CARTESIAN_POINT('',(2.363645386622E0,-5.344752660312E0,3.872384941193E0));
#4015=CARTESIAN_POINT('',(2.318265474466E0,-5.356551528511E0,3.879385936811E0));
#4016=CARTESIAN_POINT('',(2.264491850527E0,-5.371649033397E0,3.886010829838E0));
#4017=CARTESIAN_POINT('',(2.215113459447E0,-5.386486050035E0,3.890575214472E0));
#4018=CARTESIAN_POINT('',(2.169796150721E0,-5.400973513855E0,3.893339130598E0));
#4019=CARTESIAN_POINT('',(2.128232790277E0,-5.415054024743E0,3.894499745433E0));
#4020=CARTESIAN_POINT('',(2.090092157868E0,-5.428708977751E0,3.894202345069E0));
#4021=CARTESIAN_POINT('',(2.055065864443E0,-5.441937207697E0,3.892539724701E0));
#4022=CARTESIAN_POINT('',(2.022922837459E0,-5.454726573205E0,3.889558501149E0));
#4023=CARTESIAN_POINT('',(1.993511704747E0,-5.467041082093E0,3.885271719808E0));
#4024=CARTESIAN_POINT('',(1.966710071620E0,-5.478831815197E0,3.879663299009E0));
#4025=CARTESIAN_POINT('',(1.942358843236E0,-5.490062099534E0,3.872670683316E0));
#4026=CARTESIAN_POINT('',(1.920191761687E0,-5.500743999170E0,3.864129338327E0));
#4027=CARTESIAN_POINT('',(1.899867043434E0,-5.510933569652E0,3.853684707990E0));
#4028=CARTESIAN_POINT('',(1.881009120575E0,-5.520716644826E0,3.840620576298E0));
#4029=CARTESIAN_POINT('',(1.863347519783E0,-5.530133023832E0,3.823521068547E0));
#4030=CARTESIAN_POINT('',(1.847375725873E0,-5.538817659295E0,3.799887822937E0));
#4031=CARTESIAN_POINT('',(1.838666427203E0,-5.543587240621E0,3.773748677051E0));
#4032=CARTESIAN_POINT('',(1.837273779964E0,-5.544365484959E0,3.756120588233E0));
#4033=CARTESIAN_POINT('',(1.837330509785E0,-5.544372188630E0,3.750351234584E0));
#4034=CARTESIAN_POINT('',(2.423261012185E0,-5.394770698666E0,3.852101312850E0));
#4035=CARTESIAN_POINT('',(2.415125900105E0,-5.396492022466E0,3.852594068134E0));
#4036=CARTESIAN_POINT('',(2.387617097836E0,-5.402348983589E0,3.854113087103E0));
#4037=CARTESIAN_POINT('',(2.342351904899E0,-5.412191681941E0,3.855784572100E0));
#4038=CARTESIAN_POINT('',(2.288984892012E0,-5.424128417426E0,3.856397634131E0));
#4039=CARTESIAN_POINT('',(2.240239155552E0,-5.435323366260E0,3.855747043528E0));
#4040=CARTESIAN_POINT('',(2.195766088180E0,-5.445800433940E0,3.854041392077E0));
#4041=CARTESIAN_POINT('',(2.155256878709E0,-5.455586452526E0,3.851439828821E0));
#4042=CARTESIAN_POINT('',(2.118389828228E0,-5.464720799835E0,3.848059532213E0));
#4043=CARTESIAN_POINT('',(2.084876048886E0,-5.473242756132E0,3.843982579312E0));
#4044=CARTESIAN_POINT('',(2.054510785244E0,-5.481176109702E0,3.839268749631E0));
#4045=CARTESIAN_POINT('',(2.027171251978E0,-5.488525950665E0,3.833968009302E0));
#4046=CARTESIAN_POINT('',(2.002762565467E0,-5.495289701903E0,3.828121906238E0));
#4047=CARTESIAN_POINT('',(1.981152305831E0,-5.501473725340E0,3.821749077785E0));
#4048=CARTESIAN_POINT('',(1.962107882123E0,-5.507112408856E0,3.814808611724E0));
#4049=CARTESIAN_POINT('',(1.945333818009E0,-5.512261181479E0,3.807159726166E0));
#4050=CARTESIAN_POINT('',(1.930519309558E0,-5.516985291191E0,3.798487325958E0));
#4051=CARTESIAN_POINT('',(1.917445547384E0,-5.521324264657E0,3.788161756114E0));
#4052=CARTESIAN_POINT('',(1.906427376094E0,-5.525137029137E0,3.775127455893E0));
#4053=CARTESIAN_POINT('',(1.900840496764E0,-5.527141925631E0,3.761800736339E0));
#4054=CARTESIAN_POINT('',(1.899954426849E0,-5.527465628457E0,3.753045397396E0));
#4055=CARTESIAN_POINT('',(1.899975238335E0,-5.527466763547E0,3.750192467124E0));
#4056=(BOUNDED_SURFACE()B_SPLINE_SURFACE(3,3,((#3902,#3903,#3904,#3905,#3906,
#3907,#3908,#3909,#3910,#3911,#3912,#3913,#3914,#3915,#3916,#3917,#3918,#3919,
#3920,#3921,#3922,#3923),(#3924,#3925,#3926,#3927,#3928,#3929,#3930,#3931,#3932,
#3933,#3934,#3935,#3936,#3937,#3938,#3939,#3940,#3941,#3942,#3943,#3944,#3945),(
#3946,#3947,#3948,#3949,#3950,#3951,#3952,#3953,#3954,#3955,#3956,#3957,#3958,
#3959,#3960,#3961,#3962,#3963,#3964,#3965,#3966,#3967),(#3968,#3969,#3970,#3971,
#3972,#3973,#3974,#3975,#3976,#3977,#3978,#3979,#3980,#3981,#3982,#3983,#3984,
#3985,#3986,#3987,#3988,#3989),(#3990,#3991,#3992,#3993,#3994,#3995,#3996,#3997,
#3998,#3999,#4000,#4001,#4002,#4003,#4004,#4005,#4006,#4007,#4008,#4009,#4010,
#4011),(#4012,#4013,#4014,#4015,#4016,#4017,#4018,#4019,#4020,#4021,#4022,#4023,
#4024,#4025,#4026,#4027,#4028,#4029,#4030,#4031,#4032,#4033),(#4034,#4035,#4036,
#4037,#4038,#4039,#4040,#4041,#4042,#4043,#4044,#4045,#4046,#4047,#4048,#4049,
#4050,#4051,#4052,#4053,#4054,#4055)),.UNSPECIFIED.,.F.,.F.,.F.)B_SPLINE_SURFACE_WITH_KNOTS((4,3,4),(4,1,1,1,1,1,1,1,1,1,1,1,1,1,1,1,1,1,1,4),(0.E0,1.E0,2.E0),(
-4.289266964338E-2,0.E0,1.021052075342E-1,1.955910764731E-1,2.814140441754E-1,
3.602236631499E-1,4.326504233921E-1,4.993518628689E-1,5.609729289115E-1,
6.179557135378E-1,6.705106370612E-1,7.188398064898E-1,7.632312000512E-1,
8.041401170593E-1,8.425001602427E-1,8.793796580552E-1,9.162727897781E-1,
9.556911175907E-1,1.E0,1.021236400067E0),.UNSPECIFIED.)GEOMETRIC_REPRESENTATION_ITEM()RATIONAL_B_SPLINE_SURFACE(((1.205761040158E0,1.205761040158E0,
1.205761040158E0,1.205761040158E0,1.205761040158E0,1.205761040158E0,
1.205761040158E0,1.205761040158E0,1.205761040158E0,1.205761040158E0,
1.205761040158E0,1.205761040158E0,1.205761040158E0,1.205761040158E0,
1.205761040158E0,1.205761040158E0,1.205761040158E0,1.205761040158E0,
1.205761040158E0,1.205761040158E0,1.205761040158E0,1.205761040158E0),(
9.314129866139E-1,9.314129866139E-1,9.314129866139E-1,9.314129866139E-1,
9.314129866139E-1,9.314129866139E-1,9.314129866139E-1,9.314129866139E-1,
9.314129866139E-1,9.314129866139E-1,9.314129866139E-1,9.314129866139E-1,
9.314129866139E-1,9.314129866139E-1,9.314129866139E-1,9.314129866139E-1,
9.314129866139E-1,9.314129866139E-1,9.314129866139E-1,9.314129866139E-1,
9.314129866139E-1,9.314129866139E-1),(9.314129866139E-1,9.314129866139E-1,
9.314129866139E-1,9.314129866139E-1,9.314129866139E-1,9.314129866139E-1,
9.314129866139E-1,9.314129866139E-1,9.314129866139E-1,9.314129866139E-1,
9.314129866139E-1,9.314129866139E-1,9.314129866139E-1,9.314129866139E-1,
9.314129866139E-1,9.314129866139E-1,9.314129866139E-1,9.314129866139E-1,
9.314129866139E-1,9.314129866139E-1,9.314129866139E-1,9.314129866139E-1),(
1.205761040158E0,1.205761040158E0,1.205761040158E0,1.205761040158E0,
1.205761040158E0,1.205761040158E0,1.205761040158E0,1.205761040158E0,
1.205761040158E0,1.205761040158E0,1.205761040158E0,1.205761040158E0,
1.205761040158E0,1.205761040158E0,1.205761040158E0,1.205761040158E0,
1.205761040158E0,1.205761040158E0,1.205761040158E0,1.205761040158E0,
1.205761040158E0,1.205761040158E0),(9.314129866139E-1,9.314129866139E-1,
9.314129866139E-1,9.314129866139E-1,9.314129866139E-1,9.314129866139E-1,
9.314129866139E-1,9.314129866139E-1,9.314129866139E-1,9.314129866139E-1,
9.314129866139E-1,9.314129866139E-1,9.314129866139E-1,9.314129866139E-1,
9.314129866139E-1,9.314129866139E-1,9.314129866139E-1,9.314129866139E-1,
9.314129866139E-1,9.314129866139E-1,9.314129866139E-1,9.314129866139E-1),(
9.314129866139E-1,9.314129866139E-1,9.314129866139E-1,9.314129866139E-1,
9.314129866139E-1,9.314129866139E-1,9.314129866139E-1,9.314129866139E-1,
9.314129866139E-1,9.314129866139E-1,9.314129866139E-1,9.314129866139E-1,
9.314129866139E-1,9.314129866139E-1,9.314129866139E-1,9.314129866139E-1,
9.314129866139E-1,9.314129866139E-1,9.314129866139E-1,9.314129866139E-1,
9.314129866139E-1,9.314129866139E-1),(1.205761040158E0,1.205761040158E0,
1.205761040158E0,1.205761040158E0,1.205761040158E0,1.205761040158E0,
1.205761040158E0,1.205761040158E0,1.205761040158E0,1.205761040158E0,
1.205761040158E0,1.205761040158E0,1.205761040158E0,1.205761040158E0,
1.205761040158E0,1.205761040158E0,1.205761040158E0,1.205761040158E0,
1.205761040158E0,1.205761040158E0,1.205761040158E0,1.205761040158E0)))REPRESENTATION_ITEM('')SURFACE());
#4058=ORIENTED_EDGE('',*,*,#4057,.T.);
#4060=ORIENTED_EDGE('',*,*,#4059,.F.);
#4061=ORIENTED_EDGE('',*,*,#3896,.F.);
#4062=EDGE_LOOP('',(#4058,#4060,#4061));
#4063=FACE_OUTER_BOUND('',#4062,.F.);
#4064=ADVANCED_FACE('',(#4063),#4056,.T.);
#4065=CARTESIAN_POINT('',(1.976673095077E0,-5.710309575933E0,3.758726239551E0));
#4066=CARTESIAN_POINT('',(1.976667268084E0,-5.710311978755E0,3.758680390982E0));
#4067=CARTESIAN_POINT('',(1.976373223725E0,-5.710433950790E0,3.756353025900E0));
#4068=CARTESIAN_POINT('',(1.976168119747E0,-5.710555781065E0,3.754028365771E0));
#4069=CARTESIAN_POINT('',(1.976052228799E0,-5.710675010363E0,3.751753335237E0));
#4070=CARTESIAN_POINT('',(1.920936526007E0,-5.742707359144E0,3.767508276006E0));
#4071=CARTESIAN_POINT('',(1.920927223471E0,-5.742711194848E0,3.767435086425E0));
#4072=CARTESIAN_POINT('',(1.920457750850E0,-5.742905925262E0,3.763719408775E0));
#4073=CARTESIAN_POINT('',(1.920128092934E0,-5.743101558961E0,3.759986495421E0));
#4074=CARTESIAN_POINT('',(1.919941318746E0,-5.743293656521E0,3.756321055626E0));
#4075=CARTESIAN_POINT('',(1.859757298173E0,-5.721590318952E0,3.774177483549E0));
#4076=CARTESIAN_POINT('',(1.859744180709E0,-5.721595727458E0,3.774074283115E0));
#4077=CARTESIAN_POINT('',(1.859082149308E0,-5.721870321084E0,3.768834724603E0));
#4078=CARTESIAN_POINT('',(1.858615774801E0,-5.722146965088E0,3.763556042531E0));
#4079=CARTESIAN_POINT('',(1.858351195646E0,-5.722419046473E0,3.758364420440E0));
#4080=CARTESIAN_POINT('',(1.835015846475E0,-5.661414192350E0,3.774168434955E0));
#4081=CARTESIAN_POINT('',(1.835001186218E0,-5.661420236911E0,3.774053097851E0));
#4082=CARTESIAN_POINT('',(1.834261282247E0,-5.661727127967E0,3.768197267672E0));
#4083=CARTESIAN_POINT('',(1.833739618273E0,-5.662036533297E0,3.762293462280E0));
#4084=CARTESIAN_POINT('',(1.833443574062E0,-5.662340960888E0,3.756484637800E0));
#4085=CARTESIAN_POINT('',(1.810274394776E0,-5.601238065748E0,3.774159386361E0));
#4086=CARTESIAN_POINT('',(1.810258191727E0,-5.601244746365E0,3.774031912588E0));
#4087=CARTESIAN_POINT('',(1.809440415186E0,-5.601583934850E0,3.767559810741E0));
#4088=CARTESIAN_POINT('',(1.808863461744E0,-5.601926101505E0,3.761030882028E0));
#4089=CARTESIAN_POINT('',(1.808535952477E0,-5.602262875303E0,3.754604855159E0));
#4090=CARTESIAN_POINT('',(1.838907558627E0,-5.543196611499E0,3.767478275874E0));
#4091=CARTESIAN_POINT('',(1.838893141044E0,-5.543202556012E0,3.767364847811E0));
#4092=CARTESIAN_POINT('',(1.838165486056E0,-5.543504366836E0,3.761605954220E0));
#4093=CARTESIAN_POINT('',(1.837652518851E0,-5.543808618966E0,3.755800477740E0));
#4094=CARTESIAN_POINT('',(1.837361423943E0,-5.544107958654E0,3.750088736247E0));
#4095=CARTESIAN_POINT('',(1.901314414688E0,-5.527022291622E0,3.758698678917E0));
#4096=CARTESIAN_POINT('',(1.901303888584E0,-5.527026631773E0,3.758615863907E0));
#4097=CARTESIAN_POINT('',(1.900772656278E0,-5.527246976842E0,3.754411429518E0));
#4098=CARTESIAN_POINT('',(1.900399149032E0,-5.527468593106E0,3.750182739297E0));
#4099=CARTESIAN_POINT('',(1.900187420333E0,-5.527686344006E0,3.746027804621E0));
#4100=(BOUNDED_SURFACE()B_SPLINE_SURFACE(3,3,((#4065,#4066,#4067,#4068,#4069),(
#4070,#4071,#4072,#4073,#4074),(#4075,#4076,#4077,#4078,#4079),(#4080,#4081,
#4082,#4083,#4084),(#4085,#4086,#4087,#4088,#4089),(#4090,#4091,#4092,#4093,
#4094),(#4095,#4096,#4097,#4098,#4099)),.UNSPECIFIED.,.F.,.F.,.F.)B_SPLINE_SURFACE_WITH_KNOTS((4,3,4),(4,1,4),(0.E0,1.E0,2.E0),(-3.825001776690E-3,0.E0,
1.903441444075E-1),.UNSPECIFIED.)GEOMETRIC_REPRESENTATION_ITEM()RATIONAL_B_SPLINE_SURFACE(((1.206473882984E0,1.206473882984E0,1.206473882984E0,1.206473882984E0,
1.206473882984E0),(9.311753723385E-1,9.311753723385E-1,9.311753723385E-1,
9.311753723385E-1,9.311753723385E-1),(9.311753723385E-1,9.311753723385E-1,
9.311753723385E-1,9.311753723385E-1,9.311753723385E-1),(1.206473882984E0,
1.206473882984E0,1.206473882984E0,1.206473882984E0,1.206473882984E0),(
9.311753723385E-1,9.311753723385E-1,9.311753723385E-1,9.311753723385E-1,
9.311753723385E-1),(9.311753723385E-1,9.311753723385E-1,9.311753723385E-1,
9.311753723385E-1,9.311753723385E-1),(1.206473882984E0,1.206473882984E0,
1.206473882984E0,1.206473882984E0,1.206473882984E0)))REPRESENTATION_ITEM('')SURFACE());
#4101=ORIENTED_EDGE('',*,*,#3782,.T.);
#4103=ORIENTED_EDGE('',*,*,#4102,.T.);
#4105=ORIENTED_EDGE('',*,*,#4104,.F.);
#4106=ORIENTED_EDGE('',*,*,#4057,.F.);
#4107=EDGE_LOOP('',(#4101,#4103,#4105,#4106));
#4108=FACE_OUTER_BOUND('',#4107,.F.);
#4109=ADVANCED_FACE('',(#4108),#4100,.T.);
#4110=CARTESIAN_POINT('',(1.766928374982E0,-5.783064337255E0,
7.205331035759E-1));
#4111=DIRECTION('',(5.226442768871E-2,5.226442768871E-2,9.972646886342E-1));
#4112=DIRECTION('',(0.E0,9.986295347546E-1,-5.233595624294E-2));
#4113=AXIS2_PLACEMENT_3D('',#4110,#4111,#4112);
#4114=CYLINDRICAL_SURFACE('',#4113,1.E-1);
#4115=ORIENTED_EDGE('',*,*,#4102,.F.);
#4116=ORIENTED_EDGE('',*,*,#3780,.F.);
#4117=ORIENTED_EDGE('',*,*,#3404,.F.);
#4119=ORIENTED_EDGE('',*,*,#4118,.T.);
#4121=ORIENTED_EDGE('',*,*,#4120,.F.);
#4122=EDGE_LOOP('',(#4115,#4116,#4117,#4119,#4121));
#4123=FACE_OUTER_BOUND('',#4122,.F.);
#4124=ADVANCED_FACE('',(#4123),#4114,.T.);
#4125=CARTESIAN_POINT('',(8.E0,-5.9E0,3.5E-1));
#4126=DIRECTION('',(0.E0,0.E0,-1.E0));
#4127=DIRECTION('',(1.E0,0.E0,0.E0));
#4128=AXIS2_PLACEMENT_3D('',#4125,#4126,#4127);
#4129=PLANE('',#4128);
#4131=ORIENTED_EDGE('',*,*,#4130,.T.);
#4133=ORIENTED_EDGE('',*,*,#4132,.F.);
#4134=ORIENTED_EDGE('',*,*,#4118,.F.);
#4136=ORIENTED_EDGE('',*,*,#4135,.F.);
#4138=ORIENTED_EDGE('',*,*,#4137,.F.);
#4140=ORIENTED_EDGE('',*,*,#4139,.T.);
#4141=EDGE_LOOP('',(#4131,#4133,#4134,#4136,#4138,#4140));
#4142=FACE_OUTER_BOUND('',#4141,.F.);
#4143=ADVANCED_FACE('',(#4142),#4129,.T.);
#4144=CARTESIAN_POINT('',(3.078618009351E0,-4.188531990412E0,2.065663477276E1));
#4145=DIRECTION('',(5.226442768871E-2,5.226442768871E-2,9.972646886342E-1));
#4146=DIRECTION('',(0.E0,9.986295347546E-1,-5.233595624294E-2));
#4147=AXIS2_PLACEMENT_3D('',#4144,#4145,#4146);
#4148=CYLINDRICAL_SURFACE('',#4147,1.E-1);
#4150=ORIENTED_EDGE('',*,*,#4149,.F.);
#4152=ORIENTED_EDGE('',*,*,#4151,.T.);
#4153=ORIENTED_EDGE('',*,*,#4130,.F.);
#4154=ORIENTED_EDGE('',*,*,#3382,.T.);
#4156=ORIENTED_EDGE('',*,*,#4155,.F.);
#4157=EDGE_LOOP('',(#4150,#4152,#4153,#4154,#4156));
#4158=FACE_OUTER_BOUND('',#4157,.F.);
#4159=ADVANCED_FACE('',(#4158),#4148,.F.);
#4160=CARTESIAN_POINT('',(2.245766440811E0,-5.165820307438E0,3.692075403331E0));
#4161=CARTESIAN_POINT('',(2.253422495069E0,-5.161041655049E0,3.693717179502E0));
#4162=CARTESIAN_POINT('',(2.268434168503E0,-5.148489071932E0,3.697658607777E0));
#4163=CARTESIAN_POINT('',(2.285492610233E0,-5.123814970431E0,3.703786423923E0));
#4164=CARTESIAN_POINT('',(2.295168026788E0,-5.094581410546E0,3.709641647405E0));
#4165=CARTESIAN_POINT('',(2.296277422798E0,-5.064254171945E0,3.714480119177E0));
#4166=CARTESIAN_POINT('',(2.288952771138E0,-5.035242821162E0,3.717876708443E0));
#4167=CARTESIAN_POINT('',(2.273863588519E0,-5.009566044974E0,3.719553183133E0));
#4168=CARTESIAN_POINT('',(2.251888899154E0,-4.988963964356E0,3.719334944880E0));
#4169=CARTESIAN_POINT('',(2.224474044721E0,-4.975347843648E0,3.717154830903E0));
#4170=CARTESIAN_POINT('',(2.195132237747E0,-4.970446376948E0,3.713339917706E0));
#4171=CARTESIAN_POINT('',(2.175931226517E0,-4.972511389626E0,3.710092525462E0));
#4172=CARTESIAN_POINT('',(2.167329874720E0,-4.974665551248E0,3.708599470507E0));
#4173=CARTESIAN_POINT('',(2.223239756552E0,-5.127615862330E0,3.916662532424E0));
#4174=CARTESIAN_POINT('',(2.228348723169E0,-5.125844232128E0,3.919092695274E0));
#4175=CARTESIAN_POINT('',(2.239135726440E0,-5.120466262831E0,3.923633790330E0));
#4176=CARTESIAN_POINT('',(2.253709284888E0,-5.107220521108E0,3.930528371942E0));
#4177=CARTESIAN_POINT('',(2.264427408974E0,-5.088657288974E0,3.937036412115E0));
#4178=CARTESIAN_POINT('',(2.268859983609E0,-5.066986040091E0,3.942340323564E0));
#4179=CARTESIAN_POINT('',(2.265879911696E0,-5.044645548700E0,3.946027249913E0));
#4180=CARTESIAN_POINT('',(2.255416433977E0,-5.024314830078E0,3.947835183987E0));
#4181=CARTESIAN_POINT('',(2.238338239052E0,-5.008530742603E0,3.947601307470E0));
#4182=CARTESIAN_POINT('',(2.216660956207E0,-4.999627446742E0,3.945243221627E0));
#4183=CARTESIAN_POINT('',(2.194440702401E0,-4.998847889473E0,3.941107391852E0));
#4184=CARTESIAN_POINT('',(2.181072289100E0,-5.002727121477E0,3.937502060438E0));
#4185=CARTESIAN_POINT('',(2.175390775900E0,-5.005361148373E0,3.935253267559E0));
#4186=CARTESIAN_POINT('',(2.304020801675E0,-5.264616114947E0,4.081507069674E0));
#4187=CARTESIAN_POINT('',(2.321218201911E0,-5.257073809835E0,4.083358464259E0));
#4188=CARTESIAN_POINT('',(2.356550577230E0,-5.235580450069E0,4.085770239131E0));
#4189=CARTESIAN_POINT('',(2.401530762109E0,-5.187250467804E0,4.089259598136E0));
#4190=CARTESIAN_POINT('',(2.432066386714E0,-5.123516102699E0,4.092468211068E0));
#4191=CARTESIAN_POINT('',(2.441980872270E0,-5.051945639297E0,4.095003284343E0));
#4192=CARTESIAN_POINT('',(2.428977775339E0,-4.979788222679E0,4.096725668588E0));
#4193=CARTESIAN_POINT('',(2.393489931936E0,-4.914517537588E0,4.097557174840E0));
#4194=CARTESIAN_POINT('',(2.338160981552E0,-4.863082104966E0,4.097451250482E0));
#4195=CARTESIAN_POINT('',(2.268591899431E0,-4.832141934597E0,4.096358909840E0));
#4196=CARTESIAN_POINT('',(2.196484694168E0,-4.825878053185E0,4.094432538262E0));
#4197=CARTESIAN_POINT('',(2.151968670080E0,-4.835590800227E0,4.092659476140E0));
#4198=CARTESIAN_POINT('',(2.132722534288E0,-4.842884910901E0,4.090914840636E0));
#4199=CARTESIAN_POINT('',(2.418993180066E0,-5.459603422051E0,4.045567755751E0));
#4200=CARTESIAN_POINT('',(2.452571651337E0,-5.442450143948E0,4.045968422215E0));
#4201=CARTESIAN_POINT('',(2.520218379903E0,-5.395339744223E0,4.045343739818E0));
#4202=CARTESIAN_POINT('',(2.602480740948E0,-5.295431055463E0,4.044169402249E0));
#4203=CARTESIAN_POINT('',(2.654652772762E0,-5.169332592915E0,4.042949339424E0));
#4204=CARTESIAN_POINT('',(2.667517569466E0,-5.032001561414E0,4.041850319207E0));
#4205=CARTESIAN_POINT('',(2.638699559573E0,-4.896162878755E0,4.041034147640E0));
#4206=CARTESIAN_POINT('',(2.569948168661E0,-4.774116912967E0,4.040616772129E0));
#4207=CARTESIAN_POINT('',(2.465948622699E0,-4.677064146914E0,4.040672914275E0));
#4208=CARTESIAN_POINT('',(2.335834673286E0,-4.616192189041E0,4.041207062206E0));
#4209=CARTESIAN_POINT('',(2.199515370303E0,-4.599530146738E0,4.042130107505E0));
#4210=CARTESIAN_POINT('',(2.113521474134E0,-4.614104539394E0,4.042811830495E0));
#4211=CARTESIAN_POINT('',(2.075832168138E0,-4.626251776945E0,4.042399889778E0));
#4212=(BOUNDED_SURFACE()B_SPLINE_SURFACE(3,3,((#4160,#4161,#4162,#4163,#4164,
#4165,#4166,#4167,#4168,#4169,#4170,#4171,#4172),(#4173,#4174,#4175,#4176,#4177,
#4178,#4179,#4180,#4181,#4182,#4183,#4184,#4185),(#4186,#4187,#4188,#4189,#4190,
#4191,#4192,#4193,#4194,#4195,#4196,#4197,#4198),(#4199,#4200,#4201,#4202,#4203,
#4204,#4205,#4206,#4207,#4208,#4209,#4210,#4211)),.UNSPECIFIED.,.F.,.F.,.F.)B_SPLINE_SURFACE_WITH_KNOTS((4,4),(4,1,1,1,1,1,1,1,1,1,4),(0.E0,1.E0),(
-1.085830848990E-1,0.E0,1.243476347115E-1,2.483620174684E-1,3.720971751822E-1,
4.957837430724E-1,6.188684535758E-1,7.437773855600E-1,8.723832704876E-1,1.E0,
1.110024004977E0),.UNSPECIFIED.)GEOMETRIC_REPRESENTATION_ITEM()RATIONAL_B_SPLINE_SURFACE(((1.272103456534E0,1.272103456534E0,1.272103456534E0,1.272103456534E0,
1.272103456534E0,1.272103456534E0,1.272103456534E0,1.272103456534E0,
1.272103456534E0,1.272103456534E0,1.272103456534E0,1.272103456534E0,
1.272103456534E0),(9.092988478220E-1,9.092988478220E-1,9.092988478220E-1,
9.092988478220E-1,9.092988478220E-1,9.092988478220E-1,9.092988478220E-1,
9.092988478220E-1,9.092988478220E-1,9.092988478220E-1,9.092988478220E-1,
9.092988478220E-1,9.092988478220E-1),(9.092988478220E-1,9.092988478220E-1,
9.092988478220E-1,9.092988478220E-1,9.092988478220E-1,9.092988478220E-1,
9.092988478220E-1,9.092988478220E-1,9.092988478220E-1,9.092988478220E-1,
9.092988478220E-1,9.092988478220E-1,9.092988478220E-1),(1.272103456534E0,
1.272103456534E0,1.272103456534E0,1.272103456534E0,1.272103456534E0,
1.272103456534E0,1.272103456534E0,1.272103456534E0,1.272103456534E0,
1.272103456534E0,1.272103456534E0,1.272103456534E0,1.272103456534E0)))REPRESENTATION_ITEM('')SURFACE());
#4213=ORIENTED_EDGE('',*,*,#4149,.T.);
#4215=ORIENTED_EDGE('',*,*,#4214,.T.);
#4216=ORIENTED_EDGE('',*,*,#3563,.F.);
#4218=ORIENTED_EDGE('',*,*,#4217,.F.);
#4219=EDGE_LOOP('',(#4213,#4215,#4216,#4218));
#4220=FACE_OUTER_BOUND('',#4219,.F.);
#4221=ADVANCED_FACE('',(#4220),#4212,.T.);
#4222=CARTESIAN_POINT('',(2.275000883135E0,-4.674022235602E0,3.75E0));
#4223=DIRECTION('',(-1.E0,0.E0,0.E0));
#4224=DIRECTION('',(0.E0,-9.986295347546E-1,5.233595624294E-2));
#4225=AXIS2_PLACEMENT_3D('',#4222,#4223,#4224);
#4226=CYLINDRICAL_SURFACE('',#4225,3.E-1);
#4228=ORIENTED_EDGE('',*,*,#4227,.T.);
#4229=ORIENTED_EDGE('',*,*,#3504,.T.);
#4230=ORIENTED_EDGE('',*,*,#3565,.F.);
#4231=ORIENTED_EDGE('',*,*,#4214,.F.);
#4232=EDGE_LOOP('',(#4228,#4229,#4230,#4231));
#4233=FACE_OUTER_BOUND('',#4232,.F.);
#4234=ADVANCED_FACE('',(#4233),#4226,.T.);
#4235=CARTESIAN_POINT('',(-2.258571356E0,-5.15E0,4.E-1));
#4236=DIRECTION('',(0.E0,9.986295347546E-1,-5.233595624294E-2));
#4237=DIRECTION('',(0.E0,-5.233595624294E-2,-9.986295347546E-1));
#4238=AXIS2_PLACEMENT_3D('',#4235,#4236,#4237);
#4239=PLANE('',#4238);
#4240=ORIENTED_EDGE('',*,*,#4227,.F.);
#4241=ORIENTED_EDGE('',*,*,#4155,.T.);
#4242=ORIENTED_EDGE('',*,*,#3380,.F.);
#4243=ORIENTED_EDGE('',*,*,#3436,.F.);
#4244=EDGE_LOOP('',(#4240,#4241,#4242,#4243));
#4245=FACE_OUTER_BOUND('',#4244,.F.);
#4246=ADVANCED_FACE('',(#4245),#4239,.F.);
#4247=CARTESIAN_POINT('',(-1.393691637134E1,-2.176975179606E1,3.75E0));
#4248=DIRECTION('',(7.071067811865E-1,7.071067811865E-1,0.E0));
#4249=DIRECTION('',(-7.071067811865E-1,7.071067811865E-1,0.E0));
#4250=AXIS2_PLACEMENT_3D('',#4247,#4248,#4249);
#4251=CYLINDRICAL_SURFACE('',#4250,3.E-1);
#4253=ORIENTED_EDGE('',*,*,#4252,.T.);
#4254=ORIENTED_EDGE('',*,*,#4217,.T.);
#4255=ORIENTED_EDGE('',*,*,#3561,.F.);
#4256=ORIENTED_EDGE('',*,*,#4059,.T.);
#4257=ORIENTED_EDGE('',*,*,#4104,.T.);
#4258=EDGE_LOOP('',(#4253,#4254,#4255,#4256,#4257));
#4259=FACE_OUTER_BOUND('',#4258,.F.);
#4260=ADVANCED_FACE('',(#4259),#4251,.T.);
#4261=CARTESIAN_POINT('',(2.258571356E0,-5.15E0,2.075E1));
#4262=DIRECTION('',(7.071067811865E-1,-7.071067811865E-1,0.E0));
#4263=DIRECTION('',(-7.071067811865E-1,-7.071067811865E-1,0.E0));
#4264=AXIS2_PLACEMENT_3D('',#4261,#4262,#4263);
#4265=PLANE('',#4264);
#4266=ORIENTED_EDGE('',*,*,#4252,.F.);
#4267=ORIENTED_EDGE('',*,*,#4120,.T.);
#4268=ORIENTED_EDGE('',*,*,#4132,.T.);
#4269=ORIENTED_EDGE('',*,*,#4151,.F.);
#4270=EDGE_LOOP('',(#4266,#4267,#4268,#4269));
#4271=FACE_OUTER_BOUND('',#4270,.F.);
#4272=ADVANCED_FACE('',(#4271),#4265,.F.);
#4273=CARTESIAN_POINT('',(3.886269679985E0,-3.755151676252E0,
-4.057352544772E1));
#4274=DIRECTION('',(-5.226442768871E-2,-5.226442768871E-2,9.972646886342E-1));
#4275=DIRECTION('',(9.986295347546E-1,0.E0,5.233595624294E-2));
#4276=AXIS2_PLACEMENT_3D('',#4273,#4274,#4275);
#4277=CYLINDRICAL_SURFACE('',#4276,1.E-1);
#4279=ORIENTED_EDGE('',*,*,#4278,.F.);
#4281=ORIENTED_EDGE('',*,*,#4280,.T.);
#4282=ORIENTED_EDGE('',*,*,#4135,.T.);
#4283=ORIENTED_EDGE('',*,*,#3402,.F.);
#4285=ORIENTED_EDGE('',*,*,#4284,.T.);
#4286=EDGE_LOOP('',(#4279,#4281,#4282,#4283,#4285));
#4287=FACE_OUTER_BOUND('',#4286,.F.);
#4288=ADVANCED_FACE('',(#4287),#4277,.T.);
#4289=CARTESIAN_POINT('',(1.916347265151E0,-5.603430285947E0,
-3.458860983942E0));
#4290=CARTESIAN_POINT('',(1.916336775510E0,-5.603434577808E0,
-3.458779090367E0));
#4291=CARTESIAN_POINT('',(1.915794425546E0,-5.603657780153E0,
-3.454520135904E0));
#4292=CARTESIAN_POINT('',(1.915413924965E0,-5.603882298895E0,
-3.450236063103E0));
#4293=CARTESIAN_POINT('',(1.915199394467E0,-5.604103012452E0,
-3.446024597565E0));
#4294=CARTESIAN_POINT('',(1.853948065842E0,-5.619601463982E0,
-3.467700572165E0));
#4295=CARTESIAN_POINT('',(1.853933699135E0,-5.619607342011E0,
-3.467588412687E0));
#4296=CARTESIAN_POINT('',(1.853190863894E0,-5.619913048587E0,
-3.461755183739E0));
#4297=CARTESIAN_POINT('',(1.852668287960E0,-5.620221279814E0,
-3.455873781556E0));
#4298=CARTESIAN_POINT('',(1.852373335882E0,-5.620524692145E0,
-3.450084329401E0));
#4299=CARTESIAN_POINT('',(1.825318416131E0,-5.677641474973E0,
-3.474409207274E0));
#4300=CARTESIAN_POINT('',(1.825302270569E0,-5.677648080759E0,
-3.474283161365E0));
#4301=CARTESIAN_POINT('',(1.824467449801E0,-5.677991641461E0,
-3.467727632651E0));
#4302=CARTESIAN_POINT('',(1.823879687653E0,-5.678338281180E0,
-3.461113352784E0));
#4303=CARTESIAN_POINT('',(1.823547836997E0,-5.678679636898E0,
-3.454599897684E0));
#4304=CARTESIAN_POINT('',(1.850056833030E0,-5.737818846326E0,
-3.474394471947E0));
#4305=CARTESIAN_POINT('',(1.850042224547E0,-5.737824823270E0,
-3.474280425078E0));
#4306=CARTESIAN_POINT('',(1.849286886985E0,-5.738135674833E0,
-3.468349023900E0));
#4307=CARTESIAN_POINT('',(1.848755451189E0,-5.738449126397E0,
-3.462368011777E0));
#4308=CARTESIAN_POINT('',(1.848455483997E0,-5.738757695848E0,
-3.456480155903E0));
#4309=CARTESIAN_POINT('',(1.874795249929E0,-5.797996217680E0,
-3.474379736619E0));
#4310=CARTESIAN_POINT('',(1.874782178526E0,-5.798001565780E0,
-3.474277688791E0));
#4311=CARTESIAN_POINT('',(1.874106324168E0,-5.798279708206E0,
-3.468970415149E0));
#4312=CARTESIAN_POINT('',(1.873631214725E0,-5.798559971613E0,
-3.463622670770E0));
#4313=CARTESIAN_POINT('',(1.873363130996E0,-5.798835754798E0,
-3.458360414123E0));
#4314=CARTESIAN_POINT('',(1.935966972121E0,-5.819116340026E0,
-3.467651717969E0));
#4315=CARTESIAN_POINT('',(1.935957701517E0,-5.819120133159E0,
-3.467579340672E0));
#4316=CARTESIAN_POINT('',(1.935478388618E0,-5.819317394326E0,
-3.463815373395E0));
#4317=CARTESIAN_POINT('',(1.935142559713E0,-5.819515591986E0,
-3.460033536757E0));
#4318=CARTESIAN_POINT('',(1.934953315562E0,-5.819710303194E0,
-3.456318225583E0));
#4319=CARTESIAN_POINT('',(1.991696704232E0,-5.786721366995E0,
-3.458816102385E0));
#4320=CARTESIAN_POINT('',(1.991690896299E0,-5.786723743496E0,
-3.458770756054E0));
#4321=CARTESIAN_POINT('',(1.991390640036E0,-5.786847318803E0,
-3.456412798731E0));
#4322=CARTESIAN_POINT('',(1.991181700922E0,-5.786970751490E0,
-3.454057562747E0));
#4323=CARTESIAN_POINT('',(1.991064282583E0,-5.787091603088E0,
-3.451751576891E0));
#4324=(BOUNDED_SURFACE()B_SPLINE_SURFACE(3,3,((#4289,#4290,#4291,#4292,#4293),(
#4294,#4295,#4296,#4297,#4298),(#4299,#4300,#4301,#4302,#4303),(#4304,#4305,
#4306,#4307,#4308),(#4309,#4310,#4311,#4312,#4313),(#4314,#4315,#4316,#4317,
#4318),(#4319,#4320,#4321,#4322,#4323)),.UNSPECIFIED.,.F.,.F.,.F.)B_SPLINE_SURFACE_WITH_KNOTS((4,3,4),(4,1,4),(0.E0,1.E0,2.E0),(-3.630613720917E-3,0.E0,
1.851612939340E-1),.UNSPECIFIED.)GEOMETRIC_REPRESENTATION_ITEM()RATIONAL_B_SPLINE_SURFACE(((1.206473873968E0,1.206473873968E0,1.206473873968E0,1.206473873968E0,
1.206473873968E0),(9.311753753441E-1,9.311753753441E-1,9.311753753442E-1,
9.311753753441E-1,9.311753753441E-1),(9.311753753441E-1,9.311753753441E-1,
9.311753753442E-1,9.311753753441E-1,9.311753753441E-1),(1.206473873968E0,
1.206473873968E0,1.206473873968E0,1.206473873968E0,1.206473873968E0),(
9.311753753441E-1,9.311753753441E-1,9.311753753442E-1,9.311753753441E-1,
9.311753753441E-1),(9.311753753441E-1,9.311753753441E-1,9.311753753442E-1,
9.311753753441E-1,9.311753753441E-1),(1.206473873968E0,1.206473873968E0,
1.206473873968E0,1.206473873968E0,1.206473873968E0)))REPRESENTATION_ITEM('')SURFACE());
#4325=ORIENTED_EDGE('',*,*,#4278,.T.);
#4327=ORIENTED_EDGE('',*,*,#4326,.F.);
#4329=ORIENTED_EDGE('',*,*,#4328,.F.);
#4331=ORIENTED_EDGE('',*,*,#4330,.F.);
#4332=EDGE_LOOP('',(#4325,#4327,#4329,#4331));
#4333=FACE_OUTER_BOUND('',#4332,.F.);
#4334=ADVANCED_FACE('',(#4333),#4324,.T.);
#4335=CARTESIAN_POINT('',(-8.E0,-6.E0,3.5E-1));
#4336=DIRECTION('',(0.E0,-9.986295347546E-1,-5.233595624294E-2));
#4337=DIRECTION('',(0.E0,-5.233595624294E-2,9.986295347546E-1));
#4338=AXIS2_PLACEMENT_3D('',#4335,#4336,#4337);
#4339=PLANE('',#4338);
#4341=ORIENTED_EDGE('',*,*,#4340,.F.);
#4343=ORIENTED_EDGE('',*,*,#4342,.F.);
#4345=ORIENTED_EDGE('',*,*,#4344,.T.);
#4347=ORIENTED_EDGE('',*,*,#4346,.F.);
#4348=ORIENTED_EDGE('',*,*,#4326,.T.);
#4349=ORIENTED_EDGE('',*,*,#4284,.F.);
#4350=ORIENTED_EDGE('',*,*,#3400,.T.);
#4352=ORIENTED_EDGE('',*,*,#4351,.F.);
#4354=ORIENTED_EDGE('',*,*,#4353,.T.);
#4355=EDGE_LOOP('',(#4341,#4343,#4345,#4347,#4348,#4349,#4350,#4352,#4354));
#4356=FACE_OUTER_BOUND('',#4355,.F.);
#4357=ADVANCED_FACE('',(#4356),#4339,.T.);
#4358=CARTESIAN_POINT('',(6.868935424711E0,-4.851598108608E0,
-1.391988441838E1));
#4359=DIRECTION('',(5.233615310611E-2,-5.226423109387E-2,9.972609373811E-1));
#4360=DIRECTION('',(0.E0,-9.986295347546E-1,-5.233595624294E-2));
#4361=AXIS2_PLACEMENT_3D('',#4358,#4359,#4360);
#4362=CYLINDRICAL_SURFACE('',#4361,4.E-1);
#4364=ORIENTED_EDGE('',*,*,#4363,.F.);
#4366=ORIENTED_EDGE('',*,*,#4365,.T.);
#4367=ORIENTED_EDGE('',*,*,#4340,.T.);
#4369=ORIENTED_EDGE('',*,*,#4368,.T.);
#4370=EDGE_LOOP('',(#4364,#4366,#4367,#4369));
#4371=FACE_OUTER_BOUND('',#4370,.F.);
#4372=ADVANCED_FACE('',(#4371),#4362,.T.);
#4373=CARTESIAN_POINT('',(8.E0,6.E0,0.E0));
#4374=DIRECTION('',(9.986257680786E-1,0.E0,-5.240777928304E-2));
#4375=DIRECTION('',(-5.240777928304E-2,0.E0,-9.986257680786E-1));
#4376=AXIS2_PLACEMENT_3D('',#4373,#4374,#4375);
#4377=PLANE('',#4376);
#4379=ORIENTED_EDGE('',*,*,#4378,.F.);
#4381=ORIENTED_EDGE('',*,*,#4380,.T.);
#4382=ORIENTED_EDGE('',*,*,#4363,.T.);
#4384=ORIENTED_EDGE('',*,*,#4383,.T.);
#4385=EDGE_LOOP('',(#4379,#4381,#4382,#4384));
#4386=FACE_OUTER_BOUND('',#4385,.F.);
#4387=ADVANCED_FACE('',(#4386),#4377,.T.);
#4388=CARTESIAN_POINT('',(6.868935424711E0,4.851598108608E0,-1.391988441838E1));
#4389=DIRECTION('',(5.233615310611E-2,5.226423109387E-2,9.972609373811E-1));
#4390=DIRECTION('',(9.986257680786E-1,0.E0,-5.240777928304E-2));
#4391=AXIS2_PLACEMENT_3D('',#4388,#4389,#4390);
#4392=CYLINDRICAL_SURFACE('',#4391,4.E-1);
#4394=ORIENTED_EDGE('',*,*,#4393,.F.);
#4396=ORIENTED_EDGE('',*,*,#4395,.T.);
#4397=ORIENTED_EDGE('',*,*,#4378,.T.);
#4399=ORIENTED_EDGE('',*,*,#4398,.T.);
#4400=EDGE_LOOP('',(#4394,#4396,#4397,#4399));
#4401=FACE_OUTER_BOUND('',#4400,.F.);
#4402=ADVANCED_FACE('',(#4401),#4392,.T.);
#4403=CARTESIAN_POINT('',(-8.E0,6.E0,3.5E-1));
#4404=DIRECTION('',(0.E0,9.986295347546E-1,-5.233595624294E-2));
#4405=DIRECTION('',(0.E0,-5.233595624294E-2,-9.986295347546E-1));
#4406=AXIS2_PLACEMENT_3D('',#4403,#4404,#4405);
#4407=PLANE('',#4406);
#4408=ORIENTED_EDGE('',*,*,#4393,.T.);
#4410=ORIENTED_EDGE('',*,*,#4409,.T.);
#4412=ORIENTED_EDGE('',*,*,#4411,.T.);
#4414=ORIENTED_EDGE('',*,*,#4413,.T.);
#4416=ORIENTED_EDGE('',*,*,#4415,.T.);
#4418=ORIENTED_EDGE('',*,*,#4417,.F.);
#4420=ORIENTED_EDGE('',*,*,#4419,.T.);
#4422=ORIENTED_EDGE('',*,*,#4421,.T.);
#4424=ORIENTED_EDGE('',*,*,#4423,.F.);
#4425=EDGE_LOOP('',(#4408,#4410,#4412,#4414,#4416,#4418,#4420,#4422,#4424));
#4426=FACE_OUTER_BOUND('',#4425,.F.);
#4427=ADVANCED_FACE('',(#4426),#4407,.T.);
#4428=CARTESIAN_POINT('',(-4.575E0,6.E0,0.E0));
#4429=DIRECTION('',(0.E0,0.E0,1.E0));
#4430=DIRECTION('',(-1.E0,0.E0,0.E0));
#4431=AXIS2_PLACEMENT_3D('',#4428,#4429,#4430);
#4432=PLANE('',#4431);
#4434=ORIENTED_EDGE('',*,*,#4433,.F.);
#4436=ORIENTED_EDGE('',*,*,#4435,.F.);
#4438=ORIENTED_EDGE('',*,*,#4437,.F.);
#4440=ORIENTED_EDGE('',*,*,#4439,.F.);
#4442=ORIENTED_EDGE('',*,*,#4441,.F.);
#4444=ORIENTED_EDGE('',*,*,#4443,.T.);
#4446=ORIENTED_EDGE('',*,*,#4445,.T.);
#4448=ORIENTED_EDGE('',*,*,#4447,.F.);
#4450=ORIENTED_EDGE('',*,*,#4449,.T.);
#4452=ORIENTED_EDGE('',*,*,#4451,.F.);
#4454=ORIENTED_EDGE('',*,*,#4453,.T.);
#4456=ORIENTED_EDGE('',*,*,#4455,.T.);
#4457=EDGE_LOOP('',(#4434,#4436,#4438,#4440,#4442,#4444,#4446,#4448,#4450,#4452,
#4454,#4456));
#4458=FACE_OUTER_BOUND('',#4457,.F.);
#4460=ORIENTED_EDGE('',*,*,#4459,.F.);
#4462=ORIENTED_EDGE('',*,*,#4461,.F.);
#4463=EDGE_LOOP('',(#4460,#4462));
#4464=FACE_BOUND('',#4463,.F.);
#4465=ADVANCED_FACE('',(#4458,#4464),#4432,.F.);
#4466=CARTESIAN_POINT('',(-4.575E0,6.E0,0.E0));
#4467=DIRECTION('',(0.E0,0.E0,1.E0));
#4468=DIRECTION('',(-1.E0,0.E0,0.E0));
#4469=AXIS2_PLACEMENT_3D('',#4466,#4467,#4468);
#4470=PLANE('',#4469);
#4471=ORIENTED_EDGE('',*,*,#4383,.F.);
#4472=ORIENTED_EDGE('',*,*,#4368,.F.);
#4473=ORIENTED_EDGE('',*,*,#4353,.F.);
#4475=ORIENTED_EDGE('',*,*,#4474,.T.);
#4477=ORIENTED_EDGE('',*,*,#4476,.T.);
#4479=ORIENTED_EDGE('',*,*,#4478,.F.);
#4481=ORIENTED_EDGE('',*,*,#4480,.T.);
#4483=ORIENTED_EDGE('',*,*,#4482,.F.);
#4485=ORIENTED_EDGE('',*,*,#4484,.T.);
#4487=ORIENTED_EDGE('',*,*,#4486,.T.);
#4488=ORIENTED_EDGE('',*,*,#4409,.F.);
#4489=ORIENTED_EDGE('',*,*,#4398,.F.);
#4490=EDGE_LOOP('',(#4471,#4472,#4473,#4475,#4477,#4479,#4481,#4483,#4485,#4487,
#4488,#4489));
#4491=FACE_OUTER_BOUND('',#4490,.F.);
#4493=ORIENTED_EDGE('',*,*,#4492,.F.);
#4495=ORIENTED_EDGE('',*,*,#4494,.F.);
#4496=EDGE_LOOP('',(#4493,#4495));
#4497=FACE_BOUND('',#4496,.F.);
#4498=ADVANCED_FACE('',(#4491,#4497),#4470,.F.);
#4499=CARTESIAN_POINT('',(-8.E0,-6.E0,3.5E-1));
#4500=DIRECTION('',(0.E0,-9.986295347546E-1,-5.233595624294E-2));
#4501=DIRECTION('',(0.E0,-5.233595624294E-2,9.986295347546E-1));
#4502=AXIS2_PLACEMENT_3D('',#4499,#4500,#4501);
#4503=PLANE('',#4502);
#4505=ORIENTED_EDGE('',*,*,#4504,.T.);
#4506=ORIENTED_EDGE('',*,*,#4433,.T.);
#4508=ORIENTED_EDGE('',*,*,#4507,.T.);
#4509=ORIENTED_EDGE('',*,*,#3418,.T.);
#4511=ORIENTED_EDGE('',*,*,#4510,.T.);
#4513=ORIENTED_EDGE('',*,*,#4512,.F.);
#4515=ORIENTED_EDGE('',*,*,#4514,.T.);
#4517=ORIENTED_EDGE('',*,*,#4516,.T.);
#4519=ORIENTED_EDGE('',*,*,#4518,.F.);
#4520=EDGE_LOOP('',(#4505,#4506,#4508,#4509,#4511,#4513,#4515,#4517,#4519));
#4521=FACE_OUTER_BOUND('',#4520,.F.);
#4522=ADVANCED_FACE('',(#4521),#4503,.T.);
#4523=CARTESIAN_POINT('',(-6.868935424711E0,-4.851598108608E0,
-1.391988441838E1));
#4524=DIRECTION('',(-5.233615310611E-2,-5.226423109387E-2,9.972609373811E-1));
#4525=DIRECTION('',(-9.986257680786E-1,0.E0,-5.240777928304E-2));
#4526=AXIS2_PLACEMENT_3D('',#4523,#4524,#4525);
#4527=CYLINDRICAL_SURFACE('',#4526,4.E-1);
#4528=ORIENTED_EDGE('',*,*,#4504,.F.);
#4530=ORIENTED_EDGE('',*,*,#4529,.T.);
#4532=ORIENTED_EDGE('',*,*,#4531,.T.);
#4533=ORIENTED_EDGE('',*,*,#4435,.T.);
#4534=EDGE_LOOP('',(#4528,#4530,#4532,#4533));
#4535=FACE_OUTER_BOUND('',#4534,.F.);
#4536=ADVANCED_FACE('',(#4535),#4527,.T.);
#4537=CARTESIAN_POINT('',(-7.906769130493E0,-5.401647524124E0,
-1.412943692332E0));
#4538=CARTESIAN_POINT('',(-7.916446333328E0,-5.435110179166E0,
-1.412943692332E0));
#4539=CARTESIAN_POINT('',(-7.926780870414E0,-5.511420037074E0,
-1.412943692332E0));
#4540=CARTESIAN_POINT('',(-7.908044474024E0,-5.630249015282E0,
-1.412943692332E0));
#4541=CARTESIAN_POINT('',(-7.850657661410E0,-5.742919374038E0,
-1.412943692332E0));
#4542=CARTESIAN_POINT('',(-7.761147175004E0,-5.832427052194E0,
-1.412943692332E0));
#4543=CARTESIAN_POINT('',(-7.648478941433E0,-5.889809011787E0,
-1.412943692332E0));
#4544=CARTESIAN_POINT('',(-7.529943239963E0,-5.908497861089E0,
-1.412943692332E0));
#4545=CARTESIAN_POINT('',(-7.453919094871E0,-5.898286530024E0,
-1.412943692332E0));
#4546=CARTESIAN_POINT('',(-7.420703860736E0,-5.888768225344E0,
-1.412943692332E0));
#4547=CARTESIAN_POINT('',(-7.933053980643E0,-5.394537223651E0,
-1.632064055896E0));
#4548=CARTESIAN_POINT('',(-7.943395163338E0,-5.430292490172E0,
-1.632064055896E0));
#4549=CARTESIAN_POINT('',(-7.954439041974E0,-5.511832527423E0,
-1.632064055896E0));
#4550=CARTESIAN_POINT('',(-7.934417719597E0,-5.638810877048E0,
-1.632064055896E0));
#4551=CARTESIAN_POINT('',(-7.873093501564E0,-5.759212556509E0,
-1.632064055896E0));
#4552=CARTESIAN_POINT('',(-7.777439713472E0,-5.854863342685E0,
-1.632064055896E0));
#4553=CARTESIAN_POINT('',(-7.657040318410E0,-5.916182366769E0,
-1.632064055896E0));
#4554=CARTESIAN_POINT('',(-7.530375381864E0,-5.936152877187E0,
-1.632064055896E0));
#4555=CARTESIAN_POINT('',(-7.449140642623E0,-5.925240660957E0,
-1.632064055896E0));
#4556=CARTESIAN_POINT('',(-7.413649739268E0,-5.915069279664E0,
-1.632064055896E0));
#4557=CARTESIAN_POINT('',(-7.778696804946E0,-5.436292299032E0,
-1.784060556781E0));
#4558=CARTESIAN_POINT('',(-7.785138781240E0,-5.458584257570E0,
-1.784060556781E0));
#4559=CARTESIAN_POINT('',(-7.792017068004E0,-5.509410187370E0,
-1.784060556781E0));
#4560=CARTESIAN_POINT('',(-7.779541443819E0,-5.588531541483E0,
-1.784060556781E0));
#4561=CARTESIAN_POINT('',(-7.741339548209E0,-5.663531218590E0,
-1.784060556781E0));
#4562=CARTESIAN_POINT('',(-7.681762157444E0,-5.723106744738E0,
-1.784060556781E0));
#4563=CARTESIAN_POINT('',(-7.606763829755E0,-5.761305448489E0,
-1.784060556781E0));
#4564=CARTESIAN_POINT('',(-7.527837638524E0,-5.773749433592E0,
-1.784060556781E0));
#4565=CARTESIAN_POINT('',(-7.477201993131E0,-5.766953149312E0,
-1.784060556781E0));
#4566=CARTESIAN_POINT('',(-7.455074904737E0,-5.760616945349E0,
-1.784060556781E0));
#4567=CARTESIAN_POINT('',(-7.569194883651E0,-5.492964549456E0,
-1.745355218244E0));
#4568=CARTESIAN_POINT('',(-7.570344645774E0,-5.496983377014E0,
-1.745355218244E0));
#4569=CARTESIAN_POINT('',(-7.571569165575E0,-5.506122456218E0,
-1.745355218244E0));
#4570=CARTESIAN_POINT('',(-7.569334971770E0,-5.520289703327E0,
-1.745355218244E0));
#4571=CARTESIAN_POINT('',(-7.562515944825E0,-5.533667323144E0,
-1.745355218244E0));
#4572=CARTESIAN_POINT('',(-7.551903394986E0,-5.544279551973E0,
-1.745355218244E0));
#4573=CARTESIAN_POINT('',(-7.538525855578E0,-5.551098104404E0,
-1.745355218244E0));
#4574=CARTESIAN_POINT('',(-7.524393275778E0,-5.553326681591E0,
-1.745355218244E0));
#4575=CARTESIAN_POINT('',(-7.515288378289E0,-5.552116763139E0,
-1.745355218244E0));
#4576=CARTESIAN_POINT('',(-7.511299383557E0,-5.550985869621E0,
-1.745355218244E0));
#4577=(BOUNDED_SURFACE()B_SPLINE_SURFACE(3,3,((#4537,#4538,#4539,#4540,#4541,
#4542,#4543,#4544,#4545,#4546),(#4547,#4548,#4549,#4550,#4551,#4552,#4553,#4554,
#4555,#4556),(#4557,#4558,#4559,#4560,#4561,#4562,#4563,#4564,#4565,#4566),(
#4567,#4568,#4569,#4570,#4571,#4572,#4573,#4574,#4575,#4576)),.UNSPECIFIED.,.F.,
.F.,.F.)B_SPLINE_SURFACE_WITH_KNOTS((4,4),(4,1,1,1,1,1,1,4),(0.E0,1.E0),(
-1.699427022020E-1,0.E0,2.000089266704E-1,4.000037701428E-1,6.000131133118E-1,
8.000028973060E-1,1.E0,1.168556432713E0),.UNSPECIFIED.)GEOMETRIC_REPRESENTATION_ITEM()RATIONAL_B_SPLINE_SURFACE(((1.255111331577E0,1.255111331577E0,
1.255111331577E0,1.255111331577E0,1.255111331577E0,1.255111331577E0,
1.255111331577E0,1.255111331577E0,1.255111331577E0,1.255111331577E0),(
9.149628894742E-1,9.149628894742E-1,9.149628894742E-1,9.149628894742E-1,
9.149628894742E-1,9.149628894742E-1,9.149628894742E-1,9.149628894742E-1,
9.149628894742E-1,9.149628894742E-1),(9.149628894742E-1,9.149628894742E-1,
9.149628894742E-1,9.149628894742E-1,9.149628894742E-1,9.149628894742E-1,
9.149628894742E-1,9.149628894742E-1,9.149628894742E-1,9.149628894742E-1),(
1.255111331577E0,1.255111331577E0,1.255111331577E0,1.255111331577E0,
1.255111331577E0,1.255111331577E0,1.255111331577E0,1.255111331577E0,
1.255111331577E0,1.255111331577E0)))REPRESENTATION_ITEM('')SURFACE());
#4579=ORIENTED_EDGE('',*,*,#4578,.T.);
#4581=ORIENTED_EDGE('',*,*,#4580,.T.);
#4583=ORIENTED_EDGE('',*,*,#4582,.F.);
#4584=ORIENTED_EDGE('',*,*,#4529,.F.);
#4585=EDGE_LOOP('',(#4579,#4581,#4583,#4584));
#4586=FACE_OUTER_BOUND('',#4585,.F.);
#4587=ADVANCED_FACE('',(#4586),#4577,.T.);
#4588=CARTESIAN_POINT('',(-5.E0,-5.605254293491E0,-1.45E0));
#4589=DIRECTION('',(-1.E0,0.E0,0.E0));
#4590=DIRECTION('',(0.E0,0.E0,1.E0));
#4591=AXIS2_PLACEMENT_3D('',#4588,#4589,#4590);
#4592=CYLINDRICAL_SURFACE('',#4591,3.E-1);
#4593=ORIENTED_EDGE('',*,*,#4578,.F.);
#4594=ORIENTED_EDGE('',*,*,#4518,.T.);
#4596=ORIENTED_EDGE('',*,*,#4595,.F.);
#4598=ORIENTED_EDGE('',*,*,#4597,.F.);
#4599=EDGE_LOOP('',(#4593,#4594,#4596,#4598));
#4600=FACE_OUTER_BOUND('',#4599,.F.);
#4601=ADVANCED_FACE('',(#4600),#4592,.T.);
#4602=CARTESIAN_POINT('',(-3.646774091577E0,-5.490616101848E0,
-3.637427004381E0));
#4603=DIRECTION('',(-4.723143535999E-1,-4.613049101013E-2,8.802222044363E-1));
#4604=DIRECTION('',(8.811602680636E-1,0.E0,4.728177048146E-1));
#4605=AXIS2_PLACEMENT_3D('',#4602,#4603,#4604);
#4606=CYLINDRICAL_SURFACE('',#4605,3.E-1);
#4608=ORIENTED_EDGE('',*,*,#4607,.F.);
#4610=ORIENTED_EDGE('',*,*,#4609,.T.);
#4612=ORIENTED_EDGE('',*,*,#4611,.T.);
#4614=ORIENTED_EDGE('',*,*,#4613,.F.);
#4615=ORIENTED_EDGE('',*,*,#4595,.T.);
#4616=ORIENTED_EDGE('',*,*,#4516,.F.);
#4617=EDGE_LOOP('',(#4608,#4610,#4612,#4614,#4615,#4616));
#4618=FACE_OUTER_BOUND('',#4617,.F.);
#4619=ADVANCED_FACE('',(#4618),#4606,.T.);
#4620=CARTESIAN_POINT('',(6.119174075132E1,-5.500438734925E0,-3.45E0));
#4621=DIRECTION('',(-1.E0,0.E0,0.E0));
#4622=DIRECTION('',(0.E0,0.E0,-1.E0));
#4623=AXIS2_PLACEMENT_3D('',#4620,#4621,#4622);
#4624=CYLINDRICAL_SURFACE('',#4623,3.E-1);
#4625=ORIENTED_EDGE('',*,*,#4607,.T.);
#4626=ORIENTED_EDGE('',*,*,#4514,.F.);
#4628=ORIENTED_EDGE('',*,*,#4627,.T.);
#4630=ORIENTED_EDGE('',*,*,#4629,.T.);
#4631=EDGE_LOOP('',(#4625,#4626,#4628,#4630));
#4632=FACE_OUTER_BOUND('',#4631,.F.);
#4633=ADVANCED_FACE('',(#4632),#4624,.T.);
#4634=CARTESIAN_POINT('',(-2.467569109527E0,-5.532481708019E0,
-3.738344618997E0));
#4635=CARTESIAN_POINT('',(-2.459412209536E0,-5.537355611259E0,
-3.737801049686E0));
#4636=CARTESIAN_POINT('',(-2.431867289797E0,-5.553753419442E0,
-3.735554943986E0));
#4637=CARTESIAN_POINT('',(-2.386742018701E0,-5.580269811220E0,
-3.729582716253E0));
#4638=CARTESIAN_POINT('',(-2.333870945093E0,-5.610774900771E0,
-3.718887878662E0));
#4639=CARTESIAN_POINT('',(-2.285896850903E0,-5.637963691557E0,
-3.705932649644E0));
#4640=CARTESIAN_POINT('',(-2.242453495945E0,-5.662147349225E0,
-3.691258034178E0));
#4641=CARTESIAN_POINT('',(-2.203230023473E0,-5.683585903264E0,
-3.675279391271E0));
#4642=CARTESIAN_POINT('',(-2.167916347646E0,-5.702523384876E0,
-3.658302299713E0));
#4643=CARTESIAN_POINT('',(-2.136247366027E0,-5.719166760575E0,
-3.640559602698E0));
#4644=CARTESIAN_POINT('',(-2.108050421876E0,-5.733665341388E0,
-3.622264842668E0));
#4645=CARTESIAN_POINT('',(-2.083237596947E0,-5.746121076343E0,
-3.603650837375E0));
#4646=CARTESIAN_POINT('',(-2.061747562579E0,-5.756623089971E0,
-3.584967628026E0));
#4647=CARTESIAN_POINT('',(-2.043480434068E0,-5.765281380387E0,
-3.566443382397E0));
#4648=CARTESIAN_POINT('',(-2.028244683707E0,-5.772249709698E0,
-3.548209971743E0));
#4649=CARTESIAN_POINT('',(-2.015801315583E0,-5.777699183064E0,
-3.530277585233E0));
#4650=CARTESIAN_POINT('',(-2.005918517703E0,-5.781789610421E0,
-3.512506901349E0));
#4651=CARTESIAN_POINT('',(-1.998440494660E0,-5.784643372920E0,
-3.494587357390E0));
#4652=CARTESIAN_POINT('',(-1.993464205448E0,-5.786291136947E0,
-3.476259869243E0));
#4653=CARTESIAN_POINT('',(-1.991685708570E0,-5.786732343511E0,
-3.461662615903E0));
#4654=CARTESIAN_POINT('',(-1.991417505758E0,-5.786786461241E0,
-3.453026931764E0));
#4655=CARTESIAN_POINT('',(-1.991394508024E0,-5.786778319365E0,
-3.450265887377E0));
#4656=CARTESIAN_POINT('',(-2.446087451594E0,-5.479096614771E0,
-3.768432102605E0));
#4657=CARTESIAN_POINT('',(-2.437946527886E0,-5.484472800642E0,
-3.768789309358E0));
#4658=CARTESIAN_POINT('',(-2.410428091776E0,-5.502652329472E0,
-3.769542755159E0));
#4659=CARTESIAN_POINT('',(-2.365200221077E0,-5.532569117113E0,
-3.768237962254E0));
#4660=CARTESIAN_POINT('',(-2.311965493210E0,-5.567843311986E0,
-3.762575498833E0));
#4661=CARTESIAN_POINT('',(-2.263425581773E0,-5.600059509867E0,
-3.753769453660E0));
#4662=CARTESIAN_POINT('',(-2.219227176105E0,-5.629440787969E0,
-3.742441072460E0));
#4663=CARTESIAN_POINT('',(-2.179060919396E0,-5.656183142471E0,
-3.729065924564E0));
#4664=CARTESIAN_POINT('',(-2.142608210360E0,-5.680490348285E0,
-3.713994015079E0));
#4665=CARTESIAN_POINT('',(-2.109586505582E0,-5.702543450965E0,
-3.697481964254E0));
#4666=CARTESIAN_POINT('',(-2.079799611511E0,-5.722466704285E0,
-3.679743470329E0));
#4667=CARTESIAN_POINT('',(-2.053134043140E0,-5.740329364604E0,
-3.660990268382E0));
#4668=CARTESIAN_POINT('',(-2.029503867173E0,-5.756182157331E0,
-3.641432829114E0));
#4669=CARTESIAN_POINT('',(-2.008785342045E0,-5.770101022336E0,
-3.621236276423E0));
#4670=CARTESIAN_POINT('',(-1.990756829866E0,-5.782227737753E0,
-3.600423825377E0));
#4671=CARTESIAN_POINT('',(-1.975137919683E0,-5.792744054788E0,
-3.578804967645E0));
#4672=CARTESIAN_POINT('',(-1.961638877581E0,-5.801838559915E0,
-3.555854485850E0));
#4673=CARTESIAN_POINT('',(-1.950057702296E0,-5.809641083373E0,
-3.530503236403E0));
#4674=CARTESIAN_POINT('',(-1.940651120423E0,-5.815973192446E0,
-3.501118322583E0));
#4675=CARTESIAN_POINT('',(-1.936080075030E0,-5.819043641645E0,
-3.473598593032E0));
#4676=CARTESIAN_POINT('',(-1.935358812715E0,-5.819528950223E0,
-3.456100523163E0));
#4677=CARTESIAN_POINT('',(-1.935367938690E0,-5.819525573384E0,
-3.450431014282E0));
#4678=CARTESIAN_POINT('',(-2.422497510817E0,-5.423333951508E0,
-3.744964384093E0));
#4679=CARTESIAN_POINT('',(-2.414374131361E0,-5.428307569916E0,
-3.746263004096E0));
#4680=CARTESIAN_POINT('',(-2.386884778072E0,-5.445218747178E0,
-3.750229442433E0));
#4681=CARTESIAN_POINT('',(-2.341544238296E0,-5.473571041361E0,
-3.754368020026E0));
#4682=CARTESIAN_POINT('',(-2.287910165907E0,-5.507848610702E0,
-3.755336976300E0));
#4683=CARTESIAN_POINT('',(-2.238748905996E0,-5.539904358675E0,
-3.752739771884E0));
#4684=CARTESIAN_POINT('',(-2.193721346379E0,-5.569823075271E0,
-3.747175911888E0));
#4685=CARTESIAN_POINT('',(-2.152519777386E0,-5.597694170655E0,
-3.739102967194E0));
#4686=CARTESIAN_POINT('',(-2.114816246556E0,-5.623639979044E0,
-3.728857823017E0));
#4687=CARTESIAN_POINT('',(-2.080309057774E0,-5.647780178004E0,
-3.716677662627E0));
#4688=CARTESIAN_POINT('',(-2.048776170700E0,-5.670188792148E0,
-3.702738072067E0));
#4689=CARTESIAN_POINT('',(-2.020076024355E0,-5.690886179642E0,
-3.687189320409E0));
#4690=CARTESIAN_POINT('',(-1.994095666027E0,-5.709871118386E0,
-3.670160003487E0));
#4691=CARTESIAN_POINT('',(-1.970685155896E0,-5.727167928443E0,
-3.651715294613E0));
#4692=CARTESIAN_POINT('',(-1.949589790772E0,-5.742879610998E0,
-3.631752971955E0));
#4693=CARTESIAN_POINT('',(-1.930483680050E0,-5.757167237478E0,
-3.609892648045E0));
#4694=CARTESIAN_POINT('',(-1.913013483242E0,-5.770217726505E0,
-3.585272481692E0));
#4695=CARTESIAN_POINT('',(-1.896926458421E0,-5.782145962356E0,
-3.556168178950E0));
#4696=CARTESIAN_POINT('',(-1.882654779924E0,-5.792572092186E0,
-3.519705997446E0));
#4697=CARTESIAN_POINT('',(-1.875017115824E0,-5.798027096570E0,
-3.482693139639E0));
#4698=CARTESIAN_POINT('',(-1.873798329208E0,-5.798906735464E0,
-3.458438175871E0));
#4699=CARTESIAN_POINT('',(-1.873842731624E0,-5.798909282161E0,
-3.450538101995E0));
#4700=CARTESIAN_POINT('',(-2.412901617891E0,-5.403256927151E0,
-3.683960366081E0));
#4701=CARTESIAN_POINT('',(-2.404785375067E0,-5.407197917773E0,
-3.685598434333E0));
#4702=CARTESIAN_POINT('',(-2.377307852061E0,-5.420656439273E0,
-3.690798139722E0));
#4703=CARTESIAN_POINT('',(-2.331921480868E0,-5.443547263108E0,
-3.697440416368E0));
#4704=CARTESIAN_POINT('',(-2.278124963507E0,-5.471742765773E0,
-3.702113276565E0));
#4705=CARTESIAN_POINT('',(-2.228710952075E0,-5.498559728833E0,
-3.703546457986E0));
#4706=CARTESIAN_POINT('',(-2.183346110028E0,-5.523988850179E0,
-3.702230583760E0));
#4707=CARTESIAN_POINT('',(-2.141723397723E0,-5.548043156131E0,
-3.698539303164E0));
#4708=CARTESIAN_POINT('',(-2.103511058831E0,-5.570777946664E0,
-3.692747790858E0));
#4709=CARTESIAN_POINT('',(-2.068399606327E0,-5.592257973693E0,
-3.685043846647E0));
#4710=CARTESIAN_POINT('',(-2.036156485935E0,-5.612516146839E0,
-3.675552691506E0));
#4711=CARTESIAN_POINT('',(-2.006628715961E0,-5.631541098123E0,
-3.664364701436E0));
#4712=CARTESIAN_POINT('',(-1.979692352762E0,-5.649301568558E0,
-3.651540180270E0));
#4713=CARTESIAN_POINT('',(-1.955186799617E0,-5.665787932159E0,
-3.637075669598E0));
#4714=CARTESIAN_POINT('',(-1.932843903066E0,-5.681064089069E0,
-3.620812352341E0));
#4715=CARTESIAN_POINT('',(-1.912319272336E0,-5.695253220984E0,
-3.602320390442E0));
#4716=CARTESIAN_POINT('',(-1.893233693118E0,-5.708511272745E0,
-3.580680368036E0));
#4717=CARTESIAN_POINT('',(-1.875313783252E0,-5.720925989632E0,
-3.554063472456E0));
#4718=CARTESIAN_POINT('',(-1.859063085531E0,-5.732061265629E0,
-3.519335075312E0));
#4719=CARTESIAN_POINT('',(-1.850177985287E0,-5.738028456843E0,
-3.482738381005E0));
#4720=CARTESIAN_POINT('',(-1.848756816225E0,-5.738996398368E0,
-3.458444224291E0));
#4721=CARTESIAN_POINT('',(-1.848815568356E0,-5.739001983737E0,
-3.450514053182E0));
#4722=CARTESIAN_POINT('',(-2.403305724964E0,-5.383179902793E0,
-3.622956348069E0));
#4723=CARTESIAN_POINT('',(-2.395196618774E0,-5.386088265629E0,
-3.624933864571E0));
#4724=CARTESIAN_POINT('',(-2.367730926049E0,-5.396094131368E0,
-3.631366837011E0));
#4725=CARTESIAN_POINT('',(-2.322298723440E0,-5.413523484855E0,
-3.640512812709E0));
#4726=CARTESIAN_POINT('',(-2.268339761107E0,-5.435636920844E0,
-3.648889576829E0));
#4727=CARTESIAN_POINT('',(-2.218672998153E0,-5.457215098991E0,
-3.654353144088E0));
#4728=CARTESIAN_POINT('',(-2.172970873678E0,-5.478154625086E0,
-3.657285255633E0));
#4729=CARTESIAN_POINT('',(-2.130927018059E0,-5.498392141607E0,
-3.657975639134E0));
#4730=CARTESIAN_POINT('',(-2.092205871107E0,-5.517915914284E0,
-3.656637758700E0));
#4731=CARTESIAN_POINT('',(-2.056490154879E0,-5.536735769381E0,
-3.653410030666E0));
#4732=CARTESIAN_POINT('',(-2.023536801170E0,-5.554843501530E0,
-3.648367310945E0));
#4733=CARTESIAN_POINT('',(-1.993181407567E0,-5.572196016605E0,
-3.641540082464E0));
#4734=CARTESIAN_POINT('',(-1.965289039497E0,-5.588732018730E0,
-3.632920357052E0));
#4735=CARTESIAN_POINT('',(-1.939688443338E0,-5.604407935875E0,
-3.622436044583E0));
#4736=CARTESIAN_POINT('',(-1.916098015360E0,-5.619248567141E0,
-3.609871732727E0));
#4737=CARTESIAN_POINT('',(-1.894154864622E0,-5.633339204490E0,
-3.594748132840E0));
#4738=CARTESIAN_POINT('',(-1.873453902995E0,-5.646804818985E0,
-3.576088254379E0));
#4739=CARTESIAN_POINT('',(-1.853701108083E0,-5.659706016908E0,
-3.551958765962E0));
#4740=CARTESIAN_POINT('',(-1.835471391137E0,-5.671550439072E0,
-3.518964153179E0));
#4741=CARTESIAN_POINT('',(-1.825338854750E0,-5.678029817116E0,
-3.482783622370E0));
#4742=CARTESIAN_POINT('',(-1.823715303242E0,-5.679086061273E0,
-3.458450272711E0));
#4743=CARTESIAN_POINT('',(-1.823788405088E0,-5.679094685313E0,
-3.450490004369E0));
#4744=CARTESIAN_POINT('',(-2.414253970143E0,-5.412492955543E0,
-3.566056952039E0));
#4745=CARTESIAN_POINT('',(-2.406136721552E0,-5.414443494865E0,
-3.567540246760E0));
#4746=CARTESIAN_POINT('',(-2.378657531300E0,-5.421169159634E0,
-3.572384941193E0));
#4747=CARTESIAN_POINT('',(-2.333277619144E0,-5.432968027833E0,
-3.579385936811E0));
#4748=CARTESIAN_POINT('',(-2.279503995204E0,-5.448065532720E0,
-3.586010829838E0));
#4749=CARTESIAN_POINT('',(-2.230125604124E0,-5.462902549357E0,
-3.590575214472E0));
#4750=CARTESIAN_POINT('',(-2.184808295398E0,-5.477390013178E0,
-3.593339130598E0));
#4751=CARTESIAN_POINT('',(-2.143244934954E0,-5.491470524065E0,
-3.594499745433E0));
#4752=CARTESIAN_POINT('',(-2.105104302545E0,-5.505125477073E0,
-3.594202345069E0));
#4753=CARTESIAN_POINT('',(-2.070078009120E0,-5.518353707020E0,
-3.592539724701E0));
#4754=CARTESIAN_POINT('',(-2.037934982136E0,-5.531143072528E0,
-3.589558501149E0));
#4755=CARTESIAN_POINT('',(-2.008523849424E0,-5.543457581416E0,
-3.585271719808E0));
#4756=CARTESIAN_POINT('',(-1.981722216297E0,-5.555248314519E0,
-3.579663299009E0));
#4757=CARTESIAN_POINT('',(-1.957370987914E0,-5.566478598857E0,
-3.572670683316E0));
#4758=CARTESIAN_POINT('',(-1.935203906365E0,-5.577160498492E0,
-3.564129338327E0));
#4759=CARTESIAN_POINT('',(-1.914879188112E0,-5.587350068975E0,
-3.553684707990E0));
#4760=CARTESIAN_POINT('',(-1.896021265252E0,-5.597133144149E0,
-3.540620576298E0));
#4761=CARTESIAN_POINT('',(-1.878359664461E0,-5.606549523154E0,
-3.523521068547E0));
#4762=CARTESIAN_POINT('',(-1.862387870550E0,-5.615234158618E0,
-3.499887822937E0));
#4763=CARTESIAN_POINT('',(-1.853678571880E0,-5.620003739944E0,
-3.473748677051E0));
#4764=CARTESIAN_POINT('',(-1.852285924641E0,-5.620781984282E0,
-3.456120588233E0));
#4765=CARTESIAN_POINT('',(-1.852342654462E0,-5.620788687952E0,
-3.450351234584E0));
#4766=CARTESIAN_POINT('',(-2.438273156862E0,-5.471187197989E0,
-3.552101312850E0));
#4767=CARTESIAN_POINT('',(-2.430138044782E0,-5.472908521789E0,
-3.552594068134E0));
#4768=CARTESIAN_POINT('',(-2.402629242513E0,-5.478765482911E0,
-3.554113087103E0));
#4769=CARTESIAN_POINT('',(-2.357364049577E0,-5.488608181264E0,
-3.555784572100E0));
#4770=CARTESIAN_POINT('',(-2.303997036689E0,-5.500544916749E0,
-3.556397634131E0));
#4771=CARTESIAN_POINT('',(-2.255251300229E0,-5.511739865583E0,
-3.555747043528E0));
#4772=CARTESIAN_POINT('',(-2.210778232857E0,-5.522216933262E0,
-3.554041392077E0));
#4773=CARTESIAN_POINT('',(-2.170269023386E0,-5.532002951849E0,
-3.551439828821E0));
#4774=CARTESIAN_POINT('',(-2.133401972905E0,-5.541137299158E0,
-3.548059532213E0));
#4775=CARTESIAN_POINT('',(-2.099888193563E0,-5.549659255455E0,
-3.543982579312E0));
#4776=CARTESIAN_POINT('',(-2.069522929921E0,-5.557592609025E0,
-3.539268749631E0));
#4777=CARTESIAN_POINT('',(-2.042183396655E0,-5.564942449988E0,
-3.533968009302E0));
#4778=CARTESIAN_POINT('',(-2.017774710144E0,-5.571706201226E0,
-3.528121906238E0));
#4779=CARTESIAN_POINT('',(-1.996164450509E0,-5.577890224662E0,
-3.521749077785E0));
#4780=CARTESIAN_POINT('',(-1.977120026801E0,-5.583528908179E0,
-3.514808611724E0));
#4781=CARTESIAN_POINT('',(-1.960345962687E0,-5.588677680802E0,
-3.507159726166E0));
#4782=CARTESIAN_POINT('',(-1.945531454235E0,-5.593401790514E0,
-3.498487325958E0));
#4783=CARTESIAN_POINT('',(-1.932457692062E0,-5.597740763979E0,
-3.488161756114E0));
#4784=CARTESIAN_POINT('',(-1.921439520771E0,-5.601553528460E0,
-3.475127455893E0));
#4785=CARTESIAN_POINT('',(-1.915852641441E0,-5.603558424953E0,
-3.461800736339E0));
#4786=CARTESIAN_POINT('',(-1.914966571526E0,-5.603882127779E0,
-3.453045397396E0));
#4787=CARTESIAN_POINT('',(-1.914987383012E0,-5.603883262870E0,
-3.450192467124E0));
#4788=(BOUNDED_SURFACE()B_SPLINE_SURFACE(3,3,((#4634,#4635,#4636,#4637,#4638,
#4639,#4640,#4641,#4642,#4643,#4644,#4645,#4646,#4647,#4648,#4649,#4650,#4651,
#4652,#4653,#4654,#4655),(#4656,#4657,#4658,#4659,#4660,#4661,#4662,#4663,#4664,
#4665,#4666,#4667,#4668,#4669,#4670,#4671,#4672,#4673,#4674,#4675,#4676,#4677),(
#4678,#4679,#4680,#4681,#4682,#4683,#4684,#4685,#4686,#4687,#4688,#4689,#4690,
#4691,#4692,#4693,#4694,#4695,#4696,#4697,#4698,#4699),(#4700,#4701,#4702,#4703,
#4704,#4705,#4706,#4707,#4708,#4709,#4710,#4711,#4712,#4713,#4714,#4715,#4716,
#4717,#4718,#4719,#4720,#4721),(#4722,#4723,#4724,#4725,#4726,#4727,#4728,#4729,
#4730,#4731,#4732,#4733,#4734,#4735,#4736,#4737,#4738,#4739,#4740,#4741,#4742,
#4743),(#4744,#4745,#4746,#4747,#4748,#4749,#4750,#4751,#4752,#4753,#4754,#4755,
#4756,#4757,#4758,#4759,#4760,#4761,#4762,#4763,#4764,#4765),(#4766,#4767,#4768,
#4769,#4770,#4771,#4772,#4773,#4774,#4775,#4776,#4777,#4778,#4779,#4780,#4781,
#4782,#4783,#4784,#4785,#4786,#4787)),.UNSPECIFIED.,.F.,.F.,.F.)B_SPLINE_SURFACE_WITH_KNOTS((4,3,4),(4,1,1,1,1,1,1,1,1,1,1,1,1,1,1,1,1,1,1,4),(0.E0,1.E0,2.E0),(
-4.289266964338E-2,0.E0,1.021052075342E-1,1.955910764731E-1,2.814140441755E-1,
3.602236631499E-1,4.326504233921E-1,4.993518628689E-1,5.609729289115E-1,
6.179557135378E-1,6.705106370612E-1,7.188398064898E-1,7.632312000513E-1,
8.041401170594E-1,8.425001602427E-1,8.793796580552E-1,9.162727897782E-1,
9.556911175907E-1,1.E0,1.021236400067E0),.UNSPECIFIED.)GEOMETRIC_REPRESENTATION_ITEM()RATIONAL_B_SPLINE_SURFACE(((1.205761040158E0,1.205761040158E0,
1.205761040158E0,1.205761040158E0,1.205761040158E0,1.205761040158E0,
1.205761040158E0,1.205761040158E0,1.205761040158E0,1.205761040158E0,
1.205761040158E0,1.205761040158E0,1.205761040158E0,1.205761040158E0,
1.205761040158E0,1.205761040158E0,1.205761040158E0,1.205761040158E0,
1.205761040158E0,1.205761040158E0,1.205761040158E0,1.205761040158E0),(
9.314129866139E-1,9.314129866139E-1,9.314129866139E-1,9.314129866139E-1,
9.314129866139E-1,9.314129866139E-1,9.314129866139E-1,9.314129866139E-1,
9.314129866139E-1,9.314129866139E-1,9.314129866139E-1,9.314129866139E-1,
9.314129866139E-1,9.314129866139E-1,9.314129866139E-1,9.314129866139E-1,
9.314129866139E-1,9.314129866139E-1,9.314129866139E-1,9.314129866139E-1,
9.314129866139E-1,9.314129866139E-1),(9.314129866139E-1,9.314129866139E-1,
9.314129866139E-1,9.314129866139E-1,9.314129866139E-1,9.314129866139E-1,
9.314129866139E-1,9.314129866139E-1,9.314129866139E-1,9.314129866139E-1,
9.314129866139E-1,9.314129866139E-1,9.314129866139E-1,9.314129866139E-1,
9.314129866139E-1,9.314129866139E-1,9.314129866139E-1,9.314129866139E-1,
9.314129866139E-1,9.314129866139E-1,9.314129866139E-1,9.314129866139E-1),(
1.205761040158E0,1.205761040158E0,1.205761040158E0,1.205761040158E0,
1.205761040158E0,1.205761040158E0,1.205761040158E0,1.205761040158E0,
1.205761040158E0,1.205761040158E0,1.205761040158E0,1.205761040158E0,
1.205761040158E0,1.205761040158E0,1.205761040158E0,1.205761040158E0,
1.205761040158E0,1.205761040158E0,1.205761040158E0,1.205761040158E0,
1.205761040158E0,1.205761040158E0),(9.314129866139E-1,9.314129866139E-1,
9.314129866139E-1,9.314129866139E-1,9.314129866139E-1,9.314129866139E-1,
9.314129866139E-1,9.314129866139E-1,9.314129866139E-1,9.314129866139E-1,
9.314129866139E-1,9.314129866139E-1,9.314129866139E-1,9.314129866139E-1,
9.314129866139E-1,9.314129866139E-1,9.314129866139E-1,9.314129866139E-1,
9.314129866139E-1,9.314129866139E-1,9.314129866139E-1,9.314129866139E-1),(
9.314129866139E-1,9.314129866139E-1,9.314129866139E-1,9.314129866139E-1,
9.314129866139E-1,9.314129866139E-1,9.314129866139E-1,9.314129866139E-1,
9.314129866139E-1,9.314129866139E-1,9.314129866139E-1,9.314129866139E-1,
9.314129866139E-1,9.314129866139E-1,9.314129866139E-1,9.314129866139E-1,
9.314129866139E-1,9.314129866139E-1,9.314129866139E-1,9.314129866139E-1,
9.314129866139E-1,9.314129866139E-1),(1.205761040158E0,1.205761040158E0,
1.205761040158E0,1.205761040158E0,1.205761040158E0,1.205761040158E0,
1.205761040158E0,1.205761040158E0,1.205761040158E0,1.205761040158E0,
1.205761040158E0,1.205761040158E0,1.205761040158E0,1.205761040158E0,
1.205761040158E0,1.205761040158E0,1.205761040158E0,1.205761040158E0,
1.205761040158E0,1.205761040158E0,1.205761040158E0,1.205761040158E0)))REPRESENTATION_ITEM('')SURFACE());
#4790=ORIENTED_EDGE('',*,*,#4789,.T.);
#4792=ORIENTED_EDGE('',*,*,#4791,.F.);
#4793=ORIENTED_EDGE('',*,*,#4627,.F.);
#4794=EDGE_LOOP('',(#4790,#4792,#4793));
#4795=FACE_OUTER_BOUND('',#4794,.F.);
#4796=ADVANCED_FACE('',(#4795),#4788,.T.);
#4797=CARTESIAN_POINT('',(-1.991685239755E0,-5.786726075256E0,
-3.458726239551E0));
#4798=CARTESIAN_POINT('',(-1.991679412761E0,-5.786728478077E0,
-3.458680390982E0));
#4799=CARTESIAN_POINT('',(-1.991385368402E0,-5.786850450113E0,
-3.456353025900E0));
#4800=CARTESIAN_POINT('',(-1.991180264424E0,-5.786972280388E0,
-3.454028365771E0));
#4801=CARTESIAN_POINT('',(-1.991064373476E0,-5.787091509686E0,
-3.451753335237E0));
#4802=CARTESIAN_POINT('',(-1.935948670685E0,-5.819123858467E0,
-3.467508276006E0));
#4803=CARTESIAN_POINT('',(-1.935939368149E0,-5.819127694170E0,
-3.467435086425E0));
#4804=CARTESIAN_POINT('',(-1.935469895527E0,-5.819322424585E0,
-3.463719408775E0));
#4805=CARTESIAN_POINT('',(-1.935140237611E0,-5.819518058284E0,
-3.459986495421E0));
#4806=CARTESIAN_POINT('',(-1.934953463423E0,-5.819710155843E0,
-3.456321055626E0));
#4807=CARTESIAN_POINT('',(-1.874769442850E0,-5.798006818275E0,
-3.474177483549E0));
#4808=CARTESIAN_POINT('',(-1.874756325386E0,-5.798012226780E0,
-3.474074283115E0));
#4809=CARTESIAN_POINT('',(-1.874094293985E0,-5.798286820406E0,
-3.468834724603E0));
#4810=CARTESIAN_POINT('',(-1.873627919479E0,-5.798563464411E0,
-3.463556042531E0));
#4811=CARTESIAN_POINT('',(-1.873363340324E0,-5.798835545796E0,
-3.458364420440E0));
#4812=CARTESIAN_POINT('',(-1.850027991152E0,-5.737830691672E0,
-3.474168434955E0));
#4813=CARTESIAN_POINT('',(-1.850013330895E0,-5.737836736234E0,
-3.474053097851E0));
#4814=CARTESIAN_POINT('',(-1.849273426924E0,-5.738143627289E0,
-3.468197267672E0));
#4815=CARTESIAN_POINT('',(-1.848751762950E0,-5.738453032619E0,
-3.462293462280E0));
#4816=CARTESIAN_POINT('',(-1.848455718739E0,-5.738757460211E0,
-3.456484637800E0));
#4817=CARTESIAN_POINT('',(-1.825286539454E0,-5.677654565070E0,
-3.474159386361E0));
#4818=CARTESIAN_POINT('',(-1.825270336404E0,-5.677661245688E0,
-3.474031912588E0));
#4819=CARTESIAN_POINT('',(-1.824452559863E0,-5.678000434173E0,
-3.467559810741E0));
#4820=CARTESIAN_POINT('',(-1.823875606421E0,-5.678342600828E0,
-3.461030882028E0));
#4821=CARTESIAN_POINT('',(-1.823548097154E0,-5.678679374626E0,
-3.454604855159E0));
#4822=CARTESIAN_POINT('',(-1.853919703304E0,-5.619613110822E0,
-3.467478275874E0));
#4823=CARTESIAN_POINT('',(-1.853905285721E0,-5.619619055335E0,
-3.467364847811E0));
#4824=CARTESIAN_POINT('',(-1.853177630734E0,-5.619920866159E0,
-3.461605954220E0));
#4825=CARTESIAN_POINT('',(-1.852664663529E0,-5.620225118289E0,
-3.455800477740E0));
#4826=CARTESIAN_POINT('',(-1.852373568620E0,-5.620524457977E0,
-3.450088736247E0));
#4827=CARTESIAN_POINT('',(-1.916326559366E0,-5.603438790945E0,
-3.458698678917E0));
#4828=CARTESIAN_POINT('',(-1.916316033262E0,-5.603443131096E0,
-3.458615863907E0));
#4829=CARTESIAN_POINT('',(-1.915784800956E0,-5.603663476165E0,
-3.454411429518E0));
#4830=CARTESIAN_POINT('',(-1.915411293710E0,-5.603885092429E0,
-3.450182739297E0));
#4831=CARTESIAN_POINT('',(-1.915199565010E0,-5.604102843328E0,
-3.446027804621E0));
#4832=(BOUNDED_SURFACE()B_SPLINE_SURFACE(3,3,((#4797,#4798,#4799,#4800,#4801),(
#4802,#4803,#4804,#4805,#4806),(#4807,#4808,#4809,#4810,#4811),(#4812,#4813,
#4814,#4815,#4816),(#4817,#4818,#4819,#4820,#4821),(#4822,#4823,#4824,#4825,
#4826),(#4827,#4828,#4829,#4830,#4831)),.UNSPECIFIED.,.F.,.F.,.F.)B_SPLINE_SURFACE_WITH_KNOTS((4,3,4),(4,1,4),(0.E0,1.E0,2.E0),(-3.825001776694E-3,0.E0,
1.903441444075E-1),.UNSPECIFIED.)GEOMETRIC_REPRESENTATION_ITEM()RATIONAL_B_SPLINE_SURFACE(((1.206473882984E0,1.206473882984E0,1.206473882984E0,1.206473882984E0,
1.206473882984E0),(9.311753723385E-1,9.311753723385E-1,9.311753723386E-1,
9.311753723385E-1,9.311753723385E-1),(9.311753723385E-1,9.311753723385E-1,
9.311753723386E-1,9.311753723385E-1,9.311753723385E-1),(1.206473882984E0,
1.206473882984E0,1.206473882984E0,1.206473882984E0,1.206473882984E0),(
9.311753723385E-1,9.311753723385E-1,9.311753723386E-1,9.311753723385E-1,
9.311753723385E-1),(9.311753723385E-1,9.311753723385E-1,9.311753723386E-1,
9.311753723385E-1,9.311753723385E-1),(1.206473882984E0,1.206473882984E0,
1.206473882984E0,1.206473882984E0,1.206473882984E0)))REPRESENTATION_ITEM('')SURFACE());
#4833=ORIENTED_EDGE('',*,*,#4512,.T.);
#4835=ORIENTED_EDGE('',*,*,#4834,.T.);
#4837=ORIENTED_EDGE('',*,*,#4836,.F.);
#4838=ORIENTED_EDGE('',*,*,#4789,.F.);
#4839=EDGE_LOOP('',(#4833,#4835,#4837,#4838));
#4840=FACE_OUTER_BOUND('',#4839,.F.);
#4841=ADVANCED_FACE('',(#4840),#4832,.T.);
#4842=CARTESIAN_POINT('',(-3.882035745862E0,-3.759385610375E0,
-4.049273717200E1));
#4843=DIRECTION('',(-5.226442768871E-2,5.226442768871E-2,-9.972646886342E-1));
#4844=DIRECTION('',(-9.986295347546E-1,0.E0,5.233595624294E-2));
#4845=AXIS2_PLACEMENT_3D('',#4842,#4843,#4844);
#4846=CYLINDRICAL_SURFACE('',#4845,1.E-1);
#4847=ORIENTED_EDGE('',*,*,#4834,.F.);
#4848=ORIENTED_EDGE('',*,*,#4510,.F.);
#4849=ORIENTED_EDGE('',*,*,#3416,.F.);
#4851=ORIENTED_EDGE('',*,*,#4850,.F.);
#4853=ORIENTED_EDGE('',*,*,#4852,.F.);
#4854=EDGE_LOOP('',(#4847,#4848,#4849,#4851,#4853));
#4855=FACE_OUTER_BOUND('',#4854,.F.);
#4856=ADVANCED_FACE('',(#4855),#4846,.T.);
#4857=CARTESIAN_POINT('',(8.E0,-5.9E0,3.5E-1));
#4858=DIRECTION('',(0.E0,0.E0,-1.E0));
#4859=DIRECTION('',(1.E0,0.E0,0.E0));
#4860=AXIS2_PLACEMENT_3D('',#4857,#4858,#4859);
#4861=PLANE('',#4860);
#4863=ORIENTED_EDGE('',*,*,#4862,.T.);
#4865=ORIENTED_EDGE('',*,*,#4864,.F.);
#4866=ORIENTED_EDGE('',*,*,#3439,.T.);
#4868=ORIENTED_EDGE('',*,*,#4867,.T.);
#4870=ORIENTED_EDGE('',*,*,#4869,.F.);
#4871=ORIENTED_EDGE('',*,*,#4850,.T.);
#4872=EDGE_LOOP('',(#4863,#4865,#4866,#4868,#4870,#4871));
#4873=FACE_OUTER_BOUND('',#4872,.F.);
#4874=ADVANCED_FACE('',(#4873),#4861,.T.);
#4875=CARTESIAN_POINT('',(-1.723223248556E0,-5.826769463681E0,
-1.134103877142E-1));
#4876=DIRECTION('',(5.226442768871E-2,-5.226442768871E-2,-9.972646886342E-1));
#4877=DIRECTION('',(0.E0,-9.986295347546E-1,5.233595624294E-2));
#4878=AXIS2_PLACEMENT_3D('',#4875,#4876,#4877);
#4879=CYLINDRICAL_SURFACE('',#4878,1.E-1);
#4881=ORIENTED_EDGE('',*,*,#4880,.F.);
#4883=ORIENTED_EDGE('',*,*,#4882,.T.);
#4884=ORIENTED_EDGE('',*,*,#4862,.F.);
#4885=ORIENTED_EDGE('',*,*,#3424,.T.);
#4886=ORIENTED_EDGE('',*,*,#3618,.T.);
#4887=EDGE_LOOP('',(#4881,#4883,#4884,#4885,#4886));
#4888=FACE_OUTER_BOUND('',#4887,.F.);
#4889=ADVANCED_FACE('',(#4888),#4879,.T.);
#4890=CARTESIAN_POINT('',(-1.901335120473E0,-5.527013786625E0,
3.758860983942E0));
#4891=CARTESIAN_POINT('',(-1.901324630833E0,-5.527018078485E0,
3.758779090367E0));
#4892=CARTESIAN_POINT('',(-1.900782280869E0,-5.527241280831E0,
3.754520135904E0));
#4893=CARTESIAN_POINT('',(-1.900401780288E0,-5.527465799573E0,
3.750236063103E0));
#4894=CARTESIAN_POINT('',(-1.900187249790E0,-5.527686513129E0,
3.746024597565E0));
#4895=CARTESIAN_POINT('',(-1.838935921165E0,-5.543184964660E0,
3.767700572165E0));
#4896=CARTESIAN_POINT('',(-1.838921554457E0,-5.543190842689E0,
3.767588412687E0));
#4897=CARTESIAN_POINT('',(-1.838178719216E0,-5.543496549264E0,
3.761755183739E0));
#4898=CARTESIAN_POINT('',(-1.837656143282E0,-5.543804780491E0,
3.755873781556E0));
#4899=CARTESIAN_POINT('',(-1.837361191204E0,-5.544108192822E0,
3.750084329401E0));
#4900=CARTESIAN_POINT('',(-1.810306271453E0,-5.601224975650E0,
3.774409207274E0));
#4901=CARTESIAN_POINT('',(-1.810290125892E0,-5.601231581436E0,
3.774283161365E0));
#4902=CARTESIAN_POINT('',(-1.809455305124E0,-5.601575142138E0,
3.767727632651E0));
#4903=CARTESIAN_POINT('',(-1.808867542975E0,-5.601921781858E0,
3.761113352784E0));
#4904=CARTESIAN_POINT('',(-1.808535692320E0,-5.602263137575E0,
3.754599897684E0));
#4905=CARTESIAN_POINT('',(-1.835044688353E0,-5.661402347004E0,
3.774394471947E0));
#4906=CARTESIAN_POINT('',(-1.835030079870E0,-5.661408323947E0,
3.774280425078E0));
#4907=CARTESIAN_POINT('',(-1.834274742307E0,-5.661719175511E0,
3.768349023900E0));
#4908=CARTESIAN_POINT('',(-1.833743306512E0,-5.662032627074E0,
3.762368011777E0));
#4909=CARTESIAN_POINT('',(-1.833443339320E0,-5.662341196525E0,
3.756480155903E0));
#4910=CARTESIAN_POINT('',(-1.859783105252E0,-5.721579718357E0,
3.774379736619E0));
#4911=CARTESIAN_POINT('',(-1.859770033848E0,-5.721585066458E0,
3.774277688791E0));
#4912=CARTESIAN_POINT('',(-1.859094179490E0,-5.721863208883E0,
3.768970415149E0));
#4913=CARTESIAN_POINT('',(-1.858619070048E0,-5.722143472290E0,
3.763622670770E0));
#4914=CARTESIAN_POINT('',(-1.858350986319E0,-5.722419255475E0,
3.758360414123E0));
#4915=CARTESIAN_POINT('',(-1.920954827444E0,-5.742699840703E0,
3.767651717969E0));
#4916=CARTESIAN_POINT('',(-1.920945556840E0,-5.742703633837E0,
3.767579340672E0));
#4917=CARTESIAN_POINT('',(-1.920466243941E0,-5.742900895003E0,
3.763815373395E0));
#4918=CARTESIAN_POINT('',(-1.920130415035E0,-5.743099092663E0,
3.760033536757E0));
#4919=CARTESIAN_POINT('',(-1.919941170885E0,-5.743293803871E0,
3.756318225583E0));
#4920=CARTESIAN_POINT('',(-1.976684559554E0,-5.710304867673E0,
3.758816102385E0));
#4921=CARTESIAN_POINT('',(-1.976678751622E0,-5.710307244173E0,
3.758770756054E0));
#4922=CARTESIAN_POINT('',(-1.976378495359E0,-5.710430819480E0,
3.756412798731E0));
#4923=CARTESIAN_POINT('',(-1.976169556245E0,-5.710554252168E0,
3.754057562747E0));
#4924=CARTESIAN_POINT('',(-1.976052137906E0,-5.710675103766E0,
3.751751576891E0));
#4925=(BOUNDED_SURFACE()B_SPLINE_SURFACE(3,3,((#4890,#4891,#4892,#4893,#4894),(
#4895,#4896,#4897,#4898,#4899),(#4900,#4901,#4902,#4903,#4904),(#4905,#4906,
#4907,#4908,#4909),(#4910,#4911,#4912,#4913,#4914),(#4915,#4916,#4917,#4918,
#4919),(#4920,#4921,#4922,#4923,#4924)),.UNSPECIFIED.,.F.,.F.,.F.)B_SPLINE_SURFACE_WITH_KNOTS((4,3,4),(4,1,4),(0.E0,1.E0,2.E0),(-3.630613720911E-3,0.E0,
1.851612939339E-1),.UNSPECIFIED.)GEOMETRIC_REPRESENTATION_ITEM()RATIONAL_B_SPLINE_SURFACE(((1.206473873968E0,1.206473873968E0,1.206473873968E0,1.206473873968E0,
1.206473873968E0),(9.311753753442E-1,9.311753753442E-1,9.311753753442E-1,
9.311753753442E-1,9.311753753442E-1),(9.311753753442E-1,9.311753753442E-1,
9.311753753442E-1,9.311753753442E-1,9.311753753442E-1),(1.206473873968E0,
1.206473873968E0,1.206473873968E0,1.206473873968E0,1.206473873968E0),(
9.311753753442E-1,9.311753753442E-1,9.311753753442E-1,9.311753753442E-1,
9.311753753442E-1),(9.311753753442E-1,9.311753753442E-1,9.311753753442E-1,
9.311753753442E-1,9.311753753442E-1),(1.206473873968E0,1.206473873968E0,
1.206473873968E0,1.206473873968E0,1.206473873968E0)))REPRESENTATION_ITEM('')SURFACE());
#4926=ORIENTED_EDGE('',*,*,#4880,.T.);
#4927=ORIENTED_EDGE('',*,*,#3616,.F.);
#4929=ORIENTED_EDGE('',*,*,#4928,.F.);
#4930=ORIENTED_EDGE('',*,*,#3519,.F.);
#4931=EDGE_LOOP('',(#4926,#4927,#4929,#4930));
#4932=FACE_OUTER_BOUND('',#4931,.F.);
#4933=ADVANCED_FACE('',(#4932),#4925,.T.);
#4934=CARTESIAN_POINT('',(-2.417080352229E0,-5.370434524296E0,
4.038344233393E0));
#4935=CARTESIAN_POINT('',(-2.407868364520E0,-5.372755414108E0,
4.037800724001E0));
#4936=CARTESIAN_POINT('',(-2.376774774383E0,-5.380643055866E0,
4.035552953769E0));
#4937=CARTESIAN_POINT('',(-2.326111344387E0,-5.393803086131E0,
4.029578371329E0));
#4938=CARTESIAN_POINT('',(-2.267212432341E0,-5.409603339763E0,
4.018890967889E0));
#4939=CARTESIAN_POINT('',(-2.214196112505E0,-5.424263732115E0,
4.005972177221E0));
#4940=CARTESIAN_POINT('',(-2.166501894894E0,-5.437844716381E0,
3.991351357891E0));
#4941=CARTESIAN_POINT('',(-2.123656432934E0,-5.450403297898E0,
3.975413736250E0));
#4942=CARTESIAN_POINT('',(-2.085299893624E0,-5.461978568800E0,
3.958463375172E0));
#4943=CARTESIAN_POINT('',(-2.051187373728E0,-5.472584813340E0,
3.940772740712E0));
#4944=CARTESIAN_POINT('',(-2.021143666679E0,-5.482219801844E0,
3.922604453904E0));
#4945=CARTESIAN_POINT('',(-1.995000911679E0,-5.490881123807E0,
3.904203919515E0));
#4946=CARTESIAN_POINT('',(-1.972553750716E0,-5.498580431308E0,
3.885772801259E0));
#4947=CARTESIAN_POINT('',(-1.953563414231E0,-5.505343599839E0,
3.867454329618E0));
#4948=CARTESIAN_POINT('',(-1.937752629713E0,-5.511214510887E0,
3.849298343633E0));
#4949=CARTESIAN_POINT('',(-1.924856861367E0,-5.516238968315E0,
3.831259495985E0));
#4950=CARTESIAN_POINT('',(-1.914702014045E0,-5.520434824263E0,
3.813238081810E0));
#4951=CARTESIAN_POINT('',(-1.907188412020E0,-5.523788440977E0,
3.795021833622E0));
#4952=CARTESIAN_POINT('',(-1.902395891313E0,-5.526191901578E0,
3.776441547031E0));
#4953=CARTESIAN_POINT('',(-1.900809228482E0,-5.527147788882E0,
3.761750125347E0));
#4954=CARTESIAN_POINT('',(-1.900577951885E0,-5.527301273940E0,
3.753089567936E0));
#4955=CARTESIAN_POINT('',(-1.900566193213E0,-5.527323744446E0,
3.750359054845E0));
#4956=CARTESIAN_POINT('',(-2.439639244177E0,-5.423373051538E0,
4.068432383958E0));
#4957=CARTESIAN_POINT('',(-2.430083454588E0,-5.425327554987E0,
4.068789430933E0));
#4958=CARTESIAN_POINT('',(-2.397747847597E0,-5.431935707873E0,
4.069543265410E0));
#4959=CARTESIAN_POINT('',(-2.344606830883E0,-5.442763419338E0,
4.068236421225E0));
#4960=CARTESIAN_POINT('',(-2.282081425198E0,-5.455451248714E0,
4.062576201883E0));
#4961=CARTESIAN_POINT('',(-2.225120785853E0,-5.466965100361E0,
4.053796791942E0));
#4962=CARTESIAN_POINT('',(-2.173231779925E0,-5.477414459694E0,
4.042515460230E0));
#4963=CARTESIAN_POINT('',(-2.125979684632E0,-5.486894943482E0,
4.029181715835E0));
#4964=CARTESIAN_POINT('',(-2.083027506659E0,-5.495481076928E0,
4.014140391641E0));
#4965=CARTESIAN_POINT('',(-2.044147230949E0,-5.503224678746E0,
3.997683577809E0));
#4966=CARTESIAN_POINT('',(-2.009178388120E0,-5.510163657141E0,
3.980076903574E0));
#4967=CARTESIAN_POINT('',(-1.977963516175E0,-5.516335139770E0,
3.961554495076E0));
#4968=CARTESIAN_POINT('',(-1.950296890218E0,-5.521785652968E0,
3.942287918810E0));
#4969=CARTESIAN_POINT('',(-1.925925222408E0,-5.526570861831E0,
3.922358327189E0));
#4970=CARTESIAN_POINT('',(-1.904532791139E0,-5.530758376569E0,
3.901695624172E0));
#4971=CARTESIAN_POINT('',(-1.885793847970E0,-5.534417391729E0,
3.880029236974E0));
#4972=CARTESIAN_POINT('',(-1.869473321265E0,-5.537599147230E0,
3.856849049241E0));
#4973=CARTESIAN_POINT('',(-1.855456910181E0,-5.540331404477E0,
3.831169718927E0));
#4974=CARTESIAN_POINT('',(-1.844117327495E0,-5.542546409907E0,
3.801452982242E0));
#4975=CARTESIAN_POINT('',(-1.838655075169E0,-5.543619061103E0,
3.773772130443E0));
#4976=CARTESIAN_POINT('',(-1.837790637621E0,-5.543788104664E0,
3.756226975476E0));
#4977=CARTESIAN_POINT('',(-1.837793294189E0,-5.543785311702E0,
3.750620613315E0));
#4978=CARTESIAN_POINT('',(-2.462389012969E0,-5.479484026956E0,
4.044965347410E0));
#4979=CARTESIAN_POINT('',(-2.453130203821E0,-5.481710709836E0,
4.046263591237E0));
#4980=CARTESIAN_POINT('',(-2.421712630253E0,-5.489195746486E0,
4.050232640999E0));
#4981=CARTESIAN_POINT('',(-2.369597956781E0,-5.501209326248E0,
4.054369874692E0));
#4982=CARTESIAN_POINT('',(-2.307493875209E0,-5.514883001818E0,
4.055334881594E0));
#4983=CARTESIAN_POINT('',(-2.250209045008E0,-5.526948738416E0,
4.052748600128E0));
#4984=CARTESIAN_POINT('',(-2.197359716534E0,-5.537605281429E0,
4.047215831397E0));
#4985=CARTESIAN_POINT('',(-2.148584654299E0,-5.547021721342E0,
4.039177300439E0));
#4986=CARTESIAN_POINT('',(-2.103595983026E0,-5.555335530748E0,
4.028961565859E0));
#4987=CARTESIAN_POINT('',(-2.062200507200E0,-5.562656020488E0,
4.016830290697E0));
#4988=CARTESIAN_POINT('',(-2.024265414326E0,-5.569076649262E0,
4.003004871780E0));
#4989=CARTESIAN_POINT('',(-1.989655891163E0,-5.574689192691E0,
3.987664900535E0));
#4990=CARTESIAN_POINT('',(-1.958180381750E0,-5.579593045886E0,
3.970917612341E0));
#4991=CARTESIAN_POINT('',(-1.929587495666E0,-5.583894427790E0,
3.952760331298E0));
#4992=CARTESIAN_POINT('',(-1.903541381847E0,-5.587709099336E0,
3.933001652969E0));
#4993=CARTESIAN_POINT('',(-1.879671712906E0,-5.591154582741E0,
3.911168092570E0));
#4994=CARTESIAN_POINT('',(-1.857692675343E0,-5.594335001598E0,
3.886382841011E0));
#4995=CARTESIAN_POINT('',(-1.837481901217E0,-5.597331572912E0,
3.856974214652E0));
#4996=CARTESIAN_POINT('',(-1.819709406002E0,-5.600096330138E0,
3.820151454758E0));
#4997=CARTESIAN_POINT('',(-1.810350558471E0,-5.601656564050E0,
3.782931608584E0));
#4998=CARTESIAN_POINT('',(-1.808847548921E0,-5.601899422825E0,
3.758613202443E0));
#4999=CARTESIAN_POINT('',(-1.808865949991E0,-5.601868801437E0,
3.750801365628E0));
#5000=CARTESIAN_POINT('',(-2.469800820700E0,-5.500466479234E0,
3.983961563760E0));
#5001=CARTESIAN_POINT('',(-2.461277057477E0,-5.503418119507E0,
3.985599190335E0));
#5002=CARTESIAN_POINT('',(-2.432310924222E0,-5.513337857643E0,
3.990802381808E0));
#5003=CARTESIAN_POINT('',(-2.384025949015E0,-5.529246027142E0,
3.997443942361E0));
#5004=CARTESIAN_POINT('',(-2.326103416326E0,-5.547330887429E0,
4.002109883145E0));
#5005=CARTESIAN_POINT('',(-2.272335814402E0,-5.563270221710E0,
4.003543090403E0));
#5006=CARTESIAN_POINT('',(-2.222416138812E0,-5.577331334841E0,
4.002244029910E0));
#5007=CARTESIAN_POINT('',(-2.176041342930E0,-5.589741500650E0,
3.998577571794E0));
#5008=CARTESIAN_POINT('',(-2.132965420237E0,-5.600685685975E0,
3.992810064812E0));
#5009=CARTESIAN_POINT('',(-2.093024158537E0,-5.610311407713E0,
3.985143462999E0));
#5010=CARTESIAN_POINT('',(-2.056106443520E0,-5.618745169291E0,
3.975737882907E0));
#5011=CARTESIAN_POINT('',(-2.022096900764E0,-5.626111201761E0,
3.964712350188E0));
#5012=CARTESIAN_POINT('',(-1.990823007451E0,-5.632543675665E0,
3.952119447195E0));
#5013=CARTESIAN_POINT('',(-1.962050391116E0,-5.638185620321E0,
3.937908140105E0));
#5014=CARTESIAN_POINT('',(-1.935455131096E0,-5.643192502025E0,
3.921847147061E0));
#5015=CARTESIAN_POINT('',(-1.910669384053E0,-5.647722119519E0,
3.903420891107E0));
#5016=CARTESIAN_POINT('',(-1.887401465299E0,-5.651914877918E0,
3.881679891136E0));
#5017=CARTESIAN_POINT('',(-1.865533004352E0,-5.655881017844E0,
3.854821347001E0));
#5018=CARTESIAN_POINT('',(-1.845832808527E0,-5.659558476985E0,
3.819773514039E0));
#5019=CARTESIAN_POINT('',(-1.835216149544E0,-5.661644291781E0,
3.782976362103E0));
#5020=CARTESIAN_POINT('',(-1.833505041861E0,-5.661968836715E0,
3.758619426491E0));
#5021=CARTESIAN_POINT('',(-1.833529769603E0,-5.661926817439E0,
3.750777931481E0));
#5022=CARTESIAN_POINT('',(-2.477212628430E0,-5.521448931513E0,
3.922957780110E0));
#5023=CARTESIAN_POINT('',(-2.469423911134E0,-5.525125529177E0,
3.924934789433E0));
#5024=CARTESIAN_POINT('',(-2.442909218191E0,-5.537479968800E0,
3.931372122617E0));
#5025=CARTESIAN_POINT('',(-2.398453941248E0,-5.557282728037E0,
3.940518010029E0));
#5026=CARTESIAN_POINT('',(-2.344712957443E0,-5.579778773040E0,
3.948884884696E0));
#5027=CARTESIAN_POINT('',(-2.294462583796E0,-5.599591705004E0,
3.954337580678E0));
#5028=CARTESIAN_POINT('',(-2.247472561089E0,-5.617057388254E0,
3.957272228422E0));
#5029=CARTESIAN_POINT('',(-2.203498031561E0,-5.632461279957E0,
3.957977843149E0));
#5030=CARTESIAN_POINT('',(-2.162334857448E0,-5.646035841201E0,
3.956658563764E0));
#5031=CARTESIAN_POINT('',(-2.123847809874E0,-5.657966794939E0,
3.953456635300E0));
#5032=CARTESIAN_POINT('',(-2.087947472713E0,-5.668413689320E0,
3.948470894033E0));
#5033=CARTESIAN_POINT('',(-2.054537910365E0,-5.677533210831E0,
3.941759799841E0));
#5034=CARTESIAN_POINT('',(-2.023465633153E0,-5.685494305443E0,
3.933321282048E0));
#5035=CARTESIAN_POINT('',(-1.994513286565E0,-5.692476812852E0,
3.923055948912E0));
#5036=CARTESIAN_POINT('',(-1.967368880346E0,-5.698675904715E0,
3.910692641154E0));
#5037=CARTESIAN_POINT('',(-1.941667055200E0,-5.704289656297E0,
3.895673689644E0));
#5038=CARTESIAN_POINT('',(-1.917110255255E0,-5.709494754238E0,
3.876976941261E0));
#5039=CARTESIAN_POINT('',(-1.893584107488E0,-5.714430462776E0,
3.852668479351E0));
#5040=CARTESIAN_POINT('',(-1.871956211052E0,-5.719020623832E0,
3.819395573319E0));
#5041=CARTESIAN_POINT('',(-1.860081740618E0,-5.721632019511E0,
3.783021115623E0));
#5042=CARTESIAN_POINT('',(-1.858162534801E0,-5.722038250605E0,
3.758625650539E0));
#5043=CARTESIAN_POINT('',(-1.858193589214E0,-5.721984833441E0,
3.750754497334E0));
#5044=CARTESIAN_POINT('',(-2.464227225405E0,-5.492980381015E0,
3.866058018393E0));
#5045=CARTESIAN_POINT('',(-2.457109882156E0,-5.497339863032E0,
3.867540935997E0));
#5046=CARTESIAN_POINT('',(-2.432906699880E0,-5.512024911141E0,
3.872388920556E0));
#5047=CARTESIAN_POINT('',(-2.392470350160E0,-5.535772561011E0,
3.879389947276E0));
#5048=CARTESIAN_POINT('',(-2.343816843096E0,-5.563094084480E0,
3.886007231094E0));
#5049=CARTESIAN_POINT('',(-2.298524280688E0,-5.587458235347E0,
3.890562100303E0));
#5050=CARTESIAN_POINT('',(-2.256354125103E0,-5.609201938678E0,
3.893325701007E0));
#5051=CARTESIAN_POINT('',(-2.217064689689E0,-5.628613829051E0,
3.894495900708E0));
#5052=CARTESIAN_POINT('',(-2.180457876826E0,-5.645925989409E0,
3.894211156912E0));
#5053=CARTESIAN_POINT('',(-2.146401820918E0,-5.661316983493E0,
3.892565480724E0));
#5054=CARTESIAN_POINT('',(-2.114808034289E0,-5.674934342302E0,
3.889621209780E0));
#5055=CARTESIAN_POINT('',(-2.085583541419E0,-5.686922861367E0,
3.885411548907E0));
#5056=CARTESIAN_POINT('',(-2.058585758080E0,-5.697444431269E0,
3.879926758277E0));
#5057=CARTESIAN_POINT('',(-2.033617851912E0,-5.706676832097E0,
3.873087567407E0));
#5058=CARTESIAN_POINT('',(-2.010403679316E0,-5.714819392901E0,
3.864691590633E0));
#5059=CARTESIAN_POINT('',(-1.988625732438E0,-5.722074921837E0,
3.854328618304E0));
#5060=CARTESIAN_POINT('',(-1.968029462528E0,-5.728615019401E0,
3.841247451434E0));
#5061=CARTESIAN_POINT('',(-1.948513829946E0,-5.734563730135E0,
3.824027781185E0));
#5062=CARTESIAN_POINT('',(-1.930779280183E0,-5.739806539087E0,
3.800199199137E0));
#5063=CARTESIAN_POINT('',(-1.921144355617E0,-5.742622755870E0,
3.773920596073E0));
#5064=CARTESIAN_POINT('',(-1.919589571910E0,-5.743062785652E0,
3.756247623175E0));
#5065=CARTESIAN_POINT('',(-1.919613216622E0,-5.743022181258E0,
3.750542872717E0));
#5066=CARTESIAN_POINT('',(-2.439708359670E0,-5.434493267258E0,
3.852101670103E0));
#5067=CARTESIAN_POINT('',(-2.432740443217E0,-5.439027428359E0,
3.852594285179E0));
#5068=CARTESIAN_POINT('',(-2.409131020459E0,-5.454348134406E0,
3.854114309368E0));
#5069=CARTESIAN_POINT('',(-2.370159534450E0,-5.479398220210E0,
3.855785355210E0));
#5070=CARTESIAN_POINT('',(-2.324026754862E0,-5.508665677015E0,
3.856396782296E0));
#5071=CARTESIAN_POINT('',(-2.281748418324E0,-5.535152036846E0,
3.855749359702E0));
#5072=CARTESIAN_POINT('',(-2.242998335486E0,-5.559127062725E0,
3.854053913639E0));
#5073=CARTESIAN_POINT('',(-2.207480808475E0,-5.580825391830E0,
3.851464087893E0));
#5074=CARTESIAN_POINT('',(-2.174963828241E0,-5.600431114686E0,
3.848094020699E0));
#5075=CARTESIAN_POINT('',(-2.145290976676E0,-5.618075157388E0,
3.844033888464E0));
#5076=CARTESIAN_POINT('',(-2.118353291066E0,-5.633856174731E0,
3.839359225540E0));
#5077=CARTESIAN_POINT('',(-2.094042256697E0,-5.647870841587E0,
3.834130531360E0));
#5078=CARTESIAN_POINT('',(-2.072210623118E0,-5.660236978291E0,
3.828382615723E0));
#5079=CARTESIAN_POINT('',(-2.052671576030E0,-5.671092841215E0,
3.822111073956E0));
#5080=CARTESIAN_POINT('',(-2.035184266061E0,-5.680603531022E0,
3.815244000638E0));
#5081=CARTESIAN_POINT('',(-2.019491741124E0,-5.688937814488E0,
3.807607542410E0));
#5082=CARTESIAN_POINT('',(-2.005401981532E0,-5.696224310065E0,
3.798880129118E0));
#5083=CARTESIAN_POINT('',(-1.992827515671E0,-5.702537988151E0,
3.788449198850E0));
#5084=CARTESIAN_POINT('',(-1.982149787827E0,-5.707727897953E0,
3.775287706332E0));
#5085=CARTESIAN_POINT('',(-1.976723067627E0,-5.710288366564E0,
3.761886756385E0));
#5086=CARTESIAN_POINT('',(-1.975856474212E0,-5.710691236806E0,
3.753108569752E0));
#5087=CARTESIAN_POINT('',(-1.975864030662E0,-5.710678909931E0,
3.750287511159E0));
#5088=(BOUNDED_SURFACE()B_SPLINE_SURFACE(3,3,((#4934,#4935,#4936,#4937,#4938,
#4939,#4940,#4941,#4942,#4943,#4944,#4945,#4946,#4947,#4948,#4949,#4950,#4951,
#4952,#4953,#4954,#4955),(#4956,#4957,#4958,#4959,#4960,#4961,#4962,#4963,#4964,
#4965,#4966,#4967,#4968,#4969,#4970,#4971,#4972,#4973,#4974,#4975,#4976,#4977),(
#4978,#4979,#4980,#4981,#4982,#4983,#4984,#4985,#4986,#4987,#4988,#4989,#4990,
#4991,#4992,#4993,#4994,#4995,#4996,#4997,#4998,#4999),(#5000,#5001,#5002,#5003,
#5004,#5005,#5006,#5007,#5008,#5009,#5010,#5011,#5012,#5013,#5014,#5015,#5016,
#5017,#5018,#5019,#5020,#5021),(#5022,#5023,#5024,#5025,#5026,#5027,#5028,#5029,
#5030,#5031,#5032,#5033,#5034,#5035,#5036,#5037,#5038,#5039,#5040,#5041,#5042,
#5043),(#5044,#5045,#5046,#5047,#5048,#5049,#5050,#5051,#5052,#5053,#5054,#5055,
#5056,#5057,#5058,#5059,#5060,#5061,#5062,#5063,#5064,#5065),(#5066,#5067,#5068,
#5069,#5070,#5071,#5072,#5073,#5074,#5075,#5076,#5077,#5078,#5079,#5080,#5081,
#5082,#5083,#5084,#5085,#5086,#5087)),.UNSPECIFIED.,.F.,.F.,.F.)B_SPLINE_SURFACE_WITH_KNOTS((4,3,4),(4,1,1,1,1,1,1,1,1,1,1,1,1,1,1,1,1,1,1,4),(0.E0,1.E0,2.E0),(
-4.288252995561E-2,0.E0,1.022152968673E-1,1.956276996374E-1,2.811467303468E-1,
3.596889643241E-1,4.320410698811E-1,4.987904345535E-1,5.603564359981E-1,
6.170091092099E-1,6.690077333114E-1,7.167490371120E-1,7.607585536719E-1,
8.016243516818E-1,8.402979724216E-1,8.778649105192E-1,9.154092126489E-1,
9.552739065869E-1,1.E0,1.020999442237E0),.UNSPECIFIED.)GEOMETRIC_REPRESENTATION_ITEM()RATIONAL_B_SPLINE_SURFACE(((1.205761085E0,1.205761085E0,1.205761085E0,
1.205761085E0,1.205761085E0,1.205761085E0,1.205761085E0,1.205761085E0,
1.205761085E0,1.205761085E0,1.205761085E0,1.205761085E0,1.205761085E0,
1.205761085E0,1.205761085E0,1.205761085E0,1.205761085E0,1.205761085E0,
1.205761085E0,1.205761085E0,1.205761085E0,1.205761085E0),(9.314129716667E-1,
9.314129716667E-1,9.314129716667E-1,9.314129716667E-1,9.314129716667E-1,
9.314129716667E-1,9.314129716667E-1,9.314129716667E-1,9.314129716667E-1,
9.314129716667E-1,9.314129716667E-1,9.314129716667E-1,9.314129716667E-1,
9.314129716667E-1,9.314129716667E-1,9.314129716667E-1,9.314129716667E-1,
9.314129716667E-1,9.314129716667E-1,9.314129716667E-1,9.314129716667E-1,
9.314129716667E-1),(9.314129716667E-1,9.314129716667E-1,9.314129716667E-1,
9.314129716667E-1,9.314129716667E-1,9.314129716667E-1,9.314129716667E-1,
9.314129716667E-1,9.314129716667E-1,9.314129716667E-1,9.314129716667E-1,
9.314129716667E-1,9.314129716667E-1,9.314129716667E-1,9.314129716667E-1,
9.314129716667E-1,9.314129716667E-1,9.314129716667E-1,9.314129716667E-1,
9.314129716667E-1,9.314129716667E-1,9.314129716667E-1),(1.205761085E0,
1.205761085E0,1.205761085E0,1.205761085E0,1.205761085E0,1.205761085E0,
1.205761085E0,1.205761085E0,1.205761085E0,1.205761085E0,1.205761085E0,
1.205761085E0,1.205761085E0,1.205761085E0,1.205761085E0,1.205761085E0,
1.205761085E0,1.205761085E0,1.205761085E0,1.205761085E0,1.205761085E0,
1.205761085E0),(9.314129716667E-1,9.314129716667E-1,9.314129716667E-1,
9.314129716667E-1,9.314129716667E-1,9.314129716667E-1,9.314129716667E-1,
9.314129716667E-1,9.314129716667E-1,9.314129716667E-1,9.314129716667E-1,
9.314129716667E-1,9.314129716667E-1,9.314129716667E-1,9.314129716667E-1,
9.314129716667E-1,9.314129716667E-1,9.314129716667E-1,9.314129716667E-1,
9.314129716667E-1,9.314129716667E-1,9.314129716667E-1),(9.314129716667E-1,
9.314129716667E-1,9.314129716667E-1,9.314129716667E-1,9.314129716667E-1,
9.314129716667E-1,9.314129716667E-1,9.314129716667E-1,9.314129716667E-1,
9.314129716667E-1,9.314129716667E-1,9.314129716667E-1,9.314129716667E-1,
9.314129716667E-1,9.314129716667E-1,9.314129716667E-1,9.314129716667E-1,
9.314129716667E-1,9.314129716667E-1,9.314129716667E-1,9.314129716667E-1,
9.314129716667E-1),(1.205761085E0,1.205761085E0,1.205761085E0,1.205761085E0,
1.205761085E0,1.205761085E0,1.205761085E0,1.205761085E0,1.205761085E0,
1.205761085E0,1.205761085E0,1.205761085E0,1.205761085E0,1.205761085E0,
1.205761085E0,1.205761085E0,1.205761085E0,1.205761085E0,1.205761085E0,
1.205761085E0,1.205761085E0,1.205761085E0)))REPRESENTATION_ITEM('')SURFACE());
#5089=ORIENTED_EDGE('',*,*,#4928,.T.);
#5090=ORIENTED_EDGE('',*,*,#3580,.F.);
#5091=ORIENTED_EDGE('',*,*,#3521,.F.);
#5092=EDGE_LOOP('',(#5089,#5090,#5091));
#5093=FACE_OUTER_BOUND('',#5092,.F.);
#5094=ADVANCED_FACE('',(#5093),#5088,.T.);
#5095=CARTESIAN_POINT('',(-1.508571356E0,-5.9E0,2.075E1));
#5096=DIRECTION('',(-7.071067811865E-1,-7.071067811865E-1,0.E0));
#5097=DIRECTION('',(-7.071067811865E-1,7.071067811865E-1,0.E0));
#5098=AXIS2_PLACEMENT_3D('',#5095,#5096,#5097);
#5099=PLANE('',#5098);
#5100=ORIENTED_EDGE('',*,*,#3517,.F.);
#5101=ORIENTED_EDGE('',*,*,#3441,.T.);
#5102=ORIENTED_EDGE('',*,*,#4864,.T.);
#5103=ORIENTED_EDGE('',*,*,#4882,.F.);
#5104=EDGE_LOOP('',(#5100,#5101,#5102,#5103));
#5105=FACE_OUTER_BOUND('',#5104,.F.);
#5106=ADVANCED_FACE('',(#5105),#5099,.F.);
#5107=CARTESIAN_POINT('',(-4.171551362472E0,-3.187027281291E0,
-4.044756827248E1));
#5108=DIRECTION('',(5.226442768871E-2,-5.226442768871E-2,9.972646886342E-1));
#5109=DIRECTION('',(9.986295347546E-1,0.E0,-5.233595624294E-2));
#5110=AXIS2_PLACEMENT_3D('',#5107,#5108,#5109);
#5111=CYLINDRICAL_SURFACE('',#5110,1.E-1);
#5113=ORIENTED_EDGE('',*,*,#5112,.F.);
#5115=ORIENTED_EDGE('',*,*,#5114,.T.);
#5116=ORIENTED_EDGE('',*,*,#4867,.F.);
#5117=ORIENTED_EDGE('',*,*,#3388,.F.);
#5119=ORIENTED_EDGE('',*,*,#5118,.F.);
#5120=EDGE_LOOP('',(#5113,#5115,#5116,#5117,#5119));
#5121=FACE_OUTER_BOUND('',#5120,.F.);
#5122=ADVANCED_FACE('',(#5121),#5111,.F.);
#5123=CARTESIAN_POINT('',(-2.285777925102E0,-5.217235498553E0,
-3.392076984444E0));
#5124=CARTESIAN_POINT('',(-2.293434187768E0,-5.212458181794E0,
-3.393717365586E0));
#5125=CARTESIAN_POINT('',(-2.308478412119E0,-5.199879227848E0,
-3.397666843010E0));
#5126=CARTESIAN_POINT('',(-2.325541932541E0,-5.175166379194E0,
-3.403801610725E0));
#5127=CARTESIAN_POINT('',(-2.335198353520E0,-5.145891879604E0,
-3.409660581830E0));
#5128=CARTESIAN_POINT('',(-2.336279553967E0,-5.115571341141E0,
-3.414494018626E0));
#5129=CARTESIAN_POINT('',(-2.328922855711E0,-5.086552753706E0,
-3.417886888913E0));
#5130=CARTESIAN_POINT('',(-2.313826380938E0,-5.060930756032E0,
-3.419553592851E0));
#5131=CARTESIAN_POINT('',(-2.291898421633E0,-5.040394373726E0,
-3.419332335688E0));
#5132=CARTESIAN_POINT('',(-2.264537916982E0,-5.026779579843E0,
-3.417160638685E0));
#5133=CARTESIAN_POINT('',(-2.235185748720E0,-5.021858221629E0,
-3.413346832588E0));
#5134=CARTESIAN_POINT('',(-2.215944702302E0,-5.023928028708E0,
-3.410092959778E0));
#5135=CARTESIAN_POINT('',(-2.207345298322E0,-5.026082907760E0,
-3.408601567851E0));
#5136=CARTESIAN_POINT('',(-2.263251563236E0,-5.179031665997E0,
-3.616657768053E0));
#5137=CARTESIAN_POINT('',(-2.268360584215E0,-5.177260700820E0,
-3.619091819376E0));
#5138=CARTESIAN_POINT('',(-2.279170843558E0,-5.171871641390E0,
-3.623643826685E0));
#5139=CARTESIAN_POINT('',(-2.293755762522E0,-5.158600204219E0,
-3.630545231427E0));
#5140=CARTESIAN_POINT('',(-2.304466369360E0,-5.140001684554E0,
-3.637057318147E0));
#5141=CARTESIAN_POINT('',(-2.308875336386E0,-5.118328397792E0,
-3.642355448220E0));
#5142=CARTESIAN_POINT('',(-2.305867408453E0,-5.095978276106E0,
-3.646038249456E0));
#5143=CARTESIAN_POINT('',(-2.295390305041E0,-5.075690558273E0,
-3.647835594021E0));
#5144=CARTESIAN_POINT('',(-2.278347998915E0,-5.059960146918E0,
-3.647598511351E0));
#5145=CARTESIAN_POINT('',(-2.256713823500E0,-5.051051061004E0,
-3.645249325386E0));
#5146=CARTESIAN_POINT('',(-2.234481603262E0,-5.050255780821E0,
-3.641115608191E0));
#5147=CARTESIAN_POINT('',(-2.221085379867E0,-5.054143587767E0,
-3.637501469561E0));
#5148=CARTESIAN_POINT('',(-2.215405125316E0,-5.056777981765E0,
-3.635248006862E0));
#5149=CARTESIAN_POINT('',(-2.344031642223E0,-5.316030015844E0,
-3.781497687237E0));
#5150=CARTESIAN_POINT('',(-2.361229353570E0,-5.308490238378E0,
-3.783356868735E0));
#5151=CARTESIAN_POINT('',(-2.396638064770E0,-5.286952201124E0,
-3.785776145171E0));
#5152=CARTESIAN_POINT('',(-2.441646285745E0,-5.238535219647E0,
-3.789267893503E0));
#5153=CARTESIAN_POINT('',(-2.472149360590E0,-5.174690666642E0,
-3.792478373522E0));
#5154=CARTESIAN_POINT('',(-2.481989829472E0,-5.103120537226E0,
-3.795010397066E0));
#5155=CARTESIAN_POINT('',(-2.468900079951E0,-5.030935615014E0,
-3.796730756926E0));
#5156=CARTESIAN_POINT('',(-2.433377852236E0,-4.965802496991E0,
-3.797557334454E0));
#5157=CARTESIAN_POINT('',(-2.378166116914E0,-4.914537875088E0,
-3.797449990546E0));
#5158=CARTESIAN_POINT('',(-2.308734680973E0,-4.883587320789E0,
-3.796361546012E0));
#5159=CARTESIAN_POINT('',(-2.236592641236E0,-4.877272937364E0,
-3.794437167628E0));
#5160=CARTESIAN_POINT('',(-2.191983952803E0,-4.887007389023E0,
-3.792658032023E0));
#5161=CARTESIAN_POINT('',(-2.172742142139E0,-4.894302916309E0,
-3.790904059717E0));
#5162=CARTESIAN_POINT('',(-2.459002598398E0,-5.511014542742E0,
-3.745559445773E0));
#5163=CARTESIAN_POINT('',(-2.492581829521E0,-5.493866594058E0,
-3.745967076975E0));
#5164=CARTESIAN_POINT('',(-2.560374935032E0,-5.446657797670E0,
-3.745343129696E0));
#5165=CARTESIAN_POINT('',(-2.642678136047E0,-5.346578899534E0,
-3.744166235611E0));
#5166=CARTESIAN_POINT('',(-2.694777494035E0,-5.220278877790E0,
-3.742945246541E0));
#5167=CARTESIAN_POINT('',(-2.707505998452E0,-5.082959629057E0,
-3.741847048884E0));
#5168=CARTESIAN_POINT('',(-2.678529857968E0,-4.947075374391E0,
-3.741031662996E0));
#5169=CARTESIAN_POINT('',(-2.609726658352E0,-4.825286971656E0,
-3.740616655638E0));
#5170=CARTESIAN_POINT('',(-2.505948235598E0,-4.728551084593E0,
-3.740673610069E0));
#5171=CARTESIAN_POINT('',(-2.376091361264E0,-4.667670600855E0,
-3.741205444993E0));
#5172=CARTESIAN_POINT('',(-2.239712655206E0,-4.650914086400E0,
-3.742129341540E0));
#5173=CARTESIAN_POINT('',(-2.153539648249E0,-4.665521429130E0,
-3.742810446306E0));
#5174=CARTESIAN_POINT('',(-2.115858864844E0,-4.677671635015E0,
-3.742390160787E0));
#5175=(BOUNDED_SURFACE()B_SPLINE_SURFACE(3,3,((#5123,#5124,#5125,#5126,#5127,
#5128,#5129,#5130,#5131,#5132,#5133,#5134,#5135),(#5136,#5137,#5138,#5139,#5140,
#5141,#5142,#5143,#5144,#5145,#5146,#5147,#5148),(#5149,#5150,#5151,#5152,#5153,
#5154,#5155,#5156,#5157,#5158,#5159,#5160,#5161),(#5162,#5163,#5164,#5165,#5166,
#5167,#5168,#5169,#5170,#5171,#5172,#5173,#5174)),.UNSPECIFIED.,.F.,.F.,.F.)B_SPLINE_SURFACE_WITH_KNOTS((4,4),(4,1,1,1,1,1,1,1,1,1,4),(0.E0,1.E0),(
-1.085866630276E-1,0.E0,1.248492142008E-1,2.487276334784E-1,3.725317238709E-1,
4.961965624126E-1,6.194365941355E-1,7.436565748059E-1,8.718697477027E-1,1.E0,
1.110018973235E0),.UNSPECIFIED.)GEOMETRIC_REPRESENTATION_ITEM()RATIONAL_B_SPLINE_SURFACE(((1.272103427375E0,1.272103427375E0,1.272103427375E0,1.272103427375E0,
1.272103427375E0,1.272103427375E0,1.272103427375E0,1.272103427375E0,
1.272103427375E0,1.272103427375E0,1.272103427375E0,1.272103427375E0,
1.272103427375E0),(9.092988575417E-1,9.092988575417E-1,9.092988575417E-1,
9.092988575417E-1,9.092988575417E-1,9.092988575417E-1,9.092988575417E-1,
9.092988575417E-1,9.092988575417E-1,9.092988575417E-1,9.092988575417E-1,
9.092988575417E-1,9.092988575417E-1),(9.092988575417E-1,9.092988575417E-1,
9.092988575417E-1,9.092988575417E-1,9.092988575417E-1,9.092988575417E-1,
9.092988575417E-1,9.092988575417E-1,9.092988575417E-1,9.092988575417E-1,
9.092988575417E-1,9.092988575417E-1,9.092988575417E-1),(1.272103427375E0,
1.272103427375E0,1.272103427375E0,1.272103427375E0,1.272103427375E0,
1.272103427375E0,1.272103427375E0,1.272103427375E0,1.272103427375E0,
1.272103427375E0,1.272103427375E0,1.272103427375E0,1.272103427375E0)))REPRESENTATION_ITEM('')SURFACE());
#5176=ORIENTED_EDGE('',*,*,#5112,.T.);
#5178=ORIENTED_EDGE('',*,*,#5177,.T.);
#5180=ORIENTED_EDGE('',*,*,#5179,.F.);
#5182=ORIENTED_EDGE('',*,*,#5181,.F.);
#5183=EDGE_LOOP('',(#5176,#5178,#5180,#5182));
#5184=FACE_OUTER_BOUND('',#5183,.F.);
#5185=ADVANCED_FACE('',(#5184),#5175,.T.);
#5186=CARTESIAN_POINT('',(-2.317513165816E0,-4.725438734925E0,-3.45E0));
#5187=DIRECTION('',(1.E0,0.E0,0.E0));
#5188=DIRECTION('',(0.E0,-9.986295347546E-1,-5.233595624294E-2));
#5189=AXIS2_PLACEMENT_3D('',#5186,#5187,#5188);
#5190=CYLINDRICAL_SURFACE('',#5189,3.E-1);
#5192=ORIENTED_EDGE('',*,*,#5191,.T.);
#5194=ORIENTED_EDGE('',*,*,#5193,.T.);
#5196=ORIENTED_EDGE('',*,*,#5195,.F.);
#5197=ORIENTED_EDGE('',*,*,#5177,.F.);
#5198=EDGE_LOOP('',(#5192,#5194,#5196,#5197));
#5199=FACE_OUTER_BOUND('',#5198,.F.);
#5200=ADVANCED_FACE('',(#5199),#5190,.T.);
#5201=CARTESIAN_POINT('',(-2.275E0,-5.225E0,3.5E-1));
#5202=DIRECTION('',(0.E0,9.986295347546E-1,5.233595624294E-2));
#5203=DIRECTION('',(0.E0,5.233595624294E-2,-9.986295347546E-1));
#5204=AXIS2_PLACEMENT_3D('',#5201,#5202,#5203);
#5205=PLANE('',#5204);
#5206=ORIENTED_EDGE('',*,*,#5191,.F.);
#5207=ORIENTED_EDGE('',*,*,#5118,.T.);
#5208=ORIENTED_EDGE('',*,*,#3386,.F.);
#5210=ORIENTED_EDGE('',*,*,#5209,.F.);
#5211=EDGE_LOOP('',(#5206,#5207,#5208,#5210));
#5212=FACE_OUTER_BOUND('',#5211,.F.);
#5213=ADVANCED_FACE('',(#5212),#5205,.F.);
#5214=CARTESIAN_POINT('',(2.021946130039E0,-5.336632513724E0,
5.693429922341E-1));
#5215=DIRECTION('',(-5.226442768871E-2,-5.226442768871E-2,9.972646886342E-1));
#5216=DIRECTION('',(9.986295347546E-1,0.E0,5.233595624294E-2));
#5217=AXIS2_PLACEMENT_3D('',#5214,#5215,#5216);
#5218=CYLINDRICAL_SURFACE('',#5217,1.E-1);
#5220=ORIENTED_EDGE('',*,*,#5219,.F.);
#5221=ORIENTED_EDGE('',*,*,#5209,.T.);
#5222=ORIENTED_EDGE('',*,*,#3384,.F.);
#5223=ORIENTED_EDGE('',*,*,#4139,.F.);
#5225=ORIENTED_EDGE('',*,*,#5224,.F.);
#5226=EDGE_LOOP('',(#5220,#5221,#5222,#5223,#5225));
#5227=FACE_OUTER_BOUND('',#5226,.F.);
#5228=ADVANCED_FACE('',(#5227),#5218,.F.);
#5229=CARTESIAN_POINT('',(2.207328039064E0,-5.026086340177E0,
-3.408595316285E0));
#5230=CARTESIAN_POINT('',(2.215932771782E0,-5.023929266451E0,
-3.410088876136E0));
#5231=CARTESIAN_POINT('',(2.234849609279E0,-5.021892940214E0,
-3.413288408698E0));
#5232=CARTESIAN_POINT('',(2.263478552653E0,-5.026554973703E0,
-3.417027967414E0));
#5233=CARTESIAN_POINT('',(2.290304125262E0,-5.039392027946E0,
-3.419236512366E0));
#5234=CARTESIAN_POINT('',(2.312355831902E0,-5.059143869545E0,
-3.419602014189E0));
#5235=CARTESIAN_POINT('',(2.327999134946E0,-5.084369758765E0,
-3.418083766834E0));
#5236=CARTESIAN_POINT('',(2.336018714643E0,-5.113282504937E0,
-3.414807691825E0));
#5237=CARTESIAN_POINT('',(2.335580194401E0,-5.144052142043E0,
-3.409996615015E0));
#5238=CARTESIAN_POINT('',(2.326114543454E0,-5.174246171470E0,
-3.404019992381E0));
#5239=CARTESIAN_POINT('',(2.308774462668E0,-5.199606991002E0,
-3.397746565183E0));
#5240=CARTESIAN_POINT('',(2.293545736944E0,-5.212365513707E0,
-3.393745005484E0));
#5241=CARTESIAN_POINT('',(2.285960098561E0,-5.217121299233E0,
-3.392115566725E0));
#5242=CARTESIAN_POINT('',(2.215394053615E0,-5.056783848352E0,
-3.635247732091E0));
#5243=CARTESIAN_POINT('',(2.221077334305E0,-5.054147334899E0,
-3.637498951818E0));
#5244=CARTESIAN_POINT('',(2.234247531778E0,-5.050324295935E0,
-3.641051445259E0));
#5245=CARTESIAN_POINT('',(2.255899695531E0,-5.050983686097E0,
-3.645106667357E0));
#5246=CARTESIAN_POINT('',(2.277078865579E0,-5.059250312855E0,
-3.647496254545E0));
#5247=CARTESIAN_POINT('',(2.294282147752E0,-5.074285005561E0,
-3.647888718649E0));
#5248=CARTESIAN_POINT('',(2.305303782004E0,-5.094257768148E0,
-3.646252010240E0));
#5249=CARTESIAN_POINT('',(2.308921511667E0,-5.116613968017E0,
-3.642698203036E0));
#5250=CARTESIAN_POINT('',(2.304983719701E0,-5.138767441522E0,
-3.637429366822E0));
#5251=CARTESIAN_POINT('',(2.294265018913E0,-5.158090816637E0,
-3.630791417176E0));
#5252=CARTESIAN_POINT('',(2.279387924777E0,-5.171747813145E0,
-3.623736753306E0));
#5253=CARTESIAN_POINT('',(2.268439791412E0,-5.177219922451E0,
-3.619123627784E0));
#5254=CARTESIAN_POINT('',(2.263372521728E0,-5.178988058845E0,
-3.616710590379E0));
#5255=CARTESIAN_POINT('',(2.172703827646E0,-4.894316592335E0,
-3.790910733147E0));
#5256=CARTESIAN_POINT('',(2.191956590763E0,-4.887014733357E0,
-3.792658570620E0));
#5257=CARTESIAN_POINT('',(2.235813229639E0,-4.877441487730E0,
-3.794405954647E0));
#5258=CARTESIAN_POINT('',(2.306104849446E0,-4.883235671850E0,
-3.796295966459E0));
#5259=CARTESIAN_POINT('',(2.374098114117E0,-4.912149214466E0,
-3.797403721242E0));
#5260=CARTESIAN_POINT('',(2.429743328581E0,-4.961270067634E0,
-3.797582333130E0));
#5261=CARTESIAN_POINT('',(2.466883767156E0,-5.025411078337E0,
-3.796830240963E0));
#5262=CARTESIAN_POINT('',(2.481833836140E0,-5.097539404058E0,
-3.795172603991E0));
#5263=CARTESIAN_POINT('',(2.473547198593E0,-5.170531335742E0,
-3.792659836392E0));
#5264=CARTESIAN_POINT('',(2.443199304847E0,-5.236698655846E0,
-3.789392623615E0));
#5265=CARTESIAN_POINT('',(2.397344854586E0,-5.286470789974E0,
-3.785826270730E0));
#5266=CARTESIAN_POINT('',(2.361490635902E0,-5.308330354583E0,
-3.783373394769E0));
#5267=CARTESIAN_POINT('',(2.344440194938E0,-5.315848144750E0,
-3.781534134621E0));
#5268=CARTESIAN_POINT('',(2.115783398407E0,-4.677692621636E0,
-3.742398035103E0));
#5269=CARTESIAN_POINT('',(2.153486440270E0,-4.665531211556E0,
-3.742812145347E0));
#5270=CARTESIAN_POINT('',(2.238207081505E0,-4.651164179852E0,
-3.742140813118E0));
#5271=CARTESIAN_POINT('',(2.371138155522E0,-4.666837231839E0,
-3.741237309094E0));
#5272=CARTESIAN_POINT('',(2.498351565693E0,-4.723949397068E0,
-3.740697101041E0));
#5273=CARTESIAN_POINT('',(2.602837899883E0,-4.816795377668E0,
-3.740604019575E0));
#5274=CARTESIAN_POINT('',(2.674490195663E0,-4.936735368547E0,
-3.740982737489E0));
#5275=CARTESIAN_POINT('',(2.706810769494E0,-5.072379135050E0,
-3.741772797493E0));
#5276=CARTESIAN_POINT('',(2.697046613304E0,-5.212166428538E0,
-3.742871816150E0));
#5277=CARTESIAN_POINT('',(2.645488249682E0,-5.342812306454E0,
-3.744123379555E0));
#5278=CARTESIAN_POINT('',(2.561720529533E0,-5.445618190303E0,
-3.745330263560E0));
#5279=CARTESIAN_POINT('',(2.493083357755E0,-5.493517864710E0,
-3.745961128858E0));
#5280=CARTESIAN_POINT('',(2.459801085451E0,-5.510603170086E0,
-3.745562094286E0));
#5281=(BOUNDED_SURFACE()B_SPLINE_SURFACE(3,3,((#5229,#5230,#5231,#5232,#5233,
#5234,#5235,#5236,#5237,#5238,#5239,#5240,#5241),(#5242,#5243,#5244,#5245,#5246,
#5247,#5248,#5249,#5250,#5251,#5252,#5253,#5254),(#5255,#5256,#5257,#5258,#5259,
#5260,#5261,#5262,#5263,#5264,#5265,#5266,#5267),(#5268,#5269,#5270,#5271,#5272,
#5273,#5274,#5275,#5276,#5277,#5278,#5279,#5280)),.UNSPECIFIED.,.F.,.F.,.F.)B_SPLINE_SURFACE_WITH_KNOTS((4,4),(4,1,1,1,1,1,1,1,1,1,4),(0.E0,1.E0),(
-1.100972132896E-1,0.E0,1.240405229550E-1,2.472380413841E-1,3.706260275450E-1,
4.942444164363E-1,6.177721865595E-1,7.424732167622E-1,8.711996875432E-1,1.E0,
1.107719105612E0),.UNSPECIFIED.)GEOMETRIC_REPRESENTATION_ITEM()RATIONAL_B_SPLINE_SURFACE(((1.272105438529E0,1.272105438529E0,1.272105438529E0,1.272105438529E0,
1.272105438529E0,1.272105438529E0,1.272105438529E0,1.272105438529E0,
1.272105438529E0,1.272105438529E0,1.272105438529E0,1.272105438529E0,
1.272105438529E0),(9.092981871571E-1,9.092981871571E-1,9.092981871571E-1,
9.092981871571E-1,9.092981871571E-1,9.092981871571E-1,9.092981871571E-1,
9.092981871571E-1,9.092981871571E-1,9.092981871571E-1,9.092981871571E-1,
9.092981871571E-1,9.092981871571E-1),(9.092981871571E-1,9.092981871571E-1,
9.092981871571E-1,9.092981871571E-1,9.092981871571E-1,9.092981871571E-1,
9.092981871571E-1,9.092981871571E-1,9.092981871571E-1,9.092981871571E-1,
9.092981871571E-1,9.092981871571E-1,9.092981871571E-1),(1.272105438529E0,
1.272105438529E0,1.272105438529E0,1.272105438529E0,1.272105438529E0,
1.272105438529E0,1.272105438529E0,1.272105438529E0,1.272105438529E0,
1.272105438529E0,1.272105438529E0,1.272105438529E0,1.272105438529E0)))REPRESENTATION_ITEM('')SURFACE());
#5282=ORIENTED_EDGE('',*,*,#5219,.T.);
#5284=ORIENTED_EDGE('',*,*,#5283,.T.);
#5286=ORIENTED_EDGE('',*,*,#5285,.F.);
#5287=ORIENTED_EDGE('',*,*,#5193,.F.);
#5288=EDGE_LOOP('',(#5282,#5284,#5286,#5287));
#5289=FACE_OUTER_BOUND('',#5288,.F.);
#5290=ADVANCED_FACE('',(#5289),#5281,.T.);
#5291=CARTESIAN_POINT('',(2.581358884450E0,-5.342905184262E0,-3.45E0));
#5292=DIRECTION('',(-7.071067811866E-1,-7.071067811865E-1,0.E0));
#5293=DIRECTION('',(-7.071067811865E-1,7.071067811865E-1,0.E0));
#5294=AXIS2_PLACEMENT_3D('',#5291,#5292,#5293);
#5295=CYLINDRICAL_SURFACE('',#5294,3.E-1);
#5297=ORIENTED_EDGE('',*,*,#5296,.F.);
#5298=ORIENTED_EDGE('',*,*,#5283,.F.);
#5300=ORIENTED_EDGE('',*,*,#5299,.T.);
#5301=ORIENTED_EDGE('',*,*,#4330,.T.);
#5303=ORIENTED_EDGE('',*,*,#5302,.T.);
#5304=EDGE_LOOP('',(#5297,#5298,#5300,#5301,#5303));
#5305=FACE_OUTER_BOUND('',#5304,.F.);
#5306=ADVANCED_FACE('',(#5305),#5295,.T.);
#5307=CARTESIAN_POINT('',(3.9E0,-6.E0,-3.75E0));
#5308=DIRECTION('',(0.E0,0.E0,-1.E0));
#5309=DIRECTION('',(-1.E0,0.E0,0.E0));
#5310=AXIS2_PLACEMENT_3D('',#5307,#5308,#5309);
#5311=PLANE('',#5310);
#5313=ORIENTED_EDGE('',*,*,#5312,.T.);
#5315=ORIENTED_EDGE('',*,*,#5314,.F.);
#5317=ORIENTED_EDGE('',*,*,#5316,.T.);
#5318=ORIENTED_EDGE('',*,*,#4609,.F.);
#5319=ORIENTED_EDGE('',*,*,#4629,.F.);
#5321=ORIENTED_EDGE('',*,*,#5320,.T.);
#5322=ORIENTED_EDGE('',*,*,#5179,.T.);
#5323=ORIENTED_EDGE('',*,*,#5195,.T.);
#5324=ORIENTED_EDGE('',*,*,#5285,.T.);
#5325=ORIENTED_EDGE('',*,*,#5296,.T.);
#5327=ORIENTED_EDGE('',*,*,#5326,.T.);
#5329=ORIENTED_EDGE('',*,*,#5328,.T.);
#5331=ORIENTED_EDGE('',*,*,#5330,.F.);
#5333=ORIENTED_EDGE('',*,*,#5332,.F.);
#5335=ORIENTED_EDGE('',*,*,#5334,.F.);
#5337=ORIENTED_EDGE('',*,*,#5336,.T.);
#5339=ORIENTED_EDGE('',*,*,#5338,.T.);
#5341=ORIENTED_EDGE('',*,*,#5340,.T.);
#5343=ORIENTED_EDGE('',*,*,#5342,.T.);
#5345=ORIENTED_EDGE('',*,*,#5344,.T.);
#5346=EDGE_LOOP('',(#5313,#5315,#5317,#5318,#5319,#5321,#5322,#5323,#5324,#5325,
#5327,#5329,#5331,#5333,#5335,#5337,#5339,#5341,#5343,#5345));
#5347=FACE_OUTER_BOUND('',#5346,.F.);
#5348=ADVANCED_FACE('',(#5347),#5311,.T.);
#5349=CARTESIAN_POINT('',(5.742302776241E1,5.500438734925E0,-3.45E0));
#5350=DIRECTION('',(-1.E0,0.E0,0.E0));
#5351=DIRECTION('',(0.E0,9.986295347546E-1,-5.233595624294E-2));
#5352=AXIS2_PLACEMENT_3D('',#5349,#5350,#5351);
#5353=CYLINDRICAL_SURFACE('',#5352,3.E-1);
#5355=ORIENTED_EDGE('',*,*,#5354,.T.);
#5356=ORIENTED_EDGE('',*,*,#5312,.F.);
#5358=ORIENTED_EDGE('',*,*,#5357,.T.);
#5360=ORIENTED_EDGE('',*,*,#5359,.T.);
#5361=EDGE_LOOP('',(#5355,#5356,#5358,#5360));
#5362=FACE_OUTER_BOUND('',#5361,.F.);
#5363=ADVANCED_FACE('',(#5362),#5353,.T.);
#5364=CARTESIAN_POINT('',(-6.286733134182E0,5.748458375651E0,1.282496665929E0));
#5365=DIRECTION('',(-4.723143535999E-1,4.613049101013E-2,8.802222044363E-1));
#5366=DIRECTION('',(8.811602680636E-1,0.E0,4.728177048146E-1));
#5367=AXIS2_PLACEMENT_3D('',#5364,#5365,#5366);
#5368=CYLINDRICAL_SURFACE('',#5367,3.E-1);
#5369=ORIENTED_EDGE('',*,*,#5354,.F.);
#5371=ORIENTED_EDGE('',*,*,#5370,.T.);
#5373=ORIENTED_EDGE('',*,*,#5372,.T.);
#5375=ORIENTED_EDGE('',*,*,#5374,.F.);
#5377=ORIENTED_EDGE('',*,*,#5376,.T.);
#5378=ORIENTED_EDGE('',*,*,#5314,.T.);
#5379=EDGE_LOOP('',(#5369,#5371,#5373,#5375,#5377,#5378));
#5380=FACE_OUTER_BOUND('',#5379,.F.);
#5381=ADVANCED_FACE('',(#5380),#5368,.T.);
#5382=CARTESIAN_POINT('',(-8.E0,6.E0,3.5E-1));
#5383=DIRECTION('',(0.E0,9.986295347546E-1,-5.233595624294E-2));
#5384=DIRECTION('',(0.E0,-5.233595624294E-2,-9.986295347546E-1));
#5385=AXIS2_PLACEMENT_3D('',#5382,#5383,#5384);
#5386=PLANE('',#5385);
#5388=ORIENTED_EDGE('',*,*,#5387,.F.);
#5390=ORIENTED_EDGE('',*,*,#5389,.F.);
#5391=ORIENTED_EDGE('',*,*,#5370,.F.);
#5392=ORIENTED_EDGE('',*,*,#5359,.F.);
#5394=ORIENTED_EDGE('',*,*,#5393,.T.);
#5396=ORIENTED_EDGE('',*,*,#5395,.F.);
#5398=ORIENTED_EDGE('',*,*,#5397,.F.);
#5400=ORIENTED_EDGE('',*,*,#5399,.F.);
#5401=ORIENTED_EDGE('',*,*,#4441,.T.);
#5402=EDGE_LOOP('',(#5388,#5390,#5391,#5392,#5394,#5396,#5398,#5400,#5401));
#5403=FACE_OUTER_BOUND('',#5402,.F.);
#5404=ADVANCED_FACE('',(#5403),#5386,.T.);
#5405=CARTESIAN_POINT('',(-6.868935424711E0,4.851598108608E0,
-1.391988441838E1));
#5406=DIRECTION('',(-5.233615310611E-2,5.226423109387E-2,9.972609373811E-1));
#5407=DIRECTION('',(0.E0,9.986295347546E-1,-5.233595624294E-2));
#5408=AXIS2_PLACEMENT_3D('',#5405,#5406,#5407);
#5409=CYLINDRICAL_SURFACE('',#5408,4.E-1);
#5411=ORIENTED_EDGE('',*,*,#5410,.F.);
#5413=ORIENTED_EDGE('',*,*,#5412,.T.);
#5414=ORIENTED_EDGE('',*,*,#5387,.T.);
#5415=ORIENTED_EDGE('',*,*,#4439,.T.);
#5416=EDGE_LOOP('',(#5411,#5413,#5414,#5415));
#5417=FACE_OUTER_BOUND('',#5416,.F.);
#5418=ADVANCED_FACE('',(#5417),#5409,.T.);
#5419=CARTESIAN_POINT('',(-8.E0,-6.E0,0.E0));
#5420=DIRECTION('',(-9.986257680786E-1,0.E0,-5.240777928304E-2));
#5421=DIRECTION('',(-5.240777928304E-2,0.E0,9.986257680786E-1));
#5422=AXIS2_PLACEMENT_3D('',#5419,#5420,#5421);
#5423=PLANE('',#5422);
#5424=ORIENTED_EDGE('',*,*,#5410,.T.);
#5425=ORIENTED_EDGE('',*,*,#4437,.T.);
#5426=ORIENTED_EDGE('',*,*,#4531,.F.);
#5428=ORIENTED_EDGE('',*,*,#5427,.T.);
#5429=EDGE_LOOP('',(#5424,#5425,#5426,#5428));
#5430=FACE_OUTER_BOUND('',#5429,.F.);
#5431=ADVANCED_FACE('',(#5430),#5423,.T.);
#5432=CARTESIAN_POINT('',(-7.623491309779E0,-6.E0,-1.45E0));
#5433=DIRECTION('',(0.E0,1.E0,0.E0));
#5434=DIRECTION('',(0.E0,0.E0,-1.E0));
#5435=AXIS2_PLACEMENT_3D('',#5432,#5433,#5434);
#5436=CYLINDRICAL_SURFACE('',#5435,3.E-1);
#5438=ORIENTED_EDGE('',*,*,#5437,.F.);
#5439=ORIENTED_EDGE('',*,*,#5427,.F.);
#5440=ORIENTED_EDGE('',*,*,#4582,.T.);
#5442=ORIENTED_EDGE('',*,*,#5441,.F.);
#5444=ORIENTED_EDGE('',*,*,#5443,.F.);
#5446=ORIENTED_EDGE('',*,*,#5445,.F.);
#5448=ORIENTED_EDGE('',*,*,#5447,.F.);
#5450=ORIENTED_EDGE('',*,*,#5449,.F.);
#5451=EDGE_LOOP('',(#5438,#5439,#5440,#5442,#5444,#5446,#5448,#5450));
#5452=FACE_OUTER_BOUND('',#5451,.F.);
#5453=ADVANCED_FACE('',(#5452),#5436,.T.);
#5454=CARTESIAN_POINT('',(-7.419884974264E0,5.888532432561E0,
-1.412943692332E0));
#5455=CARTESIAN_POINT('',(-7.453347403095E0,5.898209414489E0,
-1.412943692332E0));
#5456=CARTESIAN_POINT('',(-7.529656784928E0,5.908543761125E0,
-1.412943692332E0));
#5457=CARTESIAN_POINT('',(-7.648485083077E0,5.889807627856E0,
-1.412943692332E0));
#5458=CARTESIAN_POINT('',(-7.761155300394E0,5.832421363584E0,
-1.412943692332E0));
#5459=CARTESIAN_POINT('',(-7.850663350013E0,5.742911248703E0,
-1.412943692332E0));
#5460=CARTESIAN_POINT('',(-7.908045857949E0,5.630242873697E0,
-1.412943692332E0));
#5461=CARTESIAN_POINT('',(-7.926734971244E0,5.511706484299E0,
-1.412943692332E0));
#5462=CARTESIAN_POINT('',(-7.916523447712E0,5.435681855321E0,
-1.412943692332E0));
#5463=CARTESIAN_POINT('',(-7.907004920305E0,5.402466386911E0,
-1.412943692332E0));
#5464=CARTESIAN_POINT('',(-7.412774748762E0,5.914817308130E0,
-1.632064055896E0));
#5465=CARTESIAN_POINT('',(-7.448529767889E0,5.925158252215E0,
-1.632064055896E0));
#5466=CARTESIAN_POINT('',(-7.530069281502E0,5.936201925101E0,
-1.632064055896E0));
#5467=CARTESIAN_POINT('',(-7.657046881325E0,5.916180887921E0,
-1.632064055896E0));
#5468=CARTESIAN_POINT('',(-7.777448396515E0,5.854857263693E0,
-1.632064055896E0));
#5469=CARTESIAN_POINT('',(-7.873099580549E0,5.759203873524E0,
-1.632064055896E0));
#5470=CARTESIAN_POINT('',(-7.934419198439E0,5.638804314196E0,
-1.632064055896E0));
#5471=CARTESIAN_POINT('',(-7.954389994975E0,5.512138619495E0,
-1.632064055896E0));
#5472=CARTESIAN_POINT('',(-7.943477570866E0,5.430903348326E0,
-1.632064055896E0));
#5473=CARTESIAN_POINT('',(-7.933305949064E0,5.395412188989E0,
-1.632064055896E0));
#5474=CARTESIAN_POINT('',(-7.454529383876E0,5.760459983158E0,
-1.784060556781E0));
#5475=CARTESIAN_POINT('',(-7.476821219415E0,5.766901824805E0,
-1.784060556781E0));
#5476=CARTESIAN_POINT('',(-7.527646904894E0,5.773779995667E0,
-1.784060556781E0));
#5477=CARTESIAN_POINT('',(-7.606767918770E0,5.761304527041E0,
-1.784060556781E0));
#5478=CARTESIAN_POINT('',(-7.681767565686E0,5.723102958257E0,
-1.784060556781E0));
#5479=CARTESIAN_POINT('',(-7.741343334683E0,5.663525810388E0,
-1.784060556781E0));
#5480=CARTESIAN_POINT('',(-7.779542365261E0,5.588527452514E0,
-1.784060556781E0));
#5481=CARTESIAN_POINT('',(-7.791986506553E0,5.509600915528E0,
-1.784060556781E0));
#5482=CARTESIAN_POINT('',(-7.785190104900E0,5.458965020336E0,
-1.784060556781E0));
#5483=CARTESIAN_POINT('',(-7.778853764858E0,5.436837803436E0,
-1.784060556781E0));
#5484=CARTESIAN_POINT('',(-7.511201036746E0,5.550957859258E0,
-1.745355218244E0));
#5485=CARTESIAN_POINT('',(-7.515219910141E0,5.552107627839E0,
-1.745355218244E0));
#5486=CARTESIAN_POINT('',(-7.524359124128E0,5.553332153685E0,
-1.745355218244E0));
#5487=CARTESIAN_POINT('',(-7.538526586882E0,5.551097939488E0,
-1.745355218244E0));
#5488=CARTESIAN_POINT('',(-7.551904358489E0,5.544278877011E0,
-1.745355218244E0));
#5489=CARTESIAN_POINT('',(-7.562516619779E0,5.533666359654E0,
-1.745355218244E0));
#5490=CARTESIAN_POINT('',(-7.569335136681E0,5.520288972045E0,
-1.745355218244E0));
#5491=CARTESIAN_POINT('',(-7.571563693711E0,5.506156606222E0,
-1.745355218244E0));
#5492=CARTESIAN_POINT('',(-7.570353780725E0,5.497051841855E0,
-1.745355218244E0));
#5493=CARTESIAN_POINT('',(-7.569222892867E0,5.493062891634E0,
-1.745355218244E0));
#5494=(BOUNDED_SURFACE()B_SPLINE_SURFACE(3,3,((#5454,#5455,#5456,#5457,#5458,
#5459,#5460,#5461,#5462,#5463),(#5464,#5465,#5466,#5467,#5468,#5469,#5470,#5471,
#5472,#5473),(#5474,#5475,#5476,#5477,#5478,#5479,#5480,#5481,#5482,#5483),(
#5484,#5485,#5486,#5487,#5488,#5489,#5490,#5491,#5492,#5493)),.UNSPECIFIED.,.F.,
.F.,.F.)B_SPLINE_SURFACE_WITH_KNOTS((4,4),(4,1,1,1,1,1,1,4),(0.E0,1.E0),(
-1.699421934764E-1,0.E0,2.000090946471E-1,4.000040418714E-1,6.000133848999E-1,
8.000030649657E-1,1.E0,1.168556986589E0),.UNSPECIFIED.)GEOMETRIC_REPRESENTATION_ITEM()RATIONAL_B_SPLINE_SURFACE(((1.255111331577E0,1.255111331577E0,
1.255111331577E0,1.255111331577E0,1.255111331577E0,1.255111331577E0,
1.255111331577E0,1.255111331577E0,1.255111331577E0,1.255111331577E0),(
9.149628894742E-1,9.149628894742E-1,9.149628894742E-1,9.149628894742E-1,
9.149628894742E-1,9.149628894742E-1,9.149628894742E-1,9.149628894742E-1,
9.149628894742E-1,9.149628894742E-1),(9.149628894742E-1,9.149628894742E-1,
9.149628894742E-1,9.149628894742E-1,9.149628894742E-1,9.149628894742E-1,
9.149628894742E-1,9.149628894742E-1,9.149628894742E-1,9.149628894742E-1),(
1.255111331577E0,1.255111331577E0,1.255111331577E0,1.255111331577E0,
1.255111331577E0,1.255111331577E0,1.255111331577E0,1.255111331577E0,
1.255111331577E0,1.255111331577E0)))REPRESENTATION_ITEM('')SURFACE());
#5495=ORIENTED_EDGE('',*,*,#5437,.T.);
#5497=ORIENTED_EDGE('',*,*,#5496,.T.);
#5499=ORIENTED_EDGE('',*,*,#5498,.F.);
#5500=ORIENTED_EDGE('',*,*,#5412,.F.);
#5501=EDGE_LOOP('',(#5495,#5497,#5499,#5500));
#5502=FACE_OUTER_BOUND('',#5501,.F.);
#5503=ADVANCED_FACE('',(#5502),#5494,.T.);
#5504=CARTESIAN_POINT('',(-5.E0,-6.E0,-1.75E0));
#5505=DIRECTION('',(0.E0,0.E0,-1.E0));
#5506=DIRECTION('',(-1.E0,0.E0,0.E0));
#5507=AXIS2_PLACEMENT_3D('',#5504,#5505,#5506);
#5508=PLANE('',#5507);
#5509=ORIENTED_EDGE('',*,*,#5496,.F.);
#5510=ORIENTED_EDGE('',*,*,#5449,.T.);
#5512=ORIENTED_EDGE('',*,*,#5511,.F.);
#5514=ORIENTED_EDGE('',*,*,#5513,.F.);
#5516=ORIENTED_EDGE('',*,*,#5515,.F.);
#5517=ORIENTED_EDGE('',*,*,#5445,.T.);
#5519=ORIENTED_EDGE('',*,*,#5518,.F.);
#5521=ORIENTED_EDGE('',*,*,#5520,.F.);
#5523=ORIENTED_EDGE('',*,*,#5522,.F.);
#5524=ORIENTED_EDGE('',*,*,#5441,.T.);
#5525=ORIENTED_EDGE('',*,*,#4580,.F.);
#5526=ORIENTED_EDGE('',*,*,#4597,.T.);
#5527=ORIENTED_EDGE('',*,*,#4613,.T.);
#5529=ORIENTED_EDGE('',*,*,#5528,.F.);
#5530=ORIENTED_EDGE('',*,*,#5374,.T.);
#5532=ORIENTED_EDGE('',*,*,#5531,.T.);
#5533=EDGE_LOOP('',(#5509,#5510,#5512,#5514,#5516,#5517,#5519,#5521,#5523,#5524,
#5525,#5526,#5527,#5529,#5530,#5532));
#5534=FACE_OUTER_BOUND('',#5533,.F.);
#5535=ADVANCED_FACE('',(#5534),#5508,.T.);
#5536=CARTESIAN_POINT('',(-6.5E0,3.5E0,-1.852616797812E0));
#5537=DIRECTION('',(0.E0,0.E0,1.E0));
#5538=DIRECTION('',(0.E0,1.E0,0.E0));
#5539=AXIS2_PLACEMENT_3D('',#5536,#5537,#5538);
#5540=CONICAL_SURFACE('',#5539,1.125562189185E0,3.E0);
#5542=ORIENTED_EDGE('',*,*,#5541,.T.);
#5544=ORIENTED_EDGE('',*,*,#5543,.T.);
#5545=ORIENTED_EDGE('',*,*,#5511,.T.);
#5547=ORIENTED_EDGE('',*,*,#5546,.T.);
#5548=ORIENTED_EDGE('',*,*,#5515,.T.);
#5550=ORIENTED_EDGE('',*,*,#5549,.F.);
#5552=ORIENTED_EDGE('',*,*,#5551,.T.);
#5553=EDGE_LOOP('',(#5542,#5544,#5545,#5547,#5548,#5550,#5552));
#5554=FACE_OUTER_BOUND('',#5553,.F.);
#5555=ADVANCED_FACE('',(#5554),#5540,.T.);
#5556=CARTESIAN_POINT('',(-6.5E0,3.5E0,-1.95E0));
#5557=DIRECTION('',(0.E0,0.E0,-1.E0));
#5558=DIRECTION('',(-1.E0,0.E0,0.E0));
#5559=AXIS2_PLACEMENT_3D('',#5556,#5557,#5558);
#5560=TOROIDAL_SURFACE('',#5559,1.020321317219E0,1.E-1);
#5561=ORIENTED_EDGE('',*,*,#5541,.F.);
#5563=ORIENTED_EDGE('',*,*,#5562,.T.);
#5565=ORIENTED_EDGE('',*,*,#5564,.T.);
#5567=ORIENTED_EDGE('',*,*,#5566,.F.);
#5569=ORIENTED_EDGE('',*,*,#5568,.F.);
#5570=EDGE_LOOP('',(#5561,#5563,#5565,#5567,#5569));
#5571=FACE_OUTER_BOUND('',#5570,.F.);
#5572=ADVANCED_FACE('',(#5571),#5560,.T.);
#5573=CARTESIAN_POINT('',(-6.5E0,3.5E0,-1.95E0));
#5574=DIRECTION('',(0.E0,0.E0,-1.E0));
#5575=DIRECTION('',(-1.E0,0.E0,0.E0));
#5576=AXIS2_PLACEMENT_3D('',#5573,#5574,#5575);
#5577=TOROIDAL_SURFACE('',#5576,1.020321317219E0,1.E-1);
#5579=ORIENTED_EDGE('',*,*,#5578,.F.);
#5580=ORIENTED_EDGE('',*,*,#5566,.T.);
#5582=ORIENTED_EDGE('',*,*,#5581,.T.);
#5583=ORIENTED_EDGE('',*,*,#5562,.F.);
#5584=ORIENTED_EDGE('',*,*,#5551,.F.);
#5585=EDGE_LOOP('',(#5579,#5580,#5582,#5583,#5584));
#5586=FACE_OUTER_BOUND('',#5585,.F.);
#5587=ADVANCED_FACE('',(#5586),#5577,.T.);
#5588=CARTESIAN_POINT('',(-6.5E0,3.5E0,-1.852616797812E0));
#5589=DIRECTION('',(0.E0,0.E0,1.E0));
#5590=DIRECTION('',(0.E0,1.E0,0.E0));
#5591=AXIS2_PLACEMENT_3D('',#5588,#5589,#5590);
#5592=CONICAL_SURFACE('',#5591,1.125562189185E0,3.E0);
#5593=ORIENTED_EDGE('',*,*,#5568,.T.);
#5594=ORIENTED_EDGE('',*,*,#5578,.T.);
#5595=ORIENTED_EDGE('',*,*,#5549,.T.);
#5596=ORIENTED_EDGE('',*,*,#5513,.T.);
#5597=ORIENTED_EDGE('',*,*,#5543,.F.);
#5598=EDGE_LOOP('',(#5593,#5594,#5595,#5596,#5597));
#5599=FACE_OUTER_BOUND('',#5598,.F.);
#5600=ADVANCED_FACE('',(#5599),#5592,.T.);
#5601=CARTESIAN_POINT('',(-6.5E0,3.5E0,-1.95E0));
#5602=DIRECTION('',(0.E0,0.E0,-1.E0));
#5603=DIRECTION('',(-1.E0,0.E0,0.E0));
#5604=AXIS2_PLACEMENT_3D('',#5601,#5602,#5603);
#5605=TOROIDAL_SURFACE('',#5604,1.020321317219E0,1.E-1);
#5607=ORIENTED_EDGE('',*,*,#5606,.T.);
#5609=ORIENTED_EDGE('',*,*,#5608,.F.);
#5610=ORIENTED_EDGE('',*,*,#5581,.F.);
#5612=ORIENTED_EDGE('',*,*,#5611,.T.);
#5613=EDGE_LOOP('',(#5607,#5609,#5610,#5612));
#5614=FACE_OUTER_BOUND('',#5613,.F.);
#5615=ADVANCED_FACE('',(#5614),#5605,.T.);
#5616=CARTESIAN_POINT('',(-6.5E0,3.5E0,-2.05E0));
#5617=DIRECTION('',(0.E0,0.E0,-1.E0));
#5618=DIRECTION('',(-1.E0,0.E0,0.E0));
#5619=AXIS2_PLACEMENT_3D('',#5616,#5617,#5618);
#5620=PLANE('',#5619);
#5622=ORIENTED_EDGE('',*,*,#5621,.F.);
#5623=ORIENTED_EDGE('',*,*,#5606,.F.);
#5624=EDGE_LOOP('',(#5622,#5623));
#5625=FACE_OUTER_BOUND('',#5624,.F.);
#5626=ADVANCED_FACE('',(#5625),#5620,.T.);
#5627=CARTESIAN_POINT('',(-6.5E0,3.5E0,-1.95E0));
#5628=DIRECTION('',(0.E0,0.E0,-1.E0));
#5629=DIRECTION('',(-1.E0,0.E0,0.E0));
#5630=AXIS2_PLACEMENT_3D('',#5627,#5628,#5629);
#5631=TOROIDAL_SURFACE('',#5630,1.020321317219E0,1.E-1);
#5632=ORIENTED_EDGE('',*,*,#5621,.T.);
#5633=ORIENTED_EDGE('',*,*,#5611,.F.);
#5634=ORIENTED_EDGE('',*,*,#5564,.F.);
#5635=ORIENTED_EDGE('',*,*,#5608,.T.);
#5636=EDGE_LOOP('',(#5632,#5633,#5634,#5635));
#5637=FACE_OUTER_BOUND('',#5636,.F.);
#5638=ADVANCED_FACE('',(#5637),#5631,.T.);
#5639=CARTESIAN_POINT('',(-6.5E0,3.5E0,-1.75E0));
#5640=DIRECTION('',(0.E0,0.E0,-1.E0));
#5641=DIRECTION('',(-1.E0,0.E0,0.E0));
#5642=AXIS2_PLACEMENT_3D('',#5639,#5640,#5641);
#5643=PLANE('',#5642);
#5644=ORIENTED_EDGE('',*,*,#5546,.F.);
#5645=ORIENTED_EDGE('',*,*,#5447,.T.);
#5646=EDGE_LOOP('',(#5644,#5645));
#5647=FACE_OUTER_BOUND('',#5646,.F.);
#5648=ADVANCED_FACE('',(#5647),#5643,.F.);
#5649=CARTESIAN_POINT('',(-6.5E0,-3.5E0,-1.852616797812E0));
#5650=DIRECTION('',(0.E0,0.E0,1.E0));
#5651=DIRECTION('',(0.E0,1.E0,0.E0));
#5652=AXIS2_PLACEMENT_3D('',#5649,#5650,#5651);
#5653=CONICAL_SURFACE('',#5652,1.125562189185E0,3.E0);
#5655=ORIENTED_EDGE('',*,*,#5654,.T.);
#5657=ORIENTED_EDGE('',*,*,#5656,.T.);
#5658=ORIENTED_EDGE('',*,*,#5518,.T.);
#5660=ORIENTED_EDGE('',*,*,#5659,.T.);
#5661=ORIENTED_EDGE('',*,*,#5522,.T.);
#5663=ORIENTED_EDGE('',*,*,#5662,.F.);
#5665=ORIENTED_EDGE('',*,*,#5664,.T.);
#5666=EDGE_LOOP('',(#5655,#5657,#5658,#5660,#5661,#5663,#5665));
#5667=FACE_OUTER_BOUND('',#5666,.F.);
#5668=ADVANCED_FACE('',(#5667),#5653,.T.);
#5669=CARTESIAN_POINT('',(-6.5E0,-3.5E0,-1.95E0));
#5670=DIRECTION('',(0.E0,0.E0,-1.E0));
#5671=DIRECTION('',(-1.E0,0.E0,0.E0));
#5672=AXIS2_PLACEMENT_3D('',#5669,#5670,#5671);
#5673=TOROIDAL_SURFACE('',#5672,1.020321317219E0,1.E-1);
#5674=ORIENTED_EDGE('',*,*,#5654,.F.);
#5676=ORIENTED_EDGE('',*,*,#5675,.T.);
#5678=ORIENTED_EDGE('',*,*,#5677,.T.);
#5680=ORIENTED_EDGE('',*,*,#5679,.F.);
#5682=ORIENTED_EDGE('',*,*,#5681,.F.);
#5683=EDGE_LOOP('',(#5674,#5676,#5678,#5680,#5682));
#5684=FACE_OUTER_BOUND('',#5683,.F.);
#5685=ADVANCED_FACE('',(#5684),#5673,.T.);
#5686=CARTESIAN_POINT('',(-6.5E0,-3.5E0,-1.95E0));
#5687=DIRECTION('',(0.E0,0.E0,-1.E0));
#5688=DIRECTION('',(-1.E0,0.E0,0.E0));
#5689=AXIS2_PLACEMENT_3D('',#5686,#5687,#5688);
#5690=TOROIDAL_SURFACE('',#5689,1.020321317219E0,1.E-1);
#5692=ORIENTED_EDGE('',*,*,#5691,.F.);
#5693=ORIENTED_EDGE('',*,*,#5679,.T.);
#5695=ORIENTED_EDGE('',*,*,#5694,.T.);
#5696=ORIENTED_EDGE('',*,*,#5675,.F.);
#5697=ORIENTED_EDGE('',*,*,#5664,.F.);
#5698=EDGE_LOOP('',(#5692,#5693,#5695,#5696,#5697));
#5699=FACE_OUTER_BOUND('',#5698,.F.);
#5700=ADVANCED_FACE('',(#5699),#5690,.T.);
#5701=CARTESIAN_POINT('',(-6.5E0,-3.5E0,-1.852616797812E0));
#5702=DIRECTION('',(0.E0,0.E0,1.E0));
#5703=DIRECTION('',(0.E0,1.E0,0.E0));
#5704=AXIS2_PLACEMENT_3D('',#5701,#5702,#5703);
#5705=CONICAL_SURFACE('',#5704,1.125562189185E0,3.E0);
#5706=ORIENTED_EDGE('',*,*,#5681,.T.);
#5707=ORIENTED_EDGE('',*,*,#5691,.T.);
#5708=ORIENTED_EDGE('',*,*,#5662,.T.);
#5709=ORIENTED_EDGE('',*,*,#5520,.T.);
#5710=ORIENTED_EDGE('',*,*,#5656,.F.);
#5711=EDGE_LOOP('',(#5706,#5707,#5708,#5709,#5710));
#5712=FACE_OUTER_BOUND('',#5711,.F.);
#5713=ADVANCED_FACE('',(#5712),#5705,.T.);
#5714=CARTESIAN_POINT('',(-6.5E0,-3.5E0,-1.95E0));
#5715=DIRECTION('',(0.E0,0.E0,-1.E0));
#5716=DIRECTION('',(-1.E0,0.E0,0.E0));
#5717=AXIS2_PLACEMENT_3D('',#5714,#5715,#5716);
#5718=TOROIDAL_SURFACE('',#5717,1.020321317219E0,1.E-1);
#5720=ORIENTED_EDGE('',*,*,#5719,.T.);
#5722=ORIENTED_EDGE('',*,*,#5721,.F.);
#5723=ORIENTED_EDGE('',*,*,#5694,.F.);
#5725=ORIENTED_EDGE('',*,*,#5724,.T.);
#5726=EDGE_LOOP('',(#5720,#5722,#5723,#5725));
#5727=FACE_OUTER_BOUND('',#5726,.F.);
#5728=ADVANCED_FACE('',(#5727),#5718,.T.);
#5729=CARTESIAN_POINT('',(-6.5E0,-3.5E0,-2.05E0));
#5730=DIRECTION('',(0.E0,0.E0,-1.E0));
#5731=DIRECTION('',(-1.E0,0.E0,0.E0));
#5732=AXIS2_PLACEMENT_3D('',#5729,#5730,#5731);
#5733=PLANE('',#5732);
#5735=ORIENTED_EDGE('',*,*,#5734,.F.);
#5736=ORIENTED_EDGE('',*,*,#5719,.F.);
#5737=EDGE_LOOP('',(#5735,#5736));
#5738=FACE_OUTER_BOUND('',#5737,.F.);
#5739=ADVANCED_FACE('',(#5738),#5733,.T.);
#5740=CARTESIAN_POINT('',(-6.5E0,-3.5E0,-1.95E0));
#5741=DIRECTION('',(0.E0,0.E0,-1.E0));
#5742=DIRECTION('',(-1.E0,0.E0,0.E0));
#5743=AXIS2_PLACEMENT_3D('',#5740,#5741,#5742);
#5744=TOROIDAL_SURFACE('',#5743,1.020321317219E0,1.E-1);
#5745=ORIENTED_EDGE('',*,*,#5734,.T.);
#5746=ORIENTED_EDGE('',*,*,#5724,.F.);
#5747=ORIENTED_EDGE('',*,*,#5677,.F.);
#5748=ORIENTED_EDGE('',*,*,#5721,.T.);
#5749=EDGE_LOOP('',(#5745,#5746,#5747,#5748));
#5750=FACE_OUTER_BOUND('',#5749,.F.);
#5751=ADVANCED_FACE('',(#5750),#5744,.T.);
#5752=CARTESIAN_POINT('',(-6.5E0,-3.5E0,-1.75E0));
#5753=DIRECTION('',(0.E0,0.E0,-1.E0));
#5754=DIRECTION('',(-1.E0,0.E0,0.E0));
#5755=AXIS2_PLACEMENT_3D('',#5752,#5753,#5754);
#5756=PLANE('',#5755);
#5757=ORIENTED_EDGE('',*,*,#5659,.F.);
#5758=ORIENTED_EDGE('',*,*,#5443,.T.);
#5759=EDGE_LOOP('',(#5757,#5758));
#5760=FACE_OUTER_BOUND('',#5759,.F.);
#5761=ADVANCED_FACE('',(#5760),#5756,.F.);
#5762=CARTESIAN_POINT('',(-3.9E0,-6.E0,-3.8E0));
#5763=DIRECTION('',(-8.811602680636E-1,0.E0,-4.728177048146E-1));
#5764=DIRECTION('',(-4.728177048146E-1,0.E0,8.811602680636E-1));
#5765=AXIS2_PLACEMENT_3D('',#5762,#5763,#5764);
#5766=PLANE('',#5765);
#5767=ORIENTED_EDGE('',*,*,#5528,.T.);
#5768=ORIENTED_EDGE('',*,*,#4611,.F.);
#5769=ORIENTED_EDGE('',*,*,#5316,.F.);
#5770=ORIENTED_EDGE('',*,*,#5376,.F.);
#5771=EDGE_LOOP('',(#5767,#5768,#5769,#5770));
#5772=FACE_OUTER_BOUND('',#5771,.F.);
#5773=ADVANCED_FACE('',(#5772),#5766,.T.);
#5774=CARTESIAN_POINT('',(-8.E0,5.605254293491E0,-1.45E0));
#5775=DIRECTION('',(-1.E0,0.E0,0.E0));
#5776=DIRECTION('',(0.E0,0.E0,1.E0));
#5777=AXIS2_PLACEMENT_3D('',#5774,#5775,#5776);
#5778=CYLINDRICAL_SURFACE('',#5777,3.E-1);
#5779=ORIENTED_EDGE('',*,*,#5498,.T.);
#5780=ORIENTED_EDGE('',*,*,#5531,.F.);
#5781=ORIENTED_EDGE('',*,*,#5372,.F.);
#5782=ORIENTED_EDGE('',*,*,#5389,.T.);
#5783=EDGE_LOOP('',(#5779,#5780,#5781,#5782));
#5784=FACE_OUTER_BOUND('',#5783,.F.);
#5785=ADVANCED_FACE('',(#5784),#5778,.T.);
#5786=CARTESIAN_POINT('',(-1.916347265151E0,5.603430285947E0,
-3.458860983942E0));
#5787=CARTESIAN_POINT('',(-1.916336775510E0,5.603434577808E0,
-3.458779090367E0));
#5788=CARTESIAN_POINT('',(-1.915794425546E0,5.603657780153E0,
-3.454520135904E0));
#5789=CARTESIAN_POINT('',(-1.915413924965E0,5.603882298895E0,
-3.450236063103E0));
#5790=CARTESIAN_POINT('',(-1.915199394467E0,5.604103012452E0,
-3.446024597565E0));
#5791=CARTESIAN_POINT('',(-1.853948065842E0,5.619601463982E0,
-3.467700572165E0));
#5792=CARTESIAN_POINT('',(-1.853933699135E0,5.619607342011E0,
-3.467588412687E0));
#5793=CARTESIAN_POINT('',(-1.853190863894E0,5.619913048587E0,
-3.461755183739E0));
#5794=CARTESIAN_POINT('',(-1.852668287960E0,5.620221279814E0,
-3.455873781556E0));
#5795=CARTESIAN_POINT('',(-1.852373335882E0,5.620524692145E0,
-3.450084329401E0));
#5796=CARTESIAN_POINT('',(-1.825318416131E0,5.677641474973E0,
-3.474409207274E0));
#5797=CARTESIAN_POINT('',(-1.825302270569E0,5.677648080759E0,
-3.474283161365E0));
#5798=CARTESIAN_POINT('',(-1.824467449801E0,5.677991641461E0,
-3.467727632651E0));
#5799=CARTESIAN_POINT('',(-1.823879687653E0,5.678338281180E0,
-3.461113352784E0));
#5800=CARTESIAN_POINT('',(-1.823547836997E0,5.678679636898E0,
-3.454599897684E0));
#5801=CARTESIAN_POINT('',(-1.850056833030E0,5.737818846326E0,
-3.474394471947E0));
#5802=CARTESIAN_POINT('',(-1.850042224547E0,5.737824823270E0,
-3.474280425078E0));
#5803=CARTESIAN_POINT('',(-1.849286886985E0,5.738135674833E0,
-3.468349023900E0));
#5804=CARTESIAN_POINT('',(-1.848755451189E0,5.738449126397E0,
-3.462368011777E0));
#5805=CARTESIAN_POINT('',(-1.848455483997E0,5.738757695848E0,
-3.456480155903E0));
#5806=CARTESIAN_POINT('',(-1.874795249929E0,5.797996217680E0,
-3.474379736619E0));
#5807=CARTESIAN_POINT('',(-1.874782178526E0,5.798001565780E0,
-3.474277688791E0));
#5808=CARTESIAN_POINT('',(-1.874106324168E0,5.798279708206E0,
-3.468970415149E0));
#5809=CARTESIAN_POINT('',(-1.873631214725E0,5.798559971613E0,
-3.463622670770E0));
#5810=CARTESIAN_POINT('',(-1.873363130996E0,5.798835754798E0,
-3.458360414123E0));
#5811=CARTESIAN_POINT('',(-1.935966972121E0,5.819116340026E0,
-3.467651717969E0));
#5812=CARTESIAN_POINT('',(-1.935957701517E0,5.819120133159E0,
-3.467579340672E0));
#5813=CARTESIAN_POINT('',(-1.935478388618E0,5.819317394326E0,
-3.463815373395E0));
#5814=CARTESIAN_POINT('',(-1.935142559713E0,5.819515591986E0,
-3.460033536757E0));
#5815=CARTESIAN_POINT('',(-1.934953315562E0,5.819710303194E0,
-3.456318225583E0));
#5816=CARTESIAN_POINT('',(-1.991696704232E0,5.786721366995E0,
-3.458816102385E0));
#5817=CARTESIAN_POINT('',(-1.991690896299E0,5.786723743496E0,
-3.458770756054E0));
#5818=CARTESIAN_POINT('',(-1.991390640036E0,5.786847318803E0,
-3.456412798731E0));
#5819=CARTESIAN_POINT('',(-1.991181700922E0,5.786970751490E0,
-3.454057562747E0));
#5820=CARTESIAN_POINT('',(-1.991064282583E0,5.787091603088E0,
-3.451751576891E0));
#5821=(BOUNDED_SURFACE()B_SPLINE_SURFACE(3,3,((#5786,#5787,#5788,#5789,#5790),(
#5791,#5792,#5793,#5794,#5795),(#5796,#5797,#5798,#5799,#5800),(#5801,#5802,
#5803,#5804,#5805),(#5806,#5807,#5808,#5809,#5810),(#5811,#5812,#5813,#5814,
#5815),(#5816,#5817,#5818,#5819,#5820)),.UNSPECIFIED.,.F.,.F.,.F.)B_SPLINE_SURFACE_WITH_KNOTS((4,3,4),(4,1,4),(0.E0,1.E0,2.E0),(-3.630613720932E-3,0.E0,
1.851612939339E-1),.UNSPECIFIED.)GEOMETRIC_REPRESENTATION_ITEM()RATIONAL_B_SPLINE_SURFACE(((1.206473873968E0,1.206473873968E0,1.206473873968E0,1.206473873968E0,
1.206473873968E0),(9.311753753441E-1,9.311753753441E-1,9.311753753441E-1,
9.311753753441E-1,9.311753753441E-1),(9.311753753441E-1,9.311753753441E-1,
9.311753753441E-1,9.311753753441E-1,9.311753753441E-1),(1.206473873968E0,
1.206473873968E0,1.206473873968E0,1.206473873968E0,1.206473873968E0),(
9.311753753441E-1,9.311753753441E-1,9.311753753441E-1,9.311753753441E-1,
9.311753753441E-1),(9.311753753441E-1,9.311753753441E-1,9.311753753441E-1,
9.311753753441E-1,9.311753753441E-1),(1.206473873968E0,1.206473873968E0,
1.206473873968E0,1.206473873968E0,1.206473873968E0)))REPRESENTATION_ITEM('')SURFACE());
#5823=ORIENTED_EDGE('',*,*,#5822,.T.);
#5824=ORIENTED_EDGE('',*,*,#5393,.F.);
#5826=ORIENTED_EDGE('',*,*,#5825,.F.);
#5828=ORIENTED_EDGE('',*,*,#5827,.F.);
#5829=EDGE_LOOP('',(#5823,#5824,#5826,#5828));
#5830=FACE_OUTER_BOUND('',#5829,.F.);
#5831=ADVANCED_FACE('',(#5830),#5821,.T.);
#5832=CARTESIAN_POINT('',(-3.882035745862E0,3.759385610375E0,
-4.049273717200E1));
#5833=DIRECTION('',(-5.226442768871E-2,-5.226442768871E-2,-9.972646886342E-1));
#5834=DIRECTION('',(-9.986295347546E-1,0.E0,5.233595624294E-2));
#5835=AXIS2_PLACEMENT_3D('',#5832,#5833,#5834);
#5836=CYLINDRICAL_SURFACE('',#5835,1.E-1);
#5837=ORIENTED_EDGE('',*,*,#5822,.F.);
#5839=ORIENTED_EDGE('',*,*,#5838,.T.);
#5841=ORIENTED_EDGE('',*,*,#5840,.F.);
#5843=ORIENTED_EDGE('',*,*,#5842,.F.);
#5844=ORIENTED_EDGE('',*,*,#5395,.T.);
#5845=EDGE_LOOP('',(#5837,#5839,#5841,#5843,#5844));
#5846=FACE_OUTER_BOUND('',#5845,.F.);
#5847=ADVANCED_FACE('',(#5846),#5836,.T.);
#5848=CARTESIAN_POINT('',(-1.5E0,6.E0,-4.0735E1));
#5849=DIRECTION('',(-7.071067811865E-1,7.071067811866E-1,0.E0));
#5850=DIRECTION('',(-7.071067811866E-1,-7.071067811865E-1,0.E0));
#5851=AXIS2_PLACEMENT_3D('',#5848,#5849,#5850);
#5852=PLANE('',#5851);
#5854=ORIENTED_EDGE('',*,*,#5853,.F.);
#5856=ORIENTED_EDGE('',*,*,#5855,.T.);
#5858=ORIENTED_EDGE('',*,*,#5857,.F.);
#5859=ORIENTED_EDGE('',*,*,#5838,.F.);
#5860=EDGE_LOOP('',(#5854,#5856,#5858,#5859));
#5861=FACE_OUTER_BOUND('',#5860,.F.);
#5862=ADVANCED_FACE('',(#5861),#5852,.F.);
#5863=CARTESIAN_POINT('',(-2.577206458447E0,5.347057610265E0,-3.45E0));
#5864=DIRECTION('',(7.071067811866E-1,7.071067811865E-1,0.E0));
#5865=DIRECTION('',(7.071067811865E-1,-7.071067811866E-1,0.E0));
#5866=AXIS2_PLACEMENT_3D('',#5863,#5864,#5865);
#5867=CYLINDRICAL_SURFACE('',#5866,3.E-1);
#5868=ORIENTED_EDGE('',*,*,#5344,.F.);
#5870=ORIENTED_EDGE('',*,*,#5869,.F.);
#5871=ORIENTED_EDGE('',*,*,#5853,.T.);
#5872=ORIENTED_EDGE('',*,*,#5827,.T.);
#5874=ORIENTED_EDGE('',*,*,#5873,.T.);
#5875=EDGE_LOOP('',(#5868,#5870,#5871,#5872,#5874));
#5876=FACE_OUTER_BOUND('',#5875,.F.);
#5877=ADVANCED_FACE('',(#5876),#5867,.T.);
#5878=CARTESIAN_POINT('',(-2.207327566415E0,5.026084989153E0,
-3.408593933664E0));
#5879=CARTESIAN_POINT('',(-2.215933081090E0,5.023928978262E0,
-3.410088755344E0));
#5880=CARTESIAN_POINT('',(-2.234810629182E0,5.021897502514E0,
-3.413281928604E0));
#5881=CARTESIAN_POINT('',(-2.263409176307E0,5.026537667526E0,
-3.417019790898E0));
#5882=CARTESIAN_POINT('',(-2.290217343383E0,5.039333508604E0,
-3.419232079851E0));
#5883=CARTESIAN_POINT('',(-2.312290566643E0,5.059067261181E0,
-3.419603855796E0));
#5884=CARTESIAN_POINT('',(-2.327949854374E0,5.084261811898E0,
-3.418093075401E0));
#5885=CARTESIAN_POINT('',(-2.336014344833E0,5.113202767990E0,
-3.414819444116E0));
#5886=CARTESIAN_POINT('',(-2.335593606987E0,5.144050672737E0,
-3.409998744766E0));
#5887=CARTESIAN_POINT('',(-2.326092496757E0,5.174289492012E0,
-3.404010275202E0));
#5888=CARTESIAN_POINT('',(-2.308744007024E0,5.199632245053E0,
-3.397738751846E0));
#5889=CARTESIAN_POINT('',(-2.293544934402E0,5.212366509153E0,
-3.393744585410E0));
#5890=CARTESIAN_POINT('',(-2.285958472181E0,5.217124046778E0,
-3.392113538315E0));
#5891=CARTESIAN_POINT('',(-2.215393702382E0,5.056782781037E0,
-3.635253047915E0));
#5892=CARTESIAN_POINT('',(-2.221077532902E0,5.054147017463E0,
-3.637499925488E0));
#5893=CARTESIAN_POINT('',(-2.234220463239E0,5.050332505623E0,
-3.641043680336E0));
#5894=CARTESIAN_POINT('',(-2.255845851734E0,5.050976852388E0,
-3.645097965693E0));
#5895=CARTESIAN_POINT('',(-2.277010146727E0,5.059208085508E0,
-3.647491429104E0));
#5896=CARTESIAN_POINT('',(-2.294232760483E0,5.074224833019E0,
-3.647890706822E0));
#5897=CARTESIAN_POINT('',(-2.305272695523E0,5.094172486209E0,
-3.646262053153E0));
#5898=CARTESIAN_POINT('',(-2.308927567585E0,5.116554785194E0,
-3.642711019517E0));
#5899=CARTESIAN_POINT('',(-2.304994010589E0,5.138770118192E0,
-3.637431798934E0));
#5900=CARTESIAN_POINT('',(-2.294243594846E0,5.158116013927E0,
-3.630780680222E0));
#5901=CARTESIAN_POINT('',(-2.279366105007E0,5.171758563041E0,
-3.623727258961E0));
#5902=CARTESIAN_POINT('',(-2.268439193182E0,5.177220423856E0,
-3.619124031025E0));
#5903=CARTESIAN_POINT('',(-2.263371354187E0,5.178989323225E0,
-3.616714683958E0));
#5904=CARTESIAN_POINT('',(-2.172702656224E0,4.894313181669E0,
-3.790920751450E0));
#5905=CARTESIAN_POINT('',(-2.191957267863E0,4.887013828763E0,
-3.792660248687E0));
#5906=CARTESIAN_POINT('',(-2.235723019291E0,4.877462246656E0,
-3.794401521984E0));
#5907=CARTESIAN_POINT('',(-2.305931380227E0,4.883205395704E0,
-3.796292096006E0));
#5908=CARTESIAN_POINT('',(-2.373877324729E0,4.912008280435E0,
-3.797401454107E0));
#5909=CARTESIAN_POINT('',(-2.429581560611E0,4.961075948797E0,
-3.797583252547E0));
#5910=CARTESIAN_POINT('',(-2.466774062417E0,5.025137407364E0,
-3.796834867369E0));
#5911=CARTESIAN_POINT('',(-2.481841817985E0,5.097346268313E0,
-3.795178659665E0));
#5912=CARTESIAN_POINT('',(-2.473580386723E0,5.170536274684E0,
-3.792661107895E0));
#5913=CARTESIAN_POINT('',(-2.443135758452E0,5.236787896323E0,
-3.789387400972E0));
#5914=CARTESIAN_POINT('',(-2.397273302709E0,5.286513868418E0,
-3.785820717893E0));
#5915=CARTESIAN_POINT('',(-2.361488702649E0,5.308332224594E0,
-3.783374534572E0));
#5916=CARTESIAN_POINT('',(-2.344436393769E0,5.315853068913E0,
-3.781543005506E0));
#5917=CARTESIAN_POINT('',(-2.115781165692E0,4.677686240759E0,
-3.742406741031E0));
#5918=CARTESIAN_POINT('',(-2.153487774818E0,4.665529659347E0,
-3.742813539630E0));
#5919=CARTESIAN_POINT('',(-2.238032700572E0,4.651195647566E0,
-3.742141483218E0));
#5920=CARTESIAN_POINT('',(-2.370812256683E0,4.666769650912E0,
-3.741239497048E0));
#5921=CARTESIAN_POINT('',(-2.497938687607E0,4.723679207429E0,
-3.740698158956E0));
#5922=CARTESIAN_POINT('',(-2.602531650170E0,4.816431532415E0,
-3.740603573756E0));
#5923=CARTESIAN_POINT('',(-2.674272331368E0,4.936223439439E0,
-3.740980435368E0));
#5924=CARTESIAN_POINT('',(-2.706810534723E0,5.072012149769E0,
-3.741770056443E0));
#5925=CARTESIAN_POINT('',(-2.697109131551E0,5.212169811369E0,
-3.742871461668E0));
#5926=CARTESIAN_POINT('',(-2.645375880527E0,5.342992963104E0,
-3.744125491900E0));
#5927=CARTESIAN_POINT('',(-2.561583432158E0,5.445712772858E0,
-3.745330907142E0));
#5928=CARTESIAN_POINT('',(-2.493079695139E0,5.493521798846E0,
-3.745962293098E0));
#5929=CARTESIAN_POINT('',(-2.459793813923E0,5.510613769678E0,
-3.745570315154E0));
#5930=(BOUNDED_SURFACE()B_SPLINE_SURFACE(3,3,((#5878,#5879,#5880,#5881,#5882,
#5883,#5884,#5885,#5886,#5887,#5888,#5889,#5890),(#5891,#5892,#5893,#5894,#5895,
#5896,#5897,#5898,#5899,#5900,#5901,#5902,#5903),(#5904,#5905,#5906,#5907,#5908,
#5909,#5910,#5911,#5912,#5913,#5914,#5915,#5916),(#5917,#5918,#5919,#5920,#5921,
#5922,#5923,#5924,#5925,#5926,#5927,#5928,#5929)),.UNSPECIFIED.,.F.,.F.,.F.)B_SPLINE_SURFACE_WITH_KNOTS((4,4),(4,1,1,1,1,1,1,1,1,1,4),(0.E0,1.E0),(
-1.100937298321E-1,0.E0,1.235503296320E-1,2.468711018614E-1,3.701826786523E-1,
4.938126084564E-1,6.171795455281E-1,7.425513051633E-1,8.716716539919E-1,1.E0,
1.107723825815E0),.UNSPECIFIED.)GEOMETRIC_REPRESENTATION_ITEM()RATIONAL_B_SPLINE_SURFACE(((1.272105426615E0,1.272105426615E0,1.272105426615E0,1.272105426615E0,
1.272105426615E0,1.272105426615E0,1.272105426615E0,1.272105426615E0,
1.272105426615E0,1.272105426615E0,1.272105426615E0,1.272105426615E0,
1.272105426615E0),(9.092981911284E-1,9.092981911284E-1,9.092981911284E-1,
9.092981911284E-1,9.092981911284E-1,9.092981911284E-1,9.092981911284E-1,
9.092981911284E-1,9.092981911284E-1,9.092981911284E-1,9.092981911284E-1,
9.092981911284E-1,9.092981911284E-1),(9.092981911284E-1,9.092981911284E-1,
9.092981911284E-1,9.092981911284E-1,9.092981911284E-1,9.092981911284E-1,
9.092981911284E-1,9.092981911284E-1,9.092981911284E-1,9.092981911284E-1,
9.092981911284E-1,9.092981911284E-1,9.092981911284E-1),(1.272105426615E0,
1.272105426615E0,1.272105426615E0,1.272105426615E0,1.272105426615E0,
1.272105426615E0,1.272105426615E0,1.272105426615E0,1.272105426615E0,
1.272105426615E0,1.272105426615E0,1.272105426615E0,1.272105426615E0)))REPRESENTATION_ITEM('')SURFACE());
#5932=ORIENTED_EDGE('',*,*,#5931,.T.);
#5933=ORIENTED_EDGE('',*,*,#5869,.T.);
#5934=ORIENTED_EDGE('',*,*,#5342,.F.);
#5936=ORIENTED_EDGE('',*,*,#5935,.F.);
#5937=EDGE_LOOP('',(#5932,#5933,#5934,#5936));
#5938=FACE_OUTER_BOUND('',#5937,.F.);
#5939=ADVANCED_FACE('',(#5938),#5930,.T.);
#5940=CARTESIAN_POINT('',(-2.034374775366E0,5.324203868397E0,
3.321903118985E-1));
#5941=DIRECTION('',(-5.226442768871E-2,-5.226442768871E-2,-9.972646886342E-1));
#5942=DIRECTION('',(-9.986295347546E-1,0.E0,5.233595624294E-2));
#5943=AXIS2_PLACEMENT_3D('',#5940,#5941,#5942);
#5944=CYLINDRICAL_SURFACE('',#5943,1.E-1);
#5945=ORIENTED_EDGE('',*,*,#5931,.F.);
#5947=ORIENTED_EDGE('',*,*,#5946,.T.);
#5949=ORIENTED_EDGE('',*,*,#5948,.T.);
#5951=ORIENTED_EDGE('',*,*,#5950,.T.);
#5952=ORIENTED_EDGE('',*,*,#5855,.F.);
#5953=EDGE_LOOP('',(#5945,#5947,#5949,#5951,#5952));
#5954=FACE_OUTER_BOUND('',#5953,.F.);
#5955=ADVANCED_FACE('',(#5954),#5944,.F.);
#5956=CARTESIAN_POINT('',(-2.275E0,5.225E0,3.5E-1));
#5957=DIRECTION('',(0.E0,-9.986295347546E-1,5.233595624294E-2));
#5958=DIRECTION('',(0.E0,5.233595624294E-2,9.986295347546E-1));
#5959=AXIS2_PLACEMENT_3D('',#5956,#5957,#5958);
#5960=PLANE('',#5959);
#5962=ORIENTED_EDGE('',*,*,#5961,.F.);
#5964=ORIENTED_EDGE('',*,*,#5963,.T.);
#5966=ORIENTED_EDGE('',*,*,#5965,.T.);
#5967=ORIENTED_EDGE('',*,*,#5946,.F.);
#5968=EDGE_LOOP('',(#5962,#5964,#5966,#5967));
#5969=FACE_OUTER_BOUND('',#5968,.F.);
#5970=ADVANCED_FACE('',(#5969),#5960,.F.);
#5971=CARTESIAN_POINT('',(2.315013027812E0,4.725438734925E0,-3.45E0));
#5972=DIRECTION('',(-1.E0,0.E0,0.E0));
#5973=DIRECTION('',(0.E0,9.986295347546E-1,-5.233595624294E-2));
#5974=AXIS2_PLACEMENT_3D('',#5971,#5972,#5973);
#5975=CYLINDRICAL_SURFACE('',#5974,3.E-1);
#5976=ORIENTED_EDGE('',*,*,#5961,.T.);
#5977=ORIENTED_EDGE('',*,*,#5935,.T.);
#5978=ORIENTED_EDGE('',*,*,#5340,.F.);
#5980=ORIENTED_EDGE('',*,*,#5979,.F.);
#5981=EDGE_LOOP('',(#5976,#5977,#5978,#5980));
#5982=FACE_OUTER_BOUND('',#5981,.F.);
#5983=ADVANCED_FACE('',(#5982),#5975,.T.);
#5984=CARTESIAN_POINT('',(2.285778585489E0,5.217236806761E0,-3.392075403331E0));
#5985=CARTESIAN_POINT('',(2.293434639747E0,5.212458154372E0,-3.393717179502E0));
#5986=CARTESIAN_POINT('',(2.308446313180E0,5.199905571254E0,-3.397658607777E0));
#5987=CARTESIAN_POINT('',(2.325504754911E0,5.175231469754E0,-3.403786423923E0));
#5988=CARTESIAN_POINT('',(2.335180171465E0,5.145997909869E0,-3.409641647405E0));
#5989=CARTESIAN_POINT('',(2.336289567475E0,5.115670671268E0,-3.414480119177E0));
#5990=CARTESIAN_POINT('',(2.328964915815E0,5.086659320485E0,-3.417876708443E0));
#5991=CARTESIAN_POINT('',(2.313875733196E0,5.060982544296E0,-3.419553183133E0));
#5992=CARTESIAN_POINT('',(2.291901043831E0,5.040380463678E0,-3.419334944880E0));
#5993=CARTESIAN_POINT('',(2.264486189398E0,5.026764342971E0,-3.417154830903E0));
#5994=CARTESIAN_POINT('',(2.235144382424E0,5.021862876271E0,-3.413339917706E0));
#5995=CARTESIAN_POINT('',(2.215943371194E0,5.023927888948E0,-3.410092525462E0));
#5996=CARTESIAN_POINT('',(2.207342019398E0,5.026082050571E0,-3.408599470507E0));
#5997=CARTESIAN_POINT('',(2.263251901229E0,5.179032361652E0,-3.616662532424E0));
#5998=CARTESIAN_POINT('',(2.268360867846E0,5.177260731451E0,-3.619092695274E0));
#5999=CARTESIAN_POINT('',(2.279147871117E0,5.171882762153E0,-3.623633790330E0));
#6000=CARTESIAN_POINT('',(2.293721429565E0,5.158637020431E0,-3.630528371942E0));
#6001=CARTESIAN_POINT('',(2.304439553652E0,5.140073788297E0,-3.637036412115E0));
#6002=CARTESIAN_POINT('',(2.308872128286E0,5.118402539413E0,-3.642340323564E0));
#6003=CARTESIAN_POINT('',(2.305892056373E0,5.096062048022E0,-3.646027249913E0));
#6004=CARTESIAN_POINT('',(2.295428578655E0,5.075731329401E0,-3.647835183987E0));
#6005=CARTESIAN_POINT('',(2.278350383729E0,5.059947241925E0,-3.647601307470E0));
#6006=CARTESIAN_POINT('',(2.256673100884E0,5.051043946065E0,-3.645243221627E0));
#6007=CARTESIAN_POINT('',(2.234452847079E0,5.050264388796E0,-3.641107391852E0));
#6008=CARTESIAN_POINT('',(2.221084433777E0,5.054143620799E0,-3.637502060438E0));
#6009=CARTESIAN_POINT('',(2.215402920577E0,5.056777647695E0,-3.635253267559E0));
#6010=CARTESIAN_POINT('',(2.344032946352E0,5.316032614270E0,-3.781507069674E0));
#6011=CARTESIAN_POINT('',(2.361230346589E0,5.308490309158E0,-3.783358464259E0));
#6012=CARTESIAN_POINT('',(2.396562721908E0,5.286996949391E0,-3.785770239131E0));
#6013=CARTESIAN_POINT('',(2.441542906787E0,5.238666967127E0,-3.789259598136E0));
#6014=CARTESIAN_POINT('',(2.472078531391E0,5.174932602022E0,-3.792468211068E0));
#6015=CARTESIAN_POINT('',(2.481993016948E0,5.103362138619E0,-3.795003284343E0));
#6016=CARTESIAN_POINT('',(2.468989920017E0,5.031204722002E0,-3.796725668588E0));
#6017=CARTESIAN_POINT('',(2.433502076613E0,4.965934036911E0,-3.797557174840E0));
#6018=CARTESIAN_POINT('',(2.378173126229E0,4.914498604289E0,-3.797451250482E0));
#6019=CARTESIAN_POINT('',(2.308604044108E0,4.883558433920E0,-3.796358909840E0));
#6020=CARTESIAN_POINT('',(2.236496838845E0,4.877294552507E0,-3.794432538262E0));
#6021=CARTESIAN_POINT('',(2.191980814757E0,4.887007299550E0,-3.792659476140E0));
#6022=CARTESIAN_POINT('',(2.172734678965E0,4.894301410223E0,-3.790914840636E0));
#6023=CARTESIAN_POINT('',(2.459005324743E0,5.511019921373E0,-3.745567755751E0));
#6024=CARTESIAN_POINT('',(2.492583796015E0,5.493866643271E0,-3.745968422215E0));
#6025=CARTESIAN_POINT('',(2.560230524581E0,5.446756243546E0,-3.745343739818E0));
#6026=CARTESIAN_POINT('',(2.642492885626E0,5.346847554785E0,-3.744169402249E0));
#6027=CARTESIAN_POINT('',(2.694664917440E0,5.220749092237E0,-3.742949339424E0));
#6028=CARTESIAN_POINT('',(2.707529714143E0,5.083418060737E0,-3.741850319207E0));
#6029=CARTESIAN_POINT('',(2.678711704250E0,4.947579378078E0,-3.741034147640E0));
#6030=CARTESIAN_POINT('',(2.609960313339E0,4.825533412289E0,-3.740616772129E0));
#6031=CARTESIAN_POINT('',(2.505960767376E0,4.728480646237E0,-3.740672914275E0));
#6032=CARTESIAN_POINT('',(2.375846817963E0,4.667608688363E0,-3.741207062206E0));
#6033=CARTESIAN_POINT('',(2.239527514980E0,4.650946646060E0,-3.742130107505E0));
#6034=CARTESIAN_POINT('',(2.153533618811E0,4.665521038717E0,-3.742811830495E0));
#6035=CARTESIAN_POINT('',(2.115844312815E0,4.677668276268E0,-3.742399889778E0));
#6036=(BOUNDED_SURFACE()B_SPLINE_SURFACE(3,3,((#5984,#5985,#5986,#5987,#5988,
#5989,#5990,#5991,#5992,#5993,#5994,#5995,#5996),(#5997,#5998,#5999,#6000,#6001,
#6002,#6003,#6004,#6005,#6006,#6007,#6008,#6009),(#6010,#6011,#6012,#6013,#6014,
#6015,#6016,#6017,#6018,#6019,#6020,#6021,#6022),(#6023,#6024,#6025,#6026,#6027,
#6028,#6029,#6030,#6031,#6032,#6033,#6034,#6035)),.UNSPECIFIED.,.F.,.F.,.F.)B_SPLINE_SURFACE_WITH_KNOTS((4,4),(4,1,1,1,1,1,1,1,1,1,4),(0.E0,1.E0),(
-1.085830848990E-1,0.E0,1.243476347115E-1,2.483620174685E-1,3.720971751822E-1,
4.957837430724E-1,6.188684535758E-1,7.437773855600E-1,8.723832704876E-1,1.E0,
1.110024004977E0),.UNSPECIFIED.)GEOMETRIC_REPRESENTATION_ITEM()RATIONAL_B_SPLINE_SURFACE(((1.272103456534E0,1.272103456534E0,1.272103456534E0,1.272103456534E0,
1.272103456534E0,1.272103456534E0,1.272103456534E0,1.272103456534E0,
1.272103456534E0,1.272103456534E0,1.272103456534E0,1.272103456534E0,
1.272103456534E0),(9.092988478220E-1,9.092988478220E-1,9.092988478220E-1,
9.092988478220E-1,9.092988478220E-1,9.092988478220E-1,9.092988478220E-1,
9.092988478220E-1,9.092988478220E-1,9.092988478220E-1,9.092988478220E-1,
9.092988478220E-1,9.092988478220E-1),(9.092988478220E-1,9.092988478220E-1,
9.092988478220E-1,9.092988478220E-1,9.092988478220E-1,9.092988478220E-1,
9.092988478220E-1,9.092988478220E-1,9.092988478220E-1,9.092988478220E-1,
9.092988478220E-1,9.092988478220E-1,9.092988478220E-1),(1.272103456534E0,
1.272103456534E0,1.272103456534E0,1.272103456534E0,1.272103456534E0,
1.272103456534E0,1.272103456534E0,1.272103456534E0,1.272103456534E0,
1.272103456534E0,1.272103456534E0,1.272103456534E0,1.272103456534E0)))REPRESENTATION_ITEM('')SURFACE());
#6038=ORIENTED_EDGE('',*,*,#6037,.T.);
#6039=ORIENTED_EDGE('',*,*,#5979,.T.);
#6040=ORIENTED_EDGE('',*,*,#5338,.F.);
#6042=ORIENTED_EDGE('',*,*,#6041,.F.);
#6043=EDGE_LOOP('',(#6038,#6039,#6040,#6042));
#6044=FACE_OUTER_BOUND('',#6043,.F.);
#6045=ADVANCED_FACE('',(#6044),#6036,.T.);
#6046=CARTESIAN_POINT('',(4.175785296594E0,3.182793347168E0,-4.052835654820E1));
#6047=DIRECTION('',(5.226442768871E-2,-5.226442768871E-2,-9.972646886342E-1));
#6048=DIRECTION('',(-9.986295347546E-1,0.E0,-5.233595624294E-2));
#6049=AXIS2_PLACEMENT_3D('',#6046,#6047,#6048);
#6050=CYLINDRICAL_SURFACE('',#6049,1.E-1);
#6051=ORIENTED_EDGE('',*,*,#6037,.F.);
#6053=ORIENTED_EDGE('',*,*,#6052,.T.);
#6055=ORIENTED_EDGE('',*,*,#6054,.T.);
#6057=ORIENTED_EDGE('',*,*,#6056,.F.);
#6058=ORIENTED_EDGE('',*,*,#5963,.F.);
#6059=EDGE_LOOP('',(#6051,#6053,#6055,#6057,#6058));
#6060=FACE_OUTER_BOUND('',#6059,.F.);
#6061=ADVANCED_FACE('',(#6060),#6050,.F.);
#6062=CARTESIAN_POINT('',(2.275E0,5.225E0,-4.0735E1));
#6063=DIRECTION('',(7.071067811865E-1,7.071067811866E-1,0.E0));
#6064=DIRECTION('',(-7.071067811866E-1,7.071067811865E-1,0.E0));
#6065=AXIS2_PLACEMENT_3D('',#6062,#6063,#6064);
#6066=PLANE('',#6065);
#6068=ORIENTED_EDGE('',*,*,#6067,.F.);
#6070=ORIENTED_EDGE('',*,*,#6069,.T.);
#6072=ORIENTED_EDGE('',*,*,#6071,.F.);
#6073=ORIENTED_EDGE('',*,*,#6052,.F.);
#6074=EDGE_LOOP('',(#6068,#6070,#6072,#6073));
#6075=FACE_OUTER_BOUND('',#6074,.F.);
#6076=ADVANCED_FACE('',(#6075),#6066,.F.);
#6077=CARTESIAN_POINT('',(-1.384548772735E1,2.176975179606E1,-3.45E0));
#6078=DIRECTION('',(7.071067811865E-1,-7.071067811865E-1,0.E0));
#6079=DIRECTION('',(-7.071067811865E-1,-7.071067811866E-1,0.E0));
#6080=AXIS2_PLACEMENT_3D('',#6077,#6078,#6079);
#6081=CYLINDRICAL_SURFACE('',#6080,3.E-1);
#6082=ORIENTED_EDGE('',*,*,#6067,.T.);
#6083=ORIENTED_EDGE('',*,*,#6041,.T.);
#6084=ORIENTED_EDGE('',*,*,#5336,.F.);
#6086=ORIENTED_EDGE('',*,*,#6085,.T.);
#6088=ORIENTED_EDGE('',*,*,#6087,.T.);
#6089=EDGE_LOOP('',(#6082,#6083,#6084,#6086,#6088));
#6090=FACE_OUTER_BOUND('',#6089,.F.);
#6091=ADVANCED_FACE('',(#6090),#6081,.T.);
#6092=CARTESIAN_POINT('',(2.467569109527E0,5.532481708019E0,-3.738344618997E0));
#6093=CARTESIAN_POINT('',(2.459412209536E0,5.537355611259E0,-3.737801049686E0));
#6094=CARTESIAN_POINT('',(2.431867289797E0,5.553753419442E0,-3.735554943986E0));
#6095=CARTESIAN_POINT('',(2.386742018701E0,5.580269811220E0,-3.729582716253E0));
#6096=CARTESIAN_POINT('',(2.333870945093E0,5.610774900771E0,-3.718887878662E0));
#6097=CARTESIAN_POINT('',(2.285896850903E0,5.637963691557E0,-3.705932649644E0));
#6098=CARTESIAN_POINT('',(2.242453495945E0,5.662147349225E0,-3.691258034178E0));
#6099=CARTESIAN_POINT('',(2.203230023473E0,5.683585903264E0,-3.675279391271E0));
#6100=CARTESIAN_POINT('',(2.167916347646E0,5.702523384876E0,-3.658302299713E0));
#6101=CARTESIAN_POINT('',(2.136247366027E0,5.719166760575E0,-3.640559602698E0));
#6102=CARTESIAN_POINT('',(2.108050421876E0,5.733665341388E0,-3.622264842668E0));
#6103=CARTESIAN_POINT('',(2.083237596947E0,5.746121076343E0,-3.603650837375E0));
#6104=CARTESIAN_POINT('',(2.061747562579E0,5.756623089971E0,-3.584967628026E0));
#6105=CARTESIAN_POINT('',(2.043480434068E0,5.765281380387E0,-3.566443382397E0));
#6106=CARTESIAN_POINT('',(2.028244683707E0,5.772249709698E0,-3.548209971743E0));
#6107=CARTESIAN_POINT('',(2.015801315583E0,5.777699183064E0,-3.530277585233E0));
#6108=CARTESIAN_POINT('',(2.005918517703E0,5.781789610421E0,-3.512506901349E0));
#6109=CARTESIAN_POINT('',(1.998440494660E0,5.784643372920E0,-3.494587357390E0));
#6110=CARTESIAN_POINT('',(1.993464205448E0,5.786291136947E0,-3.476259869243E0));
#6111=CARTESIAN_POINT('',(1.991685708570E0,5.786732343511E0,-3.461662615903E0));
#6112=CARTESIAN_POINT('',(1.991417505758E0,5.786786461241E0,-3.453026931764E0));
#6113=CARTESIAN_POINT('',(1.991394508024E0,5.786778319365E0,-3.450265887377E0));
#6114=CARTESIAN_POINT('',(2.446087451594E0,5.479096614771E0,-3.768432102605E0));
#6115=CARTESIAN_POINT('',(2.437946527886E0,5.484472800642E0,-3.768789309358E0));
#6116=CARTESIAN_POINT('',(2.410428091776E0,5.502652329472E0,-3.769542755159E0));
#6117=CARTESIAN_POINT('',(2.365200221077E0,5.532569117113E0,-3.768237962254E0));
#6118=CARTESIAN_POINT('',(2.311965493210E0,5.567843311986E0,-3.762575498833E0));
#6119=CARTESIAN_POINT('',(2.263425581773E0,5.600059509867E0,-3.753769453660E0));
#6120=CARTESIAN_POINT('',(2.219227176105E0,5.629440787969E0,-3.742441072460E0));
#6121=CARTESIAN_POINT('',(2.179060919396E0,5.656183142471E0,-3.729065924564E0));
#6122=CARTESIAN_POINT('',(2.142608210360E0,5.680490348285E0,-3.713994015079E0));
#6123=CARTESIAN_POINT('',(2.109586505582E0,5.702543450965E0,-3.697481964254E0));
#6124=CARTESIAN_POINT('',(2.079799611510E0,5.722466704285E0,-3.679743470329E0));
#6125=CARTESIAN_POINT('',(2.053134043139E0,5.740329364604E0,-3.660990268382E0));
#6126=CARTESIAN_POINT('',(2.029503867173E0,5.756182157331E0,-3.641432829114E0));
#6127=CARTESIAN_POINT('',(2.008785342045E0,5.770101022336E0,-3.621236276423E0));
#6128=CARTESIAN_POINT('',(1.990756829866E0,5.782227737753E0,-3.600423825377E0));
#6129=CARTESIAN_POINT('',(1.975137919683E0,5.792744054788E0,-3.578804967645E0));
#6130=CARTESIAN_POINT('',(1.961638877581E0,5.801838559915E0,-3.555854485850E0));
#6131=CARTESIAN_POINT('',(1.950057702296E0,5.809641083373E0,-3.530503236403E0));
#6132=CARTESIAN_POINT('',(1.940651120423E0,5.815973192446E0,-3.501118322583E0));
#6133=CARTESIAN_POINT('',(1.936080075030E0,5.819043641645E0,-3.473598593032E0));
#6134=CARTESIAN_POINT('',(1.935358812715E0,5.819528950223E0,-3.456100523163E0));
#6135=CARTESIAN_POINT('',(1.935367938690E0,5.819525573384E0,-3.450431014282E0));
#6136=CARTESIAN_POINT('',(2.422497510817E0,5.423333951508E0,-3.744964384093E0));
#6137=CARTESIAN_POINT('',(2.414374131361E0,5.428307569916E0,-3.746263004096E0));
#6138=CARTESIAN_POINT('',(2.386884778072E0,5.445218747178E0,-3.750229442433E0));
#6139=CARTESIAN_POINT('',(2.341544238296E0,5.473571041361E0,-3.754368020026E0));
#6140=CARTESIAN_POINT('',(2.287910165907E0,5.507848610702E0,-3.755336976300E0));
#6141=CARTESIAN_POINT('',(2.238748905996E0,5.539904358675E0,-3.752739771884E0));
#6142=CARTESIAN_POINT('',(2.193721346379E0,5.569823075271E0,-3.747175911888E0));
#6143=CARTESIAN_POINT('',(2.152519777386E0,5.597694170655E0,-3.739102967194E0));
#6144=CARTESIAN_POINT('',(2.114816246556E0,5.623639979044E0,-3.728857823017E0));
#6145=CARTESIAN_POINT('',(2.080309057774E0,5.647780178004E0,-3.716677662627E0));
#6146=CARTESIAN_POINT('',(2.048776170700E0,5.670188792148E0,-3.702738072067E0));
#6147=CARTESIAN_POINT('',(2.020076024355E0,5.690886179642E0,-3.687189320408E0));
#6148=CARTESIAN_POINT('',(1.994095666027E0,5.709871118386E0,-3.670160003487E0));
#6149=CARTESIAN_POINT('',(1.970685155896E0,5.727167928443E0,-3.651715294613E0));
#6150=CARTESIAN_POINT('',(1.949589790772E0,5.742879610998E0,-3.631752971955E0));
#6151=CARTESIAN_POINT('',(1.930483680050E0,5.757167237478E0,-3.609892648045E0));
#6152=CARTESIAN_POINT('',(1.913013483242E0,5.770217726505E0,-3.585272481692E0));
#6153=CARTESIAN_POINT('',(1.896926458421E0,5.782145962356E0,-3.556168178950E0));
#6154=CARTESIAN_POINT('',(1.882654779924E0,5.792572092186E0,-3.519705997446E0));
#6155=CARTESIAN_POINT('',(1.875017115824E0,5.798027096570E0,-3.482693139639E0));
#6156=CARTESIAN_POINT('',(1.873798329208E0,5.798906735464E0,-3.458438175871E0));
#6157=CARTESIAN_POINT('',(1.873842731624E0,5.798909282161E0,-3.450538101995E0));
#6158=CARTESIAN_POINT('',(2.412901617891E0,5.403256927151E0,-3.683960366081E0));
#6159=CARTESIAN_POINT('',(2.404785375067E0,5.407197917773E0,-3.685598434333E0));
#6160=CARTESIAN_POINT('',(2.377307852061E0,5.420656439273E0,-3.690798139722E0));
#6161=CARTESIAN_POINT('',(2.331921480868E0,5.443547263108E0,-3.697440416368E0));
#6162=CARTESIAN_POINT('',(2.278124963507E0,5.471742765773E0,-3.702113276565E0));
#6163=CARTESIAN_POINT('',(2.228710952075E0,5.498559728833E0,-3.703546457986E0));
#6164=CARTESIAN_POINT('',(2.183346110028E0,5.523988850179E0,-3.702230583760E0));
#6165=CARTESIAN_POINT('',(2.141723397722E0,5.548043156131E0,-3.698539303164E0));
#6166=CARTESIAN_POINT('',(2.103511058831E0,5.570777946664E0,-3.692747790858E0));
#6167=CARTESIAN_POINT('',(2.068399606327E0,5.592257973693E0,-3.685043846647E0));
#6168=CARTESIAN_POINT('',(2.036156485935E0,5.612516146839E0,-3.675552691506E0));
#6169=CARTESIAN_POINT('',(2.006628715961E0,5.631541098123E0,-3.664364701436E0));
#6170=CARTESIAN_POINT('',(1.979692352762E0,5.649301568558E0,-3.651540180270E0));
#6171=CARTESIAN_POINT('',(1.955186799617E0,5.665787932159E0,-3.637075669598E0));
#6172=CARTESIAN_POINT('',(1.932843903066E0,5.681064089069E0,-3.620812352341E0));
#6173=CARTESIAN_POINT('',(1.912319272336E0,5.695253220984E0,-3.602320390442E0));
#6174=CARTESIAN_POINT('',(1.893233693118E0,5.708511272745E0,-3.580680368036E0));
#6175=CARTESIAN_POINT('',(1.875313783252E0,5.720925989632E0,-3.554063472456E0));
#6176=CARTESIAN_POINT('',(1.859063085531E0,5.732061265629E0,-3.519335075312E0));
#6177=CARTESIAN_POINT('',(1.850177985287E0,5.738028456843E0,-3.482738381005E0));
#6178=CARTESIAN_POINT('',(1.848756816225E0,5.738996398368E0,-3.458444224291E0));
#6179=CARTESIAN_POINT('',(1.848815568356E0,5.739001983737E0,-3.450514053182E0));
#6180=CARTESIAN_POINT('',(2.403305724964E0,5.383179902793E0,-3.622956348069E0));
#6181=CARTESIAN_POINT('',(2.395196618774E0,5.386088265629E0,-3.624933864571E0));
#6182=CARTESIAN_POINT('',(2.367730926049E0,5.396094131368E0,-3.631366837011E0));
#6183=CARTESIAN_POINT('',(2.322298723440E0,5.413523484855E0,-3.640512812709E0));
#6184=CARTESIAN_POINT('',(2.268339761106E0,5.435636920844E0,-3.648889576829E0));
#6185=CARTESIAN_POINT('',(2.218672998153E0,5.457215098991E0,-3.654353144088E0));
#6186=CARTESIAN_POINT('',(2.172970873678E0,5.478154625086E0,-3.657285255633E0));
#6187=CARTESIAN_POINT('',(2.130927018059E0,5.498392141607E0,-3.657975639134E0));
#6188=CARTESIAN_POINT('',(2.092205871107E0,5.517915914284E0,-3.656637758700E0));
#6189=CARTESIAN_POINT('',(2.056490154879E0,5.536735769381E0,-3.653410030666E0));
#6190=CARTESIAN_POINT('',(2.023536801170E0,5.554843501530E0,-3.648367310945E0));
#6191=CARTESIAN_POINT('',(1.993181407567E0,5.572196016605E0,-3.641540082464E0));
#6192=CARTESIAN_POINT('',(1.965289039497E0,5.588732018730E0,-3.632920357052E0));
#6193=CARTESIAN_POINT('',(1.939688443338E0,5.604407935875E0,-3.622436044583E0));
#6194=CARTESIAN_POINT('',(1.916098015360E0,5.619248567141E0,-3.609871732727E0));
#6195=CARTESIAN_POINT('',(1.894154864622E0,5.633339204490E0,-3.594748132840E0));
#6196=CARTESIAN_POINT('',(1.873453902995E0,5.646804818985E0,-3.576088254379E0));
#6197=CARTESIAN_POINT('',(1.853701108083E0,5.659706016908E0,-3.551958765962E0));
#6198=CARTESIAN_POINT('',(1.835471391137E0,5.671550439072E0,-3.518964153179E0));
#6199=CARTESIAN_POINT('',(1.825338854750E0,5.678029817116E0,-3.482783622370E0));
#6200=CARTESIAN_POINT('',(1.823715303242E0,5.679086061273E0,-3.458450272711E0));
#6201=CARTESIAN_POINT('',(1.823788405088E0,5.679094685313E0,-3.450490004369E0));
#6202=CARTESIAN_POINT('',(2.414253970143E0,5.412492955543E0,-3.566056952039E0));
#6203=CARTESIAN_POINT('',(2.406136721552E0,5.414443494865E0,-3.567540246760E0));
#6204=CARTESIAN_POINT('',(2.378657531300E0,5.421169159634E0,-3.572384941193E0));
#6205=CARTESIAN_POINT('',(2.333277619144E0,5.432968027833E0,-3.579385936811E0));
#6206=CARTESIAN_POINT('',(2.279503995204E0,5.448065532720E0,-3.586010829838E0));
#6207=CARTESIAN_POINT('',(2.230125604124E0,5.462902549357E0,-3.590575214472E0));
#6208=CARTESIAN_POINT('',(2.184808295398E0,5.477390013178E0,-3.593339130598E0));
#6209=CARTESIAN_POINT('',(2.143244934954E0,5.491470524065E0,-3.594499745433E0));
#6210=CARTESIAN_POINT('',(2.105104302545E0,5.505125477073E0,-3.594202345069E0));
#6211=CARTESIAN_POINT('',(2.070078009120E0,5.518353707020E0,-3.592539724701E0));
#6212=CARTESIAN_POINT('',(2.037934982136E0,5.531143072528E0,-3.589558501149E0));
#6213=CARTESIAN_POINT('',(2.008523849424E0,5.543457581416E0,-3.585271719808E0));
#6214=CARTESIAN_POINT('',(1.981722216297E0,5.555248314519E0,-3.579663299009E0));
#6215=CARTESIAN_POINT('',(1.957370987914E0,5.566478598857E0,-3.572670683316E0));
#6216=CARTESIAN_POINT('',(1.935203906365E0,5.577160498492E0,-3.564129338327E0));
#6217=CARTESIAN_POINT('',(1.914879188112E0,5.587350068975E0,-3.553684707990E0));
#6218=CARTESIAN_POINT('',(1.896021265252E0,5.597133144149E0,-3.540620576298E0));
#6219=CARTESIAN_POINT('',(1.878359664461E0,5.606549523154E0,-3.523521068547E0));
#6220=CARTESIAN_POINT('',(1.862387870550E0,5.615234158618E0,-3.499887822937E0));
#6221=CARTESIAN_POINT('',(1.853678571880E0,5.620003739944E0,-3.473748677051E0));
#6222=CARTESIAN_POINT('',(1.852285924641E0,5.620781984282E0,-3.456120588233E0));
#6223=CARTESIAN_POINT('',(1.852342654462E0,5.620788687952E0,-3.450351234584E0));
#6224=CARTESIAN_POINT('',(2.438273156862E0,5.471187197989E0,-3.552101312850E0));
#6225=CARTESIAN_POINT('',(2.430138044782E0,5.472908521789E0,-3.552594068134E0));
#6226=CARTESIAN_POINT('',(2.402629242513E0,5.478765482911E0,-3.554113087103E0));
#6227=CARTESIAN_POINT('',(2.357364049577E0,5.488608181264E0,-3.555784572100E0));
#6228=CARTESIAN_POINT('',(2.303997036689E0,5.500544916749E0,-3.556397634131E0));
#6229=CARTESIAN_POINT('',(2.255251300229E0,5.511739865583E0,-3.555747043528E0));
#6230=CARTESIAN_POINT('',(2.210778232857E0,5.522216933262E0,-3.554041392077E0));
#6231=CARTESIAN_POINT('',(2.170269023386E0,5.532002951849E0,-3.551439828821E0));
#6232=CARTESIAN_POINT('',(2.133401972905E0,5.541137299158E0,-3.548059532213E0));
#6233=CARTESIAN_POINT('',(2.099888193563E0,5.549659255455E0,-3.543982579312E0));
#6234=CARTESIAN_POINT('',(2.069522929921E0,5.557592609025E0,-3.539268749631E0));
#6235=CARTESIAN_POINT('',(2.042183396655E0,5.564942449988E0,-3.533968009302E0));
#6236=CARTESIAN_POINT('',(2.017774710144E0,5.571706201226E0,-3.528121906238E0));
#6237=CARTESIAN_POINT('',(1.996164450509E0,5.577890224662E0,-3.521749077785E0));
#6238=CARTESIAN_POINT('',(1.977120026801E0,5.583528908179E0,-3.514808611724E0));
#6239=CARTESIAN_POINT('',(1.960345962687E0,5.588677680802E0,-3.507159726166E0));
#6240=CARTESIAN_POINT('',(1.945531454235E0,5.593401790514E0,-3.498487325958E0));
#6241=CARTESIAN_POINT('',(1.932457692062E0,5.597740763979E0,-3.488161756114E0));
#6242=CARTESIAN_POINT('',(1.921439520771E0,5.601553528460E0,-3.475127455893E0));
#6243=CARTESIAN_POINT('',(1.915852641441E0,5.603558424953E0,-3.461800736339E0));
#6244=CARTESIAN_POINT('',(1.914966571526E0,5.603882127779E0,-3.453045397396E0));
#6245=CARTESIAN_POINT('',(1.914987383012E0,5.603883262870E0,-3.450192467124E0));
#6246=(BOUNDED_SURFACE()B_SPLINE_SURFACE(3,3,((#6092,#6093,#6094,#6095,#6096,
#6097,#6098,#6099,#6100,#6101,#6102,#6103,#6104,#6105,#6106,#6107,#6108,#6109,
#6110,#6111,#6112,#6113),(#6114,#6115,#6116,#6117,#6118,#6119,#6120,#6121,#6122,
#6123,#6124,#6125,#6126,#6127,#6128,#6129,#6130,#6131,#6132,#6133,#6134,#6135),(
#6136,#6137,#6138,#6139,#6140,#6141,#6142,#6143,#6144,#6145,#6146,#6147,#6148,
#6149,#6150,#6151,#6152,#6153,#6154,#6155,#6156,#6157),(#6158,#6159,#6160,#6161,
#6162,#6163,#6164,#6165,#6166,#6167,#6168,#6169,#6170,#6171,#6172,#6173,#6174,
#6175,#6176,#6177,#6178,#6179),(#6180,#6181,#6182,#6183,#6184,#6185,#6186,#6187,
#6188,#6189,#6190,#6191,#6192,#6193,#6194,#6195,#6196,#6197,#6198,#6199,#6200,
#6201),(#6202,#6203,#6204,#6205,#6206,#6207,#6208,#6209,#6210,#6211,#6212,#6213,
#6214,#6215,#6216,#6217,#6218,#6219,#6220,#6221,#6222,#6223),(#6224,#6225,#6226,
#6227,#6228,#6229,#6230,#6231,#6232,#6233,#6234,#6235,#6236,#6237,#6238,#6239,
#6240,#6241,#6242,#6243,#6244,#6245)),.UNSPECIFIED.,.F.,.F.,.F.)B_SPLINE_SURFACE_WITH_KNOTS((4,3,4),(4,1,1,1,1,1,1,1,1,1,1,1,1,1,1,1,1,1,1,4),(0.E0,1.E0,2.E0),(
-4.289266964337E-2,0.E0,1.021052075342E-1,1.955910764731E-1,2.814140441755E-1,
3.602236631500E-1,4.326504233921E-1,4.993518628690E-1,5.609729289115E-1,
6.179557135378E-1,6.705106370613E-1,7.188398064898E-1,7.632312000513E-1,
8.041401170594E-1,8.425001602427E-1,8.793796580552E-1,9.162727897781E-1,
9.556911175907E-1,1.E0,1.021236400067E0),.UNSPECIFIED.)GEOMETRIC_REPRESENTATION_ITEM()RATIONAL_B_SPLINE_SURFACE(((1.205761040158E0,1.205761040158E0,
1.205761040158E0,1.205761040158E0,1.205761040158E0,1.205761040158E0,
1.205761040158E0,1.205761040158E0,1.205761040158E0,1.205761040158E0,
1.205761040158E0,1.205761040158E0,1.205761040158E0,1.205761040158E0,
1.205761040158E0,1.205761040158E0,1.205761040158E0,1.205761040158E0,
1.205761040158E0,1.205761040158E0,1.205761040158E0,1.205761040158E0),(
9.314129866139E-1,9.314129866139E-1,9.314129866139E-1,9.314129866139E-1,
9.314129866139E-1,9.314129866139E-1,9.314129866139E-1,9.314129866139E-1,
9.314129866139E-1,9.314129866139E-1,9.314129866139E-1,9.314129866139E-1,
9.314129866139E-1,9.314129866139E-1,9.314129866139E-1,9.314129866139E-1,
9.314129866139E-1,9.314129866139E-1,9.314129866139E-1,9.314129866139E-1,
9.314129866139E-1,9.314129866139E-1),(9.314129866139E-1,9.314129866139E-1,
9.314129866139E-1,9.314129866139E-1,9.314129866139E-1,9.314129866139E-1,
9.314129866139E-1,9.314129866139E-1,9.314129866139E-1,9.314129866139E-1,
9.314129866139E-1,9.314129866139E-1,9.314129866139E-1,9.314129866139E-1,
9.314129866139E-1,9.314129866139E-1,9.314129866139E-1,9.314129866139E-1,
9.314129866139E-1,9.314129866139E-1,9.314129866139E-1,9.314129866139E-1),(
1.205761040158E0,1.205761040158E0,1.205761040158E0,1.205761040158E0,
1.205761040158E0,1.205761040158E0,1.205761040158E0,1.205761040158E0,
1.205761040158E0,1.205761040158E0,1.205761040158E0,1.205761040158E0,
1.205761040158E0,1.205761040158E0,1.205761040158E0,1.205761040158E0,
1.205761040158E0,1.205761040158E0,1.205761040158E0,1.205761040158E0,
1.205761040158E0,1.205761040158E0),(9.314129866139E-1,9.314129866139E-1,
9.314129866139E-1,9.314129866139E-1,9.314129866139E-1,9.314129866139E-1,
9.314129866139E-1,9.314129866139E-1,9.314129866139E-1,9.314129866139E-1,
9.314129866139E-1,9.314129866139E-1,9.314129866139E-1,9.314129866139E-1,
9.314129866139E-1,9.314129866139E-1,9.314129866139E-1,9.314129866139E-1,
9.314129866139E-1,9.314129866139E-1,9.314129866139E-1,9.314129866139E-1),(
9.314129866139E-1,9.314129866139E-1,9.314129866139E-1,9.314129866139E-1,
9.314129866139E-1,9.314129866139E-1,9.314129866139E-1,9.314129866139E-1,
9.314129866139E-1,9.314129866139E-1,9.314129866139E-1,9.314129866139E-1,
9.314129866139E-1,9.314129866139E-1,9.314129866139E-1,9.314129866139E-1,
9.314129866139E-1,9.314129866139E-1,9.314129866139E-1,9.314129866139E-1,
9.314129866139E-1,9.314129866139E-1),(1.205761040158E0,1.205761040158E0,
1.205761040158E0,1.205761040158E0,1.205761040158E0,1.205761040158E0,
1.205761040158E0,1.205761040158E0,1.205761040158E0,1.205761040158E0,
1.205761040158E0,1.205761040158E0,1.205761040158E0,1.205761040158E0,
1.205761040158E0,1.205761040158E0,1.205761040158E0,1.205761040158E0,
1.205761040158E0,1.205761040158E0,1.205761040158E0,1.205761040158E0)))REPRESENTATION_ITEM('')SURFACE());
#6248=ORIENTED_EDGE('',*,*,#6247,.T.);
#6249=ORIENTED_EDGE('',*,*,#6085,.F.);
#6251=ORIENTED_EDGE('',*,*,#6250,.F.);
#6252=EDGE_LOOP('',(#6248,#6249,#6251));
#6253=FACE_OUTER_BOUND('',#6252,.F.);
#6254=ADVANCED_FACE('',(#6253),#6246,.T.);
#6255=CARTESIAN_POINT('',(1.991685239755E0,5.786726075256E0,-3.458726239551E0));
#6256=CARTESIAN_POINT('',(1.991679412761E0,5.786728478077E0,-3.458680390982E0));
#6257=CARTESIAN_POINT('',(1.991385368402E0,5.786850450113E0,-3.456353025900E0));
#6258=CARTESIAN_POINT('',(1.991180264424E0,5.786972280388E0,-3.454028365771E0));
#6259=CARTESIAN_POINT('',(1.991064373476E0,5.787091509686E0,-3.451753335237E0));
#6260=CARTESIAN_POINT('',(1.935948670685E0,5.819123858467E0,-3.467508276006E0));
#6261=CARTESIAN_POINT('',(1.935939368149E0,5.819127694170E0,-3.467435086425E0));
#6262=CARTESIAN_POINT('',(1.935469895527E0,5.819322424585E0,-3.463719408775E0));
#6263=CARTESIAN_POINT('',(1.935140237611E0,5.819518058284E0,-3.459986495421E0));
#6264=CARTESIAN_POINT('',(1.934953463423E0,5.819710155843E0,-3.456321055626E0));
#6265=CARTESIAN_POINT('',(1.874769442850E0,5.798006818275E0,-3.474177483549E0));
#6266=CARTESIAN_POINT('',(1.874756325386E0,5.798012226780E0,-3.474074283115E0));
#6267=CARTESIAN_POINT('',(1.874094293985E0,5.798286820406E0,-3.468834724603E0));
#6268=CARTESIAN_POINT('',(1.873627919479E0,5.798563464411E0,-3.463556042531E0));
#6269=CARTESIAN_POINT('',(1.873363340324E0,5.798835545796E0,-3.458364420440E0));
#6270=CARTESIAN_POINT('',(1.850027991152E0,5.737830691672E0,-3.474168434955E0));
#6271=CARTESIAN_POINT('',(1.850013330895E0,5.737836736234E0,-3.474053097851E0));
#6272=CARTESIAN_POINT('',(1.849273426924E0,5.738143627289E0,-3.468197267672E0));
#6273=CARTESIAN_POINT('',(1.848751762950E0,5.738453032619E0,-3.462293462280E0));
#6274=CARTESIAN_POINT('',(1.848455718739E0,5.738757460211E0,-3.456484637800E0));
#6275=CARTESIAN_POINT('',(1.825286539454E0,5.677654565070E0,-3.474159386361E0));
#6276=CARTESIAN_POINT('',(1.825270336404E0,5.677661245688E0,-3.474031912588E0));
#6277=CARTESIAN_POINT('',(1.824452559863E0,5.678000434173E0,-3.467559810741E0));
#6278=CARTESIAN_POINT('',(1.823875606421E0,5.678342600828E0,-3.461030882028E0));
#6279=CARTESIAN_POINT('',(1.823548097154E0,5.678679374626E0,-3.454604855159E0));
#6280=CARTESIAN_POINT('',(1.853919703304E0,5.619613110822E0,-3.467478275874E0));
#6281=CARTESIAN_POINT('',(1.853905285721E0,5.619619055335E0,-3.467364847811E0));
#6282=CARTESIAN_POINT('',(1.853177630734E0,5.619920866159E0,-3.461605954220E0));
#6283=CARTESIAN_POINT('',(1.852664663529E0,5.620225118289E0,-3.455800477740E0));
#6284=CARTESIAN_POINT('',(1.852373568620E0,5.620524457977E0,-3.450088736247E0));
#6285=CARTESIAN_POINT('',(1.916326559365E0,5.603438790945E0,-3.458698678917E0));
#6286=CARTESIAN_POINT('',(1.916316033262E0,5.603443131096E0,-3.458615863907E0));
#6287=CARTESIAN_POINT('',(1.915784800956E0,5.603663476165E0,-3.454411429518E0));
#6288=CARTESIAN_POINT('',(1.915411293710E0,5.603885092429E0,-3.450182739297E0));
#6289=CARTESIAN_POINT('',(1.915199565010E0,5.604102843328E0,-3.446027804621E0));
#6290=(BOUNDED_SURFACE()B_SPLINE_SURFACE(3,3,((#6255,#6256,#6257,#6258,#6259),(
#6260,#6261,#6262,#6263,#6264),(#6265,#6266,#6267,#6268,#6269),(#6270,#6271,
#6272,#6273,#6274),(#6275,#6276,#6277,#6278,#6279),(#6280,#6281,#6282,#6283,
#6284),(#6285,#6286,#6287,#6288,#6289)),.UNSPECIFIED.,.F.,.F.,.F.)B_SPLINE_SURFACE_WITH_KNOTS((4,3,4),(4,1,4),(0.E0,1.E0,2.E0),(-3.825001776705E-3,0.E0,
1.903441444075E-1),.UNSPECIFIED.)GEOMETRIC_REPRESENTATION_ITEM()RATIONAL_B_SPLINE_SURFACE(((1.206473882984E0,1.206473882984E0,1.206473882984E0,1.206473882984E0,
1.206473882984E0),(9.311753723385E-1,9.311753723385E-1,9.311753723385E-1,
9.311753723385E-1,9.311753723385E-1),(9.311753723385E-1,9.311753723385E-1,
9.311753723385E-1,9.311753723385E-1,9.311753723385E-1),(1.206473882984E0,
1.206473882984E0,1.206473882984E0,1.206473882984E0,1.206473882984E0),(
9.311753723385E-1,9.311753723385E-1,9.311753723385E-1,9.311753723385E-1,
9.311753723385E-1),(9.311753723385E-1,9.311753723385E-1,9.311753723385E-1,
9.311753723385E-1,9.311753723385E-1),(1.206473882984E0,1.206473882984E0,
1.206473882984E0,1.206473882984E0,1.206473882984E0)))REPRESENTATION_ITEM('')SURFACE());
#6291=ORIENTED_EDGE('',*,*,#4417,.T.);
#6293=ORIENTED_EDGE('',*,*,#6292,.T.);
#6294=ORIENTED_EDGE('',*,*,#6087,.F.);
#6295=ORIENTED_EDGE('',*,*,#6247,.F.);
#6296=EDGE_LOOP('',(#6291,#6293,#6294,#6295));
#6297=FACE_OUTER_BOUND('',#6296,.F.);
#6298=ADVANCED_FACE('',(#6297),#6290,.T.);
#6299=CARTESIAN_POINT('',(3.886269679985E0,3.755151676252E0,-4.057352544772E1));
#6300=DIRECTION('',(-5.226442768871E-2,5.226442768871E-2,9.972646886342E-1));
#6301=DIRECTION('',(9.986295347546E-1,0.E0,5.233595624294E-2));
#6302=AXIS2_PLACEMENT_3D('',#6299,#6300,#6301);
#6303=CYLINDRICAL_SURFACE('',#6302,1.E-1);
#6304=ORIENTED_EDGE('',*,*,#6292,.F.);
#6305=ORIENTED_EDGE('',*,*,#4415,.F.);
#6307=ORIENTED_EDGE('',*,*,#6306,.T.);
#6309=ORIENTED_EDGE('',*,*,#6308,.T.);
#6310=ORIENTED_EDGE('',*,*,#6069,.F.);
#6311=EDGE_LOOP('',(#6304,#6305,#6307,#6309,#6310));
#6312=FACE_OUTER_BOUND('',#6311,.F.);
#6313=ADVANCED_FACE('',(#6312),#6303,.T.);
#6314=CARTESIAN_POINT('',(-8.E0,-6.E0,3.5E-1));
#6315=DIRECTION('',(0.E0,0.E0,1.E0));
#6316=DIRECTION('',(1.E0,0.E0,0.E0));
#6317=AXIS2_PLACEMENT_3D('',#6314,#6315,#6316);
#6318=PLANE('',#6317);
#6320=ORIENTED_EDGE('',*,*,#6319,.F.);
#6322=ORIENTED_EDGE('',*,*,#6321,.T.);
#6324=ORIENTED_EDGE('',*,*,#6323,.F.);
#6325=ORIENTED_EDGE('',*,*,#5948,.F.);
#6326=ORIENTED_EDGE('',*,*,#5965,.F.);
#6327=ORIENTED_EDGE('',*,*,#6056,.T.);
#6328=EDGE_LOOP('',(#6320,#6322,#6324,#6325,#6326,#6327));
#6329=FACE_OUTER_BOUND('',#6328,.F.);
#6330=ADVANCED_FACE('',(#6329),#6318,.T.);
#6331=CARTESIAN_POINT('',(-8.E0,-6.E0,3.5E-1));
#6332=DIRECTION('',(0.E0,0.E0,1.E0));
#6333=DIRECTION('',(1.E0,0.E0,0.E0));
#6334=AXIS2_PLACEMENT_3D('',#6331,#6332,#6333);
#6335=PLANE('',#6334);
#6337=ORIENTED_EDGE('',*,*,#6336,.F.);
#6338=ORIENTED_EDGE('',*,*,#5397,.T.);
#6339=ORIENTED_EDGE('',*,*,#5842,.T.);
#6341=ORIENTED_EDGE('',*,*,#6340,.F.);
#6342=ORIENTED_EDGE('',*,*,#3683,.T.);
#6343=EDGE_LOOP('',(#6337,#6338,#6339,#6341,#6342));
#6344=FACE_OUTER_BOUND('',#6343,.F.);
#6345=ADVANCED_FACE('',(#6344),#6335,.T.);
#6346=CARTESIAN_POINT('',(-8.E0,-6.E0,3.5E-1));
#6347=DIRECTION('',(0.E0,0.E0,1.E0));
#6348=DIRECTION('',(1.E0,0.E0,0.E0));
#6349=AXIS2_PLACEMENT_3D('',#6346,#6347,#6348);
#6350=PLANE('',#6349);
#6351=ORIENTED_EDGE('',*,*,#6306,.F.);
#6352=ORIENTED_EDGE('',*,*,#4413,.F.);
#6354=ORIENTED_EDGE('',*,*,#6353,.F.);
#6356=ORIENTED_EDGE('',*,*,#6355,.F.);
#6358=ORIENTED_EDGE('',*,*,#6357,.T.);
#6359=EDGE_LOOP('',(#6351,#6352,#6354,#6356,#6358));
#6360=FACE_OUTER_BOUND('',#6359,.F.);
#6361=ADVANCED_FACE('',(#6360),#6350,.T.);
#6362=CARTESIAN_POINT('',(2.017946131366E0,5.249203868397E0,4.178096881015E-1));
#6363=DIRECTION('',(5.226442768871E-2,-5.226442768871E-2,9.972646886342E-1));
#6364=DIRECTION('',(0.E0,9.986295347546E-1,5.233595624294E-2));
#6365=AXIS2_PLACEMENT_3D('',#6362,#6363,#6364);
#6366=CYLINDRICAL_SURFACE('',#6365,1.E-1);
#6368=ORIENTED_EDGE('',*,*,#6367,.F.);
#6370=ORIENTED_EDGE('',*,*,#6369,.T.);
#6371=ORIENTED_EDGE('',*,*,#6319,.T.);
#6373=ORIENTED_EDGE('',*,*,#6372,.F.);
#6375=ORIENTED_EDGE('',*,*,#6374,.F.);
#6376=EDGE_LOOP('',(#6368,#6370,#6371,#6373,#6375));
#6377=FACE_OUTER_BOUND('',#6376,.F.);
#6378=ADVANCED_FACE('',(#6377),#6366,.F.);
#6379=CARTESIAN_POINT('',(2.167315421738E0,4.974668489830E0,3.708593933664E0));
#6380=CARTESIAN_POINT('',(2.175920936412E0,4.972512478939E0,3.710088755344E0));
#6381=CARTESIAN_POINT('',(2.194798484505E0,4.970481003191E0,3.713281928604E0));
#6382=CARTESIAN_POINT('',(2.223397031630E0,4.975121168203E0,3.717019790898E0));
#6383=CARTESIAN_POINT('',(2.250205198706E0,4.987917009282E0,3.719232079851E0));
#6384=CARTESIAN_POINT('',(2.272278421966E0,5.007650761858E0,3.719603855796E0));
#6385=CARTESIAN_POINT('',(2.287937709696E0,5.032845312576E0,3.718093075401E0));
#6386=CARTESIAN_POINT('',(2.296002200156E0,5.061786268667E0,3.714819444116E0));
#6387=CARTESIAN_POINT('',(2.295581462310E0,5.092634173414E0,3.709998744766E0));
#6388=CARTESIAN_POINT('',(2.286080352080E0,5.122872992690E0,3.704010275202E0));
#6389=CARTESIAN_POINT('',(2.268731862347E0,5.148215745730E0,3.697738751846E0));
#6390=CARTESIAN_POINT('',(2.253532789725E0,5.160950009830E0,3.693744585410E0));
#6391=CARTESIAN_POINT('',(2.245946327504E0,5.165707547455E0,3.692113538315E0));
#6392=CARTESIAN_POINT('',(2.175381557704E0,5.005366281714E0,3.935253047915E0));
#6393=CARTESIAN_POINT('',(2.181065388224E0,5.002730518140E0,3.937499925488E0));
#6394=CARTESIAN_POINT('',(2.194208318562E0,4.998916006301E0,3.941043680336E0));
#6395=CARTESIAN_POINT('',(2.215833707057E0,4.999560353065E0,3.945097965693E0));
#6396=CARTESIAN_POINT('',(2.236998002049E0,5.007791586185E0,3.947491429104E0));
#6397=CARTESIAN_POINT('',(2.254220615806E0,5.022808333696E0,3.947890706822E0));
#6398=CARTESIAN_POINT('',(2.265260550846E0,5.042755986886E0,3.946262053153E0));
#6399=CARTESIAN_POINT('',(2.268915422908E0,5.065138285872E0,3.942711019517E0));
#6400=CARTESIAN_POINT('',(2.264981865911E0,5.087353618870E0,3.937431798934E0));
#6401=CARTESIAN_POINT('',(2.254231450169E0,5.106699514605E0,3.930780680222E0));
#6402=CARTESIAN_POINT('',(2.239353960330E0,5.120342063718E0,3.923727258961E0));
#6403=CARTESIAN_POINT('',(2.228427048505E0,5.125803924533E0,3.919124031025E0));
#6404=CARTESIAN_POINT('',(2.223359209510E0,5.127572823902E0,3.916714683958E0));
#6405=CARTESIAN_POINT('',(2.132690511546E0,4.842896682346E0,4.090920751450E0));
#6406=CARTESIAN_POINT('',(2.151945123186E0,4.835597329440E0,4.092660248687E0));
#6407=CARTESIAN_POINT('',(2.195710874614E0,4.826045747334E0,4.094401521984E0));
#6408=CARTESIAN_POINT('',(2.265919235550E0,4.831788896381E0,4.096292096006E0));
#6409=CARTESIAN_POINT('',(2.333865180051E0,4.860591781113E0,4.097401454107E0));
#6410=CARTESIAN_POINT('',(2.389569415933E0,4.909659449475E0,4.097583252547E0));
#6411=CARTESIAN_POINT('',(2.426761917739E0,4.973720908042E0,4.096834867369E0));
#6412=CARTESIAN_POINT('',(2.441829673308E0,5.045929768990E0,4.095178659665E0));
#6413=CARTESIAN_POINT('',(2.433568242045E0,5.119119775361E0,4.092661107895E0));
#6414=CARTESIAN_POINT('',(2.403123613775E0,5.185371397E0,4.089387400972E0));
#6415=CARTESIAN_POINT('',(2.357261158032E0,5.235097369095E0,4.085820717893E0));
#6416=CARTESIAN_POINT('',(2.321476557972E0,5.256915725271E0,4.083374534572E0));
#6417=CARTESIAN_POINT('',(2.304424249092E0,5.264436569590E0,4.081543005506E0));
#6418=CARTESIAN_POINT('',(2.075769021015E0,4.626269741437E0,4.042406741031E0));
#6419=CARTESIAN_POINT('',(2.113475630141E0,4.614113160024E0,4.042813539630E0));
#6420=CARTESIAN_POINT('',(2.198020555895E0,4.599779148243E0,4.042141483218E0));
#6421=CARTESIAN_POINT('',(2.330800112006E0,4.615353151590E0,4.041239497048E0));
#6422=CARTESIAN_POINT('',(2.457926542930E0,4.672262708106E0,4.040698158956E0));
#6423=CARTESIAN_POINT('',(2.562519505493E0,4.765015033093E0,4.040603573756E0));
#6424=CARTESIAN_POINT('',(2.634260186691E0,4.884806940117E0,4.040980435368E0));
#6425=CARTESIAN_POINT('',(2.666798390046E0,5.020595650447E0,4.041770056443E0));
#6426=CARTESIAN_POINT('',(2.657096986873E0,5.160753312046E0,4.042871461668E0));
#6427=CARTESIAN_POINT('',(2.605363735849E0,5.291576463782E0,4.044125491900E0));
#6428=CARTESIAN_POINT('',(2.521571287481E0,5.394296273535E0,4.045330907142E0));
#6429=CARTESIAN_POINT('',(2.453067550462E0,5.442105299523E0,4.045962293098E0));
#6430=CARTESIAN_POINT('',(2.419781669246E0,5.459197270355E0,4.045570315154E0));
#6431=(BOUNDED_SURFACE()B_SPLINE_SURFACE(3,3,((#6379,#6380,#6381,#6382,#6383,
#6384,#6385,#6386,#6387,#6388,#6389,#6390,#6391),(#6392,#6393,#6394,#6395,#6396,
#6397,#6398,#6399,#6400,#6401,#6402,#6403,#6404),(#6405,#6406,#6407,#6408,#6409,
#6410,#6411,#6412,#6413,#6414,#6415,#6416,#6417),(#6418,#6419,#6420,#6421,#6422,
#6423,#6424,#6425,#6426,#6427,#6428,#6429,#6430)),.UNSPECIFIED.,.F.,.F.,.F.)B_SPLINE_SURFACE_WITH_KNOTS((4,4),(4,1,1,1,1,1,1,1,1,1,4),(0.E0,1.E0),(
-1.100937298321E-1,0.E0,1.235503296320E-1,2.468711018615E-1,3.701826786523E-1,
4.938126084564E-1,6.171795455281E-1,7.425513051633E-1,8.716716539919E-1,1.E0,
1.107723825815E0),.UNSPECIFIED.)GEOMETRIC_REPRESENTATION_ITEM()RATIONAL_B_SPLINE_SURFACE(((1.272105426615E0,1.272105426615E0,1.272105426615E0,1.272105426615E0,
1.272105426615E0,1.272105426615E0,1.272105426615E0,1.272105426615E0,
1.272105426615E0,1.272105426615E0,1.272105426615E0,1.272105426615E0,
1.272105426615E0),(9.092981911284E-1,9.092981911284E-1,9.092981911284E-1,
9.092981911284E-1,9.092981911284E-1,9.092981911284E-1,9.092981911284E-1,
9.092981911284E-1,9.092981911284E-1,9.092981911284E-1,9.092981911284E-1,
9.092981911284E-1,9.092981911284E-1),(9.092981911284E-1,9.092981911284E-1,
9.092981911284E-1,9.092981911284E-1,9.092981911284E-1,9.092981911284E-1,
9.092981911284E-1,9.092981911284E-1,9.092981911284E-1,9.092981911284E-1,
9.092981911284E-1,9.092981911284E-1,9.092981911284E-1),(1.272105426615E0,
1.272105426615E0,1.272105426615E0,1.272105426615E0,1.272105426615E0,
1.272105426615E0,1.272105426615E0,1.272105426615E0,1.272105426615E0,
1.272105426615E0,1.272105426615E0,1.272105426615E0,1.272105426615E0)))REPRESENTATION_ITEM('')SURFACE());
#6432=ORIENTED_EDGE('',*,*,#6367,.T.);
#6434=ORIENTED_EDGE('',*,*,#6433,.T.);
#6435=ORIENTED_EDGE('',*,*,#3547,.F.);
#6437=ORIENTED_EDGE('',*,*,#6436,.F.);
#6438=EDGE_LOOP('',(#6432,#6434,#6435,#6437));
#6439=FACE_OUTER_BOUND('',#6438,.F.);
#6440=ADVANCED_FACE('',(#6439),#6431,.T.);
#6441=CARTESIAN_POINT('',(2.537194313770E0,5.295641110942E0,3.75E0));
#6442=DIRECTION('',(-7.071067811865E-1,7.071067811865E-1,0.E0));
#6443=DIRECTION('',(-7.071067811865E-1,-7.071067811865E-1,0.E0));
#6444=AXIS2_PLACEMENT_3D('',#6441,#6442,#6443);
#6445=CYLINDRICAL_SURFACE('',#6444,3.E-1);
#6446=ORIENTED_EDGE('',*,*,#3549,.F.);
#6447=ORIENTED_EDGE('',*,*,#6433,.F.);
#6449=ORIENTED_EDGE('',*,*,#6448,.T.);
#6451=ORIENTED_EDGE('',*,*,#6450,.T.);
#6453=ORIENTED_EDGE('',*,*,#6452,.T.);
#6454=EDGE_LOOP('',(#6446,#6447,#6449,#6451,#6453));
#6455=FACE_OUTER_BOUND('',#6454,.F.);
#6456=ADVANCED_FACE('',(#6455),#6445,.T.);
#6457=CARTESIAN_POINT('',(1.508571356E0,5.9E0,2.075E1));
#6458=DIRECTION('',(7.071067811865E-1,7.071067811865E-1,0.E0));
#6459=DIRECTION('',(7.071067811865E-1,-7.071067811865E-1,0.E0));
#6460=AXIS2_PLACEMENT_3D('',#6457,#6458,#6459);
#6461=PLANE('',#6460);
#6462=ORIENTED_EDGE('',*,*,#6448,.F.);
#6463=ORIENTED_EDGE('',*,*,#6374,.T.);
#6465=ORIENTED_EDGE('',*,*,#6464,.T.);
#6467=ORIENTED_EDGE('',*,*,#6466,.F.);
#6468=EDGE_LOOP('',(#6462,#6463,#6465,#6467));
#6469=FACE_OUTER_BOUND('',#6468,.F.);
#6470=ADVANCED_FACE('',(#6469),#6461,.F.);
#6471=CARTESIAN_POINT('',(8.E0,-5.9E0,3.5E-1));
#6472=DIRECTION('',(0.E0,0.E0,-1.E0));
#6473=DIRECTION('',(1.E0,0.E0,0.E0));
#6474=AXIS2_PLACEMENT_3D('',#6471,#6472,#6473);
#6475=PLANE('',#6474);
#6477=ORIENTED_EDGE('',*,*,#6476,.F.);
#6478=ORIENTED_EDGE('',*,*,#6464,.F.);
#6479=ORIENTED_EDGE('',*,*,#6372,.T.);
#6480=ORIENTED_EDGE('',*,*,#6054,.F.);
#6481=ORIENTED_EDGE('',*,*,#6071,.T.);
#6482=ORIENTED_EDGE('',*,*,#6308,.F.);
#6483=EDGE_LOOP('',(#6477,#6478,#6479,#6480,#6481,#6482));
#6484=FACE_OUTER_BOUND('',#6483,.F.);
#6485=ADVANCED_FACE('',(#6484),#6475,.T.);
#6486=CARTESIAN_POINT('',(2.809868458619E0,4.740124253619E0,2.062101539655E1));
#6487=DIRECTION('',(5.226442768871E-2,-5.226442768871E-2,9.972646886342E-1));
#6488=DIRECTION('',(0.E0,9.986295347546E-1,5.233595624294E-2));
#6489=AXIS2_PLACEMENT_3D('',#6486,#6487,#6488);
#6490=CYLINDRICAL_SURFACE('',#6489,1.E-1);
#6492=ORIENTED_EDGE('',*,*,#6491,.F.);
#6493=ORIENTED_EDGE('',*,*,#6466,.T.);
#6494=ORIENTED_EDGE('',*,*,#6476,.T.);
#6495=ORIENTED_EDGE('',*,*,#6357,.F.);
#6497=ORIENTED_EDGE('',*,*,#6496,.T.);
#6498=EDGE_LOOP('',(#6492,#6493,#6494,#6495,#6497));
#6499=FACE_OUTER_BOUND('',#6498,.F.);
#6500=ADVANCED_FACE('',(#6499),#6490,.T.);
#6501=CARTESIAN_POINT('',(1.901335120473E0,5.527013786625E0,3.758860983942E0));
#6502=CARTESIAN_POINT('',(1.901324630833E0,5.527018078485E0,3.758779090367E0));
#6503=CARTESIAN_POINT('',(1.900782280869E0,5.527241280831E0,3.754520135904E0));
#6504=CARTESIAN_POINT('',(1.900401780288E0,5.527465799573E0,3.750236063103E0));
#6505=CARTESIAN_POINT('',(1.900187249790E0,5.527686513129E0,3.746024597565E0));
#6506=CARTESIAN_POINT('',(1.838935921165E0,5.543184964660E0,3.767700572165E0));
#6507=CARTESIAN_POINT('',(1.838921554457E0,5.543190842689E0,3.767588412687E0));
#6508=CARTESIAN_POINT('',(1.838178719216E0,5.543496549264E0,3.761755183739E0));
#6509=CARTESIAN_POINT('',(1.837656143282E0,5.543804780491E0,3.755873781556E0));
#6510=CARTESIAN_POINT('',(1.837361191204E0,5.544108192822E0,3.750084329401E0));
#6511=CARTESIAN_POINT('',(1.810306271453E0,5.601224975650E0,3.774409207274E0));
#6512=CARTESIAN_POINT('',(1.810290125892E0,5.601231581436E0,3.774283161365E0));
#6513=CARTESIAN_POINT('',(1.809455305124E0,5.601575142138E0,3.767727632651E0));
#6514=CARTESIAN_POINT('',(1.808867542975E0,5.601921781858E0,3.761113352784E0));
#6515=CARTESIAN_POINT('',(1.808535692320E0,5.602263137575E0,3.754599897684E0));
#6516=CARTESIAN_POINT('',(1.835044688353E0,5.661402347004E0,3.774394471947E0));
#6517=CARTESIAN_POINT('',(1.835030079870E0,5.661408323947E0,3.774280425078E0));
#6518=CARTESIAN_POINT('',(1.834274742307E0,5.661719175511E0,3.768349023900E0));
#6519=CARTESIAN_POINT('',(1.833743306512E0,5.662032627074E0,3.762368011777E0));
#6520=CARTESIAN_POINT('',(1.833443339320E0,5.662341196525E0,3.756480155903E0));
#6521=CARTESIAN_POINT('',(1.859783105252E0,5.721579718357E0,3.774379736619E0));
#6522=CARTESIAN_POINT('',(1.859770033848E0,5.721585066458E0,3.774277688791E0));
#6523=CARTESIAN_POINT('',(1.859094179490E0,5.721863208883E0,3.768970415149E0));
#6524=CARTESIAN_POINT('',(1.858619070048E0,5.722143472290E0,3.763622670770E0));
#6525=CARTESIAN_POINT('',(1.858350986319E0,5.722419255475E0,3.758360414123E0));
#6526=CARTESIAN_POINT('',(1.920954827444E0,5.742699840703E0,3.767651717969E0));
#6527=CARTESIAN_POINT('',(1.920945556840E0,5.742703633837E0,3.767579340672E0));
#6528=CARTESIAN_POINT('',(1.920466243941E0,5.742900895003E0,3.763815373395E0));
#6529=CARTESIAN_POINT('',(1.920130415035E0,5.743099092663E0,3.760033536757E0));
#6530=CARTESIAN_POINT('',(1.919941170885E0,5.743293803871E0,3.756318225583E0));
#6531=CARTESIAN_POINT('',(1.976684559554E0,5.710304867673E0,3.758816102385E0));
#6532=CARTESIAN_POINT('',(1.976678751622E0,5.710307244173E0,3.758770756054E0));
#6533=CARTESIAN_POINT('',(1.976378495359E0,5.710430819480E0,3.756412798731E0));
#6534=CARTESIAN_POINT('',(1.976169556245E0,5.710554252168E0,3.754057562747E0));
#6535=CARTESIAN_POINT('',(1.976052137906E0,5.710675103766E0,3.751751576891E0));
#6536=(BOUNDED_SURFACE()B_SPLINE_SURFACE(3,3,((#6501,#6502,#6503,#6504,#6505),(
#6506,#6507,#6508,#6509,#6510),(#6511,#6512,#6513,#6514,#6515),(#6516,#6517,
#6518,#6519,#6520),(#6521,#6522,#6523,#6524,#6525),(#6526,#6527,#6528,#6529,
#6530),(#6531,#6532,#6533,#6534,#6535)),.UNSPECIFIED.,.F.,.F.,.F.)B_SPLINE_SURFACE_WITH_KNOTS((4,3,4),(4,1,4),(0.E0,1.E0,2.E0),(-3.630613720914E-3,0.E0,
1.851612939340E-1),.UNSPECIFIED.)GEOMETRIC_REPRESENTATION_ITEM()RATIONAL_B_SPLINE_SURFACE(((1.206473873968E0,1.206473873968E0,1.206473873968E0,1.206473873968E0,
1.206473873968E0),(9.311753753442E-1,9.311753753442E-1,9.311753753442E-1,
9.311753753442E-1,9.311753753442E-1),(9.311753753442E-1,9.311753753442E-1,
9.311753753442E-1,9.311753753442E-1,9.311753753442E-1),(1.206473873968E0,
1.206473873968E0,1.206473873968E0,1.206473873968E0,1.206473873968E0),(
9.311753753442E-1,9.311753753442E-1,9.311753753442E-1,9.311753753442E-1,
9.311753753442E-1),(9.311753753442E-1,9.311753753442E-1,9.311753753442E-1,
9.311753753442E-1,9.311753753442E-1),(1.206473873968E0,1.206473873968E0,
1.206473873968E0,1.206473873968E0,1.206473873968E0)))REPRESENTATION_ITEM('')SURFACE());
#6537=ORIENTED_EDGE('',*,*,#6491,.T.);
#6539=ORIENTED_EDGE('',*,*,#6538,.F.);
#6541=ORIENTED_EDGE('',*,*,#6540,.F.);
#6542=ORIENTED_EDGE('',*,*,#6450,.F.);
#6543=EDGE_LOOP('',(#6537,#6539,#6541,#6542));
#6544=FACE_OUTER_BOUND('',#6543,.F.);
#6545=ADVANCED_FACE('',(#6544),#6536,.T.);
#6546=CARTESIAN_POINT('',(8.E0,5.9E0,4.E-1));
#6547=DIRECTION('',(0.E0,9.986295347546E-1,5.233595624294E-2));
#6548=DIRECTION('',(0.E0,5.233595624294E-2,-9.986295347546E-1));
#6549=AXIS2_PLACEMENT_3D('',#6546,#6547,#6548);
#6550=PLANE('',#6549);
#6552=ORIENTED_EDGE('',*,*,#6551,.F.);
#6554=ORIENTED_EDGE('',*,*,#6553,.F.);
#6556=ORIENTED_EDGE('',*,*,#6555,.T.);
#6558=ORIENTED_EDGE('',*,*,#6557,.F.);
#6559=ORIENTED_EDGE('',*,*,#6538,.T.);
#6560=ORIENTED_EDGE('',*,*,#6496,.F.);
#6561=ORIENTED_EDGE('',*,*,#6355,.T.);
#6563=ORIENTED_EDGE('',*,*,#6562,.T.);
#6564=ORIENTED_EDGE('',*,*,#3711,.T.);
#6565=EDGE_LOOP('',(#6552,#6554,#6556,#6558,#6559,#6560,#6561,#6563,#6564));
#6566=FACE_OUTER_BOUND('',#6565,.F.);
#6567=ADVANCED_FACE('',(#6566),#6550,.T.);
#6568=CARTESIAN_POINT('',(6.874186753409E0,4.775184943510E0,1.421982079757E1));
#6569=DIRECTION('',(5.233615310611E-2,5.226423109387E-2,-9.972609373811E-1));
#6570=DIRECTION('',(0.E0,9.986295347546E-1,5.233595624294E-2));
#6571=AXIS2_PLACEMENT_3D('',#6568,#6569,#6570);
#6572=CYLINDRICAL_SURFACE('',#6571,4.E-1);
#6574=ORIENTED_EDGE('',*,*,#6573,.F.);
#6576=ORIENTED_EDGE('',*,*,#6575,.T.);
#6577=ORIENTED_EDGE('',*,*,#6551,.T.);
#6578=ORIENTED_EDGE('',*,*,#3709,.T.);
#6579=EDGE_LOOP('',(#6574,#6576,#6577,#6578));
#6580=FACE_OUTER_BOUND('',#6579,.F.);
#6581=ADVANCED_FACE('',(#6580),#6572,.T.);
#6582=CARTESIAN_POINT('',(8.E0,-5.9E0,4.E-1));
#6583=DIRECTION('',(9.986257680786E-1,0.E0,5.240777928304E-2));
#6584=DIRECTION('',(-5.240777928304E-2,0.E0,9.986257680786E-1));
#6585=AXIS2_PLACEMENT_3D('',#6582,#6583,#6584);
#6586=PLANE('',#6585);
#6587=ORIENTED_EDGE('',*,*,#6573,.T.);
#6588=ORIENTED_EDGE('',*,*,#3707,.T.);
#6589=ORIENTED_EDGE('',*,*,#3801,.F.);
#6591=ORIENTED_EDGE('',*,*,#6590,.F.);
#6592=EDGE_LOOP('',(#6587,#6588,#6589,#6591));
#6593=FACE_OUTER_BOUND('',#6592,.F.);
#6594=ADVANCED_FACE('',(#6593),#6586,.T.);
#6595=CARTESIAN_POINT('',(7.620867314837E0,-5.9E0,1.9E0));
#6596=DIRECTION('',(0.E0,1.E0,0.E0));
#6597=DIRECTION('',(0.E0,0.E0,-1.E0));
#6598=AXIS2_PLACEMENT_3D('',#6595,#6596,#6597);
#6599=CYLINDRICAL_SURFACE('',#6598,3.E-1);
#6601=ORIENTED_EDGE('',*,*,#6600,.F.);
#6602=ORIENTED_EDGE('',*,*,#6590,.T.);
#6603=ORIENTED_EDGE('',*,*,#3852,.T.);
#6605=ORIENTED_EDGE('',*,*,#6604,.F.);
#6606=EDGE_LOOP('',(#6601,#6602,#6603,#6605));
#6607=FACE_OUTER_BOUND('',#6606,.F.);
#6608=ADVANCED_FACE('',(#6607),#6599,.T.);
#6609=CARTESIAN_POINT('',(7.417260979322E0,5.804254766346E0,1.862943692332E0));
#6610=CARTESIAN_POINT('',(7.450723408153E0,5.813931748274E0,1.862943692332E0));
#6611=CARTESIAN_POINT('',(7.527032789987E0,5.824266094910E0,1.862943692332E0));
#6612=CARTESIAN_POINT('',(7.645861088136E0,5.805529961641E0,1.862943692332E0));
#6613=CARTESIAN_POINT('',(7.758531305452E0,5.748143697369E0,1.862943692332E0));
#6614=CARTESIAN_POINT('',(7.848039355071E0,5.658633582488E0,1.862943692332E0));
#6615=CARTESIAN_POINT('',(7.905421863007E0,5.545965207482E0,1.862943692332E0));
#6616=CARTESIAN_POINT('',(7.924110976303E0,5.427428818083E0,1.862943692332E0));
#6617=CARTESIAN_POINT('',(7.913899452770E0,5.351404189105E0,1.862943692332E0));
#6618=CARTESIAN_POINT('',(7.904380925363E0,5.318188720696E0,1.862943692332E0));
#6619=CARTESIAN_POINT('',(7.410150753821E0,5.830539641915E0,2.082064055896E0));
#6620=CARTESIAN_POINT('',(7.445905772947E0,5.840880586E0,2.082064055896E0));
#6621=CARTESIAN_POINT('',(7.527445286561E0,5.851924258886E0,2.082064055896E0));
#6622=CARTESIAN_POINT('',(7.654422886384E0,5.831903221706E0,2.082064055896E0));
#6623=CARTESIAN_POINT('',(7.774824401573E0,5.770579597478E0,2.082064055896E0));
#6624=CARTESIAN_POINT('',(7.870475585608E0,5.674926207309E0,2.082064055896E0));
#6625=CARTESIAN_POINT('',(7.931795203497E0,5.554526647981E0,2.082064055896E0));
#6626=CARTESIAN_POINT('',(7.951766000034E0,5.427860953280E0,2.082064055896E0));
#6627=CARTESIAN_POINT('',(7.940853575925E0,5.346625682111E0,2.082064055896E0));
#6628=CARTESIAN_POINT('',(7.930681954122E0,5.311134522774E0,2.082064055896E0));
#6629=CARTESIAN_POINT('',(7.451905388934E0,5.676182316943E0,2.234060556781E0));
#6630=CARTESIAN_POINT('',(7.474197224473E0,5.682624158590E0,2.234060556781E0));
#6631=CARTESIAN_POINT('',(7.525022909953E0,5.689502329452E0,2.234060556781E0));
#6632=CARTESIAN_POINT('',(7.604143923829E0,5.677026860826E0,2.234060556781E0));
#6633=CARTESIAN_POINT('',(7.679143570744E0,5.638825292042E0,2.234060556781E0));
#6634=CARTESIAN_POINT('',(7.738719339741E0,5.579248144173E0,2.234060556781E0));
#6635=CARTESIAN_POINT('',(7.776918370320E0,5.504249786299E0,2.234060556781E0));
#6636=CARTESIAN_POINT('',(7.789362511611E0,5.425323249313E0,2.234060556781E0));
#6637=CARTESIAN_POINT('',(7.782566109958E0,5.374687354121E0,2.234060556781E0));
#6638=CARTESIAN_POINT('',(7.776229769916E0,5.352560137221E0,2.234060556781E0));
#6639=CARTESIAN_POINT('',(7.508577041804E0,5.466680193043E0,2.195355218244E0));
#6640=CARTESIAN_POINT('',(7.512595915199E0,5.467829961624E0,2.195355218244E0));
#6641=CARTESIAN_POINT('',(7.521735129186E0,5.469054487470E0,2.195355218244E0));
#6642=CARTESIAN_POINT('',(7.535902591941E0,5.466820273273E0,2.195355218244E0));
#6643=CARTESIAN_POINT('',(7.549280363547E0,5.460001210796E0,2.195355218244E0));
#6644=CARTESIAN_POINT('',(7.559892624838E0,5.449388693439E0,2.195355218244E0));
#6645=CARTESIAN_POINT('',(7.566711141739E0,5.436011305830E0,2.195355218244E0));
#6646=CARTESIAN_POINT('',(7.568939698769E0,5.421878940007E0,2.195355218244E0));
#6647=CARTESIAN_POINT('',(7.567729785783E0,5.412774175640E0,2.195355218244E0));
#6648=CARTESIAN_POINT('',(7.566598897926E0,5.408785225419E0,2.195355218244E0));
#6649=(BOUNDED_SURFACE()B_SPLINE_SURFACE(3,3,((#6609,#6610,#6611,#6612,#6613,
#6614,#6615,#6616,#6617,#6618),(#6619,#6620,#6621,#6622,#6623,#6624,#6625,#6626,
#6627,#6628),(#6629,#6630,#6631,#6632,#6633,#6634,#6635,#6636,#6637,#6638),(
#6639,#6640,#6641,#6642,#6643,#6644,#6645,#6646,#6647,#6648)),.UNSPECIFIED.,.F.,
.F.,.F.)B_SPLINE_SURFACE_WITH_KNOTS((4,4),(4,1,1,1,1,1,1,4),(0.E0,1.E0),(
-1.699421934764E-1,0.E0,2.000090946471E-1,4.000040418714E-1,6.000133848999E-1,
8.000030649657E-1,1.E0,1.168556986589E0),.UNSPECIFIED.)GEOMETRIC_REPRESENTATION_ITEM()RATIONAL_B_SPLINE_SURFACE(((1.255111331577E0,1.255111331577E0,
1.255111331577E0,1.255111331577E0,1.255111331577E0,1.255111331577E0,
1.255111331577E0,1.255111331577E0,1.255111331577E0,1.255111331577E0),(
9.149628894742E-1,9.149628894742E-1,9.149628894742E-1,9.149628894742E-1,
9.149628894742E-1,9.149628894742E-1,9.149628894742E-1,9.149628894742E-1,
9.149628894742E-1,9.149628894742E-1),(9.149628894742E-1,9.149628894742E-1,
9.149628894742E-1,9.149628894742E-1,9.149628894742E-1,9.149628894742E-1,
9.149628894742E-1,9.149628894742E-1,9.149628894742E-1,9.149628894742E-1),(
1.255111331577E0,1.255111331577E0,1.255111331577E0,1.255111331577E0,
1.255111331577E0,1.255111331577E0,1.255111331577E0,1.255111331577E0,
1.255111331577E0,1.255111331577E0)))REPRESENTATION_ITEM('')SURFACE());
#6650=ORIENTED_EDGE('',*,*,#6600,.T.);
#6652=ORIENTED_EDGE('',*,*,#6651,.T.);
#6654=ORIENTED_EDGE('',*,*,#6653,.F.);
#6655=ORIENTED_EDGE('',*,*,#6575,.F.);
#6656=EDGE_LOOP('',(#6650,#6652,#6654,#6655));
#6657=FACE_OUTER_BOUND('',#6656,.F.);
#6658=ADVANCED_FACE('',(#6657),#6649,.T.);
#6659=CARTESIAN_POINT('',(5.E0,-5.9E0,2.2E0));
#6660=DIRECTION('',(0.E0,0.E0,1.E0));
#6661=DIRECTION('',(-1.E0,0.E0,0.E0));
#6662=AXIS2_PLACEMENT_3D('',#6659,#6660,#6661);
#6663=PLANE('',#6662);
#6664=ORIENTED_EDGE('',*,*,#6651,.F.);
#6665=ORIENTED_EDGE('',*,*,#6604,.T.);
#6666=ORIENTED_EDGE('',*,*,#3850,.F.);
#6667=ORIENTED_EDGE('',*,*,#3867,.T.);
#6668=ORIENTED_EDGE('',*,*,#3882,.T.);
#6670=ORIENTED_EDGE('',*,*,#6669,.F.);
#6672=ORIENTED_EDGE('',*,*,#6671,.T.);
#6674=ORIENTED_EDGE('',*,*,#6673,.T.);
#6675=EDGE_LOOP('',(#6664,#6665,#6666,#6667,#6668,#6670,#6672,#6674));
#6676=FACE_OUTER_BOUND('',#6675,.F.);
#6677=ADVANCED_FACE('',(#6676),#6663,.T.);
#6678=CARTESIAN_POINT('',(3.9E0,-5.9E0,4.1E0));
#6679=DIRECTION('',(8.654262854811E-1,0.E0,5.010362705417E-1));
#6680=DIRECTION('',(-5.010362705417E-1,0.E0,8.654262854811E-1));
#6681=AXIS2_PLACEMENT_3D('',#6678,#6679,#6680);
#6682=PLANE('',#6681);
#6683=ORIENTED_EDGE('',*,*,#3555,.F.);
#6685=ORIENTED_EDGE('',*,*,#6684,.F.);
#6686=ORIENTED_EDGE('',*,*,#6669,.T.);
#6687=ORIENTED_EDGE('',*,*,#3880,.F.);
#6688=EDGE_LOOP('',(#6683,#6685,#6686,#6687));
#6689=FACE_OUTER_BOUND('',#6688,.F.);
#6690=ADVANCED_FACE('',(#6689),#6682,.T.);
#6691=CARTESIAN_POINT('',(6.279607140673E0,5.652467198516E0,
-6.089895629832E-1));
#6692=DIRECTION('',(5.005217278133E-1,4.530849204677E-2,-8.645375298593E-1));
#6693=DIRECTION('',(8.654262854811E-1,0.E0,5.010362705417E-1));
#6694=AXIS2_PLACEMENT_3D('',#6691,#6692,#6693);
#6695=CYLINDRICAL_SURFACE('',#6694,3.E-1);
#6697=ORIENTED_EDGE('',*,*,#6696,.F.);
#6698=ORIENTED_EDGE('',*,*,#6555,.F.);
#6700=ORIENTED_EDGE('',*,*,#6699,.F.);
#6701=ORIENTED_EDGE('',*,*,#6671,.F.);
#6702=ORIENTED_EDGE('',*,*,#6684,.T.);
#6703=ORIENTED_EDGE('',*,*,#3553,.F.);
#6704=EDGE_LOOP('',(#6697,#6698,#6700,#6701,#6702,#6703));
#6705=FACE_OUTER_BOUND('',#6704,.F.);
#6706=ADVANCED_FACE('',(#6705),#6695,.T.);
#6707=CARTESIAN_POINT('',(-6.117447551726E1,5.424022235602E0,3.75E0));
#6708=DIRECTION('',(1.E0,0.E0,0.E0));
#6709=DIRECTION('',(0.E0,9.986295347546E-1,5.233595624294E-2));
#6710=AXIS2_PLACEMENT_3D('',#6707,#6708,#6709);
#6711=CYLINDRICAL_SURFACE('',#6710,3.E-1);
#6712=ORIENTED_EDGE('',*,*,#6696,.T.);
#6713=ORIENTED_EDGE('',*,*,#3551,.F.);
#6715=ORIENTED_EDGE('',*,*,#6714,.T.);
#6716=ORIENTED_EDGE('',*,*,#6557,.T.);
#6717=EDGE_LOOP('',(#6712,#6713,#6715,#6716));
#6718=FACE_OUTER_BOUND('',#6717,.F.);
#6719=ADVANCED_FACE('',(#6718),#6711,.T.);
#6720=CARTESIAN_POINT('',(2.417080352228E0,5.370434524296E0,4.038344233393E0));
#6721=CARTESIAN_POINT('',(2.407868364520E0,5.372755414108E0,4.037800724001E0));
#6722=CARTESIAN_POINT('',(2.376774774383E0,5.380643055866E0,4.035552953769E0));
#6723=CARTESIAN_POINT('',(2.326111344387E0,5.393803086131E0,4.029578371329E0));
#6724=CARTESIAN_POINT('',(2.267212432341E0,5.409603339763E0,4.018890967889E0));
#6725=CARTESIAN_POINT('',(2.214196112505E0,5.424263732115E0,4.005972177221E0));
#6726=CARTESIAN_POINT('',(2.166501894894E0,5.437844716381E0,3.991351357891E0));
#6727=CARTESIAN_POINT('',(2.123656432934E0,5.450403297898E0,3.975413736250E0));
#6728=CARTESIAN_POINT('',(2.085299893624E0,5.461978568800E0,3.958463375172E0));
#6729=CARTESIAN_POINT('',(2.051187373728E0,5.472584813340E0,3.940772740712E0));
#6730=CARTESIAN_POINT('',(2.021143666679E0,5.482219801844E0,3.922604453904E0));
#6731=CARTESIAN_POINT('',(1.995000911679E0,5.490881123807E0,3.904203919515E0));
#6732=CARTESIAN_POINT('',(1.972553750716E0,5.498580431308E0,3.885772801259E0));
#6733=CARTESIAN_POINT('',(1.953563414231E0,5.505343599839E0,3.867454329618E0));
#6734=CARTESIAN_POINT('',(1.937752629713E0,5.511214510887E0,3.849298343633E0));
#6735=CARTESIAN_POINT('',(1.924856861367E0,5.516238968315E0,3.831259495985E0));
#6736=CARTESIAN_POINT('',(1.914702014045E0,5.520434824263E0,3.813238081810E0));
#6737=CARTESIAN_POINT('',(1.907188412020E0,5.523788440977E0,3.795021833622E0));
#6738=CARTESIAN_POINT('',(1.902395891313E0,5.526191901578E0,3.776441547031E0));
#6739=CARTESIAN_POINT('',(1.900809228482E0,5.527147788882E0,3.761750125347E0));
#6740=CARTESIAN_POINT('',(1.900577951885E0,5.527301273940E0,3.753089567936E0));
#6741=CARTESIAN_POINT('',(1.900566193213E0,5.527323744446E0,3.750359054845E0));
#6742=CARTESIAN_POINT('',(2.439639244177E0,5.423373051538E0,4.068432383958E0));
#6743=CARTESIAN_POINT('',(2.430083454588E0,5.425327554987E0,4.068789430933E0));
#6744=CARTESIAN_POINT('',(2.397747847597E0,5.431935707873E0,4.069543265410E0));
#6745=CARTESIAN_POINT('',(2.344606830883E0,5.442763419338E0,4.068236421225E0));
#6746=CARTESIAN_POINT('',(2.282081425198E0,5.455451248714E0,4.062576201883E0));
#6747=CARTESIAN_POINT('',(2.225120785853E0,5.466965100361E0,4.053796791942E0));
#6748=CARTESIAN_POINT('',(2.173231779925E0,5.477414459694E0,4.042515460230E0));
#6749=CARTESIAN_POINT('',(2.125979684632E0,5.486894943482E0,4.029181715835E0));
#6750=CARTESIAN_POINT('',(2.083027506659E0,5.495481076928E0,4.014140391641E0));
#6751=CARTESIAN_POINT('',(2.044147230949E0,5.503224678746E0,3.997683577809E0));
#6752=CARTESIAN_POINT('',(2.009178388120E0,5.510163657141E0,3.980076903574E0));
#6753=CARTESIAN_POINT('',(1.977963516175E0,5.516335139770E0,3.961554495076E0));
#6754=CARTESIAN_POINT('',(1.950296890218E0,5.521785652968E0,3.942287918810E0));
#6755=CARTESIAN_POINT('',(1.925925222408E0,5.526570861831E0,3.922358327189E0));
#6756=CARTESIAN_POINT('',(1.904532791139E0,5.530758376569E0,3.901695624172E0));
#6757=CARTESIAN_POINT('',(1.885793847970E0,5.534417391729E0,3.880029236974E0));
#6758=CARTESIAN_POINT('',(1.869473321265E0,5.537599147230E0,3.856849049241E0));
#6759=CARTESIAN_POINT('',(1.855456910181E0,5.540331404477E0,3.831169718927E0));
#6760=CARTESIAN_POINT('',(1.844117327495E0,5.542546409907E0,3.801452982242E0));
#6761=CARTESIAN_POINT('',(1.838655075169E0,5.543619061103E0,3.773772130443E0));
#6762=CARTESIAN_POINT('',(1.837790637621E0,5.543788104664E0,3.756226975476E0));
#6763=CARTESIAN_POINT('',(1.837793294189E0,5.543785311702E0,3.750620613315E0));
#6764=CARTESIAN_POINT('',(2.462389012969E0,5.479484026956E0,4.044965347410E0));
#6765=CARTESIAN_POINT('',(2.453130203820E0,5.481710709836E0,4.046263591237E0));
#6766=CARTESIAN_POINT('',(2.421712630253E0,5.489195746486E0,4.050232640999E0));
#6767=CARTESIAN_POINT('',(2.369597956781E0,5.501209326248E0,4.054369874692E0));
#6768=CARTESIAN_POINT('',(2.307493875209E0,5.514883001818E0,4.055334881594E0));
#6769=CARTESIAN_POINT('',(2.250209045008E0,5.526948738416E0,4.052748600128E0));
#6770=CARTESIAN_POINT('',(2.197359716534E0,5.537605281429E0,4.047215831397E0));
#6771=CARTESIAN_POINT('',(2.148584654299E0,5.547021721342E0,4.039177300439E0));
#6772=CARTESIAN_POINT('',(2.103595983026E0,5.555335530748E0,4.028961565859E0));
#6773=CARTESIAN_POINT('',(2.062200507200E0,5.562656020488E0,4.016830290697E0));
#6774=CARTESIAN_POINT('',(2.024265414326E0,5.569076649262E0,4.003004871780E0));
#6775=CARTESIAN_POINT('',(1.989655891162E0,5.574689192691E0,3.987664900535E0));
#6776=CARTESIAN_POINT('',(1.958180381750E0,5.579593045886E0,3.970917612341E0));
#6777=CARTESIAN_POINT('',(1.929587495666E0,5.583894427790E0,3.952760331298E0));
#6778=CARTESIAN_POINT('',(1.903541381847E0,5.587709099336E0,3.933001652969E0));
#6779=CARTESIAN_POINT('',(1.879671712906E0,5.591154582741E0,3.911168092570E0));
#6780=CARTESIAN_POINT('',(1.857692675343E0,5.594335001598E0,3.886382841011E0));
#6781=CARTESIAN_POINT('',(1.837481901217E0,5.597331572912E0,3.856974214652E0));
#6782=CARTESIAN_POINT('',(1.819709406002E0,5.600096330138E0,3.820151454758E0));
#6783=CARTESIAN_POINT('',(1.810350558471E0,5.601656564050E0,3.782931608584E0));
#6784=CARTESIAN_POINT('',(1.808847548921E0,5.601899422825E0,3.758613202443E0));
#6785=CARTESIAN_POINT('',(1.808865949991E0,5.601868801437E0,3.750801365628E0));
#6786=CARTESIAN_POINT('',(2.469800820700E0,5.500466479234E0,3.983961563760E0));
#6787=CARTESIAN_POINT('',(2.461277057477E0,5.503418119507E0,3.985599190335E0));
#6788=CARTESIAN_POINT('',(2.432310924222E0,5.513337857643E0,3.990802381808E0));
#6789=CARTESIAN_POINT('',(2.384025949015E0,5.529246027142E0,3.997443942361E0));
#6790=CARTESIAN_POINT('',(2.326103416326E0,5.547330887429E0,4.002109883145E0));
#6791=CARTESIAN_POINT('',(2.272335814402E0,5.563270221710E0,4.003543090403E0));
#6792=CARTESIAN_POINT('',(2.222416138812E0,5.577331334841E0,4.002244029910E0));
#6793=CARTESIAN_POINT('',(2.176041342930E0,5.589741500650E0,3.998577571794E0));
#6794=CARTESIAN_POINT('',(2.132965420237E0,5.600685685975E0,3.992810064812E0));
#6795=CARTESIAN_POINT('',(2.093024158537E0,5.610311407713E0,3.985143462999E0));
#6796=CARTESIAN_POINT('',(2.056106443520E0,5.618745169291E0,3.975737882907E0));
#6797=CARTESIAN_POINT('',(2.022096900764E0,5.626111201761E0,3.964712350188E0));
#6798=CARTESIAN_POINT('',(1.990823007451E0,5.632543675665E0,3.952119447195E0));
#6799=CARTESIAN_POINT('',(1.962050391116E0,5.638185620321E0,3.937908140105E0));
#6800=CARTESIAN_POINT('',(1.935455131096E0,5.643192502025E0,3.921847147061E0));
#6801=CARTESIAN_POINT('',(1.910669384053E0,5.647722119519E0,3.903420891107E0));
#6802=CARTESIAN_POINT('',(1.887401465299E0,5.651914877918E0,3.881679891136E0));
#6803=CARTESIAN_POINT('',(1.865533004352E0,5.655881017844E0,3.854821347001E0));
#6804=CARTESIAN_POINT('',(1.845832808527E0,5.659558476985E0,3.819773514039E0));
#6805=CARTESIAN_POINT('',(1.835216149544E0,5.661644291781E0,3.782976362103E0));
#6806=CARTESIAN_POINT('',(1.833505041861E0,5.661968836715E0,3.758619426491E0));
#6807=CARTESIAN_POINT('',(1.833529769603E0,5.661926817439E0,3.750777931481E0));
#6808=CARTESIAN_POINT('',(2.477212628430E0,5.521448931513E0,3.922957780110E0));
#6809=CARTESIAN_POINT('',(2.469423911134E0,5.525125529177E0,3.924934789433E0));
#6810=CARTESIAN_POINT('',(2.442909218191E0,5.537479968800E0,3.931372122617E0));
#6811=CARTESIAN_POINT('',(2.398453941248E0,5.557282728037E0,3.940518010029E0));
#6812=CARTESIAN_POINT('',(2.344712957443E0,5.579778773040E0,3.948884884696E0));
#6813=CARTESIAN_POINT('',(2.294462583796E0,5.599591705004E0,3.954337580678E0));
#6814=CARTESIAN_POINT('',(2.247472561089E0,5.617057388254E0,3.957272228422E0));
#6815=CARTESIAN_POINT('',(2.203498031561E0,5.632461279957E0,3.957977843149E0));
#6816=CARTESIAN_POINT('',(2.162334857448E0,5.646035841201E0,3.956658563764E0));
#6817=CARTESIAN_POINT('',(2.123847809874E0,5.657966794939E0,3.953456635300E0));
#6818=CARTESIAN_POINT('',(2.087947472713E0,5.668413689320E0,3.948470894033E0));
#6819=CARTESIAN_POINT('',(2.054537910365E0,5.677533210831E0,3.941759799841E0));
#6820=CARTESIAN_POINT('',(2.023465633153E0,5.685494305443E0,3.933321282048E0));
#6821=CARTESIAN_POINT('',(1.994513286565E0,5.692476812852E0,3.923055948912E0));
#6822=CARTESIAN_POINT('',(1.967368880346E0,5.698675904715E0,3.910692641154E0));
#6823=CARTESIAN_POINT('',(1.941667055200E0,5.704289656297E0,3.895673689644E0));
#6824=CARTESIAN_POINT('',(1.917110255255E0,5.709494754238E0,3.876976941261E0));
#6825=CARTESIAN_POINT('',(1.893584107488E0,5.714430462776E0,3.852668479351E0));
#6826=CARTESIAN_POINT('',(1.871956211052E0,5.719020623832E0,3.819395573319E0));
#6827=CARTESIAN_POINT('',(1.860081740618E0,5.721632019511E0,3.783021115623E0));
#6828=CARTESIAN_POINT('',(1.858162534801E0,5.722038250605E0,3.758625650539E0));
#6829=CARTESIAN_POINT('',(1.858193589214E0,5.721984833441E0,3.750754497334E0));
#6830=CARTESIAN_POINT('',(2.464227225405E0,5.492980381015E0,3.866058018393E0));
#6831=CARTESIAN_POINT('',(2.457109882156E0,5.497339863032E0,3.867540935997E0));
#6832=CARTESIAN_POINT('',(2.432906699880E0,5.512024911141E0,3.872388920556E0));
#6833=CARTESIAN_POINT('',(2.392470350160E0,5.535772561011E0,3.879389947276E0));
#6834=CARTESIAN_POINT('',(2.343816843096E0,5.563094084480E0,3.886007231094E0));
#6835=CARTESIAN_POINT('',(2.298524280688E0,5.587458235347E0,3.890562100303E0));
#6836=CARTESIAN_POINT('',(2.256354125103E0,5.609201938678E0,3.893325701007E0));
#6837=CARTESIAN_POINT('',(2.217064689689E0,5.628613829051E0,3.894495900708E0));
#6838=CARTESIAN_POINT('',(2.180457876826E0,5.645925989409E0,3.894211156912E0));
#6839=CARTESIAN_POINT('',(2.146401820918E0,5.661316983493E0,3.892565480724E0));
#6840=CARTESIAN_POINT('',(2.114808034289E0,5.674934342302E0,3.889621209780E0));
#6841=CARTESIAN_POINT('',(2.085583541419E0,5.686922861367E0,3.885411548907E0));
#6842=CARTESIAN_POINT('',(2.058585758080E0,5.697444431269E0,3.879926758277E0));
#6843=CARTESIAN_POINT('',(2.033617851912E0,5.706676832097E0,3.873087567407E0));
#6844=CARTESIAN_POINT('',(2.010403679316E0,5.714819392901E0,3.864691590633E0));
#6845=CARTESIAN_POINT('',(1.988625732438E0,5.722074921837E0,3.854328618304E0));
#6846=CARTESIAN_POINT('',(1.968029462528E0,5.728615019401E0,3.841247451434E0));
#6847=CARTESIAN_POINT('',(1.948513829946E0,5.734563730135E0,3.824027781185E0));
#6848=CARTESIAN_POINT('',(1.930779280183E0,5.739806539087E0,3.800199199137E0));
#6849=CARTESIAN_POINT('',(1.921144355617E0,5.742622755870E0,3.773920596073E0));
#6850=CARTESIAN_POINT('',(1.919589571910E0,5.743062785652E0,3.756247623175E0));
#6851=CARTESIAN_POINT('',(1.919613216622E0,5.743022181258E0,3.750542872717E0));
#6852=CARTESIAN_POINT('',(2.439708359670E0,5.434493267258E0,3.852101670103E0));
#6853=CARTESIAN_POINT('',(2.432740443217E0,5.439027428359E0,3.852594285179E0));
#6854=CARTESIAN_POINT('',(2.409131020459E0,5.454348134406E0,3.854114309368E0));
#6855=CARTESIAN_POINT('',(2.370159534450E0,5.479398220210E0,3.855785355210E0));
#6856=CARTESIAN_POINT('',(2.324026754862E0,5.508665677015E0,3.856396782296E0));
#6857=CARTESIAN_POINT('',(2.281748418324E0,5.535152036846E0,3.855749359702E0));
#6858=CARTESIAN_POINT('',(2.242998335486E0,5.559127062725E0,3.854053913639E0));
#6859=CARTESIAN_POINT('',(2.207480808475E0,5.580825391830E0,3.851464087893E0));
#6860=CARTESIAN_POINT('',(2.174963828241E0,5.600431114686E0,3.848094020699E0));
#6861=CARTESIAN_POINT('',(2.145290976676E0,5.618075157388E0,3.844033888464E0));
#6862=CARTESIAN_POINT('',(2.118353291066E0,5.633856174731E0,3.839359225540E0));
#6863=CARTESIAN_POINT('',(2.094042256697E0,5.647870841587E0,3.834130531360E0));
#6864=CARTESIAN_POINT('',(2.072210623118E0,5.660236978291E0,3.828382615723E0));
#6865=CARTESIAN_POINT('',(2.052671576030E0,5.671092841215E0,3.822111073956E0));
#6866=CARTESIAN_POINT('',(2.035184266061E0,5.680603531022E0,3.815244000638E0));
#6867=CARTESIAN_POINT('',(2.019491741124E0,5.688937814488E0,3.807607542410E0));
#6868=CARTESIAN_POINT('',(2.005401981532E0,5.696224310065E0,3.798880129118E0));
#6869=CARTESIAN_POINT('',(1.992827515671E0,5.702537988151E0,3.788449198850E0));
#6870=CARTESIAN_POINT('',(1.982149787827E0,5.707727897953E0,3.775287706332E0));
#6871=CARTESIAN_POINT('',(1.976723067627E0,5.710288366564E0,3.761886756385E0));
#6872=CARTESIAN_POINT('',(1.975856474212E0,5.710691236806E0,3.753108569752E0));
#6873=CARTESIAN_POINT('',(1.975864030662E0,5.710678909931E0,3.750287511159E0));
#6874=(BOUNDED_SURFACE()B_SPLINE_SURFACE(3,3,((#6720,#6721,#6722,#6723,#6724,
#6725,#6726,#6727,#6728,#6729,#6730,#6731,#6732,#6733,#6734,#6735,#6736,#6737,
#6738,#6739,#6740,#6741),(#6742,#6743,#6744,#6745,#6746,#6747,#6748,#6749,#6750,
#6751,#6752,#6753,#6754,#6755,#6756,#6757,#6758,#6759,#6760,#6761,#6762,#6763),(
#6764,#6765,#6766,#6767,#6768,#6769,#6770,#6771,#6772,#6773,#6774,#6775,#6776,
#6777,#6778,#6779,#6780,#6781,#6782,#6783,#6784,#6785),(#6786,#6787,#6788,#6789,
#6790,#6791,#6792,#6793,#6794,#6795,#6796,#6797,#6798,#6799,#6800,#6801,#6802,
#6803,#6804,#6805,#6806,#6807),(#6808,#6809,#6810,#6811,#6812,#6813,#6814,#6815,
#6816,#6817,#6818,#6819,#6820,#6821,#6822,#6823,#6824,#6825,#6826,#6827,#6828,
#6829),(#6830,#6831,#6832,#6833,#6834,#6835,#6836,#6837,#6838,#6839,#6840,#6841,
#6842,#6843,#6844,#6845,#6846,#6847,#6848,#6849,#6850,#6851),(#6852,#6853,#6854,
#6855,#6856,#6857,#6858,#6859,#6860,#6861,#6862,#6863,#6864,#6865,#6866,#6867,
#6868,#6869,#6870,#6871,#6872,#6873)),.UNSPECIFIED.,.F.,.F.,.F.)B_SPLINE_SURFACE_WITH_KNOTS((4,3,4),(4,1,1,1,1,1,1,1,1,1,1,1,1,1,1,1,1,1,1,4),(0.E0,1.E0,2.E0),(
-4.288252995560E-2,0.E0,1.022152968673E-1,1.956276996374E-1,2.811467303468E-1,
3.596889643240E-1,4.320410698811E-1,4.987904345535E-1,5.603564359981E-1,
6.170091092099E-1,6.690077333113E-1,7.167490371120E-1,7.607585536719E-1,
8.016243516818E-1,8.402979724215E-1,8.778649105192E-1,9.154092126489E-1,
9.552739065868E-1,1.E0,1.020999442237E0),.UNSPECIFIED.)GEOMETRIC_REPRESENTATION_ITEM()RATIONAL_B_SPLINE_SURFACE(((1.205761085E0,1.205761085E0,1.205761085E0,
1.205761085E0,1.205761085E0,1.205761085E0,1.205761085E0,1.205761085E0,
1.205761085E0,1.205761085E0,1.205761085E0,1.205761085E0,1.205761085E0,
1.205761085E0,1.205761085E0,1.205761085E0,1.205761085E0,1.205761085E0,
1.205761085E0,1.205761085E0,1.205761085E0,1.205761085E0),(9.314129716667E-1,
9.314129716667E-1,9.314129716667E-1,9.314129716667E-1,9.314129716667E-1,
9.314129716667E-1,9.314129716667E-1,9.314129716667E-1,9.314129716667E-1,
9.314129716667E-1,9.314129716667E-1,9.314129716667E-1,9.314129716667E-1,
9.314129716667E-1,9.314129716667E-1,9.314129716667E-1,9.314129716667E-1,
9.314129716667E-1,9.314129716667E-1,9.314129716667E-1,9.314129716667E-1,
9.314129716667E-1),(9.314129716667E-1,9.314129716667E-1,9.314129716667E-1,
9.314129716667E-1,9.314129716667E-1,9.314129716667E-1,9.314129716667E-1,
9.314129716667E-1,9.314129716667E-1,9.314129716667E-1,9.314129716667E-1,
9.314129716667E-1,9.314129716667E-1,9.314129716667E-1,9.314129716667E-1,
9.314129716667E-1,9.314129716667E-1,9.314129716667E-1,9.314129716667E-1,
9.314129716667E-1,9.314129716667E-1,9.314129716667E-1),(1.205761085E0,
1.205761085E0,1.205761085E0,1.205761085E0,1.205761085E0,1.205761085E0,
1.205761085E0,1.205761085E0,1.205761085E0,1.205761085E0,1.205761085E0,
1.205761085E0,1.205761085E0,1.205761085E0,1.205761085E0,1.205761085E0,
1.205761085E0,1.205761085E0,1.205761085E0,1.205761085E0,1.205761085E0,
1.205761085E0),(9.314129716667E-1,9.314129716667E-1,9.314129716667E-1,
9.314129716667E-1,9.314129716667E-1,9.314129716667E-1,9.314129716667E-1,
9.314129716667E-1,9.314129716667E-1,9.314129716667E-1,9.314129716667E-1,
9.314129716667E-1,9.314129716667E-1,9.314129716667E-1,9.314129716667E-1,
9.314129716667E-1,9.314129716667E-1,9.314129716667E-1,9.314129716667E-1,
9.314129716667E-1,9.314129716667E-1,9.314129716667E-1),(9.314129716667E-1,
9.314129716667E-1,9.314129716667E-1,9.314129716667E-1,9.314129716667E-1,
9.314129716667E-1,9.314129716667E-1,9.314129716667E-1,9.314129716667E-1,
9.314129716667E-1,9.314129716667E-1,9.314129716667E-1,9.314129716667E-1,
9.314129716667E-1,9.314129716667E-1,9.314129716667E-1,9.314129716667E-1,
9.314129716667E-1,9.314129716667E-1,9.314129716667E-1,9.314129716667E-1,
9.314129716667E-1),(1.205761085E0,1.205761085E0,1.205761085E0,1.205761085E0,
1.205761085E0,1.205761085E0,1.205761085E0,1.205761085E0,1.205761085E0,
1.205761085E0,1.205761085E0,1.205761085E0,1.205761085E0,1.205761085E0,
1.205761085E0,1.205761085E0,1.205761085E0,1.205761085E0,1.205761085E0,
1.205761085E0,1.205761085E0,1.205761085E0)))REPRESENTATION_ITEM('')SURFACE());
#6875=ORIENTED_EDGE('',*,*,#6540,.T.);
#6876=ORIENTED_EDGE('',*,*,#6714,.F.);
#6877=ORIENTED_EDGE('',*,*,#6452,.F.);
#6878=EDGE_LOOP('',(#6875,#6876,#6877));
#6879=FACE_OUTER_BOUND('',#6878,.F.);
#6880=ADVANCED_FACE('',(#6879),#6874,.T.);
#6881=CARTESIAN_POINT('',(8.E0,5.520976627276E0,1.9E0));
#6882=DIRECTION('',(1.E0,0.E0,0.E0));
#6883=DIRECTION('',(0.E0,0.E0,1.E0));
#6884=AXIS2_PLACEMENT_3D('',#6881,#6882,#6883);
#6885=CYLINDRICAL_SURFACE('',#6884,3.E-1);
#6886=ORIENTED_EDGE('',*,*,#6653,.T.);
#6887=ORIENTED_EDGE('',*,*,#6673,.F.);
#6888=ORIENTED_EDGE('',*,*,#6699,.T.);
#6889=ORIENTED_EDGE('',*,*,#6553,.T.);
#6890=EDGE_LOOP('',(#6886,#6887,#6888,#6889));
#6891=FACE_OUTER_BOUND('',#6890,.F.);
#6892=ADVANCED_FACE('',(#6891),#6885,.T.);
#6893=CARTESIAN_POINT('',(4.575E0,6.E0,4.E-1));
#6894=DIRECTION('',(0.E0,0.E0,-1.E0));
#6895=DIRECTION('',(1.E0,0.E0,0.E0));
#6896=AXIS2_PLACEMENT_3D('',#6893,#6894,#6895);
#6897=CYLINDRICAL_SURFACE('',#6896,8.3E-1);
#6898=ORIENTED_EDGE('',*,*,#6353,.T.);
#6900=ORIENTED_EDGE('',*,*,#6899,.F.);
#6901=ORIENTED_EDGE('',*,*,#3713,.T.);
#6902=ORIENTED_EDGE('',*,*,#6562,.F.);
#6903=EDGE_LOOP('',(#6898,#6900,#6901,#6902));
#6904=FACE_OUTER_BOUND('',#6903,.F.);
#6905=ADVANCED_FACE('',(#6904),#6897,.F.);
#6906=CARTESIAN_POINT('',(5.405E0,6.E0,4.E-1));
#6907=DIRECTION('',(0.E0,1.E0,0.E0));
#6908=DIRECTION('',(0.E0,0.E0,-1.E0));
#6909=AXIS2_PLACEMENT_3D('',#6906,#6907,#6908);
#6910=PLANE('',#6909);
#6911=ORIENTED_EDGE('',*,*,#4484,.F.);
#6913=ORIENTED_EDGE('',*,*,#6912,.T.);
#6914=ORIENTED_EDGE('',*,*,#3715,.T.);
#6915=ORIENTED_EDGE('',*,*,#6899,.T.);
#6917=ORIENTED_EDGE('',*,*,#6916,.T.);
#6918=EDGE_LOOP('',(#6911,#6913,#6914,#6915,#6917));
#6919=FACE_OUTER_BOUND('',#6918,.F.);
#6920=ADVANCED_FACE('',(#6919),#6910,.T.);
#6921=CARTESIAN_POINT('',(1.5E1,0.E0,4.E-1));
#6922=DIRECTION('',(0.E0,0.E0,-1.E0));
#6923=DIRECTION('',(1.E0,0.E0,0.E0));
#6924=AXIS2_PLACEMENT_3D('',#6921,#6922,#6923);
#6925=CYLINDRICAL_SURFACE('',#6924,6.E0);
#6926=ORIENTED_EDGE('',*,*,#4482,.T.);
#6928=ORIENTED_EDGE('',*,*,#6927,.F.);
#6929=ORIENTED_EDGE('',*,*,#3717,.T.);
#6930=ORIENTED_EDGE('',*,*,#6912,.F.);
#6931=EDGE_LOOP('',(#6926,#6928,#6929,#6930));
#6932=FACE_OUTER_BOUND('',#6931,.F.);
#6933=ADVANCED_FACE('',(#6932),#6925,.T.);
#6934=CARTESIAN_POINT('',(2.08E1,1.536229149575E0,4.E-1));
#6935=DIRECTION('',(1.E0,0.E0,0.E0));
#6936=DIRECTION('',(0.E0,0.E0,1.E0));
#6937=AXIS2_PLACEMENT_3D('',#6934,#6935,#6936);
#6938=PLANE('',#6937);
#6939=ORIENTED_EDGE('',*,*,#4480,.F.);
#6941=ORIENTED_EDGE('',*,*,#6940,.T.);
#6942=ORIENTED_EDGE('',*,*,#3719,.T.);
#6943=ORIENTED_EDGE('',*,*,#6927,.T.);
#6944=EDGE_LOOP('',(#6939,#6941,#6942,#6943));
#6945=FACE_OUTER_BOUND('',#6944,.F.);
#6946=ADVANCED_FACE('',(#6945),#6938,.T.);
#6947=CARTESIAN_POINT('',(1.5E1,0.E0,4.E-1));
#6948=DIRECTION('',(0.E0,0.E0,-1.E0));
#6949=DIRECTION('',(1.E0,0.E0,0.E0));
#6950=AXIS2_PLACEMENT_3D('',#6947,#6948,#6949);
#6951=CYLINDRICAL_SURFACE('',#6950,6.E0);
#6952=ORIENTED_EDGE('',*,*,#4478,.T.);
#6954=ORIENTED_EDGE('',*,*,#6953,.F.);
#6955=ORIENTED_EDGE('',*,*,#3721,.T.);
#6956=ORIENTED_EDGE('',*,*,#6940,.F.);
#6957=EDGE_LOOP('',(#6952,#6954,#6955,#6956));
#6958=FACE_OUTER_BOUND('',#6957,.F.);
#6959=ADVANCED_FACE('',(#6958),#6951,.T.);
#6960=CARTESIAN_POINT('',(1.5E1,-6.E0,4.E-1));
#6961=DIRECTION('',(0.E0,-1.E0,0.E0));
#6962=DIRECTION('',(0.E0,0.E0,1.E0));
#6963=AXIS2_PLACEMENT_3D('',#6960,#6961,#6962);
#6964=PLANE('',#6963);
#6965=ORIENTED_EDGE('',*,*,#4476,.F.);
#6967=ORIENTED_EDGE('',*,*,#6966,.T.);
#6969=ORIENTED_EDGE('',*,*,#6968,.T.);
#6970=ORIENTED_EDGE('',*,*,#3723,.T.);
#6971=ORIENTED_EDGE('',*,*,#6953,.T.);
#6972=EDGE_LOOP('',(#6965,#6967,#6969,#6970,#6971));
#6973=FACE_OUTER_BOUND('',#6972,.F.);
#6974=ADVANCED_FACE('',(#6973),#6964,.T.);
#6975=CARTESIAN_POINT('',(4.575E0,-6.E0,4.E-1));
#6976=DIRECTION('',(0.E0,0.E0,-1.E0));
#6977=DIRECTION('',(1.E0,0.E0,0.E0));
#6978=AXIS2_PLACEMENT_3D('',#6975,#6976,#6977);
#6979=CYLINDRICAL_SURFACE('',#6978,8.3E-1);
#6980=ORIENTED_EDGE('',*,*,#3777,.F.);
#6981=ORIENTED_EDGE('',*,*,#3725,.T.);
#6982=ORIENTED_EDGE('',*,*,#6968,.F.);
#6983=ORIENTED_EDGE('',*,*,#3398,.T.);
#6984=EDGE_LOOP('',(#6980,#6981,#6982,#6983));
#6985=FACE_OUTER_BOUND('',#6984,.F.);
#6986=ADVANCED_FACE('',(#6985),#6979,.F.);
#6987=CARTESIAN_POINT('',(4.575E0,-6.E0,4.E-1));
#6988=DIRECTION('',(0.E0,0.E0,-1.E0));
#6989=DIRECTION('',(1.E0,0.E0,0.E0));
#6990=AXIS2_PLACEMENT_3D('',#6987,#6988,#6989);
#6991=CYLINDRICAL_SURFACE('',#6990,8.3E-1);
#6992=ORIENTED_EDGE('',*,*,#4351,.T.);
#6993=ORIENTED_EDGE('',*,*,#6966,.F.);
#6994=ORIENTED_EDGE('',*,*,#4474,.F.);
#6995=EDGE_LOOP('',(#6992,#6993,#6994));
#6996=FACE_OUTER_BOUND('',#6995,.F.);
#6997=ADVANCED_FACE('',(#6996),#6991,.F.);
#6998=CARTESIAN_POINT('',(4.575E0,6.E0,4.E-1));
#6999=DIRECTION('',(0.E0,0.E0,-1.E0));
#7000=DIRECTION('',(1.E0,0.E0,0.E0));
#7001=AXIS2_PLACEMENT_3D('',#6998,#6999,#7000);
#7002=CYLINDRICAL_SURFACE('',#7001,8.3E-1);
#7003=ORIENTED_EDGE('',*,*,#4411,.F.);
#7004=ORIENTED_EDGE('',*,*,#4486,.F.);
#7005=ORIENTED_EDGE('',*,*,#6916,.F.);
#7006=EDGE_LOOP('',(#7003,#7004,#7005));
#7007=FACE_OUTER_BOUND('',#7006,.F.);
#7008=ADVANCED_FACE('',(#7007),#7002,.F.);
#7009=CARTESIAN_POINT('',(-2.277501021138E0,4.674022235602E0,3.75E0));
#7010=DIRECTION('',(1.E0,0.E0,0.E0));
#7011=DIRECTION('',(0.E0,9.986295347546E-1,5.233595624294E-2));
#7012=AXIS2_PLACEMENT_3D('',#7009,#7010,#7011);
#7013=CYLINDRICAL_SURFACE('',#7012,3.E-1);
#7015=ORIENTED_EDGE('',*,*,#7014,.T.);
#7016=ORIENTED_EDGE('',*,*,#6436,.T.);
#7017=ORIENTED_EDGE('',*,*,#3545,.F.);
#7019=ORIENTED_EDGE('',*,*,#7018,.F.);
#7020=EDGE_LOOP('',(#7015,#7016,#7017,#7019));
#7021=FACE_OUTER_BOUND('',#7020,.F.);
#7022=ADVANCED_FACE('',(#7021),#7013,.T.);
#7023=CARTESIAN_POINT('',(2.258571356E0,5.15E0,4.E-1));
#7024=DIRECTION('',(0.E0,-9.986295347546E-1,-5.233595624294E-2));
#7025=DIRECTION('',(0.E0,-5.233595624294E-2,9.986295347546E-1));
#7026=AXIS2_PLACEMENT_3D('',#7023,#7024,#7025);
#7027=PLANE('',#7026);
#7028=ORIENTED_EDGE('',*,*,#7014,.F.);
#7030=ORIENTED_EDGE('',*,*,#7029,.T.);
#7031=ORIENTED_EDGE('',*,*,#6321,.F.);
#7032=ORIENTED_EDGE('',*,*,#6369,.F.);
#7033=EDGE_LOOP('',(#7028,#7030,#7031,#7032));
#7034=FACE_OUTER_BOUND('',#7033,.F.);
#7035=ADVANCED_FACE('',(#7034),#7027,.F.);
#7036=CARTESIAN_POINT('',(-3.078618009351E0,4.188531990412E0,2.065663477276E1));
#7037=DIRECTION('',(-5.226442768871E-2,-5.226442768871E-2,9.972646886342E-1));
#7038=DIRECTION('',(0.E0,9.986295347546E-1,5.233595624294E-2));
#7039=AXIS2_PLACEMENT_3D('',#7036,#7037,#7038);
#7040=CYLINDRICAL_SURFACE('',#7039,1.E-1);
#7042=ORIENTED_EDGE('',*,*,#7041,.F.);
#7044=ORIENTED_EDGE('',*,*,#7043,.T.);
#7046=ORIENTED_EDGE('',*,*,#7045,.F.);
#7047=ORIENTED_EDGE('',*,*,#6323,.T.);
#7048=ORIENTED_EDGE('',*,*,#7029,.F.);
#7049=EDGE_LOOP('',(#7042,#7044,#7046,#7047,#7048));
#7050=FACE_OUTER_BOUND('',#7049,.F.);
#7051=ADVANCED_FACE('',(#7050),#7040,.F.);
#7052=CARTESIAN_POINT('',(-2.245766440811E0,5.165820307438E0,3.692075403331E0));
#7053=CARTESIAN_POINT('',(-2.253422495069E0,5.161041655049E0,3.693717179502E0));
#7054=CARTESIAN_POINT('',(-2.268434168503E0,5.148489071932E0,3.697658607777E0));
#7055=CARTESIAN_POINT('',(-2.285492610234E0,5.123814970431E0,3.703786423923E0));
#7056=CARTESIAN_POINT('',(-2.295168026788E0,5.094581410546E0,3.709641647405E0));
#7057=CARTESIAN_POINT('',(-2.296277422798E0,5.064254171945E0,3.714480119177E0));
#7058=CARTESIAN_POINT('',(-2.288952771138E0,5.035242821162E0,3.717876708443E0));
#7059=CARTESIAN_POINT('',(-2.273863588519E0,5.009566044974E0,3.719553183133E0));
#7060=CARTESIAN_POINT('',(-2.251888899154E0,4.988963964356E0,3.719334944880E0));
#7061=CARTESIAN_POINT('',(-2.224474044721E0,4.975347843648E0,3.717154830903E0));
#7062=CARTESIAN_POINT('',(-2.195132237747E0,4.970446376948E0,3.713339917706E0));
#7063=CARTESIAN_POINT('',(-2.175931226517E0,4.972511389626E0,3.710092525462E0));
#7064=CARTESIAN_POINT('',(-2.167329874720E0,4.974665551248E0,3.708599470507E0));
#7065=CARTESIAN_POINT('',(-2.223239756552E0,5.127615862330E0,3.916662532424E0));
#7066=CARTESIAN_POINT('',(-2.228348723169E0,5.125844232128E0,3.919092695274E0));
#7067=CARTESIAN_POINT('',(-2.239135726440E0,5.120466262831E0,3.923633790330E0));
#7068=CARTESIAN_POINT('',(-2.253709284888E0,5.107220521108E0,3.930528371942E0));
#7069=CARTESIAN_POINT('',(-2.264427408974E0,5.088657288974E0,3.937036412115E0));
#7070=CARTESIAN_POINT('',(-2.268859983609E0,5.066986040091E0,3.942340323564E0));
#7071=CARTESIAN_POINT('',(-2.265879911696E0,5.044645548700E0,3.946027249913E0));
#7072=CARTESIAN_POINT('',(-2.255416433977E0,5.024314830078E0,3.947835183987E0));
#7073=CARTESIAN_POINT('',(-2.238338239052E0,5.008530742603E0,3.947601307470E0));
#7074=CARTESIAN_POINT('',(-2.216660956207E0,4.999627446742E0,3.945243221627E0));
#7075=CARTESIAN_POINT('',(-2.194440702401E0,4.998847889473E0,3.941107391852E0));
#7076=CARTESIAN_POINT('',(-2.181072289100E0,5.002727121477E0,3.937502060438E0));
#7077=CARTESIAN_POINT('',(-2.175390775900E0,5.005361148373E0,3.935253267559E0));
#7078=CARTESIAN_POINT('',(-2.304020801675E0,5.264616114947E0,4.081507069674E0));
#7079=CARTESIAN_POINT('',(-2.321218201911E0,5.257073809835E0,4.083358464259E0));
#7080=CARTESIAN_POINT('',(-2.356550577230E0,5.235580450069E0,4.085770239131E0));
#7081=CARTESIAN_POINT('',(-2.401530762109E0,5.187250467804E0,4.089259598136E0));
#7082=CARTESIAN_POINT('',(-2.432066386714E0,5.123516102699E0,4.092468211068E0));
#7083=CARTESIAN_POINT('',(-2.441980872270E0,5.051945639297E0,4.095003284343E0));
#7084=CARTESIAN_POINT('',(-2.428977775339E0,4.979788222679E0,4.096725668588E0));
#7085=CARTESIAN_POINT('',(-2.393489931936E0,4.914517537588E0,4.097557174840E0));
#7086=CARTESIAN_POINT('',(-2.338160981552E0,4.863082104966E0,4.097451250482E0));
#7087=CARTESIAN_POINT('',(-2.268591899431E0,4.832141934597E0,4.096358909840E0));
#7088=CARTESIAN_POINT('',(-2.196484694168E0,4.825878053185E0,4.094432538262E0));
#7089=CARTESIAN_POINT('',(-2.151968670080E0,4.835590800227E0,4.092659476140E0));
#7090=CARTESIAN_POINT('',(-2.132722534288E0,4.842884910901E0,4.090914840636E0));
#7091=CARTESIAN_POINT('',(-2.418993180066E0,5.459603422051E0,4.045567755751E0));
#7092=CARTESIAN_POINT('',(-2.452571651337E0,5.442450143948E0,4.045968422215E0));
#7093=CARTESIAN_POINT('',(-2.520218379903E0,5.395339744223E0,4.045343739818E0));
#7094=CARTESIAN_POINT('',(-2.602480740949E0,5.295431055463E0,4.044169402249E0));
#7095=CARTESIAN_POINT('',(-2.654652772762E0,5.169332592915E0,4.042949339424E0));
#7096=CARTESIAN_POINT('',(-2.667517569466E0,5.032001561414E0,4.041850319207E0));
#7097=CARTESIAN_POINT('',(-2.638699559573E0,4.896162878755E0,4.041034147640E0));
#7098=CARTESIAN_POINT('',(-2.569948168661E0,4.774116912967E0,4.040616772129E0));
#7099=CARTESIAN_POINT('',(-2.465948622699E0,4.677064146914E0,4.040672914275E0));
#7100=CARTESIAN_POINT('',(-2.335834673286E0,4.616192189041E0,4.041207062206E0));
#7101=CARTESIAN_POINT('',(-2.199515370303E0,4.599530146738E0,4.042130107505E0));
#7102=CARTESIAN_POINT('',(-2.113521474134E0,4.614104539394E0,4.042811830495E0));
#7103=CARTESIAN_POINT('',(-2.075832168138E0,4.626251776945E0,4.042399889778E0));
#7104=(BOUNDED_SURFACE()B_SPLINE_SURFACE(3,3,((#7052,#7053,#7054,#7055,#7056,
#7057,#7058,#7059,#7060,#7061,#7062,#7063,#7064),(#7065,#7066,#7067,#7068,#7069,
#7070,#7071,#7072,#7073,#7074,#7075,#7076,#7077),(#7078,#7079,#7080,#7081,#7082,
#7083,#7084,#7085,#7086,#7087,#7088,#7089,#7090),(#7091,#7092,#7093,#7094,#7095,
#7096,#7097,#7098,#7099,#7100,#7101,#7102,#7103)),.UNSPECIFIED.,.F.,.F.,.F.)B_SPLINE_SURFACE_WITH_KNOTS((4,4),(4,1,1,1,1,1,1,1,1,1,4),(0.E0,1.E0),(
-1.085830848990E-1,0.E0,1.243476347115E-1,2.483620174685E-1,3.720971751822E-1,
4.957837430724E-1,6.188684535758E-1,7.437773855600E-1,8.723832704876E-1,1.E0,
1.110024004977E0),.UNSPECIFIED.)GEOMETRIC_REPRESENTATION_ITEM()RATIONAL_B_SPLINE_SURFACE(((1.272103456534E0,1.272103456534E0,1.272103456534E0,1.272103456534E0,
1.272103456534E0,1.272103456534E0,1.272103456534E0,1.272103456534E0,
1.272103456534E0,1.272103456534E0,1.272103456534E0,1.272103456534E0,
1.272103456534E0),(9.092988478220E-1,9.092988478220E-1,9.092988478220E-1,
9.092988478220E-1,9.092988478220E-1,9.092988478220E-1,9.092988478220E-1,
9.092988478220E-1,9.092988478220E-1,9.092988478220E-1,9.092988478220E-1,
9.092988478220E-1,9.092988478220E-1),(9.092988478220E-1,9.092988478220E-1,
9.092988478220E-1,9.092988478220E-1,9.092988478220E-1,9.092988478220E-1,
9.092988478220E-1,9.092988478220E-1,9.092988478220E-1,9.092988478220E-1,
9.092988478220E-1,9.092988478220E-1,9.092988478220E-1),(1.272103456534E0,
1.272103456534E0,1.272103456534E0,1.272103456534E0,1.272103456534E0,
1.272103456534E0,1.272103456534E0,1.272103456534E0,1.272103456534E0,
1.272103456534E0,1.272103456534E0,1.272103456534E0,1.272103456534E0)))REPRESENTATION_ITEM('')SURFACE());
#7105=ORIENTED_EDGE('',*,*,#7041,.T.);
#7106=ORIENTED_EDGE('',*,*,#7018,.T.);
#7107=ORIENTED_EDGE('',*,*,#3543,.F.);
#7109=ORIENTED_EDGE('',*,*,#7108,.F.);
#7110=EDGE_LOOP('',(#7105,#7106,#7107,#7109));
#7111=FACE_OUTER_BOUND('',#7110,.F.);
#7112=ADVANCED_FACE('',(#7111),#7104,.T.);
#7113=CARTESIAN_POINT('',(1.393691637134E1,2.176975179606E1,3.75E0));
#7114=DIRECTION('',(-7.071067811865E-1,-7.071067811865E-1,0.E0));
#7115=DIRECTION('',(7.071067811865E-1,-7.071067811865E-1,0.E0));
#7116=AXIS2_PLACEMENT_3D('',#7113,#7114,#7115);
#7117=CYLINDRICAL_SURFACE('',#7116,3.E-1);
#7119=ORIENTED_EDGE('',*,*,#7118,.T.);
#7120=ORIENTED_EDGE('',*,*,#7108,.T.);
#7121=ORIENTED_EDGE('',*,*,#3541,.F.);
#7123=ORIENTED_EDGE('',*,*,#7122,.T.);
#7125=ORIENTED_EDGE('',*,*,#7124,.T.);
#7126=EDGE_LOOP('',(#7119,#7120,#7121,#7123,#7125));
#7127=FACE_OUTER_BOUND('',#7126,.F.);
#7128=ADVANCED_FACE('',(#7127),#7117,.T.);
#7129=CARTESIAN_POINT('',(-2.258571356E0,5.15E0,2.075E1));
#7130=DIRECTION('',(-7.071067811865E-1,7.071067811865E-1,0.E0));
#7131=DIRECTION('',(7.071067811865E-1,7.071067811865E-1,0.E0));
#7132=AXIS2_PLACEMENT_3D('',#7129,#7130,#7131);
#7133=PLANE('',#7132);
#7134=ORIENTED_EDGE('',*,*,#7118,.F.);
#7136=ORIENTED_EDGE('',*,*,#7135,.T.);
#7138=ORIENTED_EDGE('',*,*,#7137,.T.);
#7139=ORIENTED_EDGE('',*,*,#7043,.F.);
#7140=EDGE_LOOP('',(#7134,#7136,#7138,#7139));
#7141=FACE_OUTER_BOUND('',#7140,.F.);
#7142=ADVANCED_FACE('',(#7141),#7133,.F.);
#7143=CARTESIAN_POINT('',(-2.813965814221E0,4.736026898016E0,2.069919759886E1));
#7144=DIRECTION('',(5.226442768871E-2,5.226442768871E-2,-9.972646886342E-1));
#7145=DIRECTION('',(0.E0,-9.986295347546E-1,-5.233595624294E-2));
#7146=AXIS2_PLACEMENT_3D('',#7143,#7144,#7145);
#7147=CYLINDRICAL_SURFACE('',#7146,1.E-1);
#7149=ORIENTED_EDGE('',*,*,#7148,.F.);
#7150=ORIENTED_EDGE('',*,*,#3685,.F.);
#7151=ORIENTED_EDGE('',*,*,#6340,.T.);
#7153=ORIENTED_EDGE('',*,*,#7152,.F.);
#7154=ORIENTED_EDGE('',*,*,#7135,.F.);
#7155=EDGE_LOOP('',(#7149,#7150,#7151,#7153,#7154));
#7156=FACE_OUTER_BOUND('',#7155,.F.);
#7157=ADVANCED_FACE('',(#7156),#7147,.T.);
#7158=CARTESIAN_POINT('',(-1.976673095077E0,5.710309575933E0,3.758726239551E0));
#7159=CARTESIAN_POINT('',(-1.976667268084E0,5.710311978755E0,3.758680390982E0));
#7160=CARTESIAN_POINT('',(-1.976373223725E0,5.710433950790E0,3.756353025900E0));
#7161=CARTESIAN_POINT('',(-1.976168119747E0,5.710555781065E0,3.754028365771E0));
#7162=CARTESIAN_POINT('',(-1.976052228799E0,5.710675010363E0,3.751753335237E0));
#7163=CARTESIAN_POINT('',(-1.920936526007E0,5.742707359144E0,3.767508276006E0));
#7164=CARTESIAN_POINT('',(-1.920927223471E0,5.742711194848E0,3.767435086425E0));
#7165=CARTESIAN_POINT('',(-1.920457750850E0,5.742905925262E0,3.763719408775E0));
#7166=CARTESIAN_POINT('',(-1.920128092934E0,5.743101558961E0,3.759986495421E0));
#7167=CARTESIAN_POINT('',(-1.919941318746E0,5.743293656521E0,3.756321055626E0));
#7168=CARTESIAN_POINT('',(-1.859757298173E0,5.721590318952E0,3.774177483549E0));
#7169=CARTESIAN_POINT('',(-1.859744180709E0,5.721595727458E0,3.774074283115E0));
#7170=CARTESIAN_POINT('',(-1.859082149308E0,5.721870321084E0,3.768834724603E0));
#7171=CARTESIAN_POINT('',(-1.858615774801E0,5.722146965088E0,3.763556042531E0));
#7172=CARTESIAN_POINT('',(-1.858351195646E0,5.722419046473E0,3.758364420440E0));
#7173=CARTESIAN_POINT('',(-1.835015846475E0,5.661414192350E0,3.774168434955E0));
#7174=CARTESIAN_POINT('',(-1.835001186218E0,5.661420236911E0,3.774053097851E0));
#7175=CARTESIAN_POINT('',(-1.834261282247E0,5.661727127967E0,3.768197267672E0));
#7176=CARTESIAN_POINT('',(-1.833739618273E0,5.662036533297E0,3.762293462280E0));
#7177=CARTESIAN_POINT('',(-1.833443574062E0,5.662340960888E0,3.756484637800E0));
#7178=CARTESIAN_POINT('',(-1.810274394777E0,5.601238065748E0,3.774159386361E0));
#7179=CARTESIAN_POINT('',(-1.810258191727E0,5.601244746365E0,3.774031912588E0));
#7180=CARTESIAN_POINT('',(-1.809440415186E0,5.601583934850E0,3.767559810741E0));
#7181=CARTESIAN_POINT('',(-1.808863461744E0,5.601926101505E0,3.761030882028E0));
#7182=CARTESIAN_POINT('',(-1.808535952477E0,5.602262875303E0,3.754604855159E0));
#7183=CARTESIAN_POINT('',(-1.838907558627E0,5.543196611499E0,3.767478275874E0));
#7184=CARTESIAN_POINT('',(-1.838893141044E0,5.543202556012E0,3.767364847811E0));
#7185=CARTESIAN_POINT('',(-1.838165486056E0,5.543504366836E0,3.761605954220E0));
#7186=CARTESIAN_POINT('',(-1.837652518851E0,5.543808618966E0,3.755800477740E0));
#7187=CARTESIAN_POINT('',(-1.837361423943E0,5.544107958654E0,3.750088736247E0));
#7188=CARTESIAN_POINT('',(-1.901314414688E0,5.527022291622E0,3.758698678917E0));
#7189=CARTESIAN_POINT('',(-1.901303888584E0,5.527026631773E0,3.758615863907E0));
#7190=CARTESIAN_POINT('',(-1.900772656278E0,5.527246976843E0,3.754411429518E0));
#7191=CARTESIAN_POINT('',(-1.900399149032E0,5.527468593106E0,3.750182739297E0));
#7192=CARTESIAN_POINT('',(-1.900187420333E0,5.527686344006E0,3.746027804621E0));
#7193=(BOUNDED_SURFACE()B_SPLINE_SURFACE(3,3,((#7158,#7159,#7160,#7161,#7162),(
#7163,#7164,#7165,#7166,#7167),(#7168,#7169,#7170,#7171,#7172),(#7173,#7174,
#7175,#7176,#7177),(#7178,#7179,#7180,#7181,#7182),(#7183,#7184,#7185,#7186,
#7187),(#7188,#7189,#7190,#7191,#7192)),.UNSPECIFIED.,.F.,.F.,.F.)B_SPLINE_SURFACE_WITH_KNOTS((4,3,4),(4,1,4),(0.E0,1.E0,2.E0),(-3.825001776706E-3,0.E0,
1.903441444075E-1),.UNSPECIFIED.)GEOMETRIC_REPRESENTATION_ITEM()RATIONAL_B_SPLINE_SURFACE(((1.206473882984E0,1.206473882984E0,1.206473882984E0,1.206473882984E0,
1.206473882984E0),(9.311753723385E-1,9.311753723385E-1,9.311753723385E-1,
9.311753723385E-1,9.311753723385E-1),(9.311753723385E-1,9.311753723385E-1,
9.311753723385E-1,9.311753723385E-1,9.311753723385E-1),(1.206473882984E0,
1.206473882984E0,1.206473882984E0,1.206473882984E0,1.206473882984E0),(
9.311753723385E-1,9.311753723385E-1,9.311753723385E-1,9.311753723385E-1,
9.311753723385E-1),(9.311753723385E-1,9.311753723385E-1,9.311753723385E-1,
9.311753723385E-1,9.311753723385E-1),(1.206473882984E0,1.206473882984E0,
1.206473882984E0,1.206473882984E0,1.206473882984E0)))REPRESENTATION_ITEM('')SURFACE());
#7194=ORIENTED_EDGE('',*,*,#3687,.T.);
#7195=ORIENTED_EDGE('',*,*,#7148,.T.);
#7196=ORIENTED_EDGE('',*,*,#7124,.F.);
#7198=ORIENTED_EDGE('',*,*,#7197,.F.);
#7199=EDGE_LOOP('',(#7194,#7195,#7196,#7198));
#7200=FACE_OUTER_BOUND('',#7199,.F.);
#7201=ADVANCED_FACE('',(#7200),#7193,.T.);
#7202=CARTESIAN_POINT('',(-2.452556964850E0,5.456065208697E0,4.038344618997E0));
#7203=CARTESIAN_POINT('',(-2.444400064859E0,5.460939111937E0,4.037801049686E0));
#7204=CARTESIAN_POINT('',(-2.416855145120E0,5.477336920119E0,4.035554943986E0));
#7205=CARTESIAN_POINT('',(-2.371729874024E0,5.503853311897E0,4.029582716253E0));
#7206=CARTESIAN_POINT('',(-2.318858800416E0,5.534358401448E0,4.018887878662E0));
#7207=CARTESIAN_POINT('',(-2.270884706226E0,5.561547192234E0,4.005932649644E0));
#7208=CARTESIAN_POINT('',(-2.227441351268E0,5.585730849903E0,3.991258034178E0));
#7209=CARTESIAN_POINT('',(-2.188217878796E0,5.607169403942E0,3.975279391271E0));
#7210=CARTESIAN_POINT('',(-2.152904202969E0,5.626106885553E0,3.958302299713E0));
#7211=CARTESIAN_POINT('',(-2.121235221350E0,5.642750261252E0,3.940559602698E0));
#7212=CARTESIAN_POINT('',(-2.093038277198E0,5.657248842065E0,3.922264842668E0));
#7213=CARTESIAN_POINT('',(-2.068225452270E0,5.669704577020E0,3.903650837375E0));
#7214=CARTESIAN_POINT('',(-2.046735417902E0,5.680206590649E0,3.884967628026E0));
#7215=CARTESIAN_POINT('',(-2.028468289390E0,5.688864881064E0,3.866443382397E0));
#7216=CARTESIAN_POINT('',(-2.013232539030E0,5.695833210375E0,3.848209971743E0));
#7217=CARTESIAN_POINT('',(-2.000789170905E0,5.701282683741E0,3.830277585233E0));
#7218=CARTESIAN_POINT('',(-1.990906373026E0,5.705373111099E0,3.812506901349E0));
#7219=CARTESIAN_POINT('',(-1.983428349983E0,5.708226873597E0,3.794587357390E0));
#7220=CARTESIAN_POINT('',(-1.978452060771E0,5.709874637625E0,3.776259869243E0));
#7221=CARTESIAN_POINT('',(-1.976673563893E0,5.710315844189E0,3.761662615903E0));
#7222=CARTESIAN_POINT('',(-1.976405361081E0,5.710369961919E0,3.753026931764E0));
#7223=CARTESIAN_POINT('',(-1.976382363346E0,5.710361820043E0,3.750265887377E0));
#7224=CARTESIAN_POINT('',(-2.431075306916E0,5.402680115448E0,4.068432102605E0));
#7225=CARTESIAN_POINT('',(-2.422934383209E0,5.408056301320E0,4.068789309358E0));
#7226=CARTESIAN_POINT('',(-2.395415947099E0,5.426235830150E0,4.069542755159E0));
#7227=CARTESIAN_POINT('',(-2.350188076400E0,5.456152617791E0,4.068237962254E0));
#7228=CARTESIAN_POINT('',(-2.296953348533E0,5.491426812663E0,4.062575498833E0));
#7229=CARTESIAN_POINT('',(-2.248413437096E0,5.523643010545E0,4.053769453660E0));
#7230=CARTESIAN_POINT('',(-2.204215031428E0,5.553024288646E0,4.042441072460E0));
#7231=CARTESIAN_POINT('',(-2.164048774719E0,5.579766643148E0,4.029065924564E0));
#7232=CARTESIAN_POINT('',(-2.127596065683E0,5.604073848962E0,4.013994015079E0));
#7233=CARTESIAN_POINT('',(-2.094574360904E0,5.626126951642E0,3.997481964254E0));
#7234=CARTESIAN_POINT('',(-2.064787466833E0,5.646050204963E0,3.979743470329E0));
#7235=CARTESIAN_POINT('',(-2.038121898462E0,5.663912865281E0,3.960990268382E0));
#7236=CARTESIAN_POINT('',(-2.014491722496E0,5.679765658008E0,3.941432829114E0));
#7237=CARTESIAN_POINT('',(-1.993773197368E0,5.693684523014E0,3.921236276423E0));
#7238=CARTESIAN_POINT('',(-1.975744685189E0,5.705811238431E0,3.900423825377E0));
#7239=CARTESIAN_POINT('',(-1.960125775005E0,5.716327555465E0,3.878804967645E0));
#7240=CARTESIAN_POINT('',(-1.946626732904E0,5.725422060593E0,3.855854485850E0));
#7241=CARTESIAN_POINT('',(-1.935045557619E0,5.733224584050E0,3.830503236403E0));
#7242=CARTESIAN_POINT('',(-1.925638975745E0,5.739556693123E0,3.801118322583E0));
#7243=CARTESIAN_POINT('',(-1.921067930353E0,5.742627142322E0,3.773598593032E0));
#7244=CARTESIAN_POINT('',(-1.920346668038E0,5.743112450901E0,3.756100523163E0));
#7245=CARTESIAN_POINT('',(-1.920355794013E0,5.743109074061E0,3.750431014282E0));
#7246=CARTESIAN_POINT('',(-2.407485366140E0,5.346917452185E0,4.044964384093E0));
#7247=CARTESIAN_POINT('',(-2.399361986683E0,5.351891070594E0,4.046263004096E0));
#7248=CARTESIAN_POINT('',(-2.371872633395E0,5.368802247855E0,4.050229442433E0));
#7249=CARTESIAN_POINT('',(-2.326532093619E0,5.397154542038E0,4.054368020026E0));
#7250=CARTESIAN_POINT('',(-2.272898021230E0,5.431432111379E0,4.055336976300E0));
#7251=CARTESIAN_POINT('',(-2.223736761319E0,5.463487859353E0,4.052739771884E0));
#7252=CARTESIAN_POINT('',(-2.178709201702E0,5.493406575948E0,4.047175911888E0));
#7253=CARTESIAN_POINT('',(-2.137507632709E0,5.521277671332E0,4.039102967194E0));
#7254=CARTESIAN_POINT('',(-2.099804101878E0,5.547223479721E0,4.028857823017E0));
#7255=CARTESIAN_POINT('',(-2.065296913097E0,5.571363678681E0,4.016677662627E0));
#7256=CARTESIAN_POINT('',(-2.033764026023E0,5.593772292825E0,4.002738072067E0));
#7257=CARTESIAN_POINT('',(-2.005063879677E0,5.614469680319E0,3.987189320409E0));
#7258=CARTESIAN_POINT('',(-1.979083521350E0,5.633454619063E0,3.970160003487E0));
#7259=CARTESIAN_POINT('',(-1.955673011219E0,5.650751429120E0,3.951715294613E0));
#7260=CARTESIAN_POINT('',(-1.934577646095E0,5.666463111675E0,3.931752971955E0));
#7261=CARTESIAN_POINT('',(-1.915471535373E0,5.680750738155E0,3.909892648045E0));
#7262=CARTESIAN_POINT('',(-1.898001338565E0,5.693801227183E0,3.885272481692E0));
#7263=CARTESIAN_POINT('',(-1.881914313744E0,5.705729463034E0,3.856168178950E0));
#7264=CARTESIAN_POINT('',(-1.867642635246E0,5.716155592864E0,3.819705997446E0));
#7265=CARTESIAN_POINT('',(-1.860004971147E0,5.721610597248E0,3.782693139639E0));
#7266=CARTESIAN_POINT('',(-1.858786184531E0,5.722490236141E0,3.758438175871E0));
#7267=CARTESIAN_POINT('',(-1.858830586946E0,5.722492782838E0,3.750538101995E0));
#7268=CARTESIAN_POINT('',(-2.397889473213E0,5.326840427828E0,3.983960366081E0));
#7269=CARTESIAN_POINT('',(-2.389773230390E0,5.330781418450E0,3.985598434333E0));
#7270=CARTESIAN_POINT('',(-2.362295707383E0,5.344239939951E0,3.990798139722E0));
#7271=CARTESIAN_POINT('',(-2.316909336191E0,5.367130763785E0,3.997440416368E0));
#7272=CARTESIAN_POINT('',(-2.263112818830E0,5.395326266451E0,4.002113276565E0));
#7273=CARTESIAN_POINT('',(-2.213698807398E0,5.422143229510E0,4.003546457986E0));
#7274=CARTESIAN_POINT('',(-2.168333965351E0,5.447572350856E0,4.002230583760E0));
#7275=CARTESIAN_POINT('',(-2.126711253045E0,5.471626656808E0,3.998539303164E0));
#7276=CARTESIAN_POINT('',(-2.088498914154E0,5.494361447341E0,3.992747790858E0));
#7277=CARTESIAN_POINT('',(-2.053387461649E0,5.515841474370E0,3.985043846647E0));
#7278=CARTESIAN_POINT('',(-2.021144341258E0,5.536099647516E0,3.975552691506E0));
#7279=CARTESIAN_POINT('',(-1.991616571283E0,5.555124598801E0,3.964364701436E0));
#7280=CARTESIAN_POINT('',(-1.964680208085E0,5.572885069236E0,3.951540180270E0));
#7281=CARTESIAN_POINT('',(-1.940174654940E0,5.589371432836E0,3.937075669598E0));
#7282=CARTESIAN_POINT('',(-1.917831758389E0,5.604647589747E0,3.920812352341E0));
#7283=CARTESIAN_POINT('',(-1.897307127659E0,5.618836721661E0,3.902320390442E0));
#7284=CARTESIAN_POINT('',(-1.878221548441E0,5.632094773422E0,3.880680368036E0));
#7285=CARTESIAN_POINT('',(-1.860301638575E0,5.644509490310E0,3.854063472456E0));
#7286=CARTESIAN_POINT('',(-1.844050940853E0,5.655644766306E0,3.819335075312E0));
#7287=CARTESIAN_POINT('',(-1.835165840609E0,5.661611957520E0,3.782738381005E0));
#7288=CARTESIAN_POINT('',(-1.833744671548E0,5.662579899046E0,3.758444224291E0));
#7289=CARTESIAN_POINT('',(-1.833803423679E0,5.662585484414E0,3.750514053182E0));
#7290=CARTESIAN_POINT('',(-2.388293580287E0,5.306763403470E0,3.922956348069E0));
#7291=CARTESIAN_POINT('',(-2.380184474096E0,5.309671766306E0,3.924933864571E0));
#7292=CARTESIAN_POINT('',(-2.352718781372E0,5.319677632046E0,3.931366837011E0));
#7293=CARTESIAN_POINT('',(-2.307286578763E0,5.337106985532E0,3.940512812709E0));
#7294=CARTESIAN_POINT('',(-2.253327616429E0,5.359220421522E0,3.948889576829E0));
#7295=CARTESIAN_POINT('',(-2.203660853476E0,5.380798599668E0,3.954353144088E0));
#7296=CARTESIAN_POINT('',(-2.157958729E0,5.401738125764E0,3.957285255633E0));
#7297=CARTESIAN_POINT('',(-2.115914873382E0,5.421975642284E0,3.957975639134E0));
#7298=CARTESIAN_POINT('',(-2.077193726430E0,5.441499414962E0,3.956637758700E0));
#7299=CARTESIAN_POINT('',(-2.041478010202E0,5.460319270059E0,3.953410030666E0));
#7300=CARTESIAN_POINT('',(-2.008524656493E0,5.478427002208E0,3.948367310945E0));
#7301=CARTESIAN_POINT('',(-1.978169262889E0,5.495779517282E0,3.941540082464E0));
#7302=CARTESIAN_POINT('',(-1.950276894820E0,5.512315519408E0,3.932920357052E0));
#7303=CARTESIAN_POINT('',(-1.924676298661E0,5.527991436553E0,3.922436044583E0));
#7304=CARTESIAN_POINT('',(-1.901085870682E0,5.542832067818E0,3.909871732727E0));
#7305=CARTESIAN_POINT('',(-1.879142719944E0,5.556922705167E0,3.894748132840E0));
#7306=CARTESIAN_POINT('',(-1.858441758317E0,5.570388319662E0,3.876088254379E0));
#7307=CARTESIAN_POINT('',(-1.838688963405E0,5.583289517586E0,3.851958765962E0));
#7308=CARTESIAN_POINT('',(-1.820459246460E0,5.595133939749E0,3.818964153179E0));
#7309=CARTESIAN_POINT('',(-1.810326710072E0,5.601613317793E0,3.782783622370E0));
#7310=CARTESIAN_POINT('',(-1.808703158564E0,5.602669561950E0,3.758450272711E0));
#7311=CARTESIAN_POINT('',(-1.808776260411E0,5.602678185990E0,3.750490004369E0));
#7312=CARTESIAN_POINT('',(-2.399241825466E0,5.336076456220E0,3.866056952039E0));
#7313=CARTESIAN_POINT('',(-2.391124576874E0,5.338026995543E0,3.867540246760E0));
#7314=CARTESIAN_POINT('',(-2.363645386622E0,5.344752660312E0,3.872384941193E0));
#7315=CARTESIAN_POINT('',(-2.318265474466E0,5.356551528511E0,3.879385936811E0));
#7316=CARTESIAN_POINT('',(-2.264491850527E0,5.371649033397E0,3.886010829838E0));
#7317=CARTESIAN_POINT('',(-2.215113459447E0,5.386486050035E0,3.890575214472E0));
#7318=CARTESIAN_POINT('',(-2.169796150721E0,5.400973513855E0,3.893339130598E0));
#7319=CARTESIAN_POINT('',(-2.128232790277E0,5.415054024743E0,3.894499745433E0));
#7320=CARTESIAN_POINT('',(-2.090092157868E0,5.428708977751E0,3.894202345069E0));
#7321=CARTESIAN_POINT('',(-2.055065864443E0,5.441937207697E0,3.892539724701E0));
#7322=CARTESIAN_POINT('',(-2.022922837459E0,5.454726573205E0,3.889558501149E0));
#7323=CARTESIAN_POINT('',(-1.993511704747E0,5.467041082093E0,3.885271719808E0));
#7324=CARTESIAN_POINT('',(-1.966710071620E0,5.478831815197E0,3.879663299009E0));
#7325=CARTESIAN_POINT('',(-1.942358843236E0,5.490062099534E0,3.872670683316E0));
#7326=CARTESIAN_POINT('',(-1.920191761687E0,5.500743999170E0,3.864129338327E0));
#7327=CARTESIAN_POINT('',(-1.899867043434E0,5.510933569652E0,3.853684707990E0));
#7328=CARTESIAN_POINT('',(-1.881009120575E0,5.520716644826E0,3.840620576298E0));
#7329=CARTESIAN_POINT('',(-1.863347519783E0,5.530133023832E0,3.823521068547E0));
#7330=CARTESIAN_POINT('',(-1.847375725873E0,5.538817659295E0,3.799887822937E0));
#7331=CARTESIAN_POINT('',(-1.838666427203E0,5.543587240621E0,3.773748677051E0));
#7332=CARTESIAN_POINT('',(-1.837273779964E0,5.544365484959E0,3.756120588233E0));
#7333=CARTESIAN_POINT('',(-1.837330509785E0,5.544372188630E0,3.750351234584E0));
#7334=CARTESIAN_POINT('',(-2.423261012185E0,5.394770698666E0,3.852101312850E0));
#7335=CARTESIAN_POINT('',(-2.415125900105E0,5.396492022466E0,3.852594068134E0));
#7336=CARTESIAN_POINT('',(-2.387617097836E0,5.402348983589E0,3.854113087103E0));
#7337=CARTESIAN_POINT('',(-2.342351904899E0,5.412191681941E0,3.855784572100E0));
#7338=CARTESIAN_POINT('',(-2.288984892012E0,5.424128417426E0,3.856397634131E0));
#7339=CARTESIAN_POINT('',(-2.240239155552E0,5.435323366260E0,3.855747043528E0));
#7340=CARTESIAN_POINT('',(-2.195766088180E0,5.445800433940E0,3.854041392077E0));
#7341=CARTESIAN_POINT('',(-2.155256878709E0,5.455586452526E0,3.851439828821E0));
#7342=CARTESIAN_POINT('',(-2.118389828228E0,5.464720799835E0,3.848059532213E0));
#7343=CARTESIAN_POINT('',(-2.084876048886E0,5.473242756132E0,3.843982579312E0));
#7344=CARTESIAN_POINT('',(-2.054510785244E0,5.481176109702E0,3.839268749631E0));
#7345=CARTESIAN_POINT('',(-2.027171251978E0,5.488525950665E0,3.833968009302E0));
#7346=CARTESIAN_POINT('',(-2.002762565467E0,5.495289701903E0,3.828121906238E0));
#7347=CARTESIAN_POINT('',(-1.981152305831E0,5.501473725340E0,3.821749077785E0));
#7348=CARTESIAN_POINT('',(-1.962107882123E0,5.507112408856E0,3.814808611724E0));
#7349=CARTESIAN_POINT('',(-1.945333818009E0,5.512261181479E0,3.807159726166E0));
#7350=CARTESIAN_POINT('',(-1.930519309558E0,5.516985291191E0,3.798487325958E0));
#7351=CARTESIAN_POINT('',(-1.917445547384E0,5.521324264657E0,3.788161756114E0));
#7352=CARTESIAN_POINT('',(-1.906427376094E0,5.525137029137E0,3.775127455893E0));
#7353=CARTESIAN_POINT('',(-1.900840496764E0,5.527141925631E0,3.761800736339E0));
#7354=CARTESIAN_POINT('',(-1.899954426849E0,5.527465628457E0,3.753045397396E0));
#7355=CARTESIAN_POINT('',(-1.899975238335E0,5.527466763547E0,3.750192467124E0));
#7356=(BOUNDED_SURFACE()B_SPLINE_SURFACE(3,3,((#7202,#7203,#7204,#7205,#7206,
#7207,#7208,#7209,#7210,#7211,#7212,#7213,#7214,#7215,#7216,#7217,#7218,#7219,
#7220,#7221,#7222,#7223),(#7224,#7225,#7226,#7227,#7228,#7229,#7230,#7231,#7232,
#7233,#7234,#7235,#7236,#7237,#7238,#7239,#7240,#7241,#7242,#7243,#7244,#7245),(
#7246,#7247,#7248,#7249,#7250,#7251,#7252,#7253,#7254,#7255,#7256,#7257,#7258,
#7259,#7260,#7261,#7262,#7263,#7264,#7265,#7266,#7267),(#7268,#7269,#7270,#7271,
#7272,#7273,#7274,#7275,#7276,#7277,#7278,#7279,#7280,#7281,#7282,#7283,#7284,
#7285,#7286,#7287,#7288,#7289),(#7290,#7291,#7292,#7293,#7294,#7295,#7296,#7297,
#7298,#7299,#7300,#7301,#7302,#7303,#7304,#7305,#7306,#7307,#7308,#7309,#7310,
#7311),(#7312,#7313,#7314,#7315,#7316,#7317,#7318,#7319,#7320,#7321,#7322,#7323,
#7324,#7325,#7326,#7327,#7328,#7329,#7330,#7331,#7332,#7333),(#7334,#7335,#7336,
#7337,#7338,#7339,#7340,#7341,#7342,#7343,#7344,#7345,#7346,#7347,#7348,#7349,
#7350,#7351,#7352,#7353,#7354,#7355)),.UNSPECIFIED.,.F.,.F.,.F.)B_SPLINE_SURFACE_WITH_KNOTS((4,3,4),(4,1,1,1,1,1,1,1,1,1,1,1,1,1,1,1,1,1,1,4),(0.E0,1.E0,2.E0),(
-4.289266964339E-2,0.E0,1.021052075342E-1,1.955910764731E-1,2.814140441754E-1,
3.602236631499E-1,4.326504233921E-1,4.993518628689E-1,5.609729289115E-1,
6.179557135378E-1,6.705106370612E-1,7.188398064898E-1,7.632312000512E-1,
8.041401170593E-1,8.425001602427E-1,8.793796580552E-1,9.162727897782E-1,
9.556911175907E-1,1.E0,1.021236400067E0),.UNSPECIFIED.)GEOMETRIC_REPRESENTATION_ITEM()RATIONAL_B_SPLINE_SURFACE(((1.205761040158E0,1.205761040158E0,
1.205761040158E0,1.205761040158E0,1.205761040158E0,1.205761040158E0,
1.205761040158E0,1.205761040158E0,1.205761040158E0,1.205761040158E0,
1.205761040158E0,1.205761040158E0,1.205761040158E0,1.205761040158E0,
1.205761040158E0,1.205761040158E0,1.205761040158E0,1.205761040158E0,
1.205761040158E0,1.205761040158E0,1.205761040158E0,1.205761040158E0),(
9.314129866139E-1,9.314129866139E-1,9.314129866139E-1,9.314129866139E-1,
9.314129866139E-1,9.314129866139E-1,9.314129866139E-1,9.314129866139E-1,
9.314129866139E-1,9.314129866139E-1,9.314129866139E-1,9.314129866139E-1,
9.314129866139E-1,9.314129866139E-1,9.314129866139E-1,9.314129866139E-1,
9.314129866139E-1,9.314129866139E-1,9.314129866139E-1,9.314129866139E-1,
9.314129866139E-1,9.314129866139E-1),(9.314129866139E-1,9.314129866139E-1,
9.314129866139E-1,9.314129866139E-1,9.314129866139E-1,9.314129866139E-1,
9.314129866139E-1,9.314129866139E-1,9.314129866139E-1,9.314129866139E-1,
9.314129866139E-1,9.314129866139E-1,9.314129866139E-1,9.314129866139E-1,
9.314129866139E-1,9.314129866139E-1,9.314129866139E-1,9.314129866139E-1,
9.314129866139E-1,9.314129866139E-1,9.314129866139E-1,9.314129866139E-1),(
1.205761040158E0,1.205761040158E0,1.205761040158E0,1.205761040158E0,
1.205761040158E0,1.205761040158E0,1.205761040158E0,1.205761040158E0,
1.205761040158E0,1.205761040158E0,1.205761040158E0,1.205761040158E0,
1.205761040158E0,1.205761040158E0,1.205761040158E0,1.205761040158E0,
1.205761040158E0,1.205761040158E0,1.205761040158E0,1.205761040158E0,
1.205761040158E0,1.205761040158E0),(9.314129866139E-1,9.314129866139E-1,
9.314129866139E-1,9.314129866139E-1,9.314129866139E-1,9.314129866139E-1,
9.314129866139E-1,9.314129866139E-1,9.314129866139E-1,9.314129866139E-1,
9.314129866139E-1,9.314129866139E-1,9.314129866139E-1,9.314129866139E-1,
9.314129866139E-1,9.314129866139E-1,9.314129866139E-1,9.314129866139E-1,
9.314129866139E-1,9.314129866139E-1,9.314129866139E-1,9.314129866139E-1),(
9.314129866139E-1,9.314129866139E-1,9.314129866139E-1,9.314129866139E-1,
9.314129866139E-1,9.314129866139E-1,9.314129866139E-1,9.314129866139E-1,
9.314129866139E-1,9.314129866139E-1,9.314129866139E-1,9.314129866139E-1,
9.314129866139E-1,9.314129866139E-1,9.314129866139E-1,9.314129866139E-1,
9.314129866139E-1,9.314129866139E-1,9.314129866139E-1,9.314129866139E-1,
9.314129866139E-1,9.314129866139E-1),(1.205761040158E0,1.205761040158E0,
1.205761040158E0,1.205761040158E0,1.205761040158E0,1.205761040158E0,
1.205761040158E0,1.205761040158E0,1.205761040158E0,1.205761040158E0,
1.205761040158E0,1.205761040158E0,1.205761040158E0,1.205761040158E0,
1.205761040158E0,1.205761040158E0,1.205761040158E0,1.205761040158E0,
1.205761040158E0,1.205761040158E0,1.205761040158E0,1.205761040158E0)))REPRESENTATION_ITEM('')SURFACE());
#7357=ORIENTED_EDGE('',*,*,#7197,.T.);
#7358=ORIENTED_EDGE('',*,*,#7122,.F.);
#7360=ORIENTED_EDGE('',*,*,#7359,.F.);
#7361=EDGE_LOOP('',(#7357,#7358,#7360));
#7362=FACE_OUTER_BOUND('',#7361,.F.);
#7363=ADVANCED_FACE('',(#7362),#7356,.T.);
#7364=CARTESIAN_POINT('',(5.579705593697E1,5.424022235602E0,3.75E0));
#7365=DIRECTION('',(-1.E0,0.E0,0.E0));
#7366=DIRECTION('',(0.E0,0.E0,1.E0));
#7367=AXIS2_PLACEMENT_3D('',#7364,#7365,#7366);
#7368=CYLINDRICAL_SURFACE('',#7367,3.E-1);
#7369=ORIENTED_EDGE('',*,*,#3539,.T.);
#7371=ORIENTED_EDGE('',*,*,#7370,.T.);
#7372=ORIENTED_EDGE('',*,*,#3689,.F.);
#7373=ORIENTED_EDGE('',*,*,#7359,.T.);
#7374=EDGE_LOOP('',(#7369,#7371,#7372,#7373));
#7375=FACE_OUTER_BOUND('',#7374,.F.);
#7376=ADVANCED_FACE('',(#7375),#7368,.T.);
#7377=CARTESIAN_POINT('',(-2.271255140462E0,5.289621042934E0,6.314527528291E0));
#7378=DIRECTION('',(5.005217278133E-1,-4.530849204677E-2,8.645375298593E-1));
#7379=DIRECTION('',(-8.654262854811E-1,0.E0,5.010362705417E-1));
#7380=AXIS2_PLACEMENT_3D('',#7377,#7378,#7379);
#7381=CYLINDRICAL_SURFACE('',#7380,3.E-1);
#7382=ORIENTED_EDGE('',*,*,#7370,.F.);
#7383=ORIENTED_EDGE('',*,*,#3537,.T.);
#7385=ORIENTED_EDGE('',*,*,#7384,.T.);
#7387=ORIENTED_EDGE('',*,*,#7386,.F.);
#7389=ORIENTED_EDGE('',*,*,#7388,.T.);
#7390=ORIENTED_EDGE('',*,*,#3691,.F.);
#7391=EDGE_LOOP('',(#7382,#7383,#7385,#7387,#7389,#7390));
#7392=FACE_OUTER_BOUND('',#7391,.F.);
#7393=ADVANCED_FACE('',(#7392),#7381,.T.);
#7394=CARTESIAN_POINT('',(-5.E0,-5.9E0,2.2E0));
#7395=DIRECTION('',(-8.654262854811E-1,0.E0,5.010362705417E-1));
#7396=DIRECTION('',(-5.010362705417E-1,0.E0,-8.654262854811E-1));
#7397=AXIS2_PLACEMENT_3D('',#7394,#7395,#7396);
#7398=PLANE('',#7397);
#7400=ORIENTED_EDGE('',*,*,#7399,.F.);
#7401=ORIENTED_EDGE('',*,*,#7384,.F.);
#7402=ORIENTED_EDGE('',*,*,#3535,.T.);
#7403=ORIENTED_EDGE('',*,*,#3599,.F.);
#7404=EDGE_LOOP('',(#7400,#7401,#7402,#7403));
#7405=FACE_OUTER_BOUND('',#7404,.F.);
#7406=ADVANCED_FACE('',(#7405),#7398,.T.);
#7407=CARTESIAN_POINT('',(-8.E0,-5.9E0,2.2E0));
#7408=DIRECTION('',(0.E0,0.E0,1.E0));
#7409=DIRECTION('',(-1.E0,0.E0,0.E0));
#7410=AXIS2_PLACEMENT_3D('',#7407,#7408,#7409);
#7411=PLANE('',#7410);
#7413=ORIENTED_EDGE('',*,*,#7412,.F.);
#7415=ORIENTED_EDGE('',*,*,#7414,.T.);
#7416=ORIENTED_EDGE('',*,*,#7386,.T.);
#7417=ORIENTED_EDGE('',*,*,#7399,.T.);
#7418=ORIENTED_EDGE('',*,*,#3597,.T.);
#7420=ORIENTED_EDGE('',*,*,#7419,.T.);
#7422=ORIENTED_EDGE('',*,*,#7421,.F.);
#7424=ORIENTED_EDGE('',*,*,#7423,.T.);
#7425=EDGE_LOOP('',(#7413,#7415,#7416,#7417,#7418,#7420,#7422,#7424));
#7426=FACE_OUTER_BOUND('',#7425,.F.);
#7427=ADVANCED_FACE('',(#7426),#7411,.T.);
#7428=CARTESIAN_POINT('',(-7.904145135551E0,5.317369857909E0,1.862943692332E0));
#7429=CARTESIAN_POINT('',(-7.913822338386E0,5.350832512951E0,1.862943692332E0));
#7430=CARTESIAN_POINT('',(-7.924156875473E0,5.427142370859E0,1.862943692332E0));
#7431=CARTESIAN_POINT('',(-7.905420479082E0,5.545971349067E0,1.862943692332E0));
#7432=CARTESIAN_POINT('',(-7.848033666468E0,5.658641707823E0,1.862943692332E0));
#7433=CARTESIAN_POINT('',(-7.758523180062E0,5.748149385979E0,1.862943692332E0));
#7434=CARTESIAN_POINT('',(-7.645854946491E0,5.805531345572E0,1.862943692332E0));
#7435=CARTESIAN_POINT('',(-7.527319245021E0,5.824220194874E0,1.862943692332E0));
#7436=CARTESIAN_POINT('',(-7.451295099929E0,5.814008863809E0,1.862943692332E0));
#7437=CARTESIAN_POINT('',(-7.418079865794E0,5.804490559129E0,1.862943692332E0));
#7438=CARTESIAN_POINT('',(-7.930429985701E0,5.310259557436E0,2.082064055896E0));
#7439=CARTESIAN_POINT('',(-7.940771168396E0,5.346014823957E0,2.082064055896E0));
#7440=CARTESIAN_POINT('',(-7.951815047032E0,5.427554861208E0,2.082064055896E0));
#7441=CARTESIAN_POINT('',(-7.931793724655E0,5.554533210833E0,2.082064055896E0));
#7442=CARTESIAN_POINT('',(-7.870469506622E0,5.674934890294E0,2.082064055896E0));
#7443=CARTESIAN_POINT('',(-7.774815718530E0,5.770585676470E0,2.082064055896E0));
#7444=CARTESIAN_POINT('',(-7.654416323468E0,5.831904700554E0,2.082064055896E0));
#7445=CARTESIAN_POINT('',(-7.527751386922E0,5.851875210972E0,2.082064055896E0));
#7446=CARTESIAN_POINT('',(-7.446516647682E0,5.840962994742E0,2.082064055896E0));
#7447=CARTESIAN_POINT('',(-7.411025744327E0,5.830791613449E0,2.082064055896E0));
#7448=CARTESIAN_POINT('',(-7.776072810004E0,5.352014632816E0,2.234060556781E0));
#7449=CARTESIAN_POINT('',(-7.782514786298E0,5.374306591355E0,2.234060556781E0));
#7450=CARTESIAN_POINT('',(-7.789393073062E0,5.425132521155E0,2.234060556781E0));
#7451=CARTESIAN_POINT('',(-7.776917448877E0,5.504253875268E0,2.234060556781E0));
#7452=CARTESIAN_POINT('',(-7.738715553267E0,5.579253552375E0,2.234060556781E0));
#7453=CARTESIAN_POINT('',(-7.679138162503E0,5.638829078523E0,2.234060556781E0));
#7454=CARTESIAN_POINT('',(-7.604139834813E0,5.677027782274E0,2.234060556781E0));
#7455=CARTESIAN_POINT('',(-7.525213643582E0,5.689471767376E0,2.234060556781E0));
#7456=CARTESIAN_POINT('',(-7.474577998189E0,5.682675483097E0,2.234060556781E0));
#7457=CARTESIAN_POINT('',(-7.452450909795E0,5.676339279133E0,2.234060556781E0));
#7458=CARTESIAN_POINT('',(-7.566570888709E0,5.408686883241E0,2.195355218244E0));
#7459=CARTESIAN_POINT('',(-7.567720650833E0,5.412705710799E0,2.195355218244E0));
#7460=CARTESIAN_POINT('',(-7.568945170633E0,5.421844790003E0,2.195355218244E0));
#7461=CARTESIAN_POINT('',(-7.566710976828E0,5.436012037112E0,2.195355218244E0));
#7462=CARTESIAN_POINT('',(-7.559891949883E0,5.449389656929E0,2.195355218244E0));
#7463=CARTESIAN_POINT('',(-7.549279400044E0,5.460001885758E0,2.195355218244E0));
#7464=CARTESIAN_POINT('',(-7.535901860636E0,5.466820438189E0,2.195355218244E0));
#7465=CARTESIAN_POINT('',(-7.521769280836E0,5.469049015376E0,2.195355218244E0));
#7466=CARTESIAN_POINT('',(-7.512664383347E0,5.467839096923E0,2.195355218244E0));
#7467=CARTESIAN_POINT('',(-7.508675388615E0,5.466708203406E0,2.195355218244E0));
#7468=(BOUNDED_SURFACE()B_SPLINE_SURFACE(3,3,((#7428,#7429,#7430,#7431,#7432,
#7433,#7434,#7435,#7436,#7437),(#7438,#7439,#7440,#7441,#7442,#7443,#7444,#7445,
#7446,#7447),(#7448,#7449,#7450,#7451,#7452,#7453,#7454,#7455,#7456,#7457),(
#7458,#7459,#7460,#7461,#7462,#7463,#7464,#7465,#7466,#7467)),.UNSPECIFIED.,.F.,
.F.,.F.)B_SPLINE_SURFACE_WITH_KNOTS((4,4),(4,1,1,1,1,1,1,4),(0.E0,1.E0),(
-1.699427022019E-1,0.E0,2.000089266704E-1,4.000037701428E-1,6.000131133118E-1,
8.000028973060E-1,1.E0,1.168556432713E0),.UNSPECIFIED.)GEOMETRIC_REPRESENTATION_ITEM()RATIONAL_B_SPLINE_SURFACE(((1.255111331577E0,1.255111331577E0,
1.255111331577E0,1.255111331577E0,1.255111331577E0,1.255111331577E0,
1.255111331577E0,1.255111331577E0,1.255111331577E0,1.255111331577E0),(
9.149628894742E-1,9.149628894742E-1,9.149628894742E-1,9.149628894742E-1,
9.149628894742E-1,9.149628894742E-1,9.149628894742E-1,9.149628894742E-1,
9.149628894742E-1,9.149628894742E-1),(9.149628894742E-1,9.149628894742E-1,
9.149628894742E-1,9.149628894742E-1,9.149628894742E-1,9.149628894742E-1,
9.149628894742E-1,9.149628894742E-1,9.149628894742E-1,9.149628894742E-1),(
1.255111331577E0,1.255111331577E0,1.255111331577E0,1.255111331577E0,
1.255111331577E0,1.255111331577E0,1.255111331577E0,1.255111331577E0,
1.255111331577E0,1.255111331577E0)))REPRESENTATION_ITEM('')SURFACE());
#7470=ORIENTED_EDGE('',*,*,#7469,.T.);
#7471=ORIENTED_EDGE('',*,*,#7412,.T.);
#7473=ORIENTED_EDGE('',*,*,#7472,.F.);
#7474=ORIENTED_EDGE('',*,*,#3665,.F.);
#7475=EDGE_LOOP('',(#7470,#7471,#7473,#7474));
#7476=FACE_OUTER_BOUND('',#7475,.F.);
#7477=ADVANCED_FACE('',(#7476),#7468,.T.);
#7478=CARTESIAN_POINT('',(8.E0,5.520976627276E0,1.9E0));
#7479=DIRECTION('',(1.E0,0.E0,0.E0));
#7480=DIRECTION('',(0.E0,0.E0,1.E0));
#7481=AXIS2_PLACEMENT_3D('',#7478,#7479,#7480);
#7482=CYLINDRICAL_SURFACE('',#7481,3.E-1);
#7483=ORIENTED_EDGE('',*,*,#7469,.F.);
#7484=ORIENTED_EDGE('',*,*,#3693,.T.);
#7485=ORIENTED_EDGE('',*,*,#7388,.F.);
#7486=ORIENTED_EDGE('',*,*,#7414,.F.);
#7487=EDGE_LOOP('',(#7483,#7484,#7485,#7486));
#7488=FACE_OUTER_BOUND('',#7487,.F.);
#7489=ADVANCED_FACE('',(#7488),#7482,.T.);
#7490=CARTESIAN_POINT('',(-7.620867314837E0,-5.9E0,1.9E0));
#7491=DIRECTION('',(0.E0,1.E0,0.E0));
#7492=DIRECTION('',(0.E0,0.E0,-1.E0));
#7493=AXIS2_PLACEMENT_3D('',#7490,#7491,#7492);
#7494=CYLINDRICAL_SURFACE('',#7493,3.E-1);
#7495=ORIENTED_EDGE('',*,*,#7472,.T.);
#7496=ORIENTED_EDGE('',*,*,#7423,.F.);
#7498=ORIENTED_EDGE('',*,*,#7497,.F.);
#7499=ORIENTED_EDGE('',*,*,#3650,.F.);
#7500=EDGE_LOOP('',(#7495,#7496,#7498,#7499));
#7501=FACE_OUTER_BOUND('',#7500,.F.);
#7502=ADVANCED_FACE('',(#7501),#7494,.T.);
#7503=CARTESIAN_POINT('',(-7.417260979322E0,-5.804254766346E0,
1.862943692332E0));
#7504=CARTESIAN_POINT('',(-7.450723408153E0,-5.813931748274E0,
1.862943692332E0));
#7505=CARTESIAN_POINT('',(-7.527032789987E0,-5.824266094910E0,
1.862943692332E0));
#7506=CARTESIAN_POINT('',(-7.645861088136E0,-5.805529961641E0,
1.862943692332E0));
#7507=CARTESIAN_POINT('',(-7.758531305452E0,-5.748143697369E0,
1.862943692332E0));
#7508=CARTESIAN_POINT('',(-7.848039355071E0,-5.658633582488E0,
1.862943692332E0));
#7509=CARTESIAN_POINT('',(-7.905421863007E0,-5.545965207482E0,
1.862943692332E0));
#7510=CARTESIAN_POINT('',(-7.924110976303E0,-5.427428818083E0,
1.862943692332E0));
#7511=CARTESIAN_POINT('',(-7.913899452770E0,-5.351404189105E0,
1.862943692332E0));
#7512=CARTESIAN_POINT('',(-7.904380925363E0,-5.318188720696E0,
1.862943692332E0));
#7513=CARTESIAN_POINT('',(-7.410150753821E0,-5.830539641915E0,
2.082064055896E0));
#7514=CARTESIAN_POINT('',(-7.445905772947E0,-5.840880586E0,2.082064055896E0));
#7515=CARTESIAN_POINT('',(-7.527445286561E0,-5.851924258886E0,
2.082064055896E0));
#7516=CARTESIAN_POINT('',(-7.654422886384E0,-5.831903221706E0,
2.082064055896E0));
#7517=CARTESIAN_POINT('',(-7.774824401573E0,-5.770579597478E0,
2.082064055896E0));
#7518=CARTESIAN_POINT('',(-7.870475585608E0,-5.674926207309E0,
2.082064055896E0));
#7519=CARTESIAN_POINT('',(-7.931795203497E0,-5.554526647981E0,
2.082064055896E0));
#7520=CARTESIAN_POINT('',(-7.951766000034E0,-5.427860953280E0,
2.082064055896E0));
#7521=CARTESIAN_POINT('',(-7.940853575925E0,-5.346625682111E0,
2.082064055896E0));
#7522=CARTESIAN_POINT('',(-7.930681954122E0,-5.311134522774E0,
2.082064055896E0));
#7523=CARTESIAN_POINT('',(-7.451905388934E0,-5.676182316943E0,
2.234060556781E0));
#7524=CARTESIAN_POINT('',(-7.474197224473E0,-5.682624158590E0,
2.234060556781E0));
#7525=CARTESIAN_POINT('',(-7.525022909953E0,-5.689502329452E0,
2.234060556781E0));
#7526=CARTESIAN_POINT('',(-7.604143923829E0,-5.677026860826E0,
2.234060556781E0));
#7527=CARTESIAN_POINT('',(-7.679143570744E0,-5.638825292042E0,
2.234060556781E0));
#7528=CARTESIAN_POINT('',(-7.738719339741E0,-5.579248144173E0,
2.234060556781E0));
#7529=CARTESIAN_POINT('',(-7.776918370320E0,-5.504249786299E0,
2.234060556781E0));
#7530=CARTESIAN_POINT('',(-7.789362511611E0,-5.425323249313E0,
2.234060556781E0));
#7531=CARTESIAN_POINT('',(-7.782566109958E0,-5.374687354121E0,
2.234060556781E0));
#7532=CARTESIAN_POINT('',(-7.776229769916E0,-5.352560137221E0,
2.234060556781E0));
#7533=CARTESIAN_POINT('',(-7.508577041804E0,-5.466680193043E0,
2.195355218244E0));
#7534=CARTESIAN_POINT('',(-7.512595915199E0,-5.467829961624E0,
2.195355218244E0));
#7535=CARTESIAN_POINT('',(-7.521735129186E0,-5.469054487470E0,
2.195355218244E0));
#7536=CARTESIAN_POINT('',(-7.535902591941E0,-5.466820273273E0,
2.195355218244E0));
#7537=CARTESIAN_POINT('',(-7.549280363547E0,-5.460001210796E0,
2.195355218244E0));
#7538=CARTESIAN_POINT('',(-7.559892624838E0,-5.449388693439E0,
2.195355218244E0));
#7539=CARTESIAN_POINT('',(-7.566711141739E0,-5.436011305830E0,
2.195355218244E0));
#7540=CARTESIAN_POINT('',(-7.568939698769E0,-5.421878940007E0,
2.195355218244E0));
#7541=CARTESIAN_POINT('',(-7.567729785783E0,-5.412774175640E0,
2.195355218244E0));
#7542=CARTESIAN_POINT('',(-7.566598897926E0,-5.408785225419E0,
2.195355218244E0));
#7543=(BOUNDED_SURFACE()B_SPLINE_SURFACE(3,3,((#7503,#7504,#7505,#7506,#7507,
#7508,#7509,#7510,#7511,#7512),(#7513,#7514,#7515,#7516,#7517,#7518,#7519,#7520,
#7521,#7522),(#7523,#7524,#7525,#7526,#7527,#7528,#7529,#7530,#7531,#7532),(
#7533,#7534,#7535,#7536,#7537,#7538,#7539,#7540,#7541,#7542)),.UNSPECIFIED.,.F.,
.F.,.F.)B_SPLINE_SURFACE_WITH_KNOTS((4,4),(4,1,1,1,1,1,1,4),(0.E0,1.E0),(
-1.699421934763E-1,0.E0,2.000090946471E-1,4.000040418714E-1,6.000133848999E-1,
8.000030649657E-1,1.E0,1.168556986589E0),.UNSPECIFIED.)GEOMETRIC_REPRESENTATION_ITEM()RATIONAL_B_SPLINE_SURFACE(((1.255111331577E0,1.255111331577E0,
1.255111331577E0,1.255111331577E0,1.255111331577E0,1.255111331577E0,
1.255111331577E0,1.255111331577E0,1.255111331577E0,1.255111331577E0),(
9.149628894742E-1,9.149628894742E-1,9.149628894742E-1,9.149628894742E-1,
9.149628894742E-1,9.149628894742E-1,9.149628894742E-1,9.149628894742E-1,
9.149628894742E-1,9.149628894742E-1),(9.149628894742E-1,9.149628894742E-1,
9.149628894742E-1,9.149628894742E-1,9.149628894742E-1,9.149628894742E-1,
9.149628894742E-1,9.149628894742E-1,9.149628894742E-1,9.149628894742E-1),(
1.255111331577E0,1.255111331577E0,1.255111331577E0,1.255111331577E0,
1.255111331577E0,1.255111331577E0,1.255111331577E0,1.255111331577E0,
1.255111331577E0,1.255111331577E0)))REPRESENTATION_ITEM('')SURFACE());
#7544=ORIENTED_EDGE('',*,*,#7497,.T.);
#7545=ORIENTED_EDGE('',*,*,#7421,.T.);
#7547=ORIENTED_EDGE('',*,*,#7546,.F.);
#7548=ORIENTED_EDGE('',*,*,#3635,.F.);
#7549=EDGE_LOOP('',(#7544,#7545,#7547,#7548));
#7550=FACE_OUTER_BOUND('',#7549,.F.);
#7551=ADVANCED_FACE('',(#7550),#7543,.T.);
#7552=CARTESIAN_POINT('',(-8.E0,-5.520976627276E0,1.9E0));
#7553=DIRECTION('',(1.E0,0.E0,0.E0));
#7554=DIRECTION('',(0.E0,0.E0,1.E0));
#7555=AXIS2_PLACEMENT_3D('',#7552,#7553,#7554);
#7556=CYLINDRICAL_SURFACE('',#7555,3.E-1);
#7557=ORIENTED_EDGE('',*,*,#7546,.T.);
#7558=ORIENTED_EDGE('',*,*,#7419,.F.);
#7559=ORIENTED_EDGE('',*,*,#3595,.F.);
#7560=ORIENTED_EDGE('',*,*,#3612,.F.);
#7561=EDGE_LOOP('',(#7557,#7558,#7559,#7560));
#7562=FACE_OUTER_BOUND('',#7561,.F.);
#7563=ADVANCED_FACE('',(#7562),#7556,.T.);
#7564=CARTESIAN_POINT('',(8.E0,-5.9E0,3.5E-1));
#7565=DIRECTION('',(0.E0,0.E0,-1.E0));
#7566=DIRECTION('',(1.E0,0.E0,0.E0));
#7567=AXIS2_PLACEMENT_3D('',#7564,#7565,#7566);
#7568=PLANE('',#7567);
#7569=ORIENTED_EDGE('',*,*,#7045,.T.);
#7570=ORIENTED_EDGE('',*,*,#7137,.F.);
#7571=ORIENTED_EDGE('',*,*,#7152,.T.);
#7572=ORIENTED_EDGE('',*,*,#5840,.T.);
#7573=ORIENTED_EDGE('',*,*,#5857,.T.);
#7574=ORIENTED_EDGE('',*,*,#5950,.F.);
#7575=EDGE_LOOP('',(#7569,#7570,#7571,#7572,#7573,#7574));
#7576=FACE_OUTER_BOUND('',#7575,.F.);
#7577=ADVANCED_FACE('',(#7576),#7568,.T.);
#7578=CARTESIAN_POINT('',(-4.575E0,6.E0,4.E-1));
#7579=DIRECTION('',(0.E0,0.E0,-1.E0));
#7580=DIRECTION('',(1.E0,0.E0,0.E0));
#7581=AXIS2_PLACEMENT_3D('',#7578,#7579,#7580);
#7582=CYLINDRICAL_SURFACE('',#7581,8.3E-1);
#7583=ORIENTED_EDGE('',*,*,#3681,.F.);
#7584=ORIENTED_EDGE('',*,*,#3756,.T.);
#7586=ORIENTED_EDGE('',*,*,#7585,.F.);
#7587=ORIENTED_EDGE('',*,*,#6336,.T.);
#7588=EDGE_LOOP('',(#7583,#7584,#7586,#7587));
#7589=FACE_OUTER_BOUND('',#7588,.F.);
#7590=ADVANCED_FACE('',(#7589),#7582,.F.);
#7591=CARTESIAN_POINT('',(-1.5E1,6.E0,4.E-1));
#7592=DIRECTION('',(0.E0,1.E0,0.E0));
#7593=DIRECTION('',(0.E0,0.E0,-1.E0));
#7594=AXIS2_PLACEMENT_3D('',#7591,#7592,#7593);
#7595=PLANE('',#7594);
#7596=ORIENTED_EDGE('',*,*,#4445,.F.);
#7598=ORIENTED_EDGE('',*,*,#7597,.T.);
#7599=ORIENTED_EDGE('',*,*,#7585,.T.);
#7600=ORIENTED_EDGE('',*,*,#3754,.T.);
#7602=ORIENTED_EDGE('',*,*,#7601,.T.);
#7603=EDGE_LOOP('',(#7596,#7598,#7599,#7600,#7602));
#7604=FACE_OUTER_BOUND('',#7603,.F.);
#7605=ADVANCED_FACE('',(#7604),#7595,.T.);
#7606=CARTESIAN_POINT('',(-4.575E0,6.E0,4.E-1));
#7607=DIRECTION('',(0.E0,0.E0,-1.E0));
#7608=DIRECTION('',(1.E0,0.E0,0.E0));
#7609=AXIS2_PLACEMENT_3D('',#7606,#7607,#7608);
#7610=CYLINDRICAL_SURFACE('',#7609,8.3E-1);
#7611=ORIENTED_EDGE('',*,*,#5399,.T.);
#7612=ORIENTED_EDGE('',*,*,#7597,.F.);
#7613=ORIENTED_EDGE('',*,*,#4443,.F.);
#7614=EDGE_LOOP('',(#7611,#7612,#7613));
#7615=FACE_OUTER_BOUND('',#7614,.F.);
#7616=ADVANCED_FACE('',(#7615),#7610,.F.);
#7617=CARTESIAN_POINT('',(-1.5E1,0.E0,4.E-1));
#7618=DIRECTION('',(0.E0,0.E0,-1.E0));
#7619=DIRECTION('',(1.E0,0.E0,0.E0));
#7620=AXIS2_PLACEMENT_3D('',#7617,#7618,#7619);
#7621=CYLINDRICAL_SURFACE('',#7620,6.E0);
#7622=ORIENTED_EDGE('',*,*,#4447,.T.);
#7623=ORIENTED_EDGE('',*,*,#7601,.F.);
#7624=ORIENTED_EDGE('',*,*,#3752,.T.);
#7626=ORIENTED_EDGE('',*,*,#7625,.F.);
#7627=EDGE_LOOP('',(#7622,#7623,#7624,#7626));
#7628=FACE_OUTER_BOUND('',#7627,.F.);
#7629=ADVANCED_FACE('',(#7628),#7621,.T.);
#7630=CARTESIAN_POINT('',(-2.08E1,-1.536229149575E0,4.E-1));
#7631=DIRECTION('',(-1.E0,0.E0,0.E0));
#7632=DIRECTION('',(0.E0,0.E0,-1.E0));
#7633=AXIS2_PLACEMENT_3D('',#7630,#7631,#7632);
#7634=PLANE('',#7633);
#7635=ORIENTED_EDGE('',*,*,#4449,.F.);
#7636=ORIENTED_EDGE('',*,*,#7625,.T.);
#7637=ORIENTED_EDGE('',*,*,#3750,.T.);
#7639=ORIENTED_EDGE('',*,*,#7638,.T.);
#7640=EDGE_LOOP('',(#7635,#7636,#7637,#7639));
#7641=FACE_OUTER_BOUND('',#7640,.F.);
#7642=ADVANCED_FACE('',(#7641),#7634,.T.);
#7643=CARTESIAN_POINT('',(-1.5E1,0.E0,4.E-1));
#7644=DIRECTION('',(0.E0,0.E0,-1.E0));
#7645=DIRECTION('',(1.E0,0.E0,0.E0));
#7646=AXIS2_PLACEMENT_3D('',#7643,#7644,#7645);
#7647=CYLINDRICAL_SURFACE('',#7646,6.E0);
#7648=ORIENTED_EDGE('',*,*,#4451,.T.);
#7649=ORIENTED_EDGE('',*,*,#7638,.F.);
#7650=ORIENTED_EDGE('',*,*,#3748,.T.);
#7652=ORIENTED_EDGE('',*,*,#7651,.F.);
#7653=EDGE_LOOP('',(#7648,#7649,#7650,#7652));
#7654=FACE_OUTER_BOUND('',#7653,.F.);
#7655=ADVANCED_FACE('',(#7654),#7647,.T.);
#7656=CARTESIAN_POINT('',(-5.405E0,-6.E0,4.E-1));
#7657=DIRECTION('',(0.E0,-1.E0,0.E0));
#7658=DIRECTION('',(0.E0,0.E0,1.E0));
#7659=AXIS2_PLACEMENT_3D('',#7656,#7657,#7658);
#7660=PLANE('',#7659);
#7661=ORIENTED_EDGE('',*,*,#4453,.F.);
#7662=ORIENTED_EDGE('',*,*,#7651,.T.);
#7663=ORIENTED_EDGE('',*,*,#3746,.T.);
#7665=ORIENTED_EDGE('',*,*,#7664,.T.);
#7667=ORIENTED_EDGE('',*,*,#7666,.T.);
#7668=EDGE_LOOP('',(#7661,#7662,#7663,#7665,#7667));
#7669=FACE_OUTER_BOUND('',#7668,.F.);
#7670=ADVANCED_FACE('',(#7669),#7660,.T.);
#7671=CARTESIAN_POINT('',(-4.575E0,-6.E0,4.E-1));
#7672=DIRECTION('',(0.E0,0.E0,-1.E0));
#7673=DIRECTION('',(1.E0,0.E0,0.E0));
#7674=AXIS2_PLACEMENT_3D('',#7671,#7672,#7673);
#7675=CYLINDRICAL_SURFACE('',#7674,8.3E-1);
#7676=ORIENTED_EDGE('',*,*,#4507,.F.);
#7677=ORIENTED_EDGE('',*,*,#4455,.F.);
#7678=ORIENTED_EDGE('',*,*,#7666,.F.);
#7679=EDGE_LOOP('',(#7676,#7677,#7678));
#7680=FACE_OUTER_BOUND('',#7679,.F.);
#7681=ADVANCED_FACE('',(#7680),#7675,.F.);
#7682=CARTESIAN_POINT('',(-4.575E0,-6.E0,4.E-1));
#7683=DIRECTION('',(0.E0,0.E0,-1.E0));
#7684=DIRECTION('',(1.E0,0.E0,0.E0));
#7685=AXIS2_PLACEMENT_3D('',#7682,#7683,#7684);
#7686=CYLINDRICAL_SURFACE('',#7685,8.3E-1);
#7687=ORIENTED_EDGE('',*,*,#3420,.T.);
#7688=ORIENTED_EDGE('',*,*,#7664,.F.);
#7689=ORIENTED_EDGE('',*,*,#3744,.T.);
#7690=ORIENTED_EDGE('',*,*,#3621,.F.);
#7691=EDGE_LOOP('',(#7687,#7688,#7689,#7690));
#7692=FACE_OUTER_BOUND('',#7691,.F.);
#7693=ADVANCED_FACE('',(#7692),#7686,.F.);
#7694=CARTESIAN_POINT('',(-6.077460699834E1,5.500438734925E0,-3.45E0));
#7695=DIRECTION('',(1.E0,0.E0,0.E0));
#7696=DIRECTION('',(0.E0,0.E0,-1.E0));
#7697=AXIS2_PLACEMENT_3D('',#7694,#7695,#7696);
#7698=CYLINDRICAL_SURFACE('',#7697,3.E-1);
#7699=ORIENTED_EDGE('',*,*,#5334,.T.);
#7701=ORIENTED_EDGE('',*,*,#7700,.T.);
#7702=ORIENTED_EDGE('',*,*,#4419,.F.);
#7703=ORIENTED_EDGE('',*,*,#6250,.T.);
#7704=EDGE_LOOP('',(#7699,#7701,#7702,#7703));
#7705=FACE_OUTER_BOUND('',#7704,.F.);
#7706=ADVANCED_FACE('',(#7705),#7698,.T.);
#7707=CARTESIAN_POINT('',(2.717439556318E0,5.399848886968E0,-5.369368638273E0));
#7708=DIRECTION('',(-4.723143535999E-1,-4.613049101013E-2,-8.802222044363E-1));
#7709=DIRECTION('',(-8.811602680636E-1,0.E0,4.728177048146E-1));
#7710=AXIS2_PLACEMENT_3D('',#7707,#7708,#7709);
#7711=CYLINDRICAL_SURFACE('',#7710,3.E-1);
#7712=ORIENTED_EDGE('',*,*,#7700,.F.);
#7713=ORIENTED_EDGE('',*,*,#5332,.T.);
#7715=ORIENTED_EDGE('',*,*,#7714,.T.);
#7717=ORIENTED_EDGE('',*,*,#7716,.F.);
#7719=ORIENTED_EDGE('',*,*,#7718,.F.);
#7720=ORIENTED_EDGE('',*,*,#4421,.F.);
#7721=EDGE_LOOP('',(#7712,#7713,#7715,#7717,#7719,#7720));
#7722=FACE_OUTER_BOUND('',#7721,.F.);
#7723=ADVANCED_FACE('',(#7722),#7711,.T.);
#7724=CARTESIAN_POINT('',(5.E0,-6.E0,-1.75E0));
#7725=DIRECTION('',(8.811602680636E-1,0.E0,-4.728177048146E-1));
#7726=DIRECTION('',(-4.728177048146E-1,0.E0,-8.811602680636E-1));
#7727=AXIS2_PLACEMENT_3D('',#7724,#7725,#7726);
#7728=PLANE('',#7727);
#7729=ORIENTED_EDGE('',*,*,#5330,.T.);
#7731=ORIENTED_EDGE('',*,*,#7730,.F.);
#7733=ORIENTED_EDGE('',*,*,#7732,.F.);
#7734=ORIENTED_EDGE('',*,*,#7714,.F.);
#7735=EDGE_LOOP('',(#7729,#7731,#7733,#7734));
#7736=FACE_OUTER_BOUND('',#7735,.F.);
#7737=ADVANCED_FACE('',(#7736),#7728,.T.);
#7738=CARTESIAN_POINT('',(4.744433267156E0,-5.597823423297E0,
-1.591789449892E0));
#7739=DIRECTION('',(-4.723143535999E-1,4.613049101013E-2,-8.802222044363E-1));
#7740=DIRECTION('',(-8.811602680636E-1,0.E0,4.728177048146E-1));
#7741=AXIS2_PLACEMENT_3D('',#7738,#7739,#7740);
#7742=CYLINDRICAL_SURFACE('',#7741,3.E-1);
#7744=ORIENTED_EDGE('',*,*,#7743,.F.);
#7745=ORIENTED_EDGE('',*,*,#4344,.F.);
#7747=ORIENTED_EDGE('',*,*,#7746,.F.);
#7749=ORIENTED_EDGE('',*,*,#7748,.F.);
#7750=ORIENTED_EDGE('',*,*,#7730,.T.);
#7751=ORIENTED_EDGE('',*,*,#5328,.F.);
#7752=EDGE_LOOP('',(#7744,#7745,#7747,#7749,#7750,#7751));
#7753=FACE_OUTER_BOUND('',#7752,.F.);
#7754=ADVANCED_FACE('',(#7753),#7742,.T.);
#7755=CARTESIAN_POINT('',(-5.598765528773E1,-5.500438734925E0,-3.45E0));
#7756=DIRECTION('',(1.E0,0.E0,0.E0));
#7757=DIRECTION('',(0.E0,-9.986295347546E-1,-5.233595624294E-2));
#7758=AXIS2_PLACEMENT_3D('',#7755,#7756,#7757);
#7759=CYLINDRICAL_SURFACE('',#7758,3.E-1);
#7760=ORIENTED_EDGE('',*,*,#7743,.T.);
#7761=ORIENTED_EDGE('',*,*,#5326,.F.);
#7763=ORIENTED_EDGE('',*,*,#7762,.T.);
#7764=ORIENTED_EDGE('',*,*,#4346,.T.);
#7765=EDGE_LOOP('',(#7760,#7761,#7763,#7764));
#7766=FACE_OUTER_BOUND('',#7765,.F.);
#7767=ADVANCED_FACE('',(#7766),#7759,.T.);
#7768=CARTESIAN_POINT('',(2.432092496906E0,-5.446851023619E0,
-3.738344233393E0));
#7769=CARTESIAN_POINT('',(2.422880509197E0,-5.449171913431E0,
-3.737800724001E0));
#7770=CARTESIAN_POINT('',(2.391786919060E0,-5.457059555188E0,
-3.735552953769E0));
#7771=CARTESIAN_POINT('',(2.341123489065E0,-5.470219585454E0,
-3.729578371329E0));
#7772=CARTESIAN_POINT('',(2.282224577018E0,-5.486019839086E0,
-3.718890967889E0));
#7773=CARTESIAN_POINT('',(2.229208257182E0,-5.500680231437E0,
-3.705972177221E0));
#7774=CARTESIAN_POINT('',(2.181514039571E0,-5.514261215704E0,
-3.691351357891E0));
#7775=CARTESIAN_POINT('',(2.138668577611E0,-5.526819797220E0,
-3.675413736250E0));
#7776=CARTESIAN_POINT('',(2.100312038301E0,-5.538395068123E0,
-3.658463375172E0));
#7777=CARTESIAN_POINT('',(2.066199518406E0,-5.549001312662E0,
-3.640772740712E0));
#7778=CARTESIAN_POINT('',(2.036155811356E0,-5.558636301166E0,
-3.622604453904E0));
#7779=CARTESIAN_POINT('',(2.010013056356E0,-5.567297623129E0,
-3.604203919515E0));
#7780=CARTESIAN_POINT('',(1.987565895394E0,-5.574996930631E0,
-3.585772801259E0));
#7781=CARTESIAN_POINT('',(1.968575558908E0,-5.581760099162E0,
-3.567454329618E0));
#7782=CARTESIAN_POINT('',(1.952764774390E0,-5.587631010209E0,
-3.549298343633E0));
#7783=CARTESIAN_POINT('',(1.939869006044E0,-5.592655467638E0,
-3.531259495985E0));
#7784=CARTESIAN_POINT('',(1.929714158723E0,-5.596851323586E0,
-3.513238081810E0));
#7785=CARTESIAN_POINT('',(1.922200556697E0,-5.600204940299E0,
-3.495021833622E0));
#7786=CARTESIAN_POINT('',(1.917408035990E0,-5.602608400901E0,
-3.476441547031E0));
#7787=CARTESIAN_POINT('',(1.915821373159E0,-5.603564288205E0,
-3.461750125347E0));
#7788=CARTESIAN_POINT('',(1.915590096563E0,-5.603717773262E0,
-3.453089567936E0));
#7789=CARTESIAN_POINT('',(1.915578337890E0,-5.603740243768E0,
-3.450359054845E0));
#7790=CARTESIAN_POINT('',(2.454651388854E0,-5.499789550861E0,
-3.768432383958E0));
#7791=CARTESIAN_POINT('',(2.445095599265E0,-5.501744054310E0,
-3.768789430933E0));
#7792=CARTESIAN_POINT('',(2.412759992274E0,-5.508352207196E0,
-3.769543265410E0));
#7793=CARTESIAN_POINT('',(2.359618975561E0,-5.519179918661E0,
-3.768236421225E0));
#7794=CARTESIAN_POINT('',(2.297093569875E0,-5.531867748037E0,
-3.762576201883E0));
#7795=CARTESIAN_POINT('',(2.240132930530E0,-5.543381599684E0,
-3.753796791943E0));
#7796=CARTESIAN_POINT('',(2.188243924602E0,-5.553830959017E0,
-3.742515460230E0));
#7797=CARTESIAN_POINT('',(2.140991829310E0,-5.563311442804E0,
-3.729181715835E0));
#7798=CARTESIAN_POINT('',(2.098039651337E0,-5.571897576250E0,
-3.714140391641E0));
#7799=CARTESIAN_POINT('',(2.059159375627E0,-5.579641178069E0,
-3.697683577809E0));
#7800=CARTESIAN_POINT('',(2.024190532797E0,-5.586580156464E0,
-3.680076903574E0));
#7801=CARTESIAN_POINT('',(1.992975660853E0,-5.592751639093E0,
-3.661554495076E0));
#7802=CARTESIAN_POINT('',(1.965309034896E0,-5.598202152291E0,
-3.642287918810E0));
#7803=CARTESIAN_POINT('',(1.940937367085E0,-5.602987361154E0,
-3.622358327189E0));
#7804=CARTESIAN_POINT('',(1.919544935816E0,-5.607174875892E0,
-3.601695624172E0));
#7805=CARTESIAN_POINT('',(1.900805992647E0,-5.610833891051E0,
-3.580029236974E0));
#7806=CARTESIAN_POINT('',(1.884485465942E0,-5.614015646552E0,
-3.556849049241E0));
#7807=CARTESIAN_POINT('',(1.870469054858E0,-5.616747903799E0,
-3.531169718927E0));
#7808=CARTESIAN_POINT('',(1.859129472172E0,-5.618962909230E0,
-3.501452982242E0));
#7809=CARTESIAN_POINT('',(1.853667219846E0,-5.620035560426E0,
-3.473772130443E0));
#7810=CARTESIAN_POINT('',(1.852802782298E0,-5.620204603987E0,
-3.456226975476E0));
#7811=CARTESIAN_POINT('',(1.852805438866E0,-5.620201811025E0,
-3.450620613315E0));
#7812=CARTESIAN_POINT('',(2.477401157646E0,-5.555900526278E0,
-3.744965347410E0));
#7813=CARTESIAN_POINT('',(2.468142348498E0,-5.558127209159E0,
-3.746263591237E0));
#7814=CARTESIAN_POINT('',(2.436724774930E0,-5.565612245808E0,
-3.750232640999E0));
#7815=CARTESIAN_POINT('',(2.384610101458E0,-5.577625825570E0,
-3.754369874692E0));
#7816=CARTESIAN_POINT('',(2.322506019886E0,-5.591299501140E0,
-3.755334881594E0));
#7817=CARTESIAN_POINT('',(2.265221189686E0,-5.603365237739E0,
-3.752748600128E0));
#7818=CARTESIAN_POINT('',(2.212371861212E0,-5.614021780752E0,
-3.747215831397E0));
#7819=CARTESIAN_POINT('',(2.163596798976E0,-5.623438220665E0,
-3.739177300439E0));
#7820=CARTESIAN_POINT('',(2.118608127704E0,-5.631752030071E0,
-3.728961565859E0));
#7821=CARTESIAN_POINT('',(2.077212651878E0,-5.639072519811E0,
-3.716830290697E0));
#7822=CARTESIAN_POINT('',(2.039277559004E0,-5.645493148585E0,
-3.703004871780E0));
#7823=CARTESIAN_POINT('',(2.004668035840E0,-5.651105692014E0,
-3.687664900535E0));
#7824=CARTESIAN_POINT('',(1.973192526427E0,-5.656009545209E0,
-3.670917612341E0));
#7825=CARTESIAN_POINT('',(1.944599640343E0,-5.660310927113E0,
-3.652760331298E0));
#7826=CARTESIAN_POINT('',(1.918553526524E0,-5.664125598658E0,
-3.633001652969E0));
#7827=CARTESIAN_POINT('',(1.894683857583E0,-5.667571082064E0,
-3.611168092570E0));
#7828=CARTESIAN_POINT('',(1.872704820021E0,-5.670751500920E0,
-3.586382841011E0));
#7829=CARTESIAN_POINT('',(1.852494045894E0,-5.673748072235E0,
-3.556974214652E0));
#7830=CARTESIAN_POINT('',(1.834721550679E0,-5.676512829461E0,
-3.520151454758E0));
#7831=CARTESIAN_POINT('',(1.825362703148E0,-5.678073063373E0,
-3.482931608584E0));
#7832=CARTESIAN_POINT('',(1.823859693598E0,-5.678315922147E0,
-3.458613202443E0));
#7833=CARTESIAN_POINT('',(1.823878094668E0,-5.678285300760E0,
-3.450801365628E0));
#7834=CARTESIAN_POINT('',(2.484812965377E0,-5.576882978557E0,
-3.683961563760E0));
#7835=CARTESIAN_POINT('',(2.476289202155E0,-5.579834618829E0,
-3.685599190335E0));
#7836=CARTESIAN_POINT('',(2.447323068899E0,-5.589754356966E0,
-3.690802381808E0));
#7837=CARTESIAN_POINT('',(2.399038093692E0,-5.605662526465E0,
-3.697443942361E0));
#7838=CARTESIAN_POINT('',(2.341115561003E0,-5.623747386751E0,
-3.702109883145E0));
#7839=CARTESIAN_POINT('',(2.287347959079E0,-5.639686721033E0,
-3.703543090403E0));
#7840=CARTESIAN_POINT('',(2.237428283489E0,-5.653747834164E0,
-3.702244029910E0));
#7841=CARTESIAN_POINT('',(2.191053487607E0,-5.666157999972E0,
-3.698577571794E0));
#7842=CARTESIAN_POINT('',(2.147977564915E0,-5.677102185297E0,
-3.692810064812E0));
#7843=CARTESIAN_POINT('',(2.108036303214E0,-5.686727907036E0,
-3.685143462999E0));
#7844=CARTESIAN_POINT('',(2.071118588197E0,-5.695161668614E0,
-3.675737882907E0));
#7845=CARTESIAN_POINT('',(2.037109045441E0,-5.702527701084E0,
-3.664712350188E0));
#7846=CARTESIAN_POINT('',(2.005835152129E0,-5.708960174987E0,
-3.652119447195E0));
#7847=CARTESIAN_POINT('',(1.977062535793E0,-5.714602119644E0,
-3.637908140105E0));
#7848=CARTESIAN_POINT('',(1.950467275774E0,-5.719609001348E0,
-3.621847147061E0));
#7849=CARTESIAN_POINT('',(1.925681528730E0,-5.724138618842E0,
-3.603420891107E0));
#7850=CARTESIAN_POINT('',(1.902413609976E0,-5.728331377240E0,
-3.581679891136E0));
#7851=CARTESIAN_POINT('',(1.880545149029E0,-5.732297517167E0,
-3.554821347001E0));
#7852=CARTESIAN_POINT('',(1.860844953204E0,-5.735974976308E0,
-3.519773514039E0));
#7853=CARTESIAN_POINT('',(1.850228294222E0,-5.738060791103E0,
-3.482976362103E0));
#7854=CARTESIAN_POINT('',(1.848517186538E0,-5.738385336037E0,
-3.458619426491E0));
#7855=CARTESIAN_POINT('',(1.848541914280E0,-5.738343316762E0,
-3.450777931481E0));
#7856=CARTESIAN_POINT('',(2.492224773108E0,-5.597865430836E0,
-3.622957780110E0));
#7857=CARTESIAN_POINT('',(2.484436055811E0,-5.601542028500E0,
-3.624934789433E0));
#7858=CARTESIAN_POINT('',(2.457921362868E0,-5.613896468123E0,
-3.631372122617E0));
#7859=CARTESIAN_POINT('',(2.413466085926E0,-5.633699227359E0,
-3.640518010029E0));
#7860=CARTESIAN_POINT('',(2.359725102120E0,-5.656195272363E0,
-3.648884884696E0));
#7861=CARTESIAN_POINT('',(2.309474728473E0,-5.676008204326E0,
-3.654337580678E0));
#7862=CARTESIAN_POINT('',(2.262484705767E0,-5.693473887576E0,
-3.657272228422E0));
#7863=CARTESIAN_POINT('',(2.218510176238E0,-5.708877779280E0,
-3.657977843149E0));
#7864=CARTESIAN_POINT('',(2.177347002126E0,-5.722452340524E0,
-3.656658563764E0));
#7865=CARTESIAN_POINT('',(2.138859954551E0,-5.734383294261E0,
-3.653456635300E0));
#7866=CARTESIAN_POINT('',(2.102959617391E0,-5.744830188643E0,
-3.648470894033E0));
#7867=CARTESIAN_POINT('',(2.069550055042E0,-5.753949710154E0,
-3.641759799841E0));
#7868=CARTESIAN_POINT('',(2.038477777830E0,-5.761910804765E0,
-3.633321282048E0));
#7869=CARTESIAN_POINT('',(2.009525431242E0,-5.768893312175E0,
-3.623055948912E0));
#7870=CARTESIAN_POINT('',(1.982381025023E0,-5.775092404037E0,
-3.610692641154E0));
#7871=CARTESIAN_POINT('',(1.956679199877E0,-5.780706155620E0,
-3.595673689644E0));
#7872=CARTESIAN_POINT('',(1.932122399932E0,-5.785911253561E0,
-3.576976941261E0));
#7873=CARTESIAN_POINT('',(1.908596252165E0,-5.790846962099E0,
-3.552668479351E0));
#7874=CARTESIAN_POINT('',(1.886968355729E0,-5.795437123154E0,
-3.519395573319E0));
#7875=CARTESIAN_POINT('',(1.875093885295E0,-5.798048518834E0,
-3.483021115623E0));
#7876=CARTESIAN_POINT('',(1.873174679478E0,-5.798454749927E0,
-3.458625650539E0));
#7877=CARTESIAN_POINT('',(1.873205733892E0,-5.798401332764E0,
-3.450754497334E0));
#7878=CARTESIAN_POINT('',(2.479239370082E0,-5.569396880338E0,
-3.566058018393E0));
#7879=CARTESIAN_POINT('',(2.472122026833E0,-5.573756362355E0,
-3.567540935997E0));
#7880=CARTESIAN_POINT('',(2.447918844557E0,-5.588441410464E0,
-3.572388920556E0));
#7881=CARTESIAN_POINT('',(2.407482494837E0,-5.612189060333E0,
-3.579389947276E0));
#7882=CARTESIAN_POINT('',(2.358828987774E0,-5.639510583802E0,
-3.586007231094E0));
#7883=CARTESIAN_POINT('',(2.313536425365E0,-5.663874734669E0,
-3.590562100303E0));
#7884=CARTESIAN_POINT('',(2.271366269780E0,-5.685618438001E0,
-3.593325701007E0));
#7885=CARTESIAN_POINT('',(2.232076834366E0,-5.705030328374E0,
-3.594495900708E0));
#7886=CARTESIAN_POINT('',(2.195470021503E0,-5.722342488731E0,
-3.594211156912E0));
#7887=CARTESIAN_POINT('',(2.161413965595E0,-5.737733482816E0,
-3.592565480724E0));
#7888=CARTESIAN_POINT('',(2.129820178967E0,-5.751350841625E0,
-3.589621209780E0));
#7889=CARTESIAN_POINT('',(2.100595686096E0,-5.763339360690E0,
-3.585411548907E0));
#7890=CARTESIAN_POINT('',(2.073597902758E0,-5.773860930591E0,
-3.579926758277E0));
#7891=CARTESIAN_POINT('',(2.048629996589E0,-5.783093331420E0,
-3.573087567407E0));
#7892=CARTESIAN_POINT('',(2.025415823993E0,-5.791235892224E0,
-3.564691590633E0));
#7893=CARTESIAN_POINT('',(2.003637877115E0,-5.798491421159E0,
-3.554328618304E0));
#7894=CARTESIAN_POINT('',(1.983041607205E0,-5.805031518723E0,
-3.541247451434E0));
#7895=CARTESIAN_POINT('',(1.963525974623E0,-5.810980229457E0,
-3.524027781185E0));
#7896=CARTESIAN_POINT('',(1.945791424860E0,-5.816223038410E0,
-3.500199199137E0));
#7897=CARTESIAN_POINT('',(1.936156500294E0,-5.819039255193E0,
-3.473920596073E0));
#7898=CARTESIAN_POINT('',(1.934601716587E0,-5.819479284974E0,
-3.456247623175E0));
#7899=CARTESIAN_POINT('',(1.934625361299E0,-5.819438680581E0,
-3.450542872717E0));
#7900=CARTESIAN_POINT('',(2.454720504347E0,-5.510909766580E0,
-3.552101670103E0));
#7901=CARTESIAN_POINT('',(2.447752587895E0,-5.515443927682E0,
-3.552594285179E0));
#7902=CARTESIAN_POINT('',(2.424143165136E0,-5.530764633729E0,
-3.554114309368E0));
#7903=CARTESIAN_POINT('',(2.385171679127E0,-5.555814719532E0,
-3.555785355210E0));
#7904=CARTESIAN_POINT('',(2.339038899539E0,-5.585082176338E0,
-3.556396782296E0));
#7905=CARTESIAN_POINT('',(2.296760563001E0,-5.611568536169E0,
-3.555749359702E0));
#7906=CARTESIAN_POINT('',(2.258010480163E0,-5.635543562047E0,
-3.554053913639E0));
#7907=CARTESIAN_POINT('',(2.222492953153E0,-5.657241891152E0,
-3.551464087893E0));
#7908=CARTESIAN_POINT('',(2.189975972918E0,-5.676847614008E0,
-3.548094020699E0));
#7909=CARTESIAN_POINT('',(2.160303121354E0,-5.694491656710E0,
-3.544033888464E0));
#7910=CARTESIAN_POINT('',(2.133365435743E0,-5.710272674053E0,
-3.539359225540E0));
#7911=CARTESIAN_POINT('',(2.109054401374E0,-5.724287340910E0,
-3.534130531360E0));
#7912=CARTESIAN_POINT('',(2.087222767795E0,-5.736653477614E0,
-3.528382615723E0));
#7913=CARTESIAN_POINT('',(2.067683720708E0,-5.747509340538E0,
-3.522111073956E0));
#7914=CARTESIAN_POINT('',(2.050196410738E0,-5.757020030344E0,
-3.515244000638E0));
#7915=CARTESIAN_POINT('',(2.034503885801E0,-5.765354313811E0,
-3.507607542410E0));
#7916=CARTESIAN_POINT('',(2.020414126209E0,-5.772640809388E0,
-3.498880129118E0));
#7917=CARTESIAN_POINT('',(2.007839660348E0,-5.778954487473E0,
-3.488449198850E0));
#7918=CARTESIAN_POINT('',(1.997161932504E0,-5.784144397275E0,
-3.475287706332E0));
#7919=CARTESIAN_POINT('',(1.991735212304E0,-5.786704865887E0,
-3.461886756385E0));
#7920=CARTESIAN_POINT('',(1.990868618889E0,-5.787107736128E0,
-3.453108569752E0));
#7921=CARTESIAN_POINT('',(1.990876175339E0,-5.787095409253E0,
-3.450287511159E0));
#7922=(BOUNDED_SURFACE()B_SPLINE_SURFACE(3,3,((#7768,#7769,#7770,#7771,#7772,
#7773,#7774,#7775,#7776,#7777,#7778,#7779,#7780,#7781,#7782,#7783,#7784,#7785,
#7786,#7787,#7788,#7789),(#7790,#7791,#7792,#7793,#7794,#7795,#7796,#7797,#7798,
#7799,#7800,#7801,#7802,#7803,#7804,#7805,#7806,#7807,#7808,#7809,#7810,#7811),(
#7812,#7813,#7814,#7815,#7816,#7817,#7818,#7819,#7820,#7821,#7822,#7823,#7824,
#7825,#7826,#7827,#7828,#7829,#7830,#7831,#7832,#7833),(#7834,#7835,#7836,#7837,
#7838,#7839,#7840,#7841,#7842,#7843,#7844,#7845,#7846,#7847,#7848,#7849,#7850,
#7851,#7852,#7853,#7854,#7855),(#7856,#7857,#7858,#7859,#7860,#7861,#7862,#7863,
#7864,#7865,#7866,#7867,#7868,#7869,#7870,#7871,#7872,#7873,#7874,#7875,#7876,
#7877),(#7878,#7879,#7880,#7881,#7882,#7883,#7884,#7885,#7886,#7887,#7888,#7889,
#7890,#7891,#7892,#7893,#7894,#7895,#7896,#7897,#7898,#7899),(#7900,#7901,#7902,
#7903,#7904,#7905,#7906,#7907,#7908,#7909,#7910,#7911,#7912,#7913,#7914,#7915,
#7916,#7917,#7918,#7919,#7920,#7921)),.UNSPECIFIED.,.F.,.F.,.F.)B_SPLINE_SURFACE_WITH_KNOTS((4,3,4),(4,1,1,1,1,1,1,1,1,1,1,1,1,1,1,1,1,1,1,4),(0.E0,1.E0,2.E0),(
-4.288252995561E-2,0.E0,1.022152968673E-1,1.956276996373E-1,2.811467303467E-1,
3.596889643240E-1,4.320410698811E-1,4.987904345535E-1,5.603564359980E-1,
6.170091092099E-1,6.690077333113E-1,7.167490371120E-1,7.607585536719E-1,
8.016243516818E-1,8.402979724215E-1,8.778649105192E-1,9.154092126489E-1,
9.552739065868E-1,1.E0,1.020999442237E0),.UNSPECIFIED.)GEOMETRIC_REPRESENTATION_ITEM()RATIONAL_B_SPLINE_SURFACE(((1.205761085E0,1.205761085E0,1.205761085E0,
1.205761085E0,1.205761085E0,1.205761085E0,1.205761085E0,1.205761085E0,
1.205761085E0,1.205761085E0,1.205761085E0,1.205761085E0,1.205761085E0,
1.205761085E0,1.205761085E0,1.205761085E0,1.205761085E0,1.205761085E0,
1.205761085E0,1.205761085E0,1.205761085E0,1.205761085E0),(9.314129716667E-1,
9.314129716667E-1,9.314129716667E-1,9.314129716667E-1,9.314129716667E-1,
9.314129716667E-1,9.314129716667E-1,9.314129716667E-1,9.314129716667E-1,
9.314129716667E-1,9.314129716667E-1,9.314129716667E-1,9.314129716667E-1,
9.314129716667E-1,9.314129716667E-1,9.314129716667E-1,9.314129716667E-1,
9.314129716667E-1,9.314129716667E-1,9.314129716667E-1,9.314129716667E-1,
9.314129716667E-1),(9.314129716667E-1,9.314129716667E-1,9.314129716667E-1,
9.314129716667E-1,9.314129716667E-1,9.314129716667E-1,9.314129716667E-1,
9.314129716667E-1,9.314129716667E-1,9.314129716667E-1,9.314129716667E-1,
9.314129716667E-1,9.314129716667E-1,9.314129716667E-1,9.314129716667E-1,
9.314129716667E-1,9.314129716667E-1,9.314129716667E-1,9.314129716667E-1,
9.314129716667E-1,9.314129716667E-1,9.314129716667E-1),(1.205761085E0,
1.205761085E0,1.205761085E0,1.205761085E0,1.205761085E0,1.205761085E0,
1.205761085E0,1.205761085E0,1.205761085E0,1.205761085E0,1.205761085E0,
1.205761085E0,1.205761085E0,1.205761085E0,1.205761085E0,1.205761085E0,
1.205761085E0,1.205761085E0,1.205761085E0,1.205761085E0,1.205761085E0,
1.205761085E0),(9.314129716667E-1,9.314129716667E-1,9.314129716667E-1,
9.314129716667E-1,9.314129716667E-1,9.314129716667E-1,9.314129716667E-1,
9.314129716667E-1,9.314129716667E-1,9.314129716667E-1,9.314129716667E-1,
9.314129716667E-1,9.314129716667E-1,9.314129716667E-1,9.314129716667E-1,
9.314129716667E-1,9.314129716667E-1,9.314129716667E-1,9.314129716667E-1,
9.314129716667E-1,9.314129716667E-1,9.314129716667E-1),(9.314129716667E-1,
9.314129716667E-1,9.314129716667E-1,9.314129716667E-1,9.314129716667E-1,
9.314129716667E-1,9.314129716667E-1,9.314129716667E-1,9.314129716667E-1,
9.314129716667E-1,9.314129716667E-1,9.314129716667E-1,9.314129716667E-1,
9.314129716667E-1,9.314129716667E-1,9.314129716667E-1,9.314129716667E-1,
9.314129716667E-1,9.314129716667E-1,9.314129716667E-1,9.314129716667E-1,
9.314129716667E-1),(1.205761085E0,1.205761085E0,1.205761085E0,1.205761085E0,
1.205761085E0,1.205761085E0,1.205761085E0,1.205761085E0,1.205761085E0,
1.205761085E0,1.205761085E0,1.205761085E0,1.205761085E0,1.205761085E0,
1.205761085E0,1.205761085E0,1.205761085E0,1.205761085E0,1.205761085E0,
1.205761085E0,1.205761085E0,1.205761085E0)))REPRESENTATION_ITEM('')SURFACE());
#7923=ORIENTED_EDGE('',*,*,#4328,.T.);
#7924=ORIENTED_EDGE('',*,*,#7762,.F.);
#7925=ORIENTED_EDGE('',*,*,#5302,.F.);
#7926=EDGE_LOOP('',(#7923,#7924,#7925));
#7927=FACE_OUTER_BOUND('',#7926,.F.);
#7928=ADVANCED_FACE('',(#7927),#7922,.T.);
#7929=CARTESIAN_POINT('',(8.E0,-5.605254293491E0,-1.45E0));
#7930=DIRECTION('',(-1.E0,0.E0,0.E0));
#7931=DIRECTION('',(0.E0,0.E0,1.E0));
#7932=AXIS2_PLACEMENT_3D('',#7929,#7930,#7931);
#7933=CYLINDRICAL_SURFACE('',#7932,3.E-1);
#7935=ORIENTED_EDGE('',*,*,#7934,.T.);
#7937=ORIENTED_EDGE('',*,*,#7936,.F.);
#7938=ORIENTED_EDGE('',*,*,#7746,.T.);
#7939=ORIENTED_EDGE('',*,*,#4342,.T.);
#7940=EDGE_LOOP('',(#7935,#7937,#7938,#7939));
#7941=FACE_OUTER_BOUND('',#7940,.F.);
#7942=ADVANCED_FACE('',(#7941),#7933,.T.);
#7943=CARTESIAN_POINT('',(7.419884974264E0,-5.888532432561E0,
-1.412943692332E0));
#7944=CARTESIAN_POINT('',(7.453347403095E0,-5.898209414489E0,
-1.412943692332E0));
#7945=CARTESIAN_POINT('',(7.529656784928E0,-5.908543761125E0,
-1.412943692332E0));
#7946=CARTESIAN_POINT('',(7.648485083077E0,-5.889807627856E0,
-1.412943692332E0));
#7947=CARTESIAN_POINT('',(7.761155300394E0,-5.832421363584E0,
-1.412943692332E0));
#7948=CARTESIAN_POINT('',(7.850663350013E0,-5.742911248703E0,
-1.412943692332E0));
#7949=CARTESIAN_POINT('',(7.908045857949E0,-5.630242873697E0,
-1.412943692332E0));
#7950=CARTESIAN_POINT('',(7.926734971244E0,-5.511706484299E0,
-1.412943692332E0));
#7951=CARTESIAN_POINT('',(7.916523447712E0,-5.435681855321E0,
-1.412943692332E0));
#7952=CARTESIAN_POINT('',(7.907004920305E0,-5.402466386911E0,
-1.412943692332E0));
#7953=CARTESIAN_POINT('',(7.412774748762E0,-5.914817308130E0,
-1.632064055896E0));
#7954=CARTESIAN_POINT('',(7.448529767889E0,-5.925158252215E0,
-1.632064055896E0));
#7955=CARTESIAN_POINT('',(7.530069281502E0,-5.936201925101E0,
-1.632064055896E0));
#7956=CARTESIAN_POINT('',(7.657046881325E0,-5.916180887921E0,
-1.632064055896E0));
#7957=CARTESIAN_POINT('',(7.777448396515E0,-5.854857263693E0,
-1.632064055896E0));
#7958=CARTESIAN_POINT('',(7.873099580549E0,-5.759203873524E0,
-1.632064055896E0));
#7959=CARTESIAN_POINT('',(7.934419198439E0,-5.638804314196E0,
-1.632064055896E0));
#7960=CARTESIAN_POINT('',(7.954389994975E0,-5.512138619495E0,
-1.632064055896E0));
#7961=CARTESIAN_POINT('',(7.943477570866E0,-5.430903348326E0,
-1.632064055896E0));
#7962=CARTESIAN_POINT('',(7.933305949064E0,-5.395412188989E0,
-1.632064055896E0));
#7963=CARTESIAN_POINT('',(7.454529383876E0,-5.760459983158E0,
-1.784060556781E0));
#7964=CARTESIAN_POINT('',(7.476821219415E0,-5.766901824805E0,
-1.784060556781E0));
#7965=CARTESIAN_POINT('',(7.527646904894E0,-5.773779995667E0,
-1.784060556781E0));
#7966=CARTESIAN_POINT('',(7.606767918770E0,-5.761304527041E0,
-1.784060556781E0));
#7967=CARTESIAN_POINT('',(7.681767565686E0,-5.723102958257E0,
-1.784060556781E0));
#7968=CARTESIAN_POINT('',(7.741343334683E0,-5.663525810388E0,
-1.784060556781E0));
#7969=CARTESIAN_POINT('',(7.779542365261E0,-5.588527452514E0,
-1.784060556781E0));
#7970=CARTESIAN_POINT('',(7.791986506553E0,-5.509600915528E0,
-1.784060556781E0));
#7971=CARTESIAN_POINT('',(7.785190104900E0,-5.458965020336E0,
-1.784060556781E0));
#7972=CARTESIAN_POINT('',(7.778853764858E0,-5.436837803436E0,
-1.784060556781E0));
#7973=CARTESIAN_POINT('',(7.511201036746E0,-5.550957859258E0,
-1.745355218244E0));
#7974=CARTESIAN_POINT('',(7.515219910141E0,-5.552107627839E0,
-1.745355218244E0));
#7975=CARTESIAN_POINT('',(7.524359124128E0,-5.553332153685E0,
-1.745355218244E0));
#7976=CARTESIAN_POINT('',(7.538526586882E0,-5.551097939488E0,
-1.745355218244E0));
#7977=CARTESIAN_POINT('',(7.551904358489E0,-5.544278877011E0,
-1.745355218244E0));
#7978=CARTESIAN_POINT('',(7.562516619779E0,-5.533666359654E0,
-1.745355218244E0));
#7979=CARTESIAN_POINT('',(7.569335136681E0,-5.520288972045E0,
-1.745355218244E0));
#7980=CARTESIAN_POINT('',(7.571563693711E0,-5.506156606222E0,
-1.745355218244E0));
#7981=CARTESIAN_POINT('',(7.570353780725E0,-5.497051841855E0,
-1.745355218244E0));
#7982=CARTESIAN_POINT('',(7.569222892867E0,-5.493062891634E0,
-1.745355218244E0));
#7983=(BOUNDED_SURFACE()B_SPLINE_SURFACE(3,3,((#7943,#7944,#7945,#7946,#7947,
#7948,#7949,#7950,#7951,#7952),(#7953,#7954,#7955,#7956,#7957,#7958,#7959,#7960,
#7961,#7962),(#7963,#7964,#7965,#7966,#7967,#7968,#7969,#7970,#7971,#7972),(
#7973,#7974,#7975,#7976,#7977,#7978,#7979,#7980,#7981,#7982)),.UNSPECIFIED.,.F.,
.F.,.F.)B_SPLINE_SURFACE_WITH_KNOTS((4,4),(4,1,1,1,1,1,1,4),(0.E0,1.E0),(
-1.699421934764E-1,0.E0,2.000090946471E-1,4.000040418714E-1,6.000133848999E-1,
8.000030649657E-1,1.E0,1.168556986589E0),.UNSPECIFIED.)GEOMETRIC_REPRESENTATION_ITEM()RATIONAL_B_SPLINE_SURFACE(((1.255111331577E0,1.255111331577E0,
1.255111331577E0,1.255111331577E0,1.255111331577E0,1.255111331577E0,
1.255111331577E0,1.255111331577E0,1.255111331577E0,1.255111331577E0),(
9.149628894742E-1,9.149628894742E-1,9.149628894742E-1,9.149628894742E-1,
9.149628894742E-1,9.149628894742E-1,9.149628894742E-1,9.149628894742E-1,
9.149628894742E-1,9.149628894742E-1),(9.149628894742E-1,9.149628894742E-1,
9.149628894742E-1,9.149628894742E-1,9.149628894742E-1,9.149628894742E-1,
9.149628894742E-1,9.149628894742E-1,9.149628894742E-1,9.149628894742E-1),(
1.255111331577E0,1.255111331577E0,1.255111331577E0,1.255111331577E0,
1.255111331577E0,1.255111331577E0,1.255111331577E0,1.255111331577E0,
1.255111331577E0,1.255111331577E0)))REPRESENTATION_ITEM('')SURFACE());
#7985=ORIENTED_EDGE('',*,*,#7984,.T.);
#7987=ORIENTED_EDGE('',*,*,#7986,.T.);
#7988=ORIENTED_EDGE('',*,*,#7934,.F.);
#7989=ORIENTED_EDGE('',*,*,#4365,.F.);
#7990=EDGE_LOOP('',(#7985,#7987,#7988,#7989));
#7991=FACE_OUTER_BOUND('',#7990,.F.);
#7992=ADVANCED_FACE('',(#7991),#7983,.T.);
#7993=CARTESIAN_POINT('',(7.623491309779E0,6.E0,-1.45E0));
#7994=DIRECTION('',(0.E0,1.E0,0.E0));
#7995=DIRECTION('',(0.E0,0.E0,-1.E0));
#7996=AXIS2_PLACEMENT_3D('',#7993,#7994,#7995);
#7997=CYLINDRICAL_SURFACE('',#7996,3.E-1);
#7999=ORIENTED_EDGE('',*,*,#7998,.T.);
#8001=ORIENTED_EDGE('',*,*,#8000,.F.);
#8003=ORIENTED_EDGE('',*,*,#8002,.F.);
#8005=ORIENTED_EDGE('',*,*,#8004,.F.);
#8007=ORIENTED_EDGE('',*,*,#8006,.F.);
#8009=ORIENTED_EDGE('',*,*,#8008,.F.);
#8010=ORIENTED_EDGE('',*,*,#7984,.F.);
#8011=ORIENTED_EDGE('',*,*,#4380,.F.);
#8012=EDGE_LOOP('',(#7999,#8001,#8003,#8005,#8007,#8009,#8010,#8011));
#8013=FACE_OUTER_BOUND('',#8012,.F.);
#8014=ADVANCED_FACE('',(#8013),#7997,.T.);
#8015=CARTESIAN_POINT('',(7.906769130493E0,5.401647524124E0,-1.412943692332E0));
#8016=CARTESIAN_POINT('',(7.916446333328E0,5.435110179166E0,-1.412943692332E0));
#8017=CARTESIAN_POINT('',(7.926780870414E0,5.511420037074E0,-1.412943692332E0));
#8018=CARTESIAN_POINT('',(7.908044474024E0,5.630249015282E0,-1.412943692332E0));
#8019=CARTESIAN_POINT('',(7.850657661410E0,5.742919374038E0,-1.412943692332E0));
#8020=CARTESIAN_POINT('',(7.761147175004E0,5.832427052194E0,-1.412943692332E0));
#8021=CARTESIAN_POINT('',(7.648478941433E0,5.889809011787E0,-1.412943692332E0));
#8022=CARTESIAN_POINT('',(7.529943239963E0,5.908497861089E0,-1.412943692332E0));
#8023=CARTESIAN_POINT('',(7.453919094871E0,5.898286530024E0,-1.412943692332E0));
#8024=CARTESIAN_POINT('',(7.420703860736E0,5.888768225344E0,-1.412943692332E0));
#8025=CARTESIAN_POINT('',(7.933053980643E0,5.394537223651E0,-1.632064055896E0));
#8026=CARTESIAN_POINT('',(7.943395163338E0,5.430292490172E0,-1.632064055896E0));
#8027=CARTESIAN_POINT('',(7.954439041974E0,5.511832527423E0,-1.632064055896E0));
#8028=CARTESIAN_POINT('',(7.934417719597E0,5.638810877048E0,-1.632064055896E0));
#8029=CARTESIAN_POINT('',(7.873093501564E0,5.759212556509E0,-1.632064055896E0));
#8030=CARTESIAN_POINT('',(7.777439713472E0,5.854863342685E0,-1.632064055896E0));
#8031=CARTESIAN_POINT('',(7.657040318410E0,5.916182366769E0,-1.632064055896E0));
#8032=CARTESIAN_POINT('',(7.530375381864E0,5.936152877187E0,-1.632064055896E0));
#8033=CARTESIAN_POINT('',(7.449140642623E0,5.925240660957E0,-1.632064055896E0));
#8034=CARTESIAN_POINT('',(7.413649739268E0,5.915069279664E0,-1.632064055896E0));
#8035=CARTESIAN_POINT('',(7.778696804946E0,5.436292299032E0,-1.784060556781E0));
#8036=CARTESIAN_POINT('',(7.785138781240E0,5.458584257570E0,-1.784060556781E0));
#8037=CARTESIAN_POINT('',(7.792017068004E0,5.509410187370E0,-1.784060556781E0));
#8038=CARTESIAN_POINT('',(7.779541443819E0,5.588531541483E0,-1.784060556781E0));
#8039=CARTESIAN_POINT('',(7.741339548209E0,5.663531218590E0,-1.784060556781E0));
#8040=CARTESIAN_POINT('',(7.681762157444E0,5.723106744738E0,-1.784060556781E0));
#8041=CARTESIAN_POINT('',(7.606763829755E0,5.761305448489E0,-1.784060556781E0));
#8042=CARTESIAN_POINT('',(7.527837638524E0,5.773749433592E0,-1.784060556781E0));
#8043=CARTESIAN_POINT('',(7.477201993131E0,5.766953149312E0,-1.784060556781E0));
#8044=CARTESIAN_POINT('',(7.455074904737E0,5.760616945349E0,-1.784060556781E0));
#8045=CARTESIAN_POINT('',(7.569194883651E0,5.492964549456E0,-1.745355218244E0));
#8046=CARTESIAN_POINT('',(7.570344645774E0,5.496983377014E0,-1.745355218244E0));
#8047=CARTESIAN_POINT('',(7.571569165575E0,5.506122456218E0,-1.745355218244E0));
#8048=CARTESIAN_POINT('',(7.569334971770E0,5.520289703327E0,-1.745355218244E0));
#8049=CARTESIAN_POINT('',(7.562515944825E0,5.533667323144E0,-1.745355218244E0));
#8050=CARTESIAN_POINT('',(7.551903394986E0,5.544279551973E0,-1.745355218244E0));
#8051=CARTESIAN_POINT('',(7.538525855578E0,5.551098104404E0,-1.745355218244E0));
#8052=CARTESIAN_POINT('',(7.524393275778E0,5.553326681591E0,-1.745355218244E0));
#8053=CARTESIAN_POINT('',(7.515288378289E0,5.552116763139E0,-1.745355218244E0));
#8054=CARTESIAN_POINT('',(7.511299383557E0,5.550985869621E0,-1.745355218244E0));
#8055=(BOUNDED_SURFACE()B_SPLINE_SURFACE(3,3,((#8015,#8016,#8017,#8018,#8019,
#8020,#8021,#8022,#8023,#8024),(#8025,#8026,#8027,#8028,#8029,#8030,#8031,#8032,
#8033,#8034),(#8035,#8036,#8037,#8038,#8039,#8040,#8041,#8042,#8043,#8044),(
#8045,#8046,#8047,#8048,#8049,#8050,#8051,#8052,#8053,#8054)),.UNSPECIFIED.,.F.,
.F.,.F.)B_SPLINE_SURFACE_WITH_KNOTS((4,4),(4,1,1,1,1,1,1,4),(0.E0,1.E0),(
-1.699427022020E-1,0.E0,2.000089266704E-1,4.000037701428E-1,6.000131133118E-1,
8.000028973060E-1,1.E0,1.168556432713E0),.UNSPECIFIED.)GEOMETRIC_REPRESENTATION_ITEM()RATIONAL_B_SPLINE_SURFACE(((1.255111331577E0,1.255111331577E0,
1.255111331577E0,1.255111331577E0,1.255111331577E0,1.255111331577E0,
1.255111331577E0,1.255111331577E0,1.255111331577E0,1.255111331577E0),(
9.149628894742E-1,9.149628894742E-1,9.149628894742E-1,9.149628894742E-1,
9.149628894742E-1,9.149628894742E-1,9.149628894742E-1,9.149628894742E-1,
9.149628894742E-1,9.149628894742E-1),(9.149628894742E-1,9.149628894742E-1,
9.149628894742E-1,9.149628894742E-1,9.149628894742E-1,9.149628894742E-1,
9.149628894742E-1,9.149628894742E-1,9.149628894742E-1,9.149628894742E-1),(
1.255111331577E0,1.255111331577E0,1.255111331577E0,1.255111331577E0,
1.255111331577E0,1.255111331577E0,1.255111331577E0,1.255111331577E0,
1.255111331577E0,1.255111331577E0)))REPRESENTATION_ITEM('')SURFACE());
#8057=ORIENTED_EDGE('',*,*,#8056,.T.);
#8059=ORIENTED_EDGE('',*,*,#8058,.T.);
#8060=ORIENTED_EDGE('',*,*,#7998,.F.);
#8061=ORIENTED_EDGE('',*,*,#4395,.F.);
#8062=EDGE_LOOP('',(#8057,#8059,#8060,#8061));
#8063=FACE_OUTER_BOUND('',#8062,.F.);
#8064=ADVANCED_FACE('',(#8063),#8055,.T.);
#8065=CARTESIAN_POINT('',(-8.E0,5.605254293491E0,-1.45E0));
#8066=DIRECTION('',(-1.E0,0.E0,0.E0));
#8067=DIRECTION('',(0.E0,0.E0,1.E0));
#8068=AXIS2_PLACEMENT_3D('',#8065,#8066,#8067);
#8069=CYLINDRICAL_SURFACE('',#8068,3.E-1);
#8070=ORIENTED_EDGE('',*,*,#8056,.F.);
#8071=ORIENTED_EDGE('',*,*,#4423,.T.);
#8072=ORIENTED_EDGE('',*,*,#7718,.T.);
#8074=ORIENTED_EDGE('',*,*,#8073,.F.);
#8075=EDGE_LOOP('',(#8070,#8071,#8072,#8074));
#8076=FACE_OUTER_BOUND('',#8075,.F.);
#8077=ADVANCED_FACE('',(#8076),#8069,.T.);
#8078=CARTESIAN_POINT('',(8.E0,-6.E0,-1.75E0));
#8079=DIRECTION('',(0.E0,0.E0,-1.E0));
#8080=DIRECTION('',(-1.E0,0.E0,0.E0));
#8081=AXIS2_PLACEMENT_3D('',#8078,#8079,#8080);
#8082=PLANE('',#8081);
#8083=ORIENTED_EDGE('',*,*,#8058,.F.);
#8084=ORIENTED_EDGE('',*,*,#8073,.T.);
#8085=ORIENTED_EDGE('',*,*,#7716,.T.);
#8086=ORIENTED_EDGE('',*,*,#7732,.T.);
#8087=ORIENTED_EDGE('',*,*,#7748,.T.);
#8088=ORIENTED_EDGE('',*,*,#7936,.T.);
#8089=ORIENTED_EDGE('',*,*,#7986,.F.);
#8090=ORIENTED_EDGE('',*,*,#8008,.T.);
#8092=ORIENTED_EDGE('',*,*,#8091,.F.);
#8094=ORIENTED_EDGE('',*,*,#8093,.F.);
#8096=ORIENTED_EDGE('',*,*,#8095,.F.);
#8097=ORIENTED_EDGE('',*,*,#8004,.T.);
#8099=ORIENTED_EDGE('',*,*,#8098,.F.);
#8101=ORIENTED_EDGE('',*,*,#8100,.F.);
#8103=ORIENTED_EDGE('',*,*,#8102,.F.);
#8104=ORIENTED_EDGE('',*,*,#8000,.T.);
#8105=EDGE_LOOP('',(#8083,#8084,#8085,#8086,#8087,#8088,#8089,#8090,#8092,#8094,
#8096,#8097,#8099,#8101,#8103,#8104));
#8106=FACE_OUTER_BOUND('',#8105,.F.);
#8107=ADVANCED_FACE('',(#8106),#8082,.T.);
#8108=CARTESIAN_POINT('',(6.5E0,-3.5E0,-1.852616797812E0));
#8109=DIRECTION('',(0.E0,0.E0,1.E0));
#8110=DIRECTION('',(0.E0,1.E0,0.E0));
#8111=AXIS2_PLACEMENT_3D('',#8108,#8109,#8110);
#8112=CONICAL_SURFACE('',#8111,1.125562189185E0,3.E0);
#8114=ORIENTED_EDGE('',*,*,#8113,.T.);
#8116=ORIENTED_EDGE('',*,*,#8115,.T.);
#8118=ORIENTED_EDGE('',*,*,#8117,.T.);
#8119=ORIENTED_EDGE('',*,*,#8091,.T.);
#8121=ORIENTED_EDGE('',*,*,#8120,.T.);
#8122=ORIENTED_EDGE('',*,*,#8095,.T.);
#8124=ORIENTED_EDGE('',*,*,#8123,.F.);
#8125=EDGE_LOOP('',(#8114,#8116,#8118,#8119,#8121,#8122,#8124));
#8126=FACE_OUTER_BOUND('',#8125,.F.);
#8127=ADVANCED_FACE('',(#8126),#8112,.T.);
#8128=CARTESIAN_POINT('',(6.5E0,-3.5E0,-1.95E0));
#8129=DIRECTION('',(0.E0,0.E0,-1.E0));
#8130=DIRECTION('',(-1.E0,0.E0,0.E0));
#8131=AXIS2_PLACEMENT_3D('',#8128,#8129,#8130);
#8132=TOROIDAL_SURFACE('',#8131,1.020321317219E0,1.E-1);
#8134=ORIENTED_EDGE('',*,*,#8133,.F.);
#8136=ORIENTED_EDGE('',*,*,#8135,.T.);
#8138=ORIENTED_EDGE('',*,*,#8137,.T.);
#8140=ORIENTED_EDGE('',*,*,#8139,.F.);
#8141=ORIENTED_EDGE('',*,*,#8113,.F.);
#8142=EDGE_LOOP('',(#8134,#8136,#8138,#8140,#8141));
#8143=FACE_OUTER_BOUND('',#8142,.F.);
#8144=ADVANCED_FACE('',(#8143),#8132,.T.);
#8145=CARTESIAN_POINT('',(6.5E0,-3.5E0,-1.852616797812E0));
#8146=DIRECTION('',(0.E0,0.E0,1.E0));
#8147=DIRECTION('',(0.E0,1.E0,0.E0));
#8148=AXIS2_PLACEMENT_3D('',#8145,#8146,#8147);
#8149=CONICAL_SURFACE('',#8148,1.125562189185E0,3.E0);
#8150=ORIENTED_EDGE('',*,*,#8133,.T.);
#8151=ORIENTED_EDGE('',*,*,#8123,.T.);
#8152=ORIENTED_EDGE('',*,*,#8093,.T.);
#8153=ORIENTED_EDGE('',*,*,#8117,.F.);
#8155=ORIENTED_EDGE('',*,*,#8154,.T.);
#8156=EDGE_LOOP('',(#8150,#8151,#8152,#8153,#8155));
#8157=FACE_OUTER_BOUND('',#8156,.F.);
#8158=ADVANCED_FACE('',(#8157),#8149,.T.);
#8159=CARTESIAN_POINT('',(6.5E0,-3.5E0,-1.95E0));
#8160=DIRECTION('',(0.E0,0.E0,-1.E0));
#8161=DIRECTION('',(-1.E0,0.E0,0.E0));
#8162=AXIS2_PLACEMENT_3D('',#8159,#8160,#8161);
#8163=TOROIDAL_SURFACE('',#8162,1.020321317219E0,1.E-1);
#8164=ORIENTED_EDGE('',*,*,#8115,.F.);
#8165=ORIENTED_EDGE('',*,*,#8139,.T.);
#8167=ORIENTED_EDGE('',*,*,#8166,.T.);
#8168=ORIENTED_EDGE('',*,*,#8135,.F.);
#8169=ORIENTED_EDGE('',*,*,#8154,.F.);
#8170=EDGE_LOOP('',(#8164,#8165,#8167,#8168,#8169));
#8171=FACE_OUTER_BOUND('',#8170,.F.);
#8172=ADVANCED_FACE('',(#8171),#8163,.T.);
#8173=CARTESIAN_POINT('',(6.5E0,-3.5E0,-1.95E0));
#8174=DIRECTION('',(0.E0,0.E0,-1.E0));
#8175=DIRECTION('',(-1.E0,0.E0,0.E0));
#8176=AXIS2_PLACEMENT_3D('',#8173,#8174,#8175);
#8177=TOROIDAL_SURFACE('',#8176,1.020321317219E0,1.E-1);
#8179=ORIENTED_EDGE('',*,*,#8178,.T.);
#8181=ORIENTED_EDGE('',*,*,#8180,.F.);
#8182=ORIENTED_EDGE('',*,*,#8166,.F.);
#8184=ORIENTED_EDGE('',*,*,#8183,.T.);
#8185=EDGE_LOOP('',(#8179,#8181,#8182,#8184));
#8186=FACE_OUTER_BOUND('',#8185,.F.);
#8187=ADVANCED_FACE('',(#8186),#8177,.T.);
#8188=CARTESIAN_POINT('',(6.5E0,-3.5E0,-2.05E0));
#8189=DIRECTION('',(0.E0,0.E0,-1.E0));
#8190=DIRECTION('',(-1.E0,0.E0,0.E0));
#8191=AXIS2_PLACEMENT_3D('',#8188,#8189,#8190);
#8192=PLANE('',#8191);
#8194=ORIENTED_EDGE('',*,*,#8193,.F.);
#8195=ORIENTED_EDGE('',*,*,#8178,.F.);
#8196=EDGE_LOOP('',(#8194,#8195));
#8197=FACE_OUTER_BOUND('',#8196,.F.);
#8198=ADVANCED_FACE('',(#8197),#8192,.T.);
#8199=CARTESIAN_POINT('',(6.5E0,-3.5E0,-1.95E0));
#8200=DIRECTION('',(0.E0,0.E0,-1.E0));
#8201=DIRECTION('',(-1.E0,0.E0,0.E0));
#8202=AXIS2_PLACEMENT_3D('',#8199,#8200,#8201);
#8203=TOROIDAL_SURFACE('',#8202,1.020321317219E0,1.E-1);
#8204=ORIENTED_EDGE('',*,*,#8193,.T.);
#8205=ORIENTED_EDGE('',*,*,#8183,.F.);
#8206=ORIENTED_EDGE('',*,*,#8137,.F.);
#8207=ORIENTED_EDGE('',*,*,#8180,.T.);
#8208=EDGE_LOOP('',(#8204,#8205,#8206,#8207));
#8209=FACE_OUTER_BOUND('',#8208,.F.);
#8210=ADVANCED_FACE('',(#8209),#8203,.T.);
#8211=CARTESIAN_POINT('',(6.5E0,-3.5E0,-1.75E0));
#8212=DIRECTION('',(0.E0,0.E0,-1.E0));
#8213=DIRECTION('',(-1.E0,0.E0,0.E0));
#8214=AXIS2_PLACEMENT_3D('',#8211,#8212,#8213);
#8215=PLANE('',#8214);
#8216=ORIENTED_EDGE('',*,*,#8120,.F.);
#8217=ORIENTED_EDGE('',*,*,#8006,.T.);
#8218=EDGE_LOOP('',(#8216,#8217));
#8219=FACE_OUTER_BOUND('',#8218,.F.);
#8220=ADVANCED_FACE('',(#8219),#8215,.F.);
#8221=CARTESIAN_POINT('',(6.5E0,3.5E0,-1.852616797812E0));
#8222=DIRECTION('',(0.E0,0.E0,1.E0));
#8223=DIRECTION('',(0.E0,1.E0,0.E0));
#8224=AXIS2_PLACEMENT_3D('',#8221,#8222,#8223);
#8225=CONICAL_SURFACE('',#8224,1.125562189185E0,3.E0);
#8227=ORIENTED_EDGE('',*,*,#8226,.T.);
#8229=ORIENTED_EDGE('',*,*,#8228,.T.);
#8231=ORIENTED_EDGE('',*,*,#8230,.T.);
#8232=ORIENTED_EDGE('',*,*,#8098,.T.);
#8234=ORIENTED_EDGE('',*,*,#8233,.T.);
#8235=ORIENTED_EDGE('',*,*,#8102,.T.);
#8237=ORIENTED_EDGE('',*,*,#8236,.F.);
#8238=EDGE_LOOP('',(#8227,#8229,#8231,#8232,#8234,#8235,#8237));
#8239=FACE_OUTER_BOUND('',#8238,.F.);
#8240=ADVANCED_FACE('',(#8239),#8225,.T.);
#8241=CARTESIAN_POINT('',(6.5E0,3.5E0,-1.95E0));
#8242=DIRECTION('',(0.E0,0.E0,-1.E0));
#8243=DIRECTION('',(-1.E0,0.E0,0.E0));
#8244=AXIS2_PLACEMENT_3D('',#8241,#8242,#8243);
#8245=TOROIDAL_SURFACE('',#8244,1.020321317219E0,1.E-1);
#8247=ORIENTED_EDGE('',*,*,#8246,.F.);
#8249=ORIENTED_EDGE('',*,*,#8248,.T.);
#8251=ORIENTED_EDGE('',*,*,#8250,.T.);
#8253=ORIENTED_EDGE('',*,*,#8252,.F.);
#8254=ORIENTED_EDGE('',*,*,#8226,.F.);
#8255=EDGE_LOOP('',(#8247,#8249,#8251,#8253,#8254));
#8256=FACE_OUTER_BOUND('',#8255,.F.);
#8257=ADVANCED_FACE('',(#8256),#8245,.T.);
#8258=CARTESIAN_POINT('',(6.5E0,3.5E0,-1.852616797812E0));
#8259=DIRECTION('',(0.E0,0.E0,1.E0));
#8260=DIRECTION('',(0.E0,1.E0,0.E0));
#8261=AXIS2_PLACEMENT_3D('',#8258,#8259,#8260);
#8262=CONICAL_SURFACE('',#8261,1.125562189185E0,3.E0);
#8263=ORIENTED_EDGE('',*,*,#8246,.T.);
#8264=ORIENTED_EDGE('',*,*,#8236,.T.);
#8265=ORIENTED_EDGE('',*,*,#8100,.T.);
#8266=ORIENTED_EDGE('',*,*,#8230,.F.);
#8268=ORIENTED_EDGE('',*,*,#8267,.T.);
#8269=EDGE_LOOP('',(#8263,#8264,#8265,#8266,#8268));
#8270=FACE_OUTER_BOUND('',#8269,.F.);
#8271=ADVANCED_FACE('',(#8270),#8262,.T.);
#8272=CARTESIAN_POINT('',(6.5E0,3.5E0,-1.95E0));
#8273=DIRECTION('',(0.E0,0.E0,-1.E0));
#8274=DIRECTION('',(-1.E0,0.E0,0.E0));
#8275=AXIS2_PLACEMENT_3D('',#8272,#8273,#8274);
#8276=TOROIDAL_SURFACE('',#8275,1.020321317219E0,1.E-1);
#8277=ORIENTED_EDGE('',*,*,#8228,.F.);
#8278=ORIENTED_EDGE('',*,*,#8252,.T.);
#8280=ORIENTED_EDGE('',*,*,#8279,.T.);
#8281=ORIENTED_EDGE('',*,*,#8248,.F.);
#8282=ORIENTED_EDGE('',*,*,#8267,.F.);
#8283=EDGE_LOOP('',(#8277,#8278,#8280,#8281,#8282));
#8284=FACE_OUTER_BOUND('',#8283,.F.);
#8285=ADVANCED_FACE('',(#8284),#8276,.T.);
#8286=CARTESIAN_POINT('',(6.5E0,3.5E0,-1.95E0));
#8287=DIRECTION('',(0.E0,0.E0,-1.E0));
#8288=DIRECTION('',(-1.E0,0.E0,0.E0));
#8289=AXIS2_PLACEMENT_3D('',#8286,#8287,#8288);
#8290=TOROIDAL_SURFACE('',#8289,1.020321317219E0,1.E-1);
#8292=ORIENTED_EDGE('',*,*,#8291,.T.);
#8294=ORIENTED_EDGE('',*,*,#8293,.F.);
#8295=ORIENTED_EDGE('',*,*,#8279,.F.);
#8297=ORIENTED_EDGE('',*,*,#8296,.T.);
#8298=EDGE_LOOP('',(#8292,#8294,#8295,#8297));
#8299=FACE_OUTER_BOUND('',#8298,.F.);
#8300=ADVANCED_FACE('',(#8299),#8290,.T.);
#8301=CARTESIAN_POINT('',(6.5E0,3.5E0,-2.05E0));
#8302=DIRECTION('',(0.E0,0.E0,-1.E0));
#8303=DIRECTION('',(-1.E0,0.E0,0.E0));
#8304=AXIS2_PLACEMENT_3D('',#8301,#8302,#8303);
#8305=PLANE('',#8304);
#8307=ORIENTED_EDGE('',*,*,#8306,.F.);
#8308=ORIENTED_EDGE('',*,*,#8291,.F.);
#8309=EDGE_LOOP('',(#8307,#8308));
#8310=FACE_OUTER_BOUND('',#8309,.F.);
#8311=ADVANCED_FACE('',(#8310),#8305,.T.);
#8312=CARTESIAN_POINT('',(6.5E0,3.5E0,-1.95E0));
#8313=DIRECTION('',(0.E0,0.E0,-1.E0));
#8314=DIRECTION('',(-1.E0,0.E0,0.E0));
#8315=AXIS2_PLACEMENT_3D('',#8312,#8313,#8314);
#8316=TOROIDAL_SURFACE('',#8315,1.020321317219E0,1.E-1);
#8317=ORIENTED_EDGE('',*,*,#8306,.T.);
#8318=ORIENTED_EDGE('',*,*,#8296,.F.);
#8319=ORIENTED_EDGE('',*,*,#8250,.F.);
#8320=ORIENTED_EDGE('',*,*,#8293,.T.);
#8321=EDGE_LOOP('',(#8317,#8318,#8319,#8320));
#8322=FACE_OUTER_BOUND('',#8321,.F.);
#8323=ADVANCED_FACE('',(#8322),#8316,.T.);
#8324=CARTESIAN_POINT('',(6.5E0,3.5E0,-1.75E0));
#8325=DIRECTION('',(0.E0,0.E0,-1.E0));
#8326=DIRECTION('',(-1.E0,0.E0,0.E0));
#8327=AXIS2_PLACEMENT_3D('',#8324,#8325,#8326);
#8328=PLANE('',#8327);
#8329=ORIENTED_EDGE('',*,*,#8233,.F.);
#8330=ORIENTED_EDGE('',*,*,#8002,.T.);
#8331=EDGE_LOOP('',(#8329,#8330));
#8332=FACE_OUTER_BOUND('',#8331,.F.);
#8333=ADVANCED_FACE('',(#8332),#8328,.F.);
#8334=CARTESIAN_POINT('',(-2.432092496906E0,5.446851023619E0,
-3.738344233393E0));
#8335=CARTESIAN_POINT('',(-2.422880509197E0,5.449171913431E0,
-3.737800724001E0));
#8336=CARTESIAN_POINT('',(-2.391786919060E0,5.457059555188E0,
-3.735552953769E0));
#8337=CARTESIAN_POINT('',(-2.341123489065E0,5.470219585454E0,
-3.729578371329E0));
#8338=CARTESIAN_POINT('',(-2.282224577018E0,5.486019839086E0,
-3.718890967889E0));
#8339=CARTESIAN_POINT('',(-2.229208257182E0,5.500680231437E0,
-3.705972177221E0));
#8340=CARTESIAN_POINT('',(-2.181514039571E0,5.514261215704E0,
-3.691351357891E0));
#8341=CARTESIAN_POINT('',(-2.138668577611E0,5.526819797220E0,
-3.675413736250E0));
#8342=CARTESIAN_POINT('',(-2.100312038301E0,5.538395068123E0,
-3.658463375172E0));
#8343=CARTESIAN_POINT('',(-2.066199518406E0,5.549001312662E0,
-3.640772740712E0));
#8344=CARTESIAN_POINT('',(-2.036155811356E0,5.558636301166E0,
-3.622604453904E0));
#8345=CARTESIAN_POINT('',(-2.010013056356E0,5.567297623129E0,
-3.604203919515E0));
#8346=CARTESIAN_POINT('',(-1.987565895394E0,5.574996930631E0,
-3.585772801259E0));
#8347=CARTESIAN_POINT('',(-1.968575558909E0,5.581760099162E0,
-3.567454329618E0));
#8348=CARTESIAN_POINT('',(-1.952764774390E0,5.587631010209E0,
-3.549298343633E0));
#8349=CARTESIAN_POINT('',(-1.939869006044E0,5.592655467638E0,
-3.531259495985E0));
#8350=CARTESIAN_POINT('',(-1.929714158723E0,5.596851323586E0,
-3.513238081810E0));
#8351=CARTESIAN_POINT('',(-1.922200556697E0,5.600204940299E0,
-3.495021833622E0));
#8352=CARTESIAN_POINT('',(-1.917408035990E0,5.602608400901E0,
-3.476441547031E0));
#8353=CARTESIAN_POINT('',(-1.915821373159E0,5.603564288205E0,
-3.461750125347E0));
#8354=CARTESIAN_POINT('',(-1.915590096563E0,5.603717773262E0,
-3.453089567936E0));
#8355=CARTESIAN_POINT('',(-1.915578337890E0,5.603740243768E0,
-3.450359054845E0));
#8356=CARTESIAN_POINT('',(-2.454651388854E0,5.499789550861E0,
-3.768432383958E0));
#8357=CARTESIAN_POINT('',(-2.445095599265E0,5.501744054310E0,
-3.768789430933E0));
#8358=CARTESIAN_POINT('',(-2.412759992274E0,5.508352207196E0,
-3.769543265410E0));
#8359=CARTESIAN_POINT('',(-2.359618975561E0,5.519179918661E0,
-3.768236421225E0));
#8360=CARTESIAN_POINT('',(-2.297093569875E0,5.531867748037E0,
-3.762576201883E0));
#8361=CARTESIAN_POINT('',(-2.240132930530E0,5.543381599684E0,
-3.753796791942E0));
#8362=CARTESIAN_POINT('',(-2.188243924602E0,5.553830959017E0,
-3.742515460230E0));
#8363=CARTESIAN_POINT('',(-2.140991829310E0,5.563311442804E0,
-3.729181715835E0));
#8364=CARTESIAN_POINT('',(-2.098039651337E0,5.571897576250E0,
-3.714140391641E0));
#8365=CARTESIAN_POINT('',(-2.059159375627E0,5.579641178069E0,
-3.697683577809E0));
#8366=CARTESIAN_POINT('',(-2.024190532797E0,5.586580156464E0,
-3.680076903574E0));
#8367=CARTESIAN_POINT('',(-1.992975660853E0,5.592751639093E0,
-3.661554495076E0));
#8368=CARTESIAN_POINT('',(-1.965309034896E0,5.598202152291E0,
-3.642287918810E0));
#8369=CARTESIAN_POINT('',(-1.940937367085E0,5.602987361154E0,
-3.622358327189E0));
#8370=CARTESIAN_POINT('',(-1.919544935816E0,5.607174875892E0,
-3.601695624172E0));
#8371=CARTESIAN_POINT('',(-1.900805992647E0,5.610833891051E0,
-3.580029236974E0));
#8372=CARTESIAN_POINT('',(-1.884485465942E0,5.614015646552E0,
-3.556849049241E0));
#8373=CARTESIAN_POINT('',(-1.870469054858E0,5.616747903799E0,
-3.531169718927E0));
#8374=CARTESIAN_POINT('',(-1.859129472172E0,5.618962909230E0,
-3.501452982242E0));
#8375=CARTESIAN_POINT('',(-1.853667219846E0,5.620035560426E0,
-3.473772130443E0));
#8376=CARTESIAN_POINT('',(-1.852802782298E0,5.620204603987E0,
-3.456226975476E0));
#8377=CARTESIAN_POINT('',(-1.852805438867E0,5.620201811025E0,
-3.450620613315E0));
#8378=CARTESIAN_POINT('',(-2.477401157646E0,5.555900526278E0,
-3.744965347410E0));
#8379=CARTESIAN_POINT('',(-2.468142348498E0,5.558127209159E0,
-3.746263591237E0));
#8380=CARTESIAN_POINT('',(-2.436724774930E0,5.565612245808E0,
-3.750232640999E0));
#8381=CARTESIAN_POINT('',(-2.384610101458E0,5.577625825570E0,
-3.754369874692E0));
#8382=CARTESIAN_POINT('',(-2.322506019886E0,5.591299501140E0,
-3.755334881594E0));
#8383=CARTESIAN_POINT('',(-2.265221189686E0,5.603365237739E0,
-3.752748600128E0));
#8384=CARTESIAN_POINT('',(-2.212371861212E0,5.614021780752E0,
-3.747215831397E0));
#8385=CARTESIAN_POINT('',(-2.163596798976E0,5.623438220665E0,
-3.739177300439E0));
#8386=CARTESIAN_POINT('',(-2.118608127703E0,5.631752030071E0,
-3.728961565859E0));
#8387=CARTESIAN_POINT('',(-2.077212651878E0,5.639072519811E0,
-3.716830290697E0));
#8388=CARTESIAN_POINT('',(-2.039277559004E0,5.645493148585E0,
-3.703004871780E0));
#8389=CARTESIAN_POINT('',(-2.004668035840E0,5.651105692014E0,
-3.687664900535E0));
#8390=CARTESIAN_POINT('',(-1.973192526427E0,5.656009545209E0,
-3.670917612341E0));
#8391=CARTESIAN_POINT('',(-1.944599640343E0,5.660310927113E0,
-3.652760331298E0));
#8392=CARTESIAN_POINT('',(-1.918553526524E0,5.664125598658E0,
-3.633001652969E0));
#8393=CARTESIAN_POINT('',(-1.894683857583E0,5.667571082064E0,
-3.611168092570E0));
#8394=CARTESIAN_POINT('',(-1.872704820021E0,5.670751500920E0,
-3.586382841011E0));
#8395=CARTESIAN_POINT('',(-1.852494045894E0,5.673748072235E0,
-3.556974214652E0));
#8396=CARTESIAN_POINT('',(-1.834721550679E0,5.676512829461E0,
-3.520151454758E0));
#8397=CARTESIAN_POINT('',(-1.825362703148E0,5.678073063373E0,
-3.482931608584E0));
#8398=CARTESIAN_POINT('',(-1.823859693598E0,5.678315922147E0,
-3.458613202443E0));
#8399=CARTESIAN_POINT('',(-1.823878094668E0,5.678285300760E0,
-3.450801365628E0));
#8400=CARTESIAN_POINT('',(-2.484812965377E0,5.576882978557E0,
-3.683961563760E0));
#8401=CARTESIAN_POINT('',(-2.476289202155E0,5.579834618829E0,
-3.685599190335E0));
#8402=CARTESIAN_POINT('',(-2.447323068899E0,5.589754356966E0,
-3.690802381808E0));
#8403=CARTESIAN_POINT('',(-2.399038093692E0,5.605662526465E0,
-3.697443942361E0));
#8404=CARTESIAN_POINT('',(-2.341115561003E0,5.623747386751E0,
-3.702109883145E0));
#8405=CARTESIAN_POINT('',(-2.287347959079E0,5.639686721033E0,
-3.703543090403E0));
#8406=CARTESIAN_POINT('',(-2.237428283489E0,5.653747834164E0,
-3.702244029910E0));
#8407=CARTESIAN_POINT('',(-2.191053487607E0,5.666157999972E0,
-3.698577571794E0));
#8408=CARTESIAN_POINT('',(-2.147977564915E0,5.677102185297E0,
-3.692810064812E0));
#8409=CARTESIAN_POINT('',(-2.108036303214E0,5.686727907036E0,
-3.685143462999E0));
#8410=CARTESIAN_POINT('',(-2.071118588197E0,5.695161668614E0,
-3.675737882907E0));
#8411=CARTESIAN_POINT('',(-2.037109045441E0,5.702527701084E0,
-3.664712350188E0));
#8412=CARTESIAN_POINT('',(-2.005835152129E0,5.708960174987E0,
-3.652119447195E0));
#8413=CARTESIAN_POINT('',(-1.977062535793E0,5.714602119644E0,
-3.637908140105E0));
#8414=CARTESIAN_POINT('',(-1.950467275774E0,5.719609001348E0,
-3.621847147061E0));
#8415=CARTESIAN_POINT('',(-1.925681528730E0,5.724138618842E0,
-3.603420891107E0));
#8416=CARTESIAN_POINT('',(-1.902413609976E0,5.728331377240E0,
-3.581679891136E0));
#8417=CARTESIAN_POINT('',(-1.880545149029E0,5.732297517167E0,
-3.554821347001E0));
#8418=CARTESIAN_POINT('',(-1.860844953204E0,5.735974976308E0,
-3.519773514039E0));
#8419=CARTESIAN_POINT('',(-1.850228294222E0,5.738060791103E0,
-3.482976362103E0));
#8420=CARTESIAN_POINT('',(-1.848517186538E0,5.738385336037E0,
-3.458619426491E0));
#8421=CARTESIAN_POINT('',(-1.848541914280E0,5.738343316762E0,
-3.450777931481E0));
#8422=CARTESIAN_POINT('',(-2.492224773108E0,5.597865430836E0,
-3.622957780110E0));
#8423=CARTESIAN_POINT('',(-2.484436055811E0,5.601542028500E0,
-3.624934789433E0));
#8424=CARTESIAN_POINT('',(-2.457921362868E0,5.613896468123E0,
-3.631372122617E0));
#8425=CARTESIAN_POINT('',(-2.413466085926E0,5.633699227359E0,
-3.640518010029E0));
#8426=CARTESIAN_POINT('',(-2.359725102120E0,5.656195272363E0,
-3.648884884696E0));
#8427=CARTESIAN_POINT('',(-2.309474728473E0,5.676008204326E0,
-3.654337580678E0));
#8428=CARTESIAN_POINT('',(-2.262484705767E0,5.693473887576E0,
-3.657272228422E0));
#8429=CARTESIAN_POINT('',(-2.218510176238E0,5.708877779280E0,
-3.657977843149E0));
#8430=CARTESIAN_POINT('',(-2.177347002126E0,5.722452340524E0,
-3.656658563764E0));
#8431=CARTESIAN_POINT('',(-2.138859954551E0,5.734383294261E0,
-3.653456635300E0));
#8432=CARTESIAN_POINT('',(-2.102959617391E0,5.744830188643E0,
-3.648470894033E0));
#8433=CARTESIAN_POINT('',(-2.069550055042E0,5.753949710154E0,
-3.641759799841E0));
#8434=CARTESIAN_POINT('',(-2.038477777830E0,5.761910804765E0,
-3.633321282048E0));
#8435=CARTESIAN_POINT('',(-2.009525431242E0,5.768893312175E0,
-3.623055948912E0));
#8436=CARTESIAN_POINT('',(-1.982381025023E0,5.775092404037E0,
-3.610692641154E0));
#8437=CARTESIAN_POINT('',(-1.956679199877E0,5.780706155620E0,
-3.595673689644E0));
#8438=CARTESIAN_POINT('',(-1.932122399932E0,5.785911253561E0,
-3.576976941261E0));
#8439=CARTESIAN_POINT('',(-1.908596252165E0,5.790846962099E0,
-3.552668479351E0));
#8440=CARTESIAN_POINT('',(-1.886968355729E0,5.795437123154E0,
-3.519395573319E0));
#8441=CARTESIAN_POINT('',(-1.875093885295E0,5.798048518833E0,
-3.483021115623E0));
#8442=CARTESIAN_POINT('',(-1.873174679478E0,5.798454749927E0,
-3.458625650539E0));
#8443=CARTESIAN_POINT('',(-1.873205733892E0,5.798401332764E0,
-3.450754497334E0));
#8444=CARTESIAN_POINT('',(-2.479239370082E0,5.569396880338E0,
-3.566058018393E0));
#8445=CARTESIAN_POINT('',(-2.472122026833E0,5.573756362355E0,
-3.567540935997E0));
#8446=CARTESIAN_POINT('',(-2.447918844557E0,5.588441410464E0,
-3.572388920556E0));
#8447=CARTESIAN_POINT('',(-2.407482494837E0,5.612189060333E0,
-3.579389947276E0));
#8448=CARTESIAN_POINT('',(-2.358828987774E0,5.639510583802E0,
-3.586007231094E0));
#8449=CARTESIAN_POINT('',(-2.313536425365E0,5.663874734669E0,
-3.590562100303E0));
#8450=CARTESIAN_POINT('',(-2.271366269780E0,5.685618438001E0,
-3.593325701007E0));
#8451=CARTESIAN_POINT('',(-2.232076834366E0,5.705030328374E0,
-3.594495900708E0));
#8452=CARTESIAN_POINT('',(-2.195470021503E0,5.722342488731E0,
-3.594211156912E0));
#8453=CARTESIAN_POINT('',(-2.161413965595E0,5.737733482816E0,
-3.592565480724E0));
#8454=CARTESIAN_POINT('',(-2.129820178967E0,5.751350841625E0,
-3.589621209780E0));
#8455=CARTESIAN_POINT('',(-2.100595686096E0,5.763339360690E0,
-3.585411548907E0));
#8456=CARTESIAN_POINT('',(-2.073597902758E0,5.773860930591E0,
-3.579926758277E0));
#8457=CARTESIAN_POINT('',(-2.048629996589E0,5.783093331420E0,
-3.573087567407E0));
#8458=CARTESIAN_POINT('',(-2.025415823993E0,5.791235892224E0,
-3.564691590633E0));
#8459=CARTESIAN_POINT('',(-2.003637877115E0,5.798491421159E0,
-3.554328618304E0));
#8460=CARTESIAN_POINT('',(-1.983041607205E0,5.805031518723E0,
-3.541247451434E0));
#8461=CARTESIAN_POINT('',(-1.963525974623E0,5.810980229457E0,
-3.524027781185E0));
#8462=CARTESIAN_POINT('',(-1.945791424860E0,5.816223038410E0,
-3.500199199137E0));
#8463=CARTESIAN_POINT('',(-1.936156500294E0,5.819039255193E0,
-3.473920596073E0));
#8464=CARTESIAN_POINT('',(-1.934601716587E0,5.819479284974E0,
-3.456247623175E0));
#8465=CARTESIAN_POINT('',(-1.934625361299E0,5.819438680581E0,
-3.450542872717E0));
#8466=CARTESIAN_POINT('',(-2.454720504347E0,5.510909766580E0,
-3.552101670103E0));
#8467=CARTESIAN_POINT('',(-2.447752587895E0,5.515443927682E0,
-3.552594285179E0));
#8468=CARTESIAN_POINT('',(-2.424143165136E0,5.530764633729E0,
-3.554114309368E0));
#8469=CARTESIAN_POINT('',(-2.385171679127E0,5.555814719532E0,
-3.555785355210E0));
#8470=CARTESIAN_POINT('',(-2.339038899539E0,5.585082176338E0,
-3.556396782296E0));
#8471=CARTESIAN_POINT('',(-2.296760563001E0,5.611568536169E0,
-3.555749359702E0));
#8472=CARTESIAN_POINT('',(-2.258010480163E0,5.635543562047E0,
-3.554053913639E0));
#8473=CARTESIAN_POINT('',(-2.222492953153E0,5.657241891152E0,
-3.551464087893E0));
#8474=CARTESIAN_POINT('',(-2.189975972918E0,5.676847614008E0,
-3.548094020699E0));
#8475=CARTESIAN_POINT('',(-2.160303121354E0,5.694491656710E0,
-3.544033888464E0));
#8476=CARTESIAN_POINT('',(-2.133365435743E0,5.710272674053E0,
-3.539359225540E0));
#8477=CARTESIAN_POINT('',(-2.109054401374E0,5.724287340910E0,
-3.534130531360E0));
#8478=CARTESIAN_POINT('',(-2.087222767795E0,5.736653477614E0,
-3.528382615723E0));
#8479=CARTESIAN_POINT('',(-2.067683720708E0,5.747509340538E0,
-3.522111073956E0));
#8480=CARTESIAN_POINT('',(-2.050196410738E0,5.757020030344E0,
-3.515244000638E0));
#8481=CARTESIAN_POINT('',(-2.034503885801E0,5.765354313811E0,
-3.507607542410E0));
#8482=CARTESIAN_POINT('',(-2.020414126209E0,5.772640809388E0,
-3.498880129118E0));
#8483=CARTESIAN_POINT('',(-2.007839660348E0,5.778954487473E0,
-3.488449198850E0));
#8484=CARTESIAN_POINT('',(-1.997161932504E0,5.784144397275E0,
-3.475287706332E0));
#8485=CARTESIAN_POINT('',(-1.991735212304E0,5.786704865887E0,
-3.461886756385E0));
#8486=CARTESIAN_POINT('',(-1.990868618889E0,5.787107736128E0,
-3.453108569752E0));
#8487=CARTESIAN_POINT('',(-1.990876175339E0,5.787095409253E0,
-3.450287511159E0));
#8488=(BOUNDED_SURFACE()B_SPLINE_SURFACE(3,3,((#8334,#8335,#8336,#8337,#8338,
#8339,#8340,#8341,#8342,#8343,#8344,#8345,#8346,#8347,#8348,#8349,#8350,#8351,
#8352,#8353,#8354,#8355),(#8356,#8357,#8358,#8359,#8360,#8361,#8362,#8363,#8364,
#8365,#8366,#8367,#8368,#8369,#8370,#8371,#8372,#8373,#8374,#8375,#8376,#8377),(
#8378,#8379,#8380,#8381,#8382,#8383,#8384,#8385,#8386,#8387,#8388,#8389,#8390,
#8391,#8392,#8393,#8394,#8395,#8396,#8397,#8398,#8399),(#8400,#8401,#8402,#8403,
#8404,#8405,#8406,#8407,#8408,#8409,#8410,#8411,#8412,#8413,#8414,#8415,#8416,
#8417,#8418,#8419,#8420,#8421),(#8422,#8423,#8424,#8425,#8426,#8427,#8428,#8429,
#8430,#8431,#8432,#8433,#8434,#8435,#8436,#8437,#8438,#8439,#8440,#8441,#8442,
#8443),(#8444,#8445,#8446,#8447,#8448,#8449,#8450,#8451,#8452,#8453,#8454,#8455,
#8456,#8457,#8458,#8459,#8460,#8461,#8462,#8463,#8464,#8465),(#8466,#8467,#8468,
#8469,#8470,#8471,#8472,#8473,#8474,#8475,#8476,#8477,#8478,#8479,#8480,#8481,
#8482,#8483,#8484,#8485,#8486,#8487)),.UNSPECIFIED.,.F.,.F.,.F.)B_SPLINE_SURFACE_WITH_KNOTS((4,3,4),(4,1,1,1,1,1,1,1,1,1,1,1,1,1,1,1,1,1,1,4),(0.E0,1.E0,2.E0),(
-4.288252995560E-2,0.E0,1.022152968673E-1,1.956276996374E-1,2.811467303468E-1,
3.596889643240E-1,4.320410698811E-1,4.987904345535E-1,5.603564359980E-1,
6.170091092099E-1,6.690077333113E-1,7.167490371120E-1,7.607585536719E-1,
8.016243516818E-1,8.402979724215E-1,8.778649105191E-1,9.154092126489E-1,
9.552739065868E-1,1.E0,1.020999442237E0),.UNSPECIFIED.)GEOMETRIC_REPRESENTATION_ITEM()RATIONAL_B_SPLINE_SURFACE(((1.205761085E0,1.205761085E0,1.205761085E0,
1.205761085E0,1.205761085E0,1.205761085E0,1.205761085E0,1.205761085E0,
1.205761085E0,1.205761085E0,1.205761085E0,1.205761085E0,1.205761085E0,
1.205761085E0,1.205761085E0,1.205761085E0,1.205761085E0,1.205761085E0,
1.205761085E0,1.205761085E0,1.205761085E0,1.205761085E0),(9.314129716667E-1,
9.314129716667E-1,9.314129716667E-1,9.314129716667E-1,9.314129716667E-1,
9.314129716667E-1,9.314129716667E-1,9.314129716667E-1,9.314129716667E-1,
9.314129716667E-1,9.314129716667E-1,9.314129716667E-1,9.314129716667E-1,
9.314129716667E-1,9.314129716667E-1,9.314129716667E-1,9.314129716667E-1,
9.314129716667E-1,9.314129716667E-1,9.314129716667E-1,9.314129716667E-1,
9.314129716667E-1),(9.314129716667E-1,9.314129716667E-1,9.314129716667E-1,
9.314129716667E-1,9.314129716667E-1,9.314129716667E-1,9.314129716667E-1,
9.314129716667E-1,9.314129716667E-1,9.314129716667E-1,9.314129716667E-1,
9.314129716667E-1,9.314129716667E-1,9.314129716667E-1,9.314129716667E-1,
9.314129716667E-1,9.314129716667E-1,9.314129716667E-1,9.314129716667E-1,
9.314129716667E-1,9.314129716667E-1,9.314129716667E-1),(1.205761085E0,
1.205761085E0,1.205761085E0,1.205761085E0,1.205761085E0,1.205761085E0,
1.205761085E0,1.205761085E0,1.205761085E0,1.205761085E0,1.205761085E0,
1.205761085E0,1.205761085E0,1.205761085E0,1.205761085E0,1.205761085E0,
1.205761085E0,1.205761085E0,1.205761085E0,1.205761085E0,1.205761085E0,
1.205761085E0),(9.314129716667E-1,9.314129716667E-1,9.314129716667E-1,
9.314129716667E-1,9.314129716667E-1,9.314129716667E-1,9.314129716667E-1,
9.314129716667E-1,9.314129716667E-1,9.314129716667E-1,9.314129716667E-1,
9.314129716667E-1,9.314129716667E-1,9.314129716667E-1,9.314129716667E-1,
9.314129716667E-1,9.314129716667E-1,9.314129716667E-1,9.314129716667E-1,
9.314129716667E-1,9.314129716667E-1,9.314129716667E-1),(9.314129716667E-1,
9.314129716667E-1,9.314129716667E-1,9.314129716667E-1,9.314129716667E-1,
9.314129716667E-1,9.314129716667E-1,9.314129716667E-1,9.314129716667E-1,
9.314129716667E-1,9.314129716667E-1,9.314129716667E-1,9.314129716667E-1,
9.314129716667E-1,9.314129716667E-1,9.314129716667E-1,9.314129716667E-1,
9.314129716667E-1,9.314129716667E-1,9.314129716667E-1,9.314129716667E-1,
9.314129716667E-1),(1.205761085E0,1.205761085E0,1.205761085E0,1.205761085E0,
1.205761085E0,1.205761085E0,1.205761085E0,1.205761085E0,1.205761085E0,
1.205761085E0,1.205761085E0,1.205761085E0,1.205761085E0,1.205761085E0,
1.205761085E0,1.205761085E0,1.205761085E0,1.205761085E0,1.205761085E0,
1.205761085E0,1.205761085E0,1.205761085E0)))REPRESENTATION_ITEM('')SURFACE());
#8489=ORIENTED_EDGE('',*,*,#5825,.T.);
#8490=ORIENTED_EDGE('',*,*,#5357,.F.);
#8491=ORIENTED_EDGE('',*,*,#5873,.F.);
#8492=EDGE_LOOP('',(#8489,#8490,#8491));
#8493=FACE_OUTER_BOUND('',#8492,.F.);
#8494=ADVANCED_FACE('',(#8493),#8488,.T.);
#8495=CARTESIAN_POINT('',(1.384548772735E1,-2.176975179606E1,-3.45E0));
#8496=DIRECTION('',(-7.071067811865E-1,7.071067811865E-1,0.E0));
#8497=DIRECTION('',(7.071067811865E-1,7.071067811865E-1,0.E0));
#8498=AXIS2_PLACEMENT_3D('',#8495,#8496,#8497);
#8499=CYLINDRICAL_SURFACE('',#8498,3.E-1);
#8501=ORIENTED_EDGE('',*,*,#8500,.T.);
#8502=ORIENTED_EDGE('',*,*,#5181,.T.);
#8503=ORIENTED_EDGE('',*,*,#5320,.F.);
#8504=ORIENTED_EDGE('',*,*,#4791,.T.);
#8505=ORIENTED_EDGE('',*,*,#4836,.T.);
#8506=EDGE_LOOP('',(#8501,#8502,#8503,#8504,#8505));
#8507=FACE_OUTER_BOUND('',#8506,.F.);
#8508=ADVANCED_FACE('',(#8507),#8499,.T.);
#8509=CARTESIAN_POINT('',(-1.5E0,-6.E0,-4.0735E1));
#8510=DIRECTION('',(7.071067811865E-1,7.071067811866E-1,0.E0));
#8511=DIRECTION('',(-7.071067811866E-1,7.071067811865E-1,0.E0));
#8512=AXIS2_PLACEMENT_3D('',#8509,#8510,#8511);
#8513=PLANE('',#8512);
#8514=ORIENTED_EDGE('',*,*,#8500,.F.);
#8515=ORIENTED_EDGE('',*,*,#4852,.T.);
#8516=ORIENTED_EDGE('',*,*,#4869,.T.);
#8517=ORIENTED_EDGE('',*,*,#5114,.F.);
#8518=EDGE_LOOP('',(#8514,#8515,#8516,#8517));
#8519=FACE_OUTER_BOUND('',#8518,.F.);
#8520=ADVANCED_FACE('',(#8519),#8513,.T.);
#8521=CARTESIAN_POINT('',(2.275E0,-5.225E0,-4.0735E1));
#8522=DIRECTION('',(-7.071067811865E-1,7.071067811866E-1,0.E0));
#8523=DIRECTION('',(-7.071067811866E-1,-7.071067811865E-1,0.E0));
#8524=AXIS2_PLACEMENT_3D('',#8521,#8522,#8523);
#8525=PLANE('',#8524);
#8526=ORIENTED_EDGE('',*,*,#5299,.F.);
#8527=ORIENTED_EDGE('',*,*,#5224,.T.);
#8528=ORIENTED_EDGE('',*,*,#4137,.T.);
#8529=ORIENTED_EDGE('',*,*,#4280,.F.);
#8530=EDGE_LOOP('',(#8526,#8527,#8528,#8529));
#8531=FACE_OUTER_BOUND('',#8530,.F.);
#8532=ADVANCED_FACE('',(#8531),#8525,.T.);
#8533=CARTESIAN_POINT('',(-1.5E1,0.E0,0.E0));
#8534=DIRECTION('',(0.E0,0.E0,-1.E0));
#8535=DIRECTION('',(-1.E0,0.E0,0.E0));
#8536=AXIS2_PLACEMENT_3D('',#8533,#8534,#8535);
#8537=CYLINDRICAL_SURFACE('',#8536,2.75E0);
#8538=ORIENTED_EDGE('',*,*,#4459,.T.);
#8540=ORIENTED_EDGE('',*,*,#8539,.T.);
#8541=ORIENTED_EDGE('',*,*,#3762,.F.);
#8543=ORIENTED_EDGE('',*,*,#8542,.F.);
#8544=EDGE_LOOP('',(#8538,#8540,#8541,#8543));
#8545=FACE_OUTER_BOUND('',#8544,.F.);
#8546=ADVANCED_FACE('',(#8545),#8537,.F.);
#8547=CARTESIAN_POINT('',(-1.5E1,0.E0,0.E0));
#8548=DIRECTION('',(0.E0,0.E0,-1.E0));
#8549=DIRECTION('',(-1.E0,0.E0,0.E0));
#8550=AXIS2_PLACEMENT_3D('',#8547,#8548,#8549);
#8551=CYLINDRICAL_SURFACE('',#8550,2.75E0);
#8552=ORIENTED_EDGE('',*,*,#4461,.T.);
#8553=ORIENTED_EDGE('',*,*,#8542,.T.);
#8554=ORIENTED_EDGE('',*,*,#3764,.F.);
#8555=ORIENTED_EDGE('',*,*,#8539,.F.);
#8556=EDGE_LOOP('',(#8552,#8553,#8554,#8555));
#8557=FACE_OUTER_BOUND('',#8556,.F.);
#8558=ADVANCED_FACE('',(#8557),#8551,.F.);
#8559=CARTESIAN_POINT('',(1.5E1,0.E0,0.E0));
#8560=DIRECTION('',(0.E0,0.E0,-1.E0));
#8561=DIRECTION('',(-1.E0,0.E0,0.E0));
#8562=AXIS2_PLACEMENT_3D('',#8559,#8560,#8561);
#8563=CYLINDRICAL_SURFACE('',#8562,2.75E0);
#8564=ORIENTED_EDGE('',*,*,#4492,.T.);
#8566=ORIENTED_EDGE('',*,*,#8565,.T.);
#8567=ORIENTED_EDGE('',*,*,#3729,.F.);
#8569=ORIENTED_EDGE('',*,*,#8568,.F.);
#8570=EDGE_LOOP('',(#8564,#8566,#8567,#8569));
#8571=FACE_OUTER_BOUND('',#8570,.F.);
#8572=ADVANCED_FACE('',(#8571),#8563,.F.);
#8573=CARTESIAN_POINT('',(1.5E1,0.E0,0.E0));
#8574=DIRECTION('',(0.E0,0.E0,-1.E0));
#8575=DIRECTION('',(-1.E0,0.E0,0.E0));
#8576=AXIS2_PLACEMENT_3D('',#8573,#8574,#8575);
#8577=CYLINDRICAL_SURFACE('',#8576,2.75E0);
#8578=ORIENTED_EDGE('',*,*,#4494,.T.);
#8579=ORIENTED_EDGE('',*,*,#8568,.T.);
#8580=ORIENTED_EDGE('',*,*,#3731,.F.);
#8581=ORIENTED_EDGE('',*,*,#8565,.F.);
#8582=EDGE_LOOP('',(#8578,#8579,#8580,#8581));
#8583=FACE_OUTER_BOUND('',#8582,.F.);
#8584=ADVANCED_FACE('',(#8583),#8577,.F.);
#8588=DIMENSIONAL_EXPONENTS(0.E0,0.E0,0.E0,0.E0,0.E0,0.E0,0.E0);
#8590=PLANE_ANGLE_MEASURE_WITH_UNIT(PLANE_ANGLE_MEASURE(1.745329251994E-2),
#8589);
#8591=(CONVERSION_BASED_UNIT('DEGREE',#8590)NAMED_UNIT(*)PLANE_ANGLE_UNIT());
#8593=UNCERTAINTY_MEASURE_WITH_UNIT(LENGTH_MEASURE(4.404753353012E-3),#8587,
'closure',
'Maximum model space distance between geometric entities at asserted connectivities');
#8594=(GEOMETRIC_REPRESENTATION_CONTEXT(3)GLOBAL_UNCERTAINTY_ASSIGNED_CONTEXT((
#8593))GLOBAL_UNIT_ASSIGNED_CONTEXT((#8587,#8591,#8592))REPRESENTATION_CONTEXT(
'ID1','3'));
#8596=APPLICATION_CONTEXT(
'CONFIGURATION CONTROLLED 3D DESIGNS OF MECHANICAL PARTS AND ASSEMBLIES');
#8597=APPLICATION_PROTOCOL_DEFINITION('international standard',
'config_control_design',1994,#8596);
#8598=DESIGN_CONTEXT('',#8596,'design');
#8599=MECHANICAL_CONTEXT('',#8596,'mechanical');
#8600=PRODUCT('142_7010_0000_58V-M5_0_4MM','142_7010_0000_58V-M5_0_4MM',
'NOT SPECIFIED',(#8599));
#8601=PRODUCT_DEFINITION_FORMATION_WITH_SPECIFIED_SOURCE('2','LAST_VERSION',
#8600,.MADE.);
#8605=PRODUCT_CATEGORY('part','');
#8606=PRODUCT_RELATED_PRODUCT_CATEGORY('detail','',(#8600));
#8607=PRODUCT_CATEGORY_RELATIONSHIP('','',#8605,#8606);
#8608=SECURITY_CLASSIFICATION_LEVEL('unclassified');
#8609=SECURITY_CLASSIFICATION('','',#8608);
#8610=CC_DESIGN_SECURITY_CLASSIFICATION(#8609,(#8601));
#8611=APPROVAL_STATUS('approved');
#8612=APPROVAL(#8611,'');
#8613=CC_DESIGN_APPROVAL(#8612,(#8609,#8601,#8602));
#8614=CALENDAR_DATE(122,30,7);
#8615=COORDINATED_UNIVERSAL_TIME_OFFSET(2,0,.AHEAD.);
#8616=LOCAL_TIME(11,21,1.5E1,#8615);
#8617=DATE_AND_TIME(#8614,#8616);
#8618=APPROVAL_DATE_TIME(#8617,#8612);
#8619=DATE_TIME_ROLE('creation_date');
#8620=CC_DESIGN_DATE_AND_TIME_ASSIGNMENT(#8617,#8619,(#8602));
#8621=DATE_TIME_ROLE('classification_date');
#8622=CC_DESIGN_DATE_AND_TIME_ASSIGNMENT(#8617,#8621,(#8609));
#8623=PERSON('UNSPECIFIED','UNSPECIFIED',$,$,$,$);
#8624=ORGANIZATION('UNSPECIFIED','UNSPECIFIED','UNSPECIFIED');
#8625=PERSON_AND_ORGANIZATION(#8623,#8624);
#8626=APPROVAL_ROLE('approver');
#8627=APPROVAL_PERSON_ORGANIZATION(#8625,#8612,#8626);
#8628=PERSON_AND_ORGANIZATION_ROLE('creator');
#8629=CC_DESIGN_PERSON_AND_ORGANIZATION_ASSIGNMENT(#8625,#8628,(#8601,#8602));
#8630=PERSON_AND_ORGANIZATION_ROLE('design_supplier');
#8631=CC_DESIGN_PERSON_AND_ORGANIZATION_ASSIGNMENT(#8625,#8630,(#8601));
#8632=PERSON_AND_ORGANIZATION_ROLE('classification_officer');
#8633=CC_DESIGN_PERSON_AND_ORGANIZATION_ASSIGNMENT(#8625,#8632,(#8609));
#8634=PERSON_AND_ORGANIZATION_ROLE('design_owner');
#8635=CC_DESIGN_PERSON_AND_ORGANIZATION_ASSIGNMENT(#8625,#8634,(#8600));
#10=B_SPLINE_CURVE_WITH_KNOTS('',3,(#6,#7,#8,#9),.UNSPECIFIED.,.F.,.F.,(4,4),(
0.E0,1.E0),.UNSPECIFIED.);
#15=B_SPLINE_CURVE_WITH_KNOTS('',3,(#11,#12,#13,#14),.UNSPECIFIED.,.F.,.F.,(4,
4),(0.E0,1.E0),.UNSPECIFIED.);
#23=B_SPLINE_CURVE_WITH_KNOTS('',3,(#16,#17,#18,#19,#20,#21,#22),.UNSPECIFIED.,
.F.,.F.,(4,1,1,1,4),(0.E0,2.5E-1,5.E-1,7.5E-1,1.E0),.UNSPECIFIED.);
#28=B_SPLINE_CURVE_WITH_KNOTS('',3,(#24,#25,#26,#27),.UNSPECIFIED.,.F.,.F.,(4,
4),(0.E0,1.E0),.UNSPECIFIED.);
#36=B_SPLINE_CURVE_WITH_KNOTS('',3,(#29,#30,#31,#32,#33,#34,#35),.UNSPECIFIED.,
.F.,.F.,(4,1,1,1,4),(0.E0,2.5E-1,5.E-1,7.5E-1,1.E0),.UNSPECIFIED.);
#48=B_SPLINE_CURVE_WITH_KNOTS('',3,(#37,#38,#39,#40,#41,#42,#43,#44,#45,#46,
#47),.UNSPECIFIED.,.F.,.F.,(4,1,1,1,1,1,1,1,4),(0.E0,1.25E-1,2.5E-1,3.75E-1,
5.E-1,6.25E-1,7.5E-1,8.75E-1,1.E0),.UNSPECIFIED.);
#58=B_SPLINE_CURVE_WITH_KNOTS('',3,(#53,#54,#55,#56,#57),.UNSPECIFIED.,.F.,.F.,(
4,1,4),(0.E0,5.E-1,1.E0),.UNSPECIFIED.);
#63=B_SPLINE_CURVE_WITH_KNOTS('',3,(#59,#60,#61,#62),.UNSPECIFIED.,.F.,.F.,(4,
4),(0.E0,1.E0),.UNSPECIFIED.);
#68=CIRCLE('',#67,2.999999999997E-1);
#73=CIRCLE('',#72,3.E-1);
#101=B_SPLINE_CURVE_WITH_KNOTS('',3,(#90,#91,#92,#93,#94,#95,#96,#97,#98,#99,
#100),.UNSPECIFIED.,.F.,.F.,(4,1,1,1,1,1,1,1,4),(0.E0,1.25E-1,2.5E-1,3.75E-1,
5.E-1,6.25E-1,7.5E-1,8.75E-1,1.E0),.UNSPECIFIED.);
#117=B_SPLINE_CURVE_WITH_KNOTS('',3,(#106,#107,#108,#109,#110,#111,#112,#113,
#114,#115,#116),.UNSPECIFIED.,.F.,.F.,(4,1,1,1,1,1,1,1,4),(0.E0,1.25E-1,2.5E-1,
3.75E-1,5.E-1,6.25E-1,7.5E-1,8.75E-1,1.E0),.UNSPECIFIED.);
#130=B_SPLINE_CURVE_WITH_KNOTS('',3,(#126,#127,#128,#129),.UNSPECIFIED.,.F.,.F.,
(4,4),(0.E0,1.E0),.UNSPECIFIED.);
#150=B_SPLINE_CURVE_WITH_KNOTS('',3,(#139,#140,#141,#142,#143,#144,#145,#146,
#147,#148,#149),.UNSPECIFIED.,.F.,.F.,(4,1,1,1,1,1,1,1,4),(0.E0,1.25E-1,2.5E-1,
3.75E-1,5.E-1,6.25E-1,7.5E-1,8.75E-1,1.E0),.UNSPECIFIED.);
#166=B_SPLINE_CURVE_WITH_KNOTS('',3,(#155,#156,#157,#158,#159,#160,#161,#162,
#163,#164,#165),.UNSPECIFIED.,.F.,.F.,(4,1,1,1,1,1,1,1,4),(0.E0,1.25E-1,2.5E-1,
3.75E-1,5.E-1,6.25E-1,7.5E-1,8.75E-1,1.E0),.UNSPECIFIED.);
#179=B_SPLINE_CURVE_WITH_KNOTS('',3,(#171,#172,#173,#174,#175,#176,#177,#178),
.UNSPECIFIED.,.F.,.F.,(4,1,1,1,1,4),(0.E0,2.E-1,4.E-1,6.E-1,8.E-1,1.E0),
.UNSPECIFIED.);
#188=B_SPLINE_CURVE_WITH_KNOTS('',3,(#184,#185,#186,#187),.UNSPECIFIED.,.F.,.F.,
(4,4),(0.E0,1.E0),.UNSPECIFIED.);
#193=B_SPLINE_CURVE_WITH_KNOTS('',3,(#189,#190,#191,#192),.UNSPECIFIED.,.F.,.F.,
(4,4),(0.E0,1.E0),.UNSPECIFIED.);
#211=B_SPLINE_CURVE_WITH_KNOTS('',3,(#206,#207,#208,#209,#210),.UNSPECIFIED.,
.F.,.F.,(4,1,4),(0.E0,5.E-1,1.E0),.UNSPECIFIED.);
#220=B_SPLINE_CURVE_WITH_KNOTS('',3,(#216,#217,#218,#219),.UNSPECIFIED.,.F.,.F.,
(4,4),(0.E0,1.E0),.UNSPECIFIED.);
#232=B_SPLINE_CURVE_WITH_KNOTS('',3,(#225,#226,#227,#228,#229,#230,#231),
.UNSPECIFIED.,.F.,.F.,(4,1,1,1,4),(0.E0,2.5E-1,5.E-1,7.5E-1,1.E0),
.UNSPECIFIED.);
#256=B_SPLINE_CURVE_WITH_KNOTS('',3,(#249,#250,#251,#252,#253,#254,#255),
.UNSPECIFIED.,.F.,.F.,(4,1,1,1,4),(0.E0,2.5E-1,5.E-1,7.5E-1,1.E0),
.UNSPECIFIED.);
#269=B_SPLINE_CURVE_WITH_KNOTS('',3,(#265,#266,#267,#268),.UNSPECIFIED.,.F.,.F.,
(4,4),(0.E0,1.E0),.UNSPECIFIED.);
#283=B_SPLINE_CURVE_WITH_KNOTS('',3,(#278,#279,#280,#281,#282),.UNSPECIFIED.,
.F.,.F.,(4,1,4),(0.E0,5.E-1,1.E0),.UNSPECIFIED.);
#296=CIRCLE('',#295,8.3E-1);
#305=CIRCLE('',#304,6.E0);
#314=CIRCLE('',#313,6.E0);
#323=CIRCLE('',#322,8.3E-1);
#328=CIRCLE('',#327,2.75E0);
#333=CIRCLE('',#332,2.75E0);
#338=CIRCLE('',#337,2.75E0);
#343=CIRCLE('',#342,2.75E0);
#348=CIRCLE('',#347,8.3E-1);
#357=CIRCLE('',#356,6.E0);
#366=CIRCLE('',#365,6.E0);
#375=CIRCLE('',#374,8.3E-1);
#388=B_SPLINE_CURVE_WITH_KNOTS('',3,(#384,#385,#386,#387),.UNSPECIFIED.,.F.,.F.,
(4,4),(0.E0,1.E0),.UNSPECIFIED.);
#402=B_SPLINE_CURVE_WITH_KNOTS('',3,(#397,#398,#399,#400,#401),.UNSPECIFIED.,
.F.,.F.,(4,1,4),(0.E0,5.E-1,1.E0),.UNSPECIFIED.);
#422=B_SPLINE_CURVE_WITH_KNOTS('',3,(#415,#416,#417,#418,#419,#420,#421),
.UNSPECIFIED.,.F.,.F.,(4,1,1,1,4),(0.E0,2.5E-1,5.E-1,7.5E-1,1.E0),
.UNSPECIFIED.);
#431=B_SPLINE_CURVE_WITH_KNOTS('',3,(#423,#424,#425,#426,#427,#428,#429,#430),
.UNSPECIFIED.,.F.,.F.,(4,1,1,1,1,4),(0.E0,2.E-1,4.E-1,6.E-1,8.E-1,1.E0),
.UNSPECIFIED.);
#436=CIRCLE('',#435,3.E-1);
#449=B_SPLINE_CURVE_WITH_KNOTS('',3,(#441,#442,#443,#444,#445,#446,#447,#448),
.UNSPECIFIED.,.F.,.F.,(4,1,1,1,1,4),(0.E0,2.E-1,4.E-1,6.E-1,8.E-1,1.E0),
.UNSPECIFIED.);
#454=B_SPLINE_CURVE_WITH_KNOTS('',3,(#450,#451,#452,#453),.UNSPECIFIED.,.F.,.F.,
(4,4),(0.E0,1.E0),.UNSPECIFIED.);
#459=B_SPLINE_CURVE_WITH_KNOTS('',3,(#455,#456,#457,#458),.UNSPECIFIED.,.F.,.F.,
(4,4),(0.E0,1.E0),.UNSPECIFIED.);
#468=B_SPLINE_CURVE_WITH_KNOTS('',3,(#460,#461,#462,#463,#464,#465,#466,#467),
.UNSPECIFIED.,.F.,.F.,(4,1,1,1,1,4),(0.E0,2.E-1,4.E-1,6.E-1,8.E-1,1.E0),
.UNSPECIFIED.);
#489=B_SPLINE_CURVE_WITH_KNOTS('',3,(#469,#470,#471,#472,#473,#474,#475,#476,
#477,#478,#479,#480,#481,#482,#483,#484,#485,#486,#487,#488),.UNSPECIFIED.,.F.,
.F.,(4,1,1,1,1,1,1,1,1,1,1,1,1,1,1,1,1,4),(0.E0,5.882352941176E-2,
1.176470588235E-1,1.764705882353E-1,2.352941176471E-1,2.941176470588E-1,
3.529411764706E-1,4.117647058824E-1,4.705882352941E-1,5.294117647059E-1,
5.882352941176E-1,6.470588235294E-1,7.058823529412E-1,7.647058823529E-1,
8.235294117647E-1,8.823529411765E-1,9.411764705882E-1,1.E0),.UNSPECIFIED.);
#510=B_SPLINE_CURVE_WITH_KNOTS('',3,(#490,#491,#492,#493,#494,#495,#496,#497,
#498,#499,#500,#501,#502,#503,#504,#505,#506,#507,#508,#509),.UNSPECIFIED.,.F.,
.F.,(4,1,1,1,1,1,1,1,1,1,1,1,1,1,1,1,1,4),(0.E0,5.882352941176E-2,
1.176470588235E-1,1.764705882353E-1,2.352941176471E-1,2.941176470588E-1,
3.529411764706E-1,4.117647058824E-1,4.705882352941E-1,5.294117647059E-1,
5.882352941176E-1,6.470588235294E-1,7.058823529412E-1,7.647058823529E-1,
8.235294117647E-1,8.823529411765E-1,9.411764705882E-1,1.E0),.UNSPECIFIED.);
#516=B_SPLINE_CURVE_WITH_KNOTS('',3,(#511,#512,#513,#514,#515),.UNSPECIFIED.,
.F.,.F.,(4,1,4),(0.E0,5.E-1,1.E0),.UNSPECIFIED.);
#521=CIRCLE('',#520,1.E-1);
#526=CIRCLE('',#525,1.E-1);
#531=B_SPLINE_CURVE_WITH_KNOTS('',3,(#527,#528,#529,#530),.UNSPECIFIED.,.F.,.F.,
(4,4),(0.E0,1.E0),.UNSPECIFIED.);
#540=B_SPLINE_CURVE_WITH_KNOTS('',3,(#536,#537,#538,#539),.UNSPECIFIED.,.F.,.F.,
(4,4),(0.E0,1.E0),.UNSPECIFIED.);
#550=B_SPLINE_CURVE_WITH_KNOTS('',3,(#545,#546,#547,#548,#549),.UNSPECIFIED.,
.F.,.F.,(4,1,4),(0.E0,5.E-1,1.E0),.UNSPECIFIED.);
#562=B_SPLINE_CURVE_WITH_KNOTS('',3,(#551,#552,#553,#554,#555,#556,#557,#558,
#559,#560,#561),.UNSPECIFIED.,.F.,.F.,(4,1,1,1,1,1,1,1,4),(0.E0,1.25E-1,2.5E-1,
3.75E-1,5.E-1,6.25E-1,7.5E-1,8.75E-1,1.E0),.UNSPECIFIED.);
#571=B_SPLINE_CURVE_WITH_KNOTS('',3,(#567,#568,#569,#570),.UNSPECIFIED.,.F.,.F.,
(4,4),(0.E0,1.E0),.UNSPECIFIED.);
#577=B_SPLINE_CURVE_WITH_KNOTS('',3,(#572,#573,#574,#575,#576),.UNSPECIFIED.,
.F.,.F.,(4,1,4),(0.E0,5.E-1,1.E0),.UNSPECIFIED.);
#582=CIRCLE('',#581,3.E-1);
#587=CIRCLE('',#586,3.E-1);
#608=CIRCLE('',#607,1.E-1);
#621=CIRCLE('',#620,1.E-1);
#627=B_SPLINE_CURVE_WITH_KNOTS('',3,(#622,#623,#624,#625,#626),.UNSPECIFIED.,
.F.,.F.,(4,1,4),(0.E0,5.E-1,1.E0),.UNSPECIFIED.);
#645=B_SPLINE_CURVE_WITH_KNOTS('',3,(#640,#641,#642,#643,#644),.UNSPECIFIED.,
.F.,.F.,(4,1,4),(0.E0,5.E-1,1.E0),.UNSPECIFIED.);
#661=B_SPLINE_CURVE_WITH_KNOTS('',3,(#654,#655,#656,#657,#658,#659,#660),
.UNSPECIFIED.,.F.,.F.,(4,1,1,1,4),(0.E0,2.5E-1,5.E-1,7.5E-1,1.E0),
.UNSPECIFIED.);
#685=B_SPLINE_CURVE_WITH_KNOTS('',3,(#678,#679,#680,#681,#682,#683,#684),
.UNSPECIFIED.,.F.,.F.,(4,1,1,1,4),(0.E0,2.5E-1,5.E-1,7.5E-1,1.E0),
.UNSPECIFIED.);
#698=B_SPLINE_CURVE_WITH_KNOTS('',3,(#694,#695,#696,#697),.UNSPECIFIED.,.F.,.F.,
(4,4),(0.E0,1.E0),.UNSPECIFIED.);
#712=B_SPLINE_CURVE_WITH_KNOTS('',3,(#707,#708,#709,#710,#711),.UNSPECIFIED.,
.F.,.F.,(4,1,4),(0.E0,5.E-1,1.E0),.UNSPECIFIED.);
#725=CIRCLE('',#724,6.E0);
#730=CIRCLE('',#729,6.E0);
#735=CIRCLE('',#734,2.75E0);
#740=CIRCLE('',#739,2.75E0);
#745=CIRCLE('',#744,2.75E0);
#750=CIRCLE('',#749,2.75E0);
#755=CIRCLE('',#754,6.E0);
#760=CIRCLE('',#759,6.E0);
#773=B_SPLINE_CURVE_WITH_KNOTS('',3,(#769,#770,#771,#772),.UNSPECIFIED.,.F.,.F.,
(4,4),(0.E0,1.E0),.UNSPECIFIED.);
#787=B_SPLINE_CURVE_WITH_KNOTS('',3,(#782,#783,#784,#785,#786),.UNSPECIFIED.,
.F.,.F.,(4,1,4),(0.E0,5.E-1,1.E0),.UNSPECIFIED.);
#803=B_SPLINE_CURVE_WITH_KNOTS('',3,(#796,#797,#798,#799,#800,#801,#802),
.UNSPECIFIED.,.F.,.F.,(4,1,1,1,4),(0.E0,2.5E-1,5.E-1,7.5E-1,1.E0),
.UNSPECIFIED.);
#812=B_SPLINE_CURVE_WITH_KNOTS('',3,(#804,#805,#806,#807,#808,#809,#810,#811),
.UNSPECIFIED.,.F.,.F.,(4,1,1,1,1,4),(0.E0,2.E-1,4.E-1,6.E-1,8.E-1,1.E0),
.UNSPECIFIED.);
#817=CIRCLE('',#816,3.E-1);
#830=B_SPLINE_CURVE_WITH_KNOTS('',3,(#822,#823,#824,#825,#826,#827,#828,#829),
.UNSPECIFIED.,.F.,.F.,(4,1,1,1,1,4),(0.E0,2.E-1,4.E-1,6.E-1,8.E-1,1.E0),
.UNSPECIFIED.);
#843=B_SPLINE_CURVE_WITH_KNOTS('',3,(#835,#836,#837,#838,#839,#840,#841,#842),
.UNSPECIFIED.,.F.,.F.,(4,1,1,1,1,4),(0.E0,2.E-1,4.E-1,6.E-1,8.E-1,1.E0),
.UNSPECIFIED.);
#848=B_SPLINE_CURVE_WITH_KNOTS('',3,(#844,#845,#846,#847),.UNSPECIFIED.,.F.,.F.,
(4,4),(0.E0,1.E0),.UNSPECIFIED.);
#853=B_SPLINE_CURVE_WITH_KNOTS('',3,(#849,#850,#851,#852),.UNSPECIFIED.,.F.,.F.,
(4,4),(0.E0,1.E0),.UNSPECIFIED.);
#874=B_SPLINE_CURVE_WITH_KNOTS('',3,(#854,#855,#856,#857,#858,#859,#860,#861,
#862,#863,#864,#865,#866,#867,#868,#869,#870,#871,#872,#873),.UNSPECIFIED.,.F.,
.F.,(4,1,1,1,1,1,1,1,1,1,1,1,1,1,1,1,1,4),(0.E0,5.882352941176E-2,
1.176470588235E-1,1.764705882353E-1,2.352941176471E-1,2.941176470588E-1,
3.529411764706E-1,4.117647058824E-1,4.705882352941E-1,5.294117647059E-1,
5.882352941176E-1,6.470588235294E-1,7.058823529412E-1,7.647058823529E-1,
8.235294117647E-1,8.823529411765E-1,9.411764705882E-1,1.E0),.UNSPECIFIED.);
#895=B_SPLINE_CURVE_WITH_KNOTS('',3,(#875,#876,#877,#878,#879,#880,#881,#882,
#883,#884,#885,#886,#887,#888,#889,#890,#891,#892,#893,#894),.UNSPECIFIED.,.F.,
.F.,(4,1,1,1,1,1,1,1,1,1,1,1,1,1,1,1,1,4),(0.E0,5.882352941176E-2,
1.176470588235E-1,1.764705882353E-1,2.352941176471E-1,2.941176470588E-1,
3.529411764706E-1,4.117647058824E-1,4.705882352941E-1,5.294117647059E-1,
5.882352941176E-1,6.470588235294E-1,7.058823529412E-1,7.647058823529E-1,
8.235294117647E-1,8.823529411765E-1,9.411764705882E-1,1.E0),.UNSPECIFIED.);
#901=B_SPLINE_CURVE_WITH_KNOTS('',3,(#896,#897,#898,#899,#900),.UNSPECIFIED.,
.F.,.F.,(4,1,4),(0.E0,5.E-1,1.E0),.UNSPECIFIED.);
#906=CIRCLE('',#905,1.E-1);
#911=CIRCLE('',#910,1.E-1);
#921=B_SPLINE_CURVE_WITH_KNOTS('',3,(#916,#917,#918,#919,#920),.UNSPECIFIED.,
.F.,.F.,(4,1,4),(0.E0,5.E-1,1.E0),.UNSPECIFIED.);
#930=B_SPLINE_CURVE_WITH_KNOTS('',3,(#926,#927,#928,#929),.UNSPECIFIED.,.F.,.F.,
(4,4),(0.E0,1.E0),.UNSPECIFIED.);
#935=CIRCLE('',#934,1.E-1);
#944=B_SPLINE_CURVE_WITH_KNOTS('',3,(#940,#941,#942,#943),.UNSPECIFIED.,.F.,.F.,
(4,4),(0.E0,1.E0),.UNSPECIFIED.);
#949=B_SPLINE_CURVE_WITH_KNOTS('',3,(#945,#946,#947,#948),.UNSPECIFIED.,.F.,.F.,
(4,4),(0.E0,1.E0),.UNSPECIFIED.);
#958=CIRCLE('',#957,1.E-1);
#964=B_SPLINE_CURVE_WITH_KNOTS('',3,(#959,#960,#961,#962,#963),.UNSPECIFIED.,
.F.,.F.,(4,1,4),(0.E0,5.E-1,1.E0),.UNSPECIFIED.);
#985=B_SPLINE_CURVE_WITH_KNOTS('',3,(#965,#966,#967,#968,#969,#970,#971,#972,
#973,#974,#975,#976,#977,#978,#979,#980,#981,#982,#983,#984),.UNSPECIFIED.,.F.,
.F.,(4,1,1,1,1,1,1,1,1,1,1,1,1,1,1,1,1,4),(0.E0,5.882352941176E-2,
1.176470588235E-1,1.764705882353E-1,2.352941176471E-1,2.941176470588E-1,
3.529411764706E-1,4.117647058824E-1,4.705882352941E-1,5.294117647059E-1,
5.882352941176E-1,6.470588235294E-1,7.058823529412E-1,7.647058823529E-1,
8.235294117647E-1,8.823529411765E-1,9.411764705882E-1,1.E0),.UNSPECIFIED.);
#1006=B_SPLINE_CURVE_WITH_KNOTS('',3,(#986,#987,#988,#989,#990,#991,#992,#993,
#994,#995,#996,#997,#998,#999,#1000,#1001,#1002,#1003,#1004,#1005),
.UNSPECIFIED.,.F.,.F.,(4,1,1,1,1,1,1,1,1,1,1,1,1,1,1,1,1,4),(0.E0,
5.882352941176E-2,1.176470588235E-1,1.764705882353E-1,2.352941176471E-1,
2.941176470588E-1,3.529411764706E-1,4.117647058824E-1,4.705882352941E-1,
5.294117647059E-1,5.882352941176E-1,6.470588235294E-1,7.058823529412E-1,
7.647058823529E-1,8.235294117647E-1,8.823529411765E-1,9.411764705882E-1,1.E0),
.UNSPECIFIED.);
#1026=B_SPLINE_CURVE_WITH_KNOTS('',3,(#1015,#1016,#1017,#1018,#1019,#1020,#1021,
#1022,#1023,#1024,#1025),.UNSPECIFIED.,.F.,.F.,(4,1,1,1,1,1,1,1,4),(0.E0,
1.25E-1,2.5E-1,3.75E-1,5.E-1,6.25E-1,7.5E-1,8.75E-1,1.E0),.UNSPECIFIED.);
#1035=CIRCLE('',#1034,3.E-1);
#1040=CIRCLE('',#1039,3.E-1);
#1064=B_SPLINE_CURVE_WITH_KNOTS('',3,(#1053,#1054,#1055,#1056,#1057,#1058,#1059,
#1060,#1061,#1062,#1063),.UNSPECIFIED.,.F.,.F.,(4,1,1,1,1,1,1,1,4),(0.E0,
1.25E-1,2.5E-1,3.75E-1,5.E-1,6.25E-1,7.5E-1,8.75E-1,1.E0),.UNSPECIFIED.);
#1073=CIRCLE('',#1072,2.999999999974E-1);
#1078=CIRCLE('',#1077,3.E-1);
#1102=B_SPLINE_CURVE_WITH_KNOTS('',3,(#1091,#1092,#1093,#1094,#1095,#1096,#1097,
#1098,#1099,#1100,#1101),.UNSPECIFIED.,.F.,.F.,(4,1,1,1,1,1,1,1,4),(0.E0,
1.25E-1,2.5E-1,3.75E-1,5.E-1,6.25E-1,7.5E-1,8.75E-1,1.E0),.UNSPECIFIED.);
#1118=B_SPLINE_CURVE_WITH_KNOTS('',3,(#1107,#1108,#1109,#1110,#1111,#1112,#1113,
#1114,#1115,#1116,#1117),.UNSPECIFIED.,.F.,.F.,(4,1,1,1,1,1,1,1,4),(0.E0,
1.25E-1,2.5E-1,3.75E-1,5.E-1,6.25E-1,7.5E-1,8.75E-1,1.E0),.UNSPECIFIED.);
#1131=B_SPLINE_CURVE_WITH_KNOTS('',3,(#1127,#1128,#1129,#1130),.UNSPECIFIED.,
.F.,.F.,(4,4),(0.E0,1.E0),.UNSPECIFIED.);
#1155=B_SPLINE_CURVE_WITH_KNOTS('',3,(#1144,#1145,#1146,#1147,#1148,#1149,#1150,
#1151,#1152,#1153,#1154),.UNSPECIFIED.,.F.,.F.,(4,1,1,1,1,1,1,1,4),(0.E0,
1.25E-1,2.5E-1,3.75E-1,5.E-1,6.25E-1,7.5E-1,8.75E-1,1.E0),.UNSPECIFIED.);
#1171=B_SPLINE_CURVE_WITH_KNOTS('',3,(#1160,#1161,#1162,#1163,#1164,#1165,#1166,
#1167,#1168,#1169,#1170),.UNSPECIFIED.,.F.,.F.,(4,1,1,1,1,1,1,1,4),(0.E0,
1.25E-1,2.5E-1,3.75E-1,5.E-1,6.25E-1,7.5E-1,8.75E-1,1.E0),.UNSPECIFIED.);
#1184=B_SPLINE_CURVE_WITH_KNOTS('',3,(#1176,#1177,#1178,#1179,#1180,#1181,#1182,
#1183),.UNSPECIFIED.,.F.,.F.,(4,1,1,1,1,4),(0.E0,2.E-1,4.E-1,6.E-1,8.E-1,1.E0),
.UNSPECIFIED.);
#1193=B_SPLINE_CURVE_WITH_KNOTS('',3,(#1189,#1190,#1191,#1192),.UNSPECIFIED.,
.F.,.F.,(4,4),(0.E0,1.E0),.UNSPECIFIED.);
#1198=B_SPLINE_CURVE_WITH_KNOTS('',3,(#1194,#1195,#1196,#1197),.UNSPECIFIED.,
.F.,.F.,(4,4),(0.E0,1.E0),.UNSPECIFIED.);
#1212=B_SPLINE_CURVE_WITH_KNOTS('',3,(#1207,#1208,#1209,#1210,#1211),
.UNSPECIFIED.,.F.,.F.,(4,1,4),(0.E0,5.E-1,1.E0),.UNSPECIFIED.);
#1224=B_SPLINE_CURVE_WITH_KNOTS('',3,(#1217,#1218,#1219,#1220,#1221,#1222,
#1223),.UNSPECIFIED.,.F.,.F.,(4,1,1,1,4),(0.E0,2.5E-1,5.E-1,7.5E-1,1.E0),
.UNSPECIFIED.);
#1245=CIRCLE('',#1244,3.E-1);
#1250=CIRCLE('',#1249,3.E-1);
#1279=B_SPLINE_CURVE_WITH_KNOTS('',3,(#1271,#1272,#1273,#1274,#1275,#1276,#1277,
#1278),.UNSPECIFIED.,.F.,.F.,(4,1,1,1,1,4),(0.E0,2.E-1,4.E-1,6.E-1,8.E-1,1.E0),
.UNSPECIFIED.);
#1288=B_SPLINE_CURVE_WITH_KNOTS('',3,(#1280,#1281,#1282,#1283,#1284,#1285,#1286,
#1287),.UNSPECIFIED.,.F.,.F.,(4,1,1,1,1,4),(0.E0,2.E-1,4.E-1,6.E-1,8.E-1,1.E0),
.UNSPECIFIED.);
#1293=CIRCLE('',#1292,1.130940107676E0);
#1298=CIRCLE('',#1297,1.130940107676E0);
#1303=CIRCLE('',#1302,1.130940107676E0);
#1308=CIRCLE('',#1307,1.130940107676E0);
#1313=CIRCLE('',#1312,1.130940107676E0);
#1318=CIRCLE('',#1317,1.130940107676E0);
#1327=B_SPLINE_CURVE_WITH_KNOTS('',3,(#1319,#1320,#1321,#1322,#1323,#1324,#1325,
#1326),.UNSPECIFIED.,.F.,.F.,(4,1,1,1,1,4),(0.E0,2.E-1,4.E-1,6.E-1,8.E-1,1.E0),
.UNSPECIFIED.);
#1336=CIRCLE('',#1335,1.120184270695E0);
#1341=CIRCLE('',#1340,1.120184270695E0);
#1346=CIRCLE('',#1345,1.120184270695E0);
#1351=CIRCLE('',#1350,1.E-1);
#1356=CIRCLE('',#1355,1.E-1);
#1361=CIRCLE('',#1360,1.120184270695E0);
#1374=CIRCLE('',#1373,1.E-1);
#1379=CIRCLE('',#1378,1.089156774789E0);
#1384=CIRCLE('',#1383,1.E-1);
#1389=CIRCLE('',#1388,1.020321317219E0);
#1394=CIRCLE('',#1393,1.020321317219E0);
#1399=CIRCLE('',#1398,1.089156774789E0);
#1404=CIRCLE('',#1403,1.130940107676E0);
#1409=CIRCLE('',#1408,1.120184270695E0);
#1414=CIRCLE('',#1413,1.120184270695E0);
#1419=CIRCLE('',#1418,1.120184270695E0);
#1424=CIRCLE('',#1423,1.E-1);
#1429=CIRCLE('',#1428,1.E-1);
#1434=CIRCLE('',#1433,1.120184270695E0);
#1447=CIRCLE('',#1446,1.E-1);
#1452=CIRCLE('',#1451,1.089156774789E0);
#1457=CIRCLE('',#1456,1.E-1);
#1462=CIRCLE('',#1461,1.020321317219E0);
#1467=CIRCLE('',#1466,1.020321317219E0);
#1472=CIRCLE('',#1471,1.089156774789E0);
#1477=CIRCLE('',#1476,1.130940107676E0);
#1494=CIRCLE('',#1493,3.E-1);
#1507=B_SPLINE_CURVE_WITH_KNOTS('',3,(#1499,#1500,#1501,#1502,#1503,#1504,#1505,
#1506),.UNSPECIFIED.,.F.,.F.,(4,1,1,1,1,4),(0.E0,2.E-1,4.E-1,6.E-1,8.E-1,1.E0),
.UNSPECIFIED.);
#1516=CIRCLE('',#1515,1.E-1);
#1522=B_SPLINE_CURVE_WITH_KNOTS('',3,(#1517,#1518,#1519,#1520,#1521),
.UNSPECIFIED.,.F.,.F.,(4,1,4),(0.E0,5.E-1,1.E0),.UNSPECIFIED.);
#1527=CIRCLE('',#1526,1.E-1);
#1548=CIRCLE('',#1547,3.E-1);
#1553=CIRCLE('',#1552,2.999999999997E-1);
#1565=B_SPLINE_CURVE_WITH_KNOTS('',3,(#1554,#1555,#1556,#1557,#1558,#1559,#1560,
#1561,#1562,#1563,#1564),.UNSPECIFIED.,.F.,.F.,(4,1,1,1,1,1,1,1,4),(0.E0,
1.25E-1,2.5E-1,3.75E-1,5.E-1,6.25E-1,7.5E-1,8.75E-1,1.E0),.UNSPECIFIED.);
#1574=B_SPLINE_CURVE_WITH_KNOTS('',3,(#1570,#1571,#1572,#1573),.UNSPECIFIED.,
.F.,.F.,(4,4),(0.E0,1.E0),.UNSPECIFIED.);
#1587=CIRCLE('',#1586,3.E-1);
#1592=CIRCLE('',#1591,3.E-1);
#1604=B_SPLINE_CURVE_WITH_KNOTS('',3,(#1593,#1594,#1595,#1596,#1597,#1598,#1599,
#1600,#1601,#1602,#1603),.UNSPECIFIED.,.F.,.F.,(4,1,1,1,1,1,1,1,4),(0.E0,
1.25E-1,2.5E-1,3.75E-1,5.E-1,6.25E-1,7.5E-1,8.75E-1,1.E0),.UNSPECIFIED.);
#1637=B_SPLINE_CURVE_WITH_KNOTS('',3,(#1617,#1618,#1619,#1620,#1621,#1622,#1623,
#1624,#1625,#1626,#1627,#1628,#1629,#1630,#1631,#1632,#1633,#1634,#1635,#1636),
.UNSPECIFIED.,.F.,.F.,(4,1,1,1,1,1,1,1,1,1,1,1,1,1,1,1,1,4),(0.E0,
5.882352941176E-2,1.176470588235E-1,1.764705882353E-1,2.352941176471E-1,
2.941176470588E-1,3.529411764706E-1,4.117647058824E-1,4.705882352941E-1,
5.294117647059E-1,5.882352941176E-1,6.470588235294E-1,7.058823529412E-1,
7.647058823529E-1,8.235294117647E-1,8.823529411765E-1,9.411764705882E-1,1.E0),
.UNSPECIFIED.);
#1658=B_SPLINE_CURVE_WITH_KNOTS('',3,(#1638,#1639,#1640,#1641,#1642,#1643,#1644,
#1645,#1646,#1647,#1648,#1649,#1650,#1651,#1652,#1653,#1654,#1655,#1656,#1657),
.UNSPECIFIED.,.F.,.F.,(4,1,1,1,1,1,1,1,1,1,1,1,1,1,1,1,1,4),(0.E0,
5.882352941176E-2,1.176470588235E-1,1.764705882353E-1,2.352941176471E-1,
2.941176470588E-1,3.529411764706E-1,4.117647058824E-1,4.705882352941E-1,
5.294117647059E-1,5.882352941176E-1,6.470588235294E-1,7.058823529412E-1,
7.647058823529E-1,8.235294117647E-1,8.823529411765E-1,9.411764705882E-1,1.E0),
.UNSPECIFIED.);
#1664=B_SPLINE_CURVE_WITH_KNOTS('',3,(#1659,#1660,#1661,#1662,#1663),
.UNSPECIFIED.,.F.,.F.,(4,1,4),(0.E0,5.E-1,1.E0),.UNSPECIFIED.);
#1669=CIRCLE('',#1668,1.E-1);
#1674=CIRCLE('',#1673,1.E-1);
#1682=B_SPLINE_CURVE_WITH_KNOTS('',3,(#1675,#1676,#1677,#1678,#1679,#1680,
#1681),.UNSPECIFIED.,.F.,.F.,(4,1,1,1,4),(0.E0,2.5E-1,5.E-1,7.5E-1,1.E0),
.UNSPECIFIED.);
#1695=B_SPLINE_CURVE_WITH_KNOTS('',3,(#1691,#1692,#1693,#1694),.UNSPECIFIED.,
.F.,.F.,(4,4),(0.E0,1.E0),.UNSPECIFIED.);
#1707=B_SPLINE_CURVE_WITH_KNOTS('',3,(#1700,#1701,#1702,#1703,#1704,#1705,
#1706),.UNSPECIFIED.,.F.,.F.,(4,1,1,1,4),(0.E0,2.5E-1,5.E-1,7.5E-1,1.E0),
.UNSPECIFIED.);
#1712=B_SPLINE_CURVE_WITH_KNOTS('',3,(#1708,#1709,#1710,#1711),.UNSPECIFIED.,
.F.,.F.,(4,4),(0.E0,1.E0),.UNSPECIFIED.);
#1717=B_SPLINE_CURVE_WITH_KNOTS('',3,(#1713,#1714,#1715,#1716),.UNSPECIFIED.,
.F.,.F.,(4,4),(0.E0,1.E0),.UNSPECIFIED.);
#1729=B_SPLINE_CURVE_WITH_KNOTS('',3,(#1718,#1719,#1720,#1721,#1722,#1723,#1724,
#1725,#1726,#1727,#1728),.UNSPECIFIED.,.F.,.F.,(4,1,1,1,1,1,1,1,4),(0.E0,
1.25E-1,2.5E-1,3.75E-1,5.E-1,6.25E-1,7.5E-1,8.75E-1,1.E0),.UNSPECIFIED.);
#1739=B_SPLINE_CURVE_WITH_KNOTS('',3,(#1734,#1735,#1736,#1737,#1738),
.UNSPECIFIED.,.F.,.F.,(4,1,4),(0.E0,5.E-1,1.E0),.UNSPECIFIED.);
#1744=B_SPLINE_CURVE_WITH_KNOTS('',3,(#1740,#1741,#1742,#1743),.UNSPECIFIED.,
.F.,.F.,(4,4),(0.E0,1.E0),.UNSPECIFIED.);
#1749=CIRCLE('',#1748,2.999999999997E-1);
#1754=CIRCLE('',#1753,3.E-1);
#1772=B_SPLINE_CURVE_WITH_KNOTS('',3,(#1767,#1768,#1769,#1770,#1771),
.UNSPECIFIED.,.F.,.F.,(4,1,4),(0.E0,5.E-1,1.E0),.UNSPECIFIED.);
#1781=B_SPLINE_CURVE_WITH_KNOTS('',3,(#1777,#1778,#1779,#1780),.UNSPECIFIED.,
.F.,.F.,(4,4),(0.E0,1.E0),.UNSPECIFIED.);
#1786=CIRCLE('',#1785,1.E-1);
#1795=B_SPLINE_CURVE_WITH_KNOTS('',3,(#1791,#1792,#1793,#1794),.UNSPECIFIED.,
.F.,.F.,(4,4),(0.E0,1.E0),.UNSPECIFIED.);
#1804=CIRCLE('',#1803,1.E-1);
#1810=B_SPLINE_CURVE_WITH_KNOTS('',3,(#1805,#1806,#1807,#1808,#1809),
.UNSPECIFIED.,.F.,.F.,(4,1,4),(0.E0,5.E-1,1.E0),.UNSPECIFIED.);
#1828=B_SPLINE_CURVE_WITH_KNOTS('',3,(#1823,#1824,#1825,#1826,#1827),
.UNSPECIFIED.,.F.,.F.,(4,1,4),(0.E0,5.E-1,1.E0),.UNSPECIFIED.);
#1837=B_SPLINE_CURVE_WITH_KNOTS('',3,(#1833,#1834,#1835,#1836),.UNSPECIFIED.,
.F.,.F.,(4,4),(0.E0,1.E0),.UNSPECIFIED.);
#1849=B_SPLINE_CURVE_WITH_KNOTS('',3,(#1842,#1843,#1844,#1845,#1846,#1847,
#1848),.UNSPECIFIED.,.F.,.F.,(4,1,1,1,4),(0.E0,2.5E-1,5.E-1,7.5E-1,1.E0),
.UNSPECIFIED.);
#1866=CIRCLE('',#1865,3.E-1);
#1875=CIRCLE('',#1874,3.E-1);
#1888=B_SPLINE_CURVE_WITH_KNOTS('',3,(#1880,#1881,#1882,#1883,#1884,#1885,#1886,
#1887),.UNSPECIFIED.,.F.,.F.,(4,1,1,1,1,4),(0.E0,2.E-1,4.E-1,6.E-1,8.E-1,1.E0),
.UNSPECIFIED.);
#1897=B_SPLINE_CURVE_WITH_KNOTS('',3,(#1889,#1890,#1891,#1892,#1893,#1894,#1895,
#1896),.UNSPECIFIED.,.F.,.F.,(4,1,1,1,1,4),(0.E0,2.E-1,4.E-1,6.E-1,8.E-1,1.E0),
.UNSPECIFIED.);
#1906=B_SPLINE_CURVE_WITH_KNOTS('',3,(#1898,#1899,#1900,#1901,#1902,#1903,#1904,
#1905),.UNSPECIFIED.,.F.,.F.,(4,1,1,1,1,4),(0.E0,2.E-1,4.E-1,6.E-1,8.E-1,1.E0),
.UNSPECIFIED.);
#1931=B_SPLINE_CURVE_WITH_KNOTS('',3,(#1923,#1924,#1925,#1926,#1927,#1928,#1929,
#1930),.UNSPECIFIED.,.F.,.F.,(4,1,1,1,1,4),(0.E0,2.E-1,4.E-1,6.E-1,8.E-1,1.E0),
.UNSPECIFIED.);
#1940=B_SPLINE_CURVE_WITH_KNOTS('',3,(#1932,#1933,#1934,#1935,#1936,#1937,#1938,
#1939),.UNSPECIFIED.,.F.,.F.,(4,1,1,1,1,4),(0.E0,2.E-1,4.E-1,6.E-1,8.E-1,1.E0),
.UNSPECIFIED.);
#1945=B_SPLINE_CURVE_WITH_KNOTS('',3,(#1941,#1942,#1943,#1944),.UNSPECIFIED.,
.F.,.F.,(4,4),(0.E0,1.E0),.UNSPECIFIED.);
#1966=B_SPLINE_CURVE_WITH_KNOTS('',3,(#1946,#1947,#1948,#1949,#1950,#1951,#1952,
#1953,#1954,#1955,#1956,#1957,#1958,#1959,#1960,#1961,#1962,#1963,#1964,#1965),
.UNSPECIFIED.,.F.,.F.,(4,1,1,1,1,1,1,1,1,1,1,1,1,1,1,1,1,4),(0.E0,
5.882352941176E-2,1.176470588235E-1,1.764705882353E-1,2.352941176471E-1,
2.941176470588E-1,3.529411764706E-1,4.117647058824E-1,4.705882352941E-1,
5.294117647059E-1,5.882352941176E-1,6.470588235294E-1,7.058823529412E-1,
7.647058823529E-1,8.235294117647E-1,8.823529411765E-1,9.411764705882E-1,1.E0),
.UNSPECIFIED.);
#1987=B_SPLINE_CURVE_WITH_KNOTS('',3,(#1967,#1968,#1969,#1970,#1971,#1972,#1973,
#1974,#1975,#1976,#1977,#1978,#1979,#1980,#1981,#1982,#1983,#1984,#1985,#1986),
.UNSPECIFIED.,.F.,.F.,(4,1,1,1,1,1,1,1,1,1,1,1,1,1,1,1,1,4),(0.E0,
5.882352941176E-2,1.176470588235E-1,1.764705882353E-1,2.352941176471E-1,
2.941176470588E-1,3.529411764706E-1,4.117647058824E-1,4.705882352941E-1,
5.294117647059E-1,5.882352941176E-1,6.470588235294E-1,7.058823529412E-1,
7.647058823529E-1,8.235294117647E-1,8.823529411765E-1,9.411764705882E-1,1.E0),
.UNSPECIFIED.);
#1992=CIRCLE('',#1991,3.E-1);
#2005=CIRCLE('',#2004,8.3E-1);
#2046=CIRCLE('',#2045,8.3E-1);
#2051=B_SPLINE_CURVE_WITH_KNOTS('',3,(#2047,#2048,#2049,#2050),.UNSPECIFIED.,
.F.,.F.,(4,4),(0.E0,1.E0),.UNSPECIFIED.);
#2060=CIRCLE('',#2059,8.3E-1);
#2065=CIRCLE('',#2064,8.3E-1);
#2074=CIRCLE('',#2073,3.E-1);
#2094=B_SPLINE_CURVE_WITH_KNOTS('',3,(#2083,#2084,#2085,#2086,#2087,#2088,#2089,
#2090,#2091,#2092,#2093),.UNSPECIFIED.,.F.,.F.,(4,1,1,1,1,1,1,1,4),(0.E0,
1.25E-1,2.5E-1,3.75E-1,5.E-1,6.25E-1,7.5E-1,8.75E-1,1.E0),.UNSPECIFIED.);
#2103=B_SPLINE_CURVE_WITH_KNOTS('',3,(#2099,#2100,#2101,#2102),.UNSPECIFIED.,
.F.,.F.,(4,4),(0.E0,1.E0),.UNSPECIFIED.);
#2109=B_SPLINE_CURVE_WITH_KNOTS('',3,(#2104,#2105,#2106,#2107,#2108),
.UNSPECIFIED.,.F.,.F.,(4,1,4),(0.E0,5.E-1,1.E0),.UNSPECIFIED.);
#2114=CIRCLE('',#2113,3.E-1);
#2127=CIRCLE('',#2126,1.E-1);
#2132=B_SPLINE_CURVE_WITH_KNOTS('',3,(#2128,#2129,#2130,#2131),.UNSPECIFIED.,
.F.,.F.,(4,4),(0.E0,1.E0),.UNSPECIFIED.);
#2138=B_SPLINE_CURVE_WITH_KNOTS('',3,(#2133,#2134,#2135,#2136,#2137),
.UNSPECIFIED.,.F.,.F.,(4,1,4),(0.E0,5.E-1,1.E0),.UNSPECIFIED.);
#2143=CIRCLE('',#2142,1.E-1);
#2164=B_SPLINE_CURVE_WITH_KNOTS('',3,(#2144,#2145,#2146,#2147,#2148,#2149,#2150,
#2151,#2152,#2153,#2154,#2155,#2156,#2157,#2158,#2159,#2160,#2161,#2162,#2163),
.UNSPECIFIED.,.F.,.F.,(4,1,1,1,1,1,1,1,1,1,1,1,1,1,1,1,1,4),(0.E0,
5.882352941176E-2,1.176470588235E-1,1.764705882353E-1,2.352941176471E-1,
2.941176470588E-1,3.529411764706E-1,4.117647058824E-1,4.705882352941E-1,
5.294117647059E-1,5.882352941176E-1,6.470588235294E-1,7.058823529412E-1,
7.647058823529E-1,8.235294117647E-1,8.823529411765E-1,9.411764705882E-1,1.E0),
.UNSPECIFIED.);
#2185=B_SPLINE_CURVE_WITH_KNOTS('',3,(#2165,#2166,#2167,#2168,#2169,#2170,#2171,
#2172,#2173,#2174,#2175,#2176,#2177,#2178,#2179,#2180,#2181,#2182,#2183,#2184),
.UNSPECIFIED.,.F.,.F.,(4,1,1,1,1,1,1,1,1,1,1,1,1,1,1,1,1,4),(0.E0,
5.882352941176E-2,1.176470588235E-1,1.764705882353E-1,2.352941176471E-1,
2.941176470588E-1,3.529411764706E-1,4.117647058824E-1,4.705882352941E-1,
5.294117647059E-1,5.882352941176E-1,6.470588235294E-1,7.058823529412E-1,
7.647058823529E-1,8.235294117647E-1,8.823529411765E-1,9.411764705882E-1,1.E0),
.UNSPECIFIED.);
#2194=B_SPLINE_CURVE_WITH_KNOTS('',3,(#2186,#2187,#2188,#2189,#2190,#2191,#2192,
#2193),.UNSPECIFIED.,.F.,.F.,(4,1,1,1,1,4),(0.E0,2.E-1,4.E-1,6.E-1,8.E-1,1.E0),
.UNSPECIFIED.);
#2199=B_SPLINE_CURVE_WITH_KNOTS('',3,(#2195,#2196,#2197,#2198),.UNSPECIFIED.,
.F.,.F.,(4,4),(0.E0,1.E0),.UNSPECIFIED.);
#2204=B_SPLINE_CURVE_WITH_KNOTS('',3,(#2200,#2201,#2202,#2203),.UNSPECIFIED.,
.F.,.F.,(4,4),(0.E0,1.E0),.UNSPECIFIED.);
#2225=B_SPLINE_CURVE_WITH_KNOTS('',3,(#2217,#2218,#2219,#2220,#2221,#2222,#2223,
#2224),.UNSPECIFIED.,.F.,.F.,(4,1,1,1,1,4),(0.E0,2.E-1,4.E-1,6.E-1,8.E-1,1.E0),
.UNSPECIFIED.);
#2234=B_SPLINE_CURVE_WITH_KNOTS('',3,(#2226,#2227,#2228,#2229,#2230,#2231,#2232,
#2233),.UNSPECIFIED.,.F.,.F.,(4,1,1,1,1,4),(0.E0,2.E-1,4.E-1,6.E-1,8.E-1,1.E0),
.UNSPECIFIED.);
#2243=B_SPLINE_CURVE_WITH_KNOTS('',3,(#2235,#2236,#2237,#2238,#2239,#2240,#2241,
#2242),.UNSPECIFIED.,.F.,.F.,(4,1,1,1,1,4),(0.E0,2.E-1,4.E-1,6.E-1,8.E-1,1.E0),
.UNSPECIFIED.);
#2248=CIRCLE('',#2247,3.E-1);
#2261=B_SPLINE_CURVE_WITH_KNOTS('',3,(#2253,#2254,#2255,#2256,#2257,#2258,#2259,
#2260),.UNSPECIFIED.,.F.,.F.,(4,1,1,1,1,4),(0.E0,2.E-1,4.E-1,6.E-1,8.E-1,1.E0),
.UNSPECIFIED.);
#2270=CIRCLE('',#2269,3.E-1);
#2279=CIRCLE('',#2278,3.E-1);
#2288=B_SPLINE_CURVE_WITH_KNOTS('',3,(#2280,#2281,#2282,#2283,#2284,#2285,#2286,
#2287),.UNSPECIFIED.,.F.,.F.,(4,1,1,1,1,4),(0.E0,2.E-1,4.E-1,6.E-1,8.E-1,1.E0),
.UNSPECIFIED.);
#2293=CIRCLE('',#2292,3.E-1);
#2306=B_SPLINE_CURVE_WITH_KNOTS('',3,(#2298,#2299,#2300,#2301,#2302,#2303,#2304,
#2305),.UNSPECIFIED.,.F.,.F.,(4,1,1,1,1,4),(0.E0,2.E-1,4.E-1,6.E-1,8.E-1,1.E0),
.UNSPECIFIED.);
#2315=B_SPLINE_CURVE_WITH_KNOTS('',3,(#2311,#2312,#2313,#2314),.UNSPECIFIED.,
.F.,.F.,(4,4),(0.E0,1.E0),.UNSPECIFIED.);
#2325=B_SPLINE_CURVE_WITH_KNOTS('',3,(#2320,#2321,#2322,#2323,#2324),
.UNSPECIFIED.,.F.,.F.,(4,1,4),(0.E0,5.E-1,1.E0),.UNSPECIFIED.);
#2334=CIRCLE('',#2333,8.3E-1);
#2343=B_SPLINE_CURVE_WITH_KNOTS('',3,(#2339,#2340,#2341,#2342),.UNSPECIFIED.,
.F.,.F.,(4,4),(0.E0,1.E0),.UNSPECIFIED.);
#2352=CIRCLE('',#2351,8.3E-1);
#2381=CIRCLE('',#2380,8.3E-1);
#2390=CIRCLE('',#2389,8.3E-1);
#2403=B_SPLINE_CURVE_WITH_KNOTS('',3,(#2395,#2396,#2397,#2398,#2399,#2400,#2401,
#2402),.UNSPECIFIED.,.F.,.F.,(4,1,1,1,1,4),(0.E0,2.E-1,4.E-1,6.E-1,8.E-1,1.E0),
.UNSPECIFIED.);
#2408=B_SPLINE_CURVE_WITH_KNOTS('',3,(#2404,#2405,#2406,#2407),.UNSPECIFIED.,
.F.,.F.,(4,4),(0.E0,1.E0),.UNSPECIFIED.);
#2413=B_SPLINE_CURVE_WITH_KNOTS('',3,(#2409,#2410,#2411,#2412),.UNSPECIFIED.,
.F.,.F.,(4,4),(0.E0,1.E0),.UNSPECIFIED.);
#2422=B_SPLINE_CURVE_WITH_KNOTS('',3,(#2414,#2415,#2416,#2417,#2418,#2419,#2420,
#2421),.UNSPECIFIED.,.F.,.F.,(4,1,1,1,1,4),(0.E0,2.E-1,4.E-1,6.E-1,8.E-1,1.E0),
.UNSPECIFIED.);
#2443=B_SPLINE_CURVE_WITH_KNOTS('',3,(#2435,#2436,#2437,#2438,#2439,#2440,#2441,
#2442),.UNSPECIFIED.,.F.,.F.,(4,1,1,1,1,4),(0.E0,2.E-1,4.E-1,6.E-1,8.E-1,1.E0),
.UNSPECIFIED.);
#2452=B_SPLINE_CURVE_WITH_KNOTS('',3,(#2444,#2445,#2446,#2447,#2448,#2449,#2450,
#2451),.UNSPECIFIED.,.F.,.F.,(4,1,1,1,1,4),(0.E0,2.E-1,4.E-1,6.E-1,8.E-1,1.E0),
.UNSPECIFIED.);
#2457=B_SPLINE_CURVE_WITH_KNOTS('',3,(#2453,#2454,#2455,#2456),.UNSPECIFIED.,
.F.,.F.,(4,4),(0.E0,1.E0),.UNSPECIFIED.);
#2478=B_SPLINE_CURVE_WITH_KNOTS('',3,(#2458,#2459,#2460,#2461,#2462,#2463,#2464,
#2465,#2466,#2467,#2468,#2469,#2470,#2471,#2472,#2473,#2474,#2475,#2476,#2477),
.UNSPECIFIED.,.F.,.F.,(4,1,1,1,1,1,1,1,1,1,1,1,1,1,1,1,1,4),(0.E0,
5.882352941176E-2,1.176470588235E-1,1.764705882353E-1,2.352941176471E-1,
2.941176470588E-1,3.529411764706E-1,4.117647058824E-1,4.705882352941E-1,
5.294117647059E-1,5.882352941176E-1,6.470588235294E-1,7.058823529412E-1,
7.647058823529E-1,8.235294117647E-1,8.823529411765E-1,9.411764705882E-1,1.E0),
.UNSPECIFIED.);
#2499=B_SPLINE_CURVE_WITH_KNOTS('',3,(#2479,#2480,#2481,#2482,#2483,#2484,#2485,
#2486,#2487,#2488,#2489,#2490,#2491,#2492,#2493,#2494,#2495,#2496,#2497,#2498),
.UNSPECIFIED.,.F.,.F.,(4,1,1,1,1,1,1,1,1,1,1,1,1,1,1,1,1,4),(0.E0,
5.882352941176E-2,1.176470588235E-1,1.764705882353E-1,2.352941176471E-1,
2.941176470588E-1,3.529411764706E-1,4.117647058824E-1,4.705882352941E-1,
5.294117647059E-1,5.882352941176E-1,6.470588235294E-1,7.058823529412E-1,
7.647058823529E-1,8.235294117647E-1,8.823529411765E-1,9.411764705882E-1,1.E0),
.UNSPECIFIED.);
#2504=CIRCLE('',#2503,3.E-1);
#2521=B_SPLINE_CURVE_WITH_KNOTS('',3,(#2513,#2514,#2515,#2516,#2517,#2518,#2519,
#2520),.UNSPECIFIED.,.F.,.F.,(4,1,1,1,1,4),(0.E0,2.E-1,4.E-1,6.E-1,8.E-1,1.E0),
.UNSPECIFIED.);
#2526=CIRCLE('',#2525,3.E-1);
#2551=CIRCLE('',#2550,3.E-1);
#2560=B_SPLINE_CURVE_WITH_KNOTS('',3,(#2552,#2553,#2554,#2555,#2556,#2557,#2558,
#2559),.UNSPECIFIED.,.F.,.F.,(4,1,1,1,1,4),(0.E0,2.E-1,4.E-1,6.E-1,8.E-1,1.E0),
.UNSPECIFIED.);
#2565=CIRCLE('',#2564,3.E-1);
#2582=B_SPLINE_CURVE_WITH_KNOTS('',3,(#2574,#2575,#2576,#2577,#2578,#2579,#2580,
#2581),.UNSPECIFIED.,.F.,.F.,(4,1,1,1,1,4),(0.E0,2.E-1,4.E-1,6.E-1,8.E-1,1.E0),
.UNSPECIFIED.);
#2591=B_SPLINE_CURVE_WITH_KNOTS('',3,(#2583,#2584,#2585,#2586,#2587,#2588,#2589,
#2590),.UNSPECIFIED.,.F.,.F.,(4,1,1,1,1,4),(0.E0,2.E-1,4.E-1,6.E-1,8.E-1,1.E0),
.UNSPECIFIED.);
#2596=CIRCLE('',#2595,1.130940107676E0);
#2601=CIRCLE('',#2600,1.130940107676E0);
#2606=CIRCLE('',#2605,1.130940107676E0);
#2611=CIRCLE('',#2610,1.130940107676E0);
#2616=CIRCLE('',#2615,1.130940107676E0);
#2621=CIRCLE('',#2620,1.130940107676E0);
#2634=CIRCLE('',#2633,1.120184270695E0);
#2639=CIRCLE('',#2638,1.120184270695E0);
#2644=CIRCLE('',#2643,1.120184270695E0);
#2649=CIRCLE('',#2648,1.E-1);
#2654=CIRCLE('',#2653,1.E-1);
#2659=CIRCLE('',#2658,1.120184270695E0);
#2664=CIRCLE('',#2663,1.E-1);
#2669=CIRCLE('',#2668,1.089156774789E0);
#2674=CIRCLE('',#2673,1.E-1);
#2679=CIRCLE('',#2678,1.020321317219E0);
#2684=CIRCLE('',#2683,1.020321317219E0);
#2689=CIRCLE('',#2688,1.089156774789E0);
#2694=CIRCLE('',#2693,1.130940107676E0);
#2707=CIRCLE('',#2706,1.120184270695E0);
#2712=CIRCLE('',#2711,1.120184270695E0);
#2717=CIRCLE('',#2716,1.120184270695E0);
#2722=CIRCLE('',#2721,1.E-1);
#2727=CIRCLE('',#2726,1.E-1);
#2732=CIRCLE('',#2731,1.120184270695E0);
#2737=CIRCLE('',#2736,1.E-1);
#2742=CIRCLE('',#2741,1.089156774789E0);
#2747=CIRCLE('',#2746,1.E-1);
#2752=CIRCLE('',#2751,1.020321317219E0);
#2757=CIRCLE('',#2756,1.020321317219E0);
#2762=CIRCLE('',#2761,1.089156774789E0);
#2767=CIRCLE('',#2766,1.130940107676E0);
#2788=B_SPLINE_CURVE_WITH_KNOTS('',3,(#2768,#2769,#2770,#2771,#2772,#2773,#2774,
#2775,#2776,#2777,#2778,#2779,#2780,#2781,#2782,#2783,#2784,#2785,#2786,#2787),
.UNSPECIFIED.,.F.,.F.,(4,1,1,1,1,1,1,1,1,1,1,1,1,1,1,1,1,4),(0.E0,
5.882352941176E-2,1.176470588235E-1,1.764705882353E-1,2.352941176471E-1,
2.941176470588E-1,3.529411764706E-1,4.117647058824E-1,4.705882352941E-1,
5.294117647059E-1,5.882352941176E-1,6.470588235294E-1,7.058823529412E-1,
7.647058823529E-1,8.235294117647E-1,8.823529411765E-1,9.411764705882E-1,1.E0),
.UNSPECIFIED.);
#2809=B_SPLINE_CURVE_WITH_KNOTS('',3,(#2789,#2790,#2791,#2792,#2793,#2794,#2795,
#2796,#2797,#2798,#2799,#2800,#2801,#2802,#2803,#2804,#2805,#2806,#2807,#2808),
.UNSPECIFIED.,.F.,.F.,(4,1,1,1,1,1,1,1,1,1,1,1,1,1,1,1,1,4),(0.E0,
5.882352941176E-2,1.176470588235E-1,1.764705882353E-1,2.352941176471E-1,
2.941176470588E-1,3.529411764706E-1,4.117647058824E-1,4.705882352941E-1,
5.294117647059E-1,5.882352941176E-1,6.470588235294E-1,7.058823529412E-1,
7.647058823529E-1,8.235294117647E-1,8.823529411765E-1,9.411764705882E-1,1.E0),
.UNSPECIFIED.);
#3378=EDGE_CURVE('',#3233,#3218,#58,.T.);
#3380=EDGE_CURVE('',#3233,#3234,#5,.T.);
#3382=EDGE_CURVE('',#3217,#3234,#577,.T.);
#3384=EDGE_CURVE('',#3217,#2844,#10,.T.);
#3386=EDGE_CURVE('',#2844,#2845,#1052,.T.);
#3388=EDGE_CURVE('',#2845,#3218,#15,.T.);
#3398=EDGE_CURVE('',#3033,#3214,#2046,.T.);
#3400=EDGE_CURVE('',#3042,#3033,#649,.T.);
#3402=EDGE_CURVE('',#3042,#3215,#23,.T.);
#3404=EDGE_CURVE('',#3215,#3222,#28,.T.);
#3406=EDGE_CURVE('',#3222,#3214,#392,.T.);
#3416=EDGE_CURVE('',#3216,#3036,#36,.T.);
#3418=EDGE_CURVE('',#3034,#3036,#777,.T.);
#3420=EDGE_CURVE('',#3213,#3034,#2390,.T.);
#3422=EDGE_CURVE('',#3220,#3213,#215,.T.);
#3424=EDGE_CURVE('',#3216,#3220,#949,.T.);
#3434=EDGE_CURVE('',#3134,#3132,#48,.T.);
#3436=EDGE_CURVE('',#3134,#3233,#52,.T.);
#3439=EDGE_CURVE('',#3203,#3218,#63,.T.);
#3441=EDGE_CURVE('',#3132,#3203,#1014,.T.);
#3500=EDGE_CURVE('',#3132,#3129,#73,.T.);
#3502=EDGE_CURVE('',#3135,#3129,#166,.T.);
#3504=EDGE_CURVE('',#3134,#3135,#68,.T.);
#3514=EDGE_CURVE('',#3129,#3125,#170,.T.);
#3517=EDGE_CURVE('',#3132,#3133,#1010,.T.);
#3519=EDGE_CURVE('',#3133,#3196,#964,.T.);
#3521=EDGE_CURVE('',#3196,#3125,#1006,.T.);
#3531=EDGE_CURVE('',#3125,#3123,#77,.T.);
#3533=EDGE_CURVE('',#3058,#3123,#193,.T.);
#3535=EDGE_CURVE('',#3057,#3058,#81,.T.);
#3537=EDGE_CURVE('',#3178,#3057,#2199,.T.);
#3539=EDGE_CURVE('',#3176,#3178,#85,.T.);
#3541=EDGE_CURVE('',#3176,#3172,#89,.T.);
#3543=EDGE_CURVE('',#3172,#3170,#101,.T.);
#3545=EDGE_CURVE('',#3170,#3166,#105,.T.);
#3547=EDGE_CURVE('',#3166,#3160,#117,.T.);
#3549=EDGE_CURVE('',#3160,#3156,#121,.T.);
#3551=EDGE_CURVE('',#3156,#3154,#125,.T.);
#3553=EDGE_CURVE('',#3154,#3053,#130,.T.);
#3555=EDGE_CURVE('',#3053,#3054,#1914,.T.);
#3557=EDGE_CURVE('',#3146,#3054,#454,.T.);
#3559=EDGE_CURVE('',#3145,#3146,#134,.T.);
#3561=EDGE_CURVE('',#3145,#3141,#138,.T.);
#3563=EDGE_CURVE('',#3141,#3139,#150,.T.);
#3565=EDGE_CURVE('',#3139,#3135,#154,.T.);
#3577=EDGE_CURVE('',#3122,#3123,#179,.T.);
#3580=EDGE_CURVE('',#3125,#3127,#985,.T.);
#3582=EDGE_CURVE('',#3127,#3122,#205,.T.);
#3593=EDGE_CURVE('',#3122,#2909,#183,.T.);
#3595=EDGE_CURVE('',#2909,#2897,#2306,.T.);
#3597=EDGE_CURVE('',#2896,#2897,#188,.T.);
#3599=EDGE_CURVE('',#2896,#3058,#2216,.T.);
#3610=EDGE_CURVE('',#3352,#3353,#197,.T.);
#3612=EDGE_CURVE('',#3352,#2909,#201,.T.);
#3616=EDGE_CURVE('',#3127,#3152,#211,.T.);
#3618=EDGE_CURVE('',#3220,#3152,#953,.T.);
#3621=EDGE_CURVE('',#3213,#3210,#220,.T.);
#3623=EDGE_CURVE('',#3210,#3353,#224,.T.);
#3633=EDGE_CURVE('',#3348,#3349,#244,.T.);
#3635=EDGE_CURVE('',#3348,#3352,#2288,.T.);
#3638=EDGE_CURVE('',#3353,#3349,#232,.T.);
#3648=EDGE_CURVE('',#3275,#3276,#236,.T.);
#3650=EDGE_CURVE('',#3275,#3348,#240,.T.);
#3653=EDGE_CURVE('',#3349,#3276,#248,.T.);
#3663=EDGE_CURVE('',#3271,#3272,#260,.T.);
#3665=EDGE_CURVE('',#3271,#3275,#2243,.T.);
#3668=EDGE_CURVE('',#3276,#3272,#256,.T.);
#3679=EDGE_CURVE('',#3272,#3244,#264,.T.);
#3681=EDGE_CURVE('',#3244,#3247,#269,.T.);
#3683=EDGE_CURVE('',#3256,#3247,#273,.T.);
#3685=EDGE_CURVE('',#3256,#3182,#277,.T.);
#3687=EDGE_CURVE('',#3181,#3182,#283,.T.);
#3689=EDGE_CURVE('',#3181,#3179,#287,.T.);
#3691=EDGE_CURVE('',#3179,#2907,#291,.T.);
#3693=EDGE_CURVE('',#3271,#2907,#2252,.T.);
#3703=EDGE_CURVE('',#3327,#3212,#383,.T.);
#3705=EDGE_CURVE('',#3331,#3327,#422,.T.);
#3707=EDGE_CURVE('',#3305,#3331,#1857,.T.);
#3709=EDGE_CURVE('',#3309,#3305,#1849,.T.);
#3711=EDGE_CURVE('',#3246,#3309,#1841,.T.);
#3713=EDGE_CURVE('',#2930,#3246,#296,.T.);
#3715=EDGE_CURVE('',#2929,#2930,#300,.T.);
#3717=EDGE_CURVE('',#2932,#2929,#305,.T.);
#3719=EDGE_CURVE('',#2934,#2932,#309,.T.);
#3721=EDGE_CURVE('',#2936,#2934,#314,.T.);
#3723=EDGE_CURVE('',#2938,#2936,#318,.T.);
#3725=EDGE_CURVE('',#3212,#2938,#323,.T.);
#3729=EDGE_CURVE('',#3371,#3372,#328,.T.);
#3731=EDGE_CURVE('',#3372,#3371,#333,.T.);
#3744=EDGE_CURVE('',#2922,#3210,#348,.T.);
#3746=EDGE_CURVE('',#2920,#2922,#352,.T.);
#3748=EDGE_CURVE('',#2918,#2920,#357,.T.);
#3750=EDGE_CURVE('',#2916,#2918,#361,.T.);
#3752=EDGE_CURVE('',#2914,#2916,#366,.T.);
#3754=EDGE_CURVE('',#2913,#2914,#370,.T.);
#3756=EDGE_CURVE('',#3244,#2913,#375,.T.);
#3762=EDGE_CURVE('',#3367,#3368,#338,.T.);
#3764=EDGE_CURVE('',#3368,#3367,#343,.T.);
#3774=EDGE_CURVE('',#3326,#3327,#379,.T.);
#3777=EDGE_CURVE('',#3212,#3214,#388,.T.);
#3780=EDGE_CURVE('',#3222,#3150,#396,.T.);
#3782=EDGE_CURVE('',#3149,#3150,#402,.T.);
#3784=EDGE_CURVE('',#3149,#3147,#406,.T.);
#3786=EDGE_CURVE('',#3147,#2910,#410,.T.);
#3788=EDGE_CURVE('',#2910,#3326,#414,.T.);
#3799=EDGE_CURVE('',#3326,#3330,#431,.T.);
#3801=EDGE_CURVE('',#3330,#3331,#1861,.T.);
#3848=EDGE_CURVE('',#3326,#3333,#436,.T.);
#3850=EDGE_CURVE('',#3333,#3334,#1906,.T.);
#3852=EDGE_CURVE('',#3330,#3334,#1875,.T.);
#3865=EDGE_CURVE('',#2910,#2905,#468,.T.);
#3867=EDGE_CURVE('',#3333,#2905,#440,.T.);
#3877=EDGE_CURVE('',#3146,#3147,#449,.T.);
#3880=EDGE_CURVE('',#3054,#2904,#1922,.T.);
#3882=EDGE_CURVE('',#2905,#2904,#459,.T.);
#3896=EDGE_CURVE('',#3149,#3145,#510,.T.);
#4057=EDGE_CURVE('',#3149,#3194,#521,.T.);
#4059=EDGE_CURVE('',#3145,#3194,#489,.T.);
#4102=EDGE_CURVE('',#3150,#3143,#526,.T.);
#4104=EDGE_CURVE('',#3194,#3143,#516,.T.);
#4118=EDGE_CURVE('',#3215,#3207,#531,.T.);
#4120=EDGE_CURVE('',#3143,#3207,#603,.T.);
#4130=EDGE_CURVE('',#3217,#3208,#571,.T.);
#4132=EDGE_CURVE('',#3207,#3208,#535,.T.);
#4135=EDGE_CURVE('',#3230,#3215,#540,.T.);
#4137=EDGE_CURVE('',#3229,#3230,#544,.T.);
#4139=EDGE_CURVE('',#3229,#3217,#550,.T.);
#4149=EDGE_CURVE('',#3140,#3137,#562,.T.);
#4151=EDGE_CURVE('',#3140,#3208,#566,.T.);
#4155=EDGE_CURVE('',#3137,#3234,#595,.T.);
#4214=EDGE_CURVE('',#3137,#3139,#587,.T.);
#4217=EDGE_CURVE('',#3140,#3141,#582,.T.);
#4227=EDGE_CURVE('',#3137,#3134,#591,.T.);
#4252=EDGE_CURVE('',#3143,#3140,#599,.T.);
#4278=EDGE_CURVE('',#3102,#3121,#608,.T.);
#4280=EDGE_CURVE('',#3102,#3230,#612,.T.);
#4284=EDGE_CURVE('',#3042,#3121,#616,.T.);
#4326=EDGE_CURVE('',#3096,#3121,#645,.T.);
#4328=EDGE_CURVE('',#3192,#3096,#621,.T.);
#4330=EDGE_CURVE('',#3102,#3192,#627,.T.);
#4340=EDGE_CURVE('',#3319,#3320,#631,.T.);
#4342=EDGE_CURVE('',#2876,#3319,#2512,.T.);
#4344=EDGE_CURVE('',#2876,#3091,#635,.T.);
#4346=EDGE_CURVE('',#3096,#3091,#639,.T.);
#4351=EDGE_CURVE('',#2895,#3033,#2051,.T.);
#4353=EDGE_CURVE('',#2895,#3320,#653,.T.);
#4363=EDGE_CURVE('',#3315,#3316,#673,.T.);
#4365=EDGE_CURVE('',#3315,#3319,#2521,.T.);
#4368=EDGE_CURVE('',#3320,#3316,#661,.T.);
#4378=EDGE_CURVE('',#3297,#3298,#665,.T.);
#4380=EDGE_CURVE('',#3297,#3315,#669,.T.);
#4383=EDGE_CURVE('',#3316,#3298,#677,.T.);
#4393=EDGE_CURVE('',#3293,#3294,#689,.T.);
#4395=EDGE_CURVE('',#3293,#3297,#2560,.T.);
#4398=EDGE_CURVE('',#3298,#3294,#685,.T.);
#4409=EDGE_CURVE('',#3294,#2883,#693,.T.);
#4411=EDGE_CURVE('',#2883,#3031,#698,.T.);
#4413=EDGE_CURVE('',#3031,#3040,#702,.T.);
#4415=EDGE_CURVE('',#3040,#3088,#706,.T.);
#4417=EDGE_CURVE('',#3087,#3088,#712,.T.);
#4419=EDGE_CURVE('',#3087,#3085,#716,.T.);
#4421=EDGE_CURVE('',#3085,#2879,#720,.T.);
#4423=EDGE_CURVE('',#3293,#2879,#2569,.T.);
#4433=EDGE_CURVE('',#3338,#2942,#768,.T.);
#4435=EDGE_CURVE('',#3342,#3338,#803,.T.);
#4437=EDGE_CURVE('',#3283,#3342,#1232,.T.);
#4439=EDGE_CURVE('',#3287,#3283,#1224,.T.);
#4441=EDGE_CURVE('',#2925,#3287,#1216,.T.);
#4443=EDGE_CURVE('',#2925,#2926,#2352,.T.);
#4445=EDGE_CURVE('',#2926,#2950,#2338,.T.);
#4447=EDGE_CURVE('',#2948,#2950,#725,.T.);
#4449=EDGE_CURVE('',#2948,#2946,#2364,.T.);
#4451=EDGE_CURVE('',#2944,#2946,#730,.T.);
#4453=EDGE_CURVE('',#2944,#2941,#2376,.T.);
#4455=EDGE_CURVE('',#2941,#2942,#2381,.T.);
#4459=EDGE_CURVE('',#3359,#3360,#735,.T.);
#4461=EDGE_CURVE('',#3360,#3359,#740,.T.);
#4474=EDGE_CURVE('',#2895,#2893,#2060,.T.);
#4476=EDGE_CURVE('',#2893,#2891,#2037,.T.);
#4478=EDGE_CURVE('',#2889,#2891,#755,.T.);
#4480=EDGE_CURVE('',#2889,#2887,#2025,.T.);
#4482=EDGE_CURVE('',#2885,#2887,#760,.T.);
#4484=EDGE_CURVE('',#2885,#2882,#2013,.T.);
#4486=EDGE_CURVE('',#2882,#2883,#2065,.T.);
#4492=EDGE_CURVE('',#3363,#3364,#745,.T.);
#4494=EDGE_CURVE('',#3364,#3363,#750,.T.);
#4504=EDGE_CURVE('',#3337,#3338,#764,.T.);
#4507=EDGE_CURVE('',#2942,#3034,#773,.T.);
#4510=EDGE_CURVE('',#3036,#3119,#781,.T.);
#4512=EDGE_CURVE('',#3118,#3119,#787,.T.);
#4514=EDGE_CURVE('',#3118,#3116,#791,.T.);
#4516=EDGE_CURVE('',#3116,#2877,#795,.T.);
#4518=EDGE_CURVE('',#3337,#2877,#821,.T.);
#4529=EDGE_CURVE('',#3337,#3341,#812,.T.);
#4531=EDGE_CURVE('',#3341,#3342,#1236,.T.);
#4578=EDGE_CURVE('',#3337,#3344,#817,.T.);
#4580=EDGE_CURVE('',#3344,#3345,#1327,.T.);
#4582=EDGE_CURVE('',#3341,#3345,#1250,.T.);
#4595=EDGE_CURVE('',#2863,#2877,#830,.T.);
#4597=EDGE_CURVE('',#3344,#2863,#834,.T.);
#4607=EDGE_CURVE('',#3115,#3116,#843,.T.);
#4609=EDGE_CURVE('',#3115,#3050,#848,.T.);
#4611=EDGE_CURVE('',#3050,#2862,#1481,.T.);
#4613=EDGE_CURVE('',#2863,#2862,#853,.T.);
#4627=EDGE_CURVE('',#3118,#3114,#895,.T.);
#4629=EDGE_CURVE('',#3114,#3115,#1086,.T.);
#4789=EDGE_CURVE('',#3118,#3190,#906,.T.);
#4791=EDGE_CURVE('',#3114,#3190,#874,.T.);
#4834=EDGE_CURVE('',#3119,#3112,#911,.T.);
#4836=EDGE_CURVE('',#3190,#3112,#901,.T.);
#4850=EDGE_CURVE('',#3225,#3216,#930,.T.);
#4852=EDGE_CURVE('',#3112,#3225,#2817,.T.);
#4862=EDGE_CURVE('',#3216,#3204,#944,.T.);
#4864=EDGE_CURVE('',#3203,#3204,#915,.T.);
#4867=EDGE_CURVE('',#3218,#3226,#921,.T.);
#4869=EDGE_CURVE('',#3225,#3226,#925,.T.);
#4880=EDGE_CURVE('',#3133,#3152,#935,.T.);
#4882=EDGE_CURVE('',#3133,#3204,#939,.T.);
#4928=EDGE_CURVE('',#3196,#3127,#958,.T.);
#5112=EDGE_CURVE('',#3109,#3106,#1026,.T.);
#5114=EDGE_CURVE('',#3109,#3226,#1030,.T.);
#5118=EDGE_CURVE('',#3106,#2845,#1048,.T.);
#5177=EDGE_CURVE('',#3106,#3108,#1040,.T.);
#5179=EDGE_CURVE('',#3110,#3108,#1102,.T.);
#5181=EDGE_CURVE('',#3109,#3110,#1035,.T.);
#5191=EDGE_CURVE('',#3106,#3103,#1044,.T.);
#5193=EDGE_CURVE('',#3103,#3104,#1073,.T.);
#5195=EDGE_CURVE('',#3108,#3104,#1106,.T.);
#5209=EDGE_CURVE('',#3103,#2844,#1068,.T.);
#5219=EDGE_CURVE('',#3103,#3101,#1064,.T.);
#5224=EDGE_CURVE('',#3101,#3229,#2825,.T.);
#5283=EDGE_CURVE('',#3101,#3098,#1078,.T.);
#5285=EDGE_CURVE('',#3104,#3098,#1118,.T.);
#5296=EDGE_CURVE('',#3098,#3094,#1122,.T.);
#5299=EDGE_CURVE('',#3101,#3102,#2821,.T.);
#5302=EDGE_CURVE('',#3192,#3094,#2499,.T.);
#5312=EDGE_CURVE('',#3062,#3060,#1082,.T.);
#5314=EDGE_CURVE('',#3049,#3060,#1198,.T.);
#5316=EDGE_CURVE('',#3049,#3050,#1485,.T.);
#5320=EDGE_CURVE('',#3114,#3110,#1090,.T.);
#5326=EDGE_CURVE('',#3094,#3092,#1126,.T.);
#5328=EDGE_CURVE('',#3092,#3046,#1131,.T.);
#5330=EDGE_CURVE('',#3045,#3046,#1135,.T.);
#5332=EDGE_CURVE('',#3084,#3045,#2408,.T.);
#5334=EDGE_CURVE('',#3082,#3084,#1139,.T.);
#5336=EDGE_CURVE('',#3082,#3078,#1143,.T.);
#5338=EDGE_CURVE('',#3078,#3076,#1155,.T.);
#5340=EDGE_CURVE('',#3076,#3072,#1159,.T.);
#5342=EDGE_CURVE('',#3072,#3066,#1171,.T.);
#5344=EDGE_CURVE('',#3066,#3062,#1175,.T.);
#5354=EDGE_CURVE('',#3059,#3060,#1184,.T.);
#5357=EDGE_CURVE('',#3062,#3064,#2788,.T.);
#5359=EDGE_CURVE('',#3064,#3059,#1206,.T.);
#5370=EDGE_CURVE('',#3059,#2878,#1188,.T.);
#5372=EDGE_CURVE('',#2878,#2860,#1507,.T.);
#5374=EDGE_CURVE('',#2859,#2860,#1193,.T.);
#5376=EDGE_CURVE('',#2859,#3049,#1489,.T.);
#5387=EDGE_CURVE('',#3286,#3287,#1202,.T.);
#5389=EDGE_CURVE('',#2878,#3286,#1511,.T.);
#5393=EDGE_CURVE('',#3064,#3090,#1212,.T.);
#5395=EDGE_CURVE('',#3038,#3090,#1535,.T.);
#5397=EDGE_CURVE('',#3032,#3038,#1699,.T.);
#5399=EDGE_CURVE('',#2925,#3032,#2343,.T.);
#5410=EDGE_CURVE('',#3282,#3283,#1228,.T.);
#5412=EDGE_CURVE('',#3282,#3286,#1279,.T.);
#5427=EDGE_CURVE('',#3341,#3282,#1240,.T.);
#5437=EDGE_CURVE('',#3282,#3289,#1245,.T.);
#5441=EDGE_CURVE('',#2871,#3345,#1254,.T.);
#5443=EDGE_CURVE('',#2867,#2871,#1258,.T.);
#5445=EDGE_CURVE('',#2866,#2867,#1262,.T.);
#5447=EDGE_CURVE('',#2869,#2866,#1266,.T.);
#5449=EDGE_CURVE('',#3289,#2869,#1270,.T.);
#5496=EDGE_CURVE('',#3289,#3290,#1288,.T.);
#5498=EDGE_CURVE('',#3286,#3290,#1494,.T.);
#5511=EDGE_CURVE('',#2970,#2869,#1293,.T.);
#5513=EDGE_CURVE('',#2974,#2970,#1298,.T.);
#5515=EDGE_CURVE('',#2866,#2974,#1303,.T.);
#5518=EDGE_CURVE('',#2962,#2867,#1308,.T.);
#5520=EDGE_CURVE('',#2966,#2962,#1313,.T.);
#5522=EDGE_CURVE('',#2871,#2966,#1318,.T.);
#5528=EDGE_CURVE('',#2859,#2862,#1331,.T.);
#5531=EDGE_CURVE('',#2860,#3290,#1498,.T.);
#5541=EDGE_CURVE('',#2997,#2969,#1336,.T.);
#5543=EDGE_CURVE('',#2969,#2970,#1369,.T.);
#5546=EDGE_CURVE('',#2869,#2866,#1404,.T.);
#5549=EDGE_CURVE('',#2973,#2974,#1365,.T.);
#5551=EDGE_CURVE('',#2973,#2997,#1361,.T.);
#5562=EDGE_CURVE('',#2997,#2998,#1356,.T.);
#5564=EDGE_CURVE('',#2998,#3000,#1399,.T.);
#5566=EDGE_CURVE('',#3002,#3000,#1351,.T.);
#5568=EDGE_CURVE('',#2969,#3002,#1341,.T.);
#5578=EDGE_CURVE('',#3002,#2973,#1346,.T.);
#5581=EDGE_CURVE('',#3000,#2998,#1379,.T.);
#5606=EDGE_CURVE('',#3004,#3006,#1394,.T.);
#5608=EDGE_CURVE('',#2998,#3006,#1374,.T.);
#5611=EDGE_CURVE('',#3000,#3004,#1384,.T.);
#5621=EDGE_CURVE('',#3006,#3004,#1389,.T.);
#5654=EDGE_CURVE('',#2985,#2961,#1409,.T.);
#5656=EDGE_CURVE('',#2961,#2962,#1442,.T.);
#5659=EDGE_CURVE('',#2867,#2871,#1477,.T.);
#5662=EDGE_CURVE('',#2965,#2966,#1438,.T.);
#5664=EDGE_CURVE('',#2965,#2985,#1434,.T.);
#5675=EDGE_CURVE('',#2985,#2986,#1429,.T.);
#5677=EDGE_CURVE('',#2986,#2988,#1472,.T.);
#5679=EDGE_CURVE('',#2990,#2988,#1424,.T.);
#5681=EDGE_CURVE('',#2961,#2990,#1414,.T.);
#5691=EDGE_CURVE('',#2990,#2965,#1419,.T.);
#5694=EDGE_CURVE('',#2988,#2986,#1452,.T.);
#5719=EDGE_CURVE('',#2992,#2994,#1467,.T.);
#5721=EDGE_CURVE('',#2986,#2994,#1447,.T.);
#5724=EDGE_CURVE('',#2988,#2992,#1457,.T.);
#5734=EDGE_CURVE('',#2994,#2992,#1462,.T.);
#5822=EDGE_CURVE('',#3070,#3090,#1527,.T.);
#5825=EDGE_CURVE('',#3188,#3064,#1516,.T.);
#5827=EDGE_CURVE('',#3070,#3188,#1522,.T.);
#5838=EDGE_CURVE('',#3070,#3259,#1531,.T.);
#5840=EDGE_CURVE('',#3249,#3259,#2315,.T.);
#5842=EDGE_CURVE('',#3038,#3249,#1707,.T.);
#5853=EDGE_CURVE('',#3069,#3070,#1539,.T.);
#5855=EDGE_CURVE('',#3069,#3260,#1543,.T.);
#5857=EDGE_CURVE('',#3259,#3260,#2319,.T.);
#5869=EDGE_CURVE('',#3069,#3066,#1548,.T.);
#5873=EDGE_CURVE('',#3188,#3062,#2809,.T.);
#5931=EDGE_CURVE('',#3071,#3069,#1565,.T.);
#5935=EDGE_CURVE('',#3071,#3072,#1553,.T.);
#5946=EDGE_CURVE('',#3071,#2849,#1569,.T.);
#5948=EDGE_CURVE('',#2849,#3251,#1574,.T.);
#5950=EDGE_CURVE('',#3251,#3260,#2325,.T.);
#5961=EDGE_CURVE('',#3074,#3071,#1578,.T.);
#5963=EDGE_CURVE('',#3074,#2848,#1582,.T.);
#5965=EDGE_CURVE('',#2848,#2849,#1690,.T.);
#5979=EDGE_CURVE('',#3074,#3076,#1587,.T.);
#6037=EDGE_CURVE('',#3077,#3074,#1604,.T.);
#6041=EDGE_CURVE('',#3077,#3078,#1592,.T.);
#6052=EDGE_CURVE('',#3077,#3263,#1608,.T.);
#6054=EDGE_CURVE('',#3263,#3252,#1772,.T.);
#6056=EDGE_CURVE('',#2848,#3252,#1695,.T.);
#6067=EDGE_CURVE('',#3080,#3077,#1612,.T.);
#6069=EDGE_CURVE('',#3080,#3264,#1616,.T.);
#6071=EDGE_CURVE('',#3263,#3264,#1776,.T.);
#6085=EDGE_CURVE('',#3082,#3186,#1637,.T.);
#6087=EDGE_CURVE('',#3186,#3080,#1664,.T.);
#6247=EDGE_CURVE('',#3087,#3186,#1669,.T.);
#6250=EDGE_CURVE('',#3087,#3082,#1658,.T.);
#6292=EDGE_CURVE('',#3088,#3080,#1674,.T.);
#6306=EDGE_CURVE('',#3040,#3250,#1682,.T.);
#6308=EDGE_CURVE('',#3250,#3264,#1781,.T.);
#6319=EDGE_CURVE('',#3267,#3252,#1739,.T.);
#6321=EDGE_CURVE('',#3267,#3268,#1686,.T.);
#6323=EDGE_CURVE('',#3251,#3268,#2109,.T.);
#6336=EDGE_CURVE('',#3032,#3247,#2334,.T.);
#6340=EDGE_CURVE('',#3256,#3249,#1712,.T.);
#6353=EDGE_CURVE('',#3248,#3031,#2005,.T.);
#6355=EDGE_CURVE('',#3254,#3248,#1832,.T.);
#6357=EDGE_CURVE('',#3254,#3250,#1717,.T.);
#6367=EDGE_CURVE('',#3165,#3163,#1729,.T.);
#6369=EDGE_CURVE('',#3165,#3267,#1733,.T.);
#6372=EDGE_CURVE('',#3241,#3252,#1744,.T.);
#6374=EDGE_CURVE('',#3163,#3241,#1762,.T.);
#6433=EDGE_CURVE('',#3163,#3160,#1754,.T.);
#6436=EDGE_CURVE('',#3165,#3166,#1749,.T.);
#6448=EDGE_CURVE('',#3163,#3164,#1758,.T.);
#6450=EDGE_CURVE('',#3164,#3200,#1810,.T.);
#6452=EDGE_CURVE('',#3200,#3156,#1987,.T.);
#6464=EDGE_CURVE('',#3241,#3242,#1766,.T.);
#6466=EDGE_CURVE('',#3164,#3242,#1790,.T.);
#6476=EDGE_CURVE('',#3242,#3250,#1795,.T.);
#6491=EDGE_CURVE('',#3164,#3184,#1786,.T.);
#6496=EDGE_CURVE('',#3254,#3184,#1799,.T.);
#6538=EDGE_CURVE('',#3158,#3184,#1828,.T.);
#6540=EDGE_CURVE('',#3200,#3158,#1804,.T.);
#6551=EDGE_CURVE('',#3308,#3309,#1814,.T.);
#6553=EDGE_CURVE('',#2908,#3308,#2000,.T.);
#6555=EDGE_CURVE('',#2908,#3153,#1818,.T.);
#6557=EDGE_CURVE('',#3158,#3153,#1822,.T.);
#6562=EDGE_CURVE('',#3248,#3246,#1837,.T.);
#6573=EDGE_CURVE('',#3304,#3305,#1853,.T.);
#6575=EDGE_CURVE('',#3304,#3308,#1888,.T.);
#6590=EDGE_CURVE('',#3304,#3330,#1870,.T.);
#6600=EDGE_CURVE('',#3304,#3311,#1866,.T.);
#6604=EDGE_CURVE('',#3311,#3334,#1879,.T.);
#6651=EDGE_CURVE('',#3311,#3312,#1897,.T.);
#6653=EDGE_CURVE('',#3308,#3312,#1992,.T.);
#6669=EDGE_CURVE('',#2903,#2904,#1910,.T.);
#6671=EDGE_CURVE('',#2903,#2906,#1945,.T.);
#6673=EDGE_CURVE('',#2906,#3312,#1996,.T.);
#6684=EDGE_CURVE('',#2903,#3053,#1918,.T.);
#6696=EDGE_CURVE('',#3153,#3154,#1931,.T.);
#6699=EDGE_CURVE('',#2906,#2908,#1940,.T.);
#6714=EDGE_CURVE('',#3156,#3158,#1966,.T.);
#6899=EDGE_CURVE('',#2930,#3031,#2009,.T.);
#6912=EDGE_CURVE('',#2885,#2929,#2021,.T.);
#6916=EDGE_CURVE('',#3031,#2882,#2069,.T.);
#6927=EDGE_CURVE('',#2932,#2887,#2017,.T.);
#6940=EDGE_CURVE('',#2889,#2934,#2033,.T.);
#6953=EDGE_CURVE('',#2936,#2891,#2029,.T.);
#6966=EDGE_CURVE('',#2893,#3033,#2055,.T.);
#6968=EDGE_CURVE('',#3033,#2938,#2041,.T.);
#7014=EDGE_CURVE('',#3168,#3165,#2078,.T.);
#7018=EDGE_CURVE('',#3168,#3170,#2074,.T.);
#7029=EDGE_CURVE('',#3168,#3268,#2082,.T.);
#7041=EDGE_CURVE('',#3171,#3168,#2094,.T.);
#7043=EDGE_CURVE('',#3171,#3238,#2098,.T.);
#7045=EDGE_CURVE('',#3251,#3238,#2103,.T.);
#7108=EDGE_CURVE('',#3171,#3172,#2114,.T.);
#7118=EDGE_CURVE('',#3174,#3171,#2118,.T.);
#7122=EDGE_CURVE('',#3176,#3198,#2164,.T.);
#7124=EDGE_CURVE('',#3198,#3174,#2138,.T.);
#7135=EDGE_CURVE('',#3174,#3237,#2122,.T.);
#7137=EDGE_CURVE('',#3237,#3238,#2310,.T.);
#7148=EDGE_CURVE('',#3182,#3174,#2127,.T.);
#7152=EDGE_CURVE('',#3237,#3249,#2132,.T.);
#7197=EDGE_CURVE('',#3181,#3198,#2143,.T.);
#7359=EDGE_CURVE('',#3181,#3176,#2185,.T.);
#7370=EDGE_CURVE('',#3178,#3179,#2194,.T.);
#7384=EDGE_CURVE('',#3057,#2899,#2212,.T.);
#7386=EDGE_CURVE('',#2900,#2899,#2204,.T.);
#7388=EDGE_CURVE('',#2900,#2907,#2261,.T.);
#7399=EDGE_CURVE('',#2899,#2896,#2208,.T.);
#7412=EDGE_CURVE('',#3278,#3279,#2225,.T.);
#7414=EDGE_CURVE('',#3278,#2900,#2265,.T.);
#7419=EDGE_CURVE('',#2897,#3356,#2297,.T.);
#7421=EDGE_CURVE('',#3355,#3356,#2234,.T.);
#7423=EDGE_CURVE('',#3355,#3279,#2274,.T.);
#7469=EDGE_CURVE('',#3271,#3278,#2248,.T.);
#7472=EDGE_CURVE('',#3275,#3279,#2270,.T.);
#7497=EDGE_CURVE('',#3348,#3355,#2279,.T.);
#7546=EDGE_CURVE('',#3352,#3356,#2293,.T.);
#7585=EDGE_CURVE('',#3032,#2913,#2329,.T.);
#7597=EDGE_CURVE('',#2926,#3032,#2347,.T.);
#7601=EDGE_CURVE('',#2914,#2950,#2356,.T.);
#7625=EDGE_CURVE('',#2948,#2916,#2360,.T.);
#7638=EDGE_CURVE('',#2918,#2946,#2368,.T.);
#7651=EDGE_CURVE('',#2944,#2920,#2372,.T.);
#7664=EDGE_CURVE('',#2922,#3034,#2394,.T.);
#7666=EDGE_CURVE('',#3034,#2941,#2385,.T.);
#7700=EDGE_CURVE('',#3084,#3085,#2403,.T.);
#7714=EDGE_CURVE('',#3045,#2857,#2434,.T.);
#7716=EDGE_CURVE('',#2858,#2857,#2413,.T.);
#7718=EDGE_CURVE('',#2879,#2858,#2422,.T.);
#7730=EDGE_CURVE('',#2854,#3046,#2426,.T.);
#7732=EDGE_CURVE('',#2857,#2854,#2430,.T.);
#7743=EDGE_CURVE('',#3091,#3092,#2443,.T.);
#7746=EDGE_CURVE('',#2855,#2876,#2452,.T.);
#7748=EDGE_CURVE('',#2854,#2855,#2457,.T.);
#7762=EDGE_CURVE('',#3094,#3096,#2478,.T.);
#7934=EDGE_CURVE('',#3319,#3323,#2504,.T.);
#7936=EDGE_CURVE('',#2855,#3323,#2508,.T.);
#7984=EDGE_CURVE('',#3315,#3322,#2551,.T.);
#7986=EDGE_CURVE('',#3322,#3323,#2591,.T.);
#7998=EDGE_CURVE('',#3297,#3301,#2526,.T.);
#8000=EDGE_CURVE('',#2875,#3301,#2530,.T.);
#8002=EDGE_CURVE('',#2853,#2875,#2534,.T.);
#8004=EDGE_CURVE('',#2852,#2853,#2538,.T.);
#8006=EDGE_CURVE('',#2873,#2852,#2542,.T.);
#8008=EDGE_CURVE('',#3322,#2873,#2546,.T.);
#8056=EDGE_CURVE('',#3293,#3300,#2565,.T.);
#8058=EDGE_CURVE('',#3300,#3301,#2582,.T.);
#8073=EDGE_CURVE('',#3300,#2858,#2573,.T.);
#8091=EDGE_CURVE('',#2958,#2873,#2596,.T.);
#8093=EDGE_CURVE('',#2954,#2958,#2601,.T.);
#8095=EDGE_CURVE('',#2852,#2954,#2606,.T.);
#8098=EDGE_CURVE('',#2982,#2853,#2611,.T.);
#8100=EDGE_CURVE('',#2978,#2982,#2616,.T.);
#8102=EDGE_CURVE('',#2875,#2978,#2621,.T.);
#8113=EDGE_CURVE('',#2953,#3026,#2639,.T.);
#8115=EDGE_CURVE('',#3026,#2957,#2644,.T.);
#8117=EDGE_CURVE('',#2957,#2958,#2625,.T.);
#8120=EDGE_CURVE('',#2873,#2852,#2694,.T.);
#8123=EDGE_CURVE('',#2953,#2954,#2629,.T.);
#8133=EDGE_CURVE('',#3021,#2953,#2634,.T.);
#8135=EDGE_CURVE('',#3021,#3022,#2654,.T.);
#8137=EDGE_CURVE('',#3022,#3024,#2689,.T.);
#8139=EDGE_CURVE('',#3026,#3024,#2649,.T.);
#8154=EDGE_CURVE('',#2957,#3021,#2659,.T.);
#8166=EDGE_CURVE('',#3024,#3022,#2669,.T.);
#8178=EDGE_CURVE('',#3028,#3030,#2684,.T.);
#8180=EDGE_CURVE('',#3022,#3030,#2664,.T.);
#8183=EDGE_CURVE('',#3024,#3028,#2674,.T.);
#8193=EDGE_CURVE('',#3030,#3028,#2679,.T.);
#8226=EDGE_CURVE('',#2977,#3014,#2712,.T.);
#8228=EDGE_CURVE('',#3014,#2981,#2717,.T.);
#8230=EDGE_CURVE('',#2981,#2982,#2698,.T.);
#8233=EDGE_CURVE('',#2853,#2875,#2767,.T.);
#8236=EDGE_CURVE('',#2977,#2978,#2702,.T.);
#8246=EDGE_CURVE('',#3009,#2977,#2707,.T.);
#8248=EDGE_CURVE('',#3009,#3010,#2727,.T.);
#8250=EDGE_CURVE('',#3010,#3012,#2762,.T.);
#8252=EDGE_CURVE('',#3014,#3012,#2722,.T.);
#8267=EDGE_CURVE('',#2981,#3009,#2732,.T.);
#8279=EDGE_CURVE('',#3012,#3010,#2742,.T.);
#8291=EDGE_CURVE('',#3016,#3018,#2757,.T.);
#8293=EDGE_CURVE('',#3010,#3018,#2737,.T.);
#8296=EDGE_CURVE('',#3012,#3016,#2747,.T.);
#8306=EDGE_CURVE('',#3018,#3016,#2752,.T.);
#8500=EDGE_CURVE('',#3112,#3109,#2813,.T.);
#8539=EDGE_CURVE('',#3360,#3368,#2833,.T.);
#8542=EDGE_CURVE('',#3359,#3367,#2829,.T.);
#8565=EDGE_CURVE('',#3364,#3372,#2841,.T.);
#8568=EDGE_CURVE('',#3363,#3371,#2837,.T.);
#8585=CLOSED_SHELL('',(#3392,#3410,#3428,#3445,#3508,#3525,#3571,#3586,#3604,
#3627,#3642,#3657,#3672,#3697,#3735,#3768,#3792,#3806,#3857,#3871,#3888,#3901,
#4064,#4109,#4124,#4143,#4159,#4221,#4234,#4246,#4260,#4272,#4288,#4334,#4357,
#4372,#4387,#4402,#4427,#4465,#4498,#4522,#4536,#4587,#4601,#4619,#4633,#4796,
#4841,#4856,#4874,#4889,#4933,#5094,#5106,#5122,#5185,#5200,#5213,#5228,#5290,
#5306,#5348,#5363,#5381,#5404,#5418,#5431,#5453,#5503,#5535,#5555,#5572,#5587,
#5600,#5615,#5626,#5638,#5648,#5668,#5685,#5700,#5713,#5728,#5739,#5751,#5761,
#5773,#5785,#5831,#5847,#5862,#5877,#5939,#5955,#5970,#5983,#6045,#6061,#6076,
#6091,#6254,#6298,#6313,#6330,#6345,#6361,#6378,#6440,#6456,#6470,#6485,#6500,
#6545,#6567,#6581,#6594,#6608,#6658,#6677,#6690,#6706,#6719,#6880,#6892,#6905,
#6920,#6933,#6946,#6959,#6974,#6986,#6997,#7008,#7022,#7035,#7051,#7112,#7128,
#7142,#7157,#7201,#7363,#7376,#7393,#7406,#7427,#7477,#7489,#7502,#7551,#7563,
#7577,#7590,#7605,#7616,#7629,#7642,#7655,#7670,#7681,#7693,#7706,#7723,#7737,
#7754,#7767,#7928,#7942,#7992,#8014,#8064,#8077,#8107,#8127,#8144,#8158,#8172,
#8187,#8198,#8210,#8220,#8240,#8257,#8271,#8285,#8300,#8311,#8323,#8333,#8494,
#8508,#8520,#8532,#8546,#8558,#8572,#8584));
#8586=MANIFOLD_SOLID_BREP('',#8585);
#8587=(LENGTH_UNIT()NAMED_UNIT(*)SI_UNIT(.MILLI.,.METRE.));
#8589=(NAMED_UNIT(*)PLANE_ANGLE_UNIT()SI_UNIT($,.RADIAN.));
#8592=(NAMED_UNIT(*)SI_UNIT($,.STERADIAN.)SOLID_ANGLE_UNIT());
#8595=ADVANCED_BREP_SHAPE_REPRESENTATION('',(#8586),#8594);
#8602=PRODUCT_DEFINITION('design','',#8601,#8598);
#8603=PRODUCT_DEFINITION_SHAPE('','SHAPE FOR 142_7010_0000_58V-M5_0_4MM.',
#8602);
#8604=SHAPE_DEFINITION_REPRESENTATION(#8603,#8595);
ENDSEC;
END-ISO-10303-21;
