ISO-10303-21;
HEADER;
FILE_DESCRIPTION( ( 'Unknown' ), '1' );
FILE_NAME( '//Ntni02/rsfx_ind_01/Dossier Roe/produit/D2TO/D2TO solid/D2TO step et \X2\00E9\X0\clat\X2\00E9\X0\/D2TO.stp', 'Unknown', ( 'Unknown' ), ( 'Unknown' ), 'PSStep 16.0.42', 'Unknown', '  ' );
FILE_SCHEMA( ( 'AUTOMOTIVE_DESIGN { 1 0 10303 214 1 1 1 1 }' ) );
ENDSEC;
DATA;
#1 = PRODUCT_DEFINITION_CONTEXT( '', #26, 'design' );
#2 = APPLICATION_PROTOCOL_DEFINITION( 'international standard', 'automotive_design', 2001, #26 );
#3 = PRODUCT_CATEGORY_RELATIONSHIP( 'NONE', 'NONE', #27, #28 );
#4 = SHAPE_DEFINITION_REPRESENTATION( #29, #30 );
#5 = PRODUCT_CATEGORY_RELATIONSHIP( 'NONE', 'NONE', #27, #31 );
#6 = CONTEXT_DEPENDENT_SHAPE_REPRESENTATION( #32, #33 );
#7 = SHAPE_DEFINITION_REPRESENTATION( #34, #35 );
#8 = SHAPE_REPRESENTATION_RELATIONSHIP( 'NONE', 'NONE', #35, #36 );
#9 = PRODUCT_CATEGORY_RELATIONSHIP( 'NONE', 'NONE', #27, #37 );
#10 = CONTEXT_DEPENDENT_SHAPE_REPRESENTATION( #38, #39 );
#11 = SHAPE_DEFINITION_REPRESENTATION( #40, #41 );
#12 = SHAPE_REPRESENTATION_RELATIONSHIP( 'NONE', 'NONE', #41, #42 );
#13 = PRODUCT_CATEGORY_RELATIONSHIP( 'NONE', 'NONE', #27, #43 );
#14 = CONTEXT_DEPENDENT_SHAPE_REPRESENTATION( #44, #45 );
#15 = SHAPE_DEFINITION_REPRESENTATION( #46, #47 );
#16 = SHAPE_REPRESENTATION_RELATIONSHIP( 'NONE', 'NONE', #47, #48 );
#17 = PRODUCT_CATEGORY_RELATIONSHIP( 'NONE', 'NONE', #27, #49 );
#18 = CONTEXT_DEPENDENT_SHAPE_REPRESENTATION( #50, #51 );
#19 = SHAPE_DEFINITION_REPRESENTATION( #52, #53 );
#20 = SHAPE_REPRESENTATION_RELATIONSHIP( 'NONE', 'NONE', #53, #54 );
#21 = MECHANICAL_DESIGN_GEOMETRIC_PRESENTATION_REPRESENTATION( ' ', ( #55, #56, #57, #58, #59, #60, #61, #62, #63, #64, #65, #66, #67, #68, #69, #70, #71, #72, #73, #74, #75, #76, #77, #78, #79, #80, #81, #82, #83, #84, #85, #86, #87, #88, #89, #90, #91, #92, #93, #94, #95, #96, #97, #98, #99, #100, #101, #102, #103, #104, #105, #106, #107, #108, #109, #110, #111, #112, #113, #114, #115, #116, #117, #118, #119, #120, #121, #122, #123, #124, #125, #126, #127, #128, #129, #130, #131, #132, #133, #134, #135, #136, #137, #138, #139, #140, #141, #142, #143, #144, #145, #146, #147, #148, #149, #150, #151, #152, #153, #154, #155, #156, #157, #158, #159, #160, #161, #162, #163, #164, #165, #166, #167, #168, #169, #170, #171, #172, #173, #174, #175, #176, #177, #178, #179, #180, #181, #182, #183, #184, #185, #186, #187, #188, #189, #190, #191, #192, #193, #194, #195, #196, #197, #198, #199, #200, #201 ), #22 );
#22 =  ( GEOMETRIC_REPRESENTATION_CONTEXT( 3 )GLOBAL_UNCERTAINTY_ASSIGNED_CONTEXT( ( #204 ) )GLOBAL_UNIT_ASSIGNED_CONTEXT( ( #206, #207, #208 ) )REPRESENTATION_CONTEXT( 'NONE', 'WORKSPACE' ) );
#26 = APPLICATION_CONTEXT( 'core data for automotive mechanical design processes' );
#27 = PRODUCT_CATEGORY( 'part', 'NONE' );
#28 = PRODUCT_RELATED_PRODUCT_CATEGORY( 'detail', ' ', ( #210 ) );
#29 = PRODUCT_DEFINITION_SHAPE( 'NONE', 'NONE', #211 );
#30 = SHAPE_REPRESENTATION( 'Assem1', ( #212, #213, #214, #215, #216 ), #217 );
#31 = PRODUCT_RELATED_PRODUCT_CATEGORY( 'detail', ' ', ( #218 ) );
#32 = ( REPRESENTATION_RELATIONSHIP( '', '', #35, #30 )REPRESENTATION_RELATIONSHIP_WITH_TRANSFORMATION( #221 )SHAPE_REPRESENTATION_RELATIONSHIP(  ) );
#33 = PRODUCT_DEFINITION_SHAPE( 'NAUO-PROD-DEF', 'NAUO-PROD-DEF', #223 );
#34 = PRODUCT_DEFINITION_SHAPE( 'NONE', 'NONE', #224 );
#35 = SHAPE_REPRESENTATION( 'dissipateur', ( #212 ), #217 );
#36 = ADVANCED_BREP_SHAPE_REPRESENTATION( 'dissipateur', ( #225 ), #22 );
#37 = PRODUCT_RELATED_PRODUCT_CATEGORY( 'detail', ' ', ( #226 ) );
#38 = ( REPRESENTATION_RELATIONSHIP( '', '', #41, #30 )REPRESENTATION_RELATIONSHIP_WITH_TRANSFORMATION( #229 )SHAPE_REPRESENTATION_RELATIONSHIP(  ) );
#39 = PRODUCT_DEFINITION_SHAPE( 'NAUO-PROD-DEF', 'NAUO-PROD-DEF', #231 );
#40 = PRODUCT_DEFINITION_SHAPE( 'NONE', 'NONE', #232 );
#41 = SHAPE_REPRESENTATION( 'sortie-oa0', ( #212 ), #217 );
#42 = ADVANCED_BREP_SHAPE_REPRESENTATION( 'sortie-oa0', ( #233 ), #22 );
#43 = PRODUCT_RELATED_PRODUCT_CATEGORY( 'detail', ' ', ( #234 ) );
#44 = ( REPRESENTATION_RELATIONSHIP( '', '', #47, #30 )REPRESENTATION_RELATIONSHIP_WITH_TRANSFORMATION( #237 )SHAPE_REPRESENTATION_RELATIONSHIP(  ) );
#45 = PRODUCT_DEFINITION_SHAPE( 'NAUO-PROD-DEF', 'NAUO-PROD-DEF', #239 );
#46 = PRODUCT_DEFINITION_SHAPE( 'NONE', 'NONE', #240 );
#47 = SHAPE_REPRESENTATION( 'sortie-oa1', ( #212 ), #217 );
#48 = ADVANCED_BREP_SHAPE_REPRESENTATION( 'sortie-oa1', ( #241 ), #22 );
#49 = PRODUCT_RELATED_PRODUCT_CATEGORY( 'detail', ' ', ( #242 ) );
#50 = ( REPRESENTATION_RELATIONSHIP( '', '', #53, #30 )REPRESENTATION_RELATIONSHIP_WITH_TRANSFORMATION( #245 )SHAPE_REPRESENTATION_RELATIONSHIP(  ) );
#51 = PRODUCT_DEFINITION_SHAPE( 'NAUO-PROD-DEF', 'NAUO-PROD-DEF', #247 );
#52 = PRODUCT_DEFINITION_SHAPE( 'NONE', 'NONE', #248 );
#53 = SHAPE_REPRESENTATION( 'moulage D2TO 20_35', ( #212 ), #217 );
#54 = ADVANCED_BREP_SHAPE_REPRESENTATION( 'moulage D2TO 20_35', ( #249 ), #22 );
#55 = STYLED_ITEM( '', ( #250 ), #251 );
#56 = STYLED_ITEM( '', ( #252 ), #253 );
#57 = STYLED_ITEM( '', ( #254 ), #255 );
#58 = STYLED_ITEM( '', ( #256 ), #257 );
#59 = STYLED_ITEM( '', ( #258 ), #259 );
#60 = STYLED_ITEM( '', ( #260 ), #261 );
#61 = STYLED_ITEM( '', ( #262 ), #263 );
#62 = STYLED_ITEM( '', ( #264 ), #265 );
#63 = STYLED_ITEM( '', ( #266 ), #267 );
#64 = STYLED_ITEM( '', ( #268 ), #269 );
#65 = STYLED_ITEM( '', ( #270 ), #271 );
#66 = STYLED_ITEM( '', ( #272 ), #273 );
#67 = STYLED_ITEM( '', ( #274 ), #275 );
#68 = STYLED_ITEM( '', ( #276 ), #277 );
#69 = STYLED_ITEM( '', ( #278 ), #279 );
#70 = STYLED_ITEM( '', ( #280 ), #281 );
#71 = STYLED_ITEM( '', ( #282 ), #283 );
#72 = STYLED_ITEM( '', ( #284 ), #285 );
#73 = STYLED_ITEM( '', ( #286 ), #287 );
#74 = STYLED_ITEM( '', ( #288 ), #289 );
#75 = STYLED_ITEM( '', ( #290 ), #291 );
#76 = STYLED_ITEM( '', ( #292 ), #293 );
#77 = STYLED_ITEM( '', ( #294 ), #295 );
#78 = STYLED_ITEM( '', ( #296 ), #297 );
#79 = STYLED_ITEM( '', ( #298 ), #299 );
#80 = STYLED_ITEM( '', ( #300 ), #301 );
#81 = STYLED_ITEM( '', ( #302 ), #303 );
#82 = STYLED_ITEM( '', ( #304 ), #305 );
#83 = STYLED_ITEM( '', ( #306 ), #307 );
#84 = STYLED_ITEM( '', ( #308 ), #309 );
#85 = STYLED_ITEM( '', ( #310 ), #311 );
#86 = STYLED_ITEM( '', ( #312 ), #313 );
#87 = STYLED_ITEM( '', ( #314 ), #315 );
#88 = STYLED_ITEM( '', ( #316 ), #317 );
#89 = STYLED_ITEM( '', ( #318 ), #319 );
#90 = STYLED_ITEM( '', ( #320 ), #321 );
#91 = STYLED_ITEM( '', ( #322 ), #323 );
#92 = STYLED_ITEM( '', ( #324 ), #325 );
#93 = STYLED_ITEM( '', ( #326 ), #327 );
#94 = STYLED_ITEM( '', ( #328 ), #329 );
#95 = STYLED_ITEM( '', ( #330 ), #331 );
#96 = STYLED_ITEM( '', ( #332 ), #333 );
#97 = STYLED_ITEM( '', ( #334 ), #335 );
#98 = STYLED_ITEM( '', ( #336 ), #337 );
#99 = STYLED_ITEM( '', ( #338 ), #339 );
#100 = STYLED_ITEM( '', ( #340 ), #341 );
#101 = STYLED_ITEM( '', ( #342 ), #343 );
#102 = STYLED_ITEM( '', ( #344 ), #345 );
#103 = STYLED_ITEM( '', ( #346 ), #347 );
#104 = STYLED_ITEM( '', ( #348 ), #349 );
#105 = STYLED_ITEM( '', ( #350 ), #351 );
#106 = STYLED_ITEM( '', ( #352 ), #353 );
#107 = STYLED_ITEM( '', ( #354 ), #355 );
#108 = STYLED_ITEM( '', ( #356 ), #357 );
#109 = STYLED_ITEM( '', ( #358 ), #359 );
#110 = STYLED_ITEM( '', ( #360 ), #361 );
#111 = STYLED_ITEM( '', ( #362 ), #363 );
#112 = STYLED_ITEM( '', ( #364 ), #365 );
#113 = STYLED_ITEM( '', ( #366 ), #367 );
#114 = STYLED_ITEM( '', ( #368 ), #369 );
#115 = STYLED_ITEM( '', ( #370 ), #371 );
#116 = STYLED_ITEM( '', ( #372 ), #373 );
#117 = STYLED_ITEM( '', ( #374 ), #375 );
#118 = STYLED_ITEM( '', ( #376 ), #377 );
#119 = STYLED_ITEM( '', ( #378 ), #379 );
#120 = STYLED_ITEM( '', ( #380 ), #381 );
#121 = STYLED_ITEM( '', ( #382 ), #383 );
#122 = STYLED_ITEM( '', ( #384 ), #385 );
#123 = STYLED_ITEM( '', ( #386 ), #387 );
#124 = STYLED_ITEM( '', ( #388 ), #389 );
#125 = STYLED_ITEM( '', ( #390 ), #391 );
#126 = STYLED_ITEM( '', ( #392 ), #393 );
#127 = STYLED_ITEM( '', ( #394 ), #395 );
#128 = STYLED_ITEM( '', ( #396 ), #397 );
#129 = STYLED_ITEM( '', ( #398 ), #399 );
#130 = STYLED_ITEM( '', ( #400 ), #401 );
#131 = STYLED_ITEM( '', ( #402 ), #403 );
#132 = STYLED_ITEM( '', ( #404 ), #405 );
#133 = STYLED_ITEM( '', ( #406 ), #407 );
#134 = STYLED_ITEM( '', ( #408 ), #409 );
#135 = STYLED_ITEM( '', ( #410 ), #411 );
#136 = STYLED_ITEM( '', ( #412 ), #413 );
#137 = STYLED_ITEM( '', ( #414 ), #415 );
#138 = STYLED_ITEM( '', ( #416 ), #417 );
#139 = STYLED_ITEM( '', ( #418 ), #419 );
#140 = STYLED_ITEM( '', ( #420 ), #421 );
#141 = STYLED_ITEM( '', ( #422 ), #423 );
#142 = STYLED_ITEM( '', ( #424 ), #425 );
#143 = STYLED_ITEM( '', ( #426 ), #427 );
#144 = STYLED_ITEM( '', ( #428 ), #429 );
#145 = STYLED_ITEM( '', ( #430 ), #431 );
#146 = STYLED_ITEM( '', ( #432 ), #433 );
#147 = STYLED_ITEM( '', ( #434 ), #435 );
#148 = STYLED_ITEM( '', ( #436 ), #437 );
#149 = STYLED_ITEM( '', ( #438 ), #439 );
#150 = STYLED_ITEM( '', ( #440 ), #441 );
#151 = STYLED_ITEM( '', ( #442 ), #443 );
#152 = STYLED_ITEM( '', ( #444 ), #445 );
#153 = STYLED_ITEM( '', ( #446 ), #447 );
#154 = STYLED_ITEM( '', ( #448 ), #449 );
#155 = STYLED_ITEM( '', ( #450 ), #451 );
#156 = STYLED_ITEM( '', ( #452 ), #453 );
#157 = STYLED_ITEM( '', ( #454 ), #455 );
#158 = STYLED_ITEM( '', ( #456 ), #457 );
#159 = STYLED_ITEM( '', ( #458 ), #459 );
#160 = STYLED_ITEM( '', ( #460 ), #461 );
#161 = STYLED_ITEM( '', ( #462 ), #463 );
#162 = STYLED_ITEM( '', ( #464 ), #465 );
#163 = STYLED_ITEM( '', ( #466 ), #467 );
#164 = STYLED_ITEM( '', ( #468 ), #469 );
#165 = STYLED_ITEM( '', ( #470 ), #471 );
#166 = STYLED_ITEM( '', ( #472 ), #473 );
#167 = STYLED_ITEM( '', ( #474 ), #475 );
#168 = STYLED_ITEM( '', ( #476 ), #477 );
#169 = STYLED_ITEM( '', ( #478 ), #479 );
#170 = STYLED_ITEM( '', ( #480 ), #481 );
#171 = STYLED_ITEM( '', ( #482 ), #483 );
#172 = STYLED_ITEM( '', ( #484 ), #485 );
#173 = STYLED_ITEM( '', ( #486 ), #487 );
#174 = STYLED_ITEM( '', ( #488 ), #489 );
#175 = STYLED_ITEM( '', ( #490 ), #491 );
#176 = STYLED_ITEM( '', ( #492 ), #493 );
#177 = STYLED_ITEM( '', ( #494 ), #495 );
#178 = STYLED_ITEM( '', ( #496 ), #497 );
#179 = STYLED_ITEM( '', ( #498 ), #499 );
#180 = STYLED_ITEM( '', ( #500 ), #501 );
#181 = STYLED_ITEM( '', ( #502 ), #503 );
#182 = STYLED_ITEM( '', ( #504 ), #505 );
#183 = STYLED_ITEM( '', ( #506 ), #507 );
#184 = STYLED_ITEM( '', ( #508 ), #509 );
#185 = STYLED_ITEM( '', ( #510 ), #511 );
#186 = STYLED_ITEM( '', ( #512 ), #513 );
#187 = STYLED_ITEM( '', ( #514 ), #515 );
#188 = STYLED_ITEM( '', ( #516 ), #517 );
#189 = STYLED_ITEM( '', ( #518 ), #519 );
#190 = STYLED_ITEM( '', ( #520 ), #521 );
#191 = STYLED_ITEM( '', ( #522 ), #523 );
#192 = STYLED_ITEM( '', ( #524 ), #525 );
#193 = STYLED_ITEM( '', ( #526 ), #527 );
#194 = STYLED_ITEM( '', ( #528 ), #529 );
#195 = STYLED_ITEM( '', ( #530 ), #531 );
#196 = STYLED_ITEM( '', ( #532 ), #533 );
#197 = STYLED_ITEM( '', ( #534 ), #535 );
#198 = STYLED_ITEM( '', ( #536 ), #537 );
#199 = STYLED_ITEM( '', ( #538 ), #539 );
#200 = STYLED_ITEM( '', ( #540 ), #541 );
#201 = STYLED_ITEM( '', ( #542 ), #543 );
#204 = UNCERTAINTY_MEASURE_WITH_UNIT( LENGTH_MEASURE( 0.00100000000000000 ), #206, '', '' );
#206 =  ( CONVERSION_BASED_UNIT( 'MILLIMETRE', #546 )LENGTH_UNIT(  )NAMED_UNIT( #549 ) );
#207 =  ( NAMED_UNIT( #551 )PLANE_ANGLE_UNIT(  )SI_UNIT( $, .RADIAN. ) );
#208 =  ( NAMED_UNIT( #551 )SI_UNIT( $, .STERADIAN. )SOLID_ANGLE_UNIT(  ) );
#210 = PRODUCT( 'Assem1', 'Assem1', 'PART-Assem1-DESC', ( #557 ) );
#211 = PRODUCT_DEFINITION( 'NONE', 'NONE', #558, #1 );
#212 = AXIS2_PLACEMENT_3D( '', #559, #560, #561 );
#213 = AXIS2_PLACEMENT_3D( '', #562, #563, #564 );
#214 = AXIS2_PLACEMENT_3D( '', #565, #566, #567 );
#215 = AXIS2_PLACEMENT_3D( '', #568, #569, #570 );
#216 = AXIS2_PLACEMENT_3D( '', #571, #572, #573 );
#217 =  ( GEOMETRIC_REPRESENTATION_CONTEXT( 3 )GLOBAL_UNCERTAINTY_ASSIGNED_CONTEXT( ( #576 ) )GLOBAL_UNIT_ASSIGNED_CONTEXT( ( #578, #579, #580 ) )REPRESENTATION_CONTEXT( 'NONE', 'WORKSPACE' ) );
#218 = PRODUCT( 'dissipateur', 'dissipateur', 'PART-dissipateur-DESC', ( #557 ) );
#221 = ITEM_DEFINED_TRANSFORMATION( '', '', #212, #213 );
#223 = NEXT_ASSEMBLY_USAGE_OCCURRENCE( 'NAUO1', 'NAUO1', 'NAUO1', #211, #224, $ );
#224 = PRODUCT_DEFINITION( 'dissipateur', 'dissipateur', #582, #1 );
#225 = MANIFOLD_SOLID_BREP( 'dissipateur', #583 );
#226 = PRODUCT( 'sortie-oa0', 'sortie-oa0', 'PART-sortie-oa0-DESC', ( #557 ) );
#229 = ITEM_DEFINED_TRANSFORMATION( '', '', #212, #214 );
#231 = NEXT_ASSEMBLY_USAGE_OCCURRENCE( 'NAUO2', 'NAUO2', 'NAUO2', #211, #232, $ );
#232 = PRODUCT_DEFINITION( 'sortie-oa0', 'sortie-oa0', #584, #1 );
#233 = MANIFOLD_SOLID_BREP( 'sortie-oa0', #585 );
#234 = PRODUCT( 'sortie-oa1', 'sortie-oa1', 'PART-sortie-oa1-DESC', ( #557 ) );
#237 = ITEM_DEFINED_TRANSFORMATION( '', '', #212, #215 );
#239 = NEXT_ASSEMBLY_USAGE_OCCURRENCE( 'NAUO3', 'NAUO3', 'NAUO3', #211, #240, $ );
#240 = PRODUCT_DEFINITION( 'sortie-oa1', 'sortie-oa1', #586, #1 );
#241 = MANIFOLD_SOLID_BREP( 'sortie-oa1', #587 );
#242 = PRODUCT( 'moulage D2TO 20_35', 'moulage D2TO 20_35', 'PART-moulage D2TO 20_35-DESC', ( #557 ) );
#245 = ITEM_DEFINED_TRANSFORMATION( '', '', #212, #216 );
#247 = NEXT_ASSEMBLY_USAGE_OCCURRENCE( 'NAUO4', 'NAUO4', 'NAUO4', #211, #248, $ );
#248 = PRODUCT_DEFINITION( 'moulage D2TO 20_35', 'moulage D2TO 20_35', #588, #1 );
#249 = MANIFOLD_SOLID_BREP( 'moulage D2TO 20_35', #589 );
#250 = PRESENTATION_STYLE_ASSIGNMENT( ( #590 ) );
#251 = ADVANCED_FACE( '', ( #591 ), #592, .T. );
#252 = PRESENTATION_STYLE_ASSIGNMENT( ( #593 ) );
#253 = ADVANCED_FACE( '', ( #594 ), #595, .T. );
#254 = PRESENTATION_STYLE_ASSIGNMENT( ( #596 ) );
#255 = ADVANCED_FACE( '', ( #597 ), #598, .F. );
#256 = PRESENTATION_STYLE_ASSIGNMENT( ( #599 ) );
#257 = ADVANCED_FACE( '', ( #600 ), #601, .T. );
#258 = PRESENTATION_STYLE_ASSIGNMENT( ( #602 ) );
#259 = ADVANCED_FACE( '', ( #603, #604 ), #605, .T. );
#260 = PRESENTATION_STYLE_ASSIGNMENT( ( #606 ) );
#261 = ADVANCED_FACE( '', ( #607 ), #608, .T. );
#262 = PRESENTATION_STYLE_ASSIGNMENT( ( #609 ) );
#263 = ADVANCED_FACE( '', ( #610 ), #611, .T. );
#264 = PRESENTATION_STYLE_ASSIGNMENT( ( #612 ) );
#265 = ADVANCED_FACE( '', ( #613 ), #614, .F. );
#266 = PRESENTATION_STYLE_ASSIGNMENT( ( #615 ) );
#267 = ADVANCED_FACE( '', ( #616 ), #617, .T. );
#268 = PRESENTATION_STYLE_ASSIGNMENT( ( #618 ) );
#269 = ADVANCED_FACE( '', ( #619 ), #620, .T. );
#270 = PRESENTATION_STYLE_ASSIGNMENT( ( #621 ) );
#271 = ADVANCED_FACE( '', ( #622 ), #623, .T. );
#272 = PRESENTATION_STYLE_ASSIGNMENT( ( #624 ) );
#273 = ADVANCED_FACE( '', ( #625 ), #626, .T. );
#274 = PRESENTATION_STYLE_ASSIGNMENT( ( #627 ) );
#275 = ADVANCED_FACE( '', ( #628 ), #629, .T. );
#276 = PRESENTATION_STYLE_ASSIGNMENT( ( #630 ) );
#277 = ADVANCED_FACE( '', ( #631 ), #632, .T. );
#278 = PRESENTATION_STYLE_ASSIGNMENT( ( #633 ) );
#279 = ADVANCED_FACE( '', ( #634 ), #635, .T. );
#280 = PRESENTATION_STYLE_ASSIGNMENT( ( #636 ) );
#281 = ADVANCED_FACE( '', ( #637 ), #638, .T. );
#282 = PRESENTATION_STYLE_ASSIGNMENT( ( #639 ) );
#283 = ADVANCED_FACE( '', ( #640 ), #641, .T. );
#284 = PRESENTATION_STYLE_ASSIGNMENT( ( #642 ) );
#285 = ADVANCED_FACE( '', ( #643 ), #644, .T. );
#286 = PRESENTATION_STYLE_ASSIGNMENT( ( #645 ) );
#287 = ADVANCED_FACE( '', ( #646 ), #647, .F. );
#288 = PRESENTATION_STYLE_ASSIGNMENT( ( #648 ) );
#289 = ADVANCED_FACE( '', ( #649 ), #650, .T. );
#290 = PRESENTATION_STYLE_ASSIGNMENT( ( #651 ) );
#291 = ADVANCED_FACE( '', ( #652 ), #653, .T. );
#292 = PRESENTATION_STYLE_ASSIGNMENT( ( #654 ) );
#293 = ADVANCED_FACE( '', ( #655 ), #656, .T. );
#294 = PRESENTATION_STYLE_ASSIGNMENT( ( #657 ) );
#295 = ADVANCED_FACE( '', ( #658 ), #659, .T. );
#296 = PRESENTATION_STYLE_ASSIGNMENT( ( #660 ) );
#297 = ADVANCED_FACE( '', ( #661 ), #662, .T. );
#298 = PRESENTATION_STYLE_ASSIGNMENT( ( #663 ) );
#299 = ADVANCED_FACE( '', ( #664 ), #665, .T. );
#300 = PRESENTATION_STYLE_ASSIGNMENT( ( #666 ) );
#301 = ADVANCED_FACE( '', ( #667, #668 ), #669, .F. );
#302 = PRESENTATION_STYLE_ASSIGNMENT( ( #670 ) );
#303 = ADVANCED_FACE( '', ( #671 ), #672, .T. );
#304 = PRESENTATION_STYLE_ASSIGNMENT( ( #673 ) );
#305 = ADVANCED_FACE( '', ( #674 ), #675, .T. );
#306 = PRESENTATION_STYLE_ASSIGNMENT( ( #676 ) );
#307 = ADVANCED_FACE( '', ( #677 ), #678, .F. );
#308 = PRESENTATION_STYLE_ASSIGNMENT( ( #679 ) );
#309 = ADVANCED_FACE( '', ( #680 ), #681, .T. );
#310 = PRESENTATION_STYLE_ASSIGNMENT( ( #682 ) );
#311 = ADVANCED_FACE( '', ( #683 ), #684, .T. );
#312 = PRESENTATION_STYLE_ASSIGNMENT( ( #685 ) );
#313 = ADVANCED_FACE( '', ( #686 ), #687, .T. );
#314 = PRESENTATION_STYLE_ASSIGNMENT( ( #688 ) );
#315 = ADVANCED_FACE( '', ( #689 ), #690, .T. );
#316 = PRESENTATION_STYLE_ASSIGNMENT( ( #691 ) );
#317 = ADVANCED_FACE( '', ( #692 ), #693, .T. );
#318 = PRESENTATION_STYLE_ASSIGNMENT( ( #694 ) );
#319 = ADVANCED_FACE( '', ( #695 ), #696, .T. );
#320 = PRESENTATION_STYLE_ASSIGNMENT( ( #697 ) );
#321 = ADVANCED_FACE( '', ( #698 ), #699, .T. );
#322 = PRESENTATION_STYLE_ASSIGNMENT( ( #700 ) );
#323 = ADVANCED_FACE( '', ( #701, #702 ), #703, .F. );
#324 = PRESENTATION_STYLE_ASSIGNMENT( ( #704 ) );
#325 = ADVANCED_FACE( '', ( #705 ), #706, .T. );
#326 = PRESENTATION_STYLE_ASSIGNMENT( ( #707 ) );
#327 = ADVANCED_FACE( '', ( #708 ), #709, .F. );
#328 = PRESENTATION_STYLE_ASSIGNMENT( ( #710 ) );
#329 = ADVANCED_FACE( '', ( #711, #712 ), #713, .T. );
#330 = PRESENTATION_STYLE_ASSIGNMENT( ( #714 ) );
#331 = ADVANCED_FACE( '', ( #715 ), #716, .T. );
#332 = PRESENTATION_STYLE_ASSIGNMENT( ( #717 ) );
#333 = ADVANCED_FACE( '', ( #718 ), #719, .T. );
#334 = PRESENTATION_STYLE_ASSIGNMENT( ( #720 ) );
#335 = ADVANCED_FACE( '', ( #721 ), #722, .T. );
#336 = PRESENTATION_STYLE_ASSIGNMENT( ( #723 ) );
#337 = ADVANCED_FACE( '', ( #724 ), #725, .T. );
#338 = PRESENTATION_STYLE_ASSIGNMENT( ( #726 ) );
#339 = ADVANCED_FACE( '', ( #727 ), #728, .T. );
#340 = PRESENTATION_STYLE_ASSIGNMENT( ( #729 ) );
#341 = ADVANCED_FACE( '', ( #730 ), #731, .T. );
#342 = PRESENTATION_STYLE_ASSIGNMENT( ( #732 ) );
#343 = ADVANCED_FACE( '', ( #733 ), #734, .T. );
#344 = PRESENTATION_STYLE_ASSIGNMENT( ( #735 ) );
#345 = ADVANCED_FACE( '', ( #736 ), #737, .T. );
#346 = PRESENTATION_STYLE_ASSIGNMENT( ( #738 ) );
#347 = ADVANCED_FACE( '', ( #739, #740 ), #741, .T. );
#348 = PRESENTATION_STYLE_ASSIGNMENT( ( #742 ) );
#349 = ADVANCED_FACE( '', ( #743, #744 ), #745, .T. );
#350 = PRESENTATION_STYLE_ASSIGNMENT( ( #746 ) );
#351 = ADVANCED_FACE( '', ( #747 ), #748, .T. );
#352 = PRESENTATION_STYLE_ASSIGNMENT( ( #749 ) );
#353 = ADVANCED_FACE( '', ( #750 ), #751, .T. );
#354 = PRESENTATION_STYLE_ASSIGNMENT( ( #752 ) );
#355 = ADVANCED_FACE( '', ( #753 ), #754, .F. );
#356 = PRESENTATION_STYLE_ASSIGNMENT( ( #755 ) );
#357 = ADVANCED_FACE( '', ( #756 ), #757, .T. );
#358 = PRESENTATION_STYLE_ASSIGNMENT( ( #758 ) );
#359 = ADVANCED_FACE( '', ( #759 ), #760, .F. );
#360 = PRESENTATION_STYLE_ASSIGNMENT( ( #761 ) );
#361 = ADVANCED_FACE( '', ( #762, #763 ), #764, .T. );
#362 = PRESENTATION_STYLE_ASSIGNMENT( ( #765 ) );
#363 = ADVANCED_FACE( '', ( #766 ), #767, .T. );
#364 = PRESENTATION_STYLE_ASSIGNMENT( ( #768 ) );
#365 = ADVANCED_FACE( '', ( #769 ), #770, .T. );
#366 = PRESENTATION_STYLE_ASSIGNMENT( ( #771 ) );
#367 = ADVANCED_FACE( '', ( #772 ), #773, .F. );
#368 = PRESENTATION_STYLE_ASSIGNMENT( ( #774 ) );
#369 = ADVANCED_FACE( '', ( #775 ), #776, .T. );
#370 = PRESENTATION_STYLE_ASSIGNMENT( ( #777 ) );
#371 = ADVANCED_FACE( '', ( #778 ), #779, .F. );
#372 = PRESENTATION_STYLE_ASSIGNMENT( ( #780 ) );
#373 = ADVANCED_FACE( '', ( #781 ), #782, .T. );
#374 = PRESENTATION_STYLE_ASSIGNMENT( ( #783 ) );
#375 = ADVANCED_FACE( '', ( #784 ), #785, .T. );
#376 = PRESENTATION_STYLE_ASSIGNMENT( ( #786 ) );
#377 = ADVANCED_FACE( '', ( #787 ), #788, .F. );
#378 = PRESENTATION_STYLE_ASSIGNMENT( ( #789 ) );
#379 = ADVANCED_FACE( '', ( #790 ), #791, .T. );
#380 = PRESENTATION_STYLE_ASSIGNMENT( ( #792 ) );
#381 = ADVANCED_FACE( '', ( #793 ), #794, .T. );
#382 = PRESENTATION_STYLE_ASSIGNMENT( ( #795 ) );
#383 = ADVANCED_FACE( '', ( #796 ), #797, .T. );
#384 = PRESENTATION_STYLE_ASSIGNMENT( ( #798 ) );
#385 = ADVANCED_FACE( '', ( #799 ), #800, .T. );
#386 = PRESENTATION_STYLE_ASSIGNMENT( ( #801 ) );
#387 = ADVANCED_FACE( '', ( #802 ), #803, .T. );
#388 = PRESENTATION_STYLE_ASSIGNMENT( ( #804 ) );
#389 = ADVANCED_FACE( '', ( #805 ), #806, .T. );
#390 = PRESENTATION_STYLE_ASSIGNMENT( ( #807 ) );
#391 = ADVANCED_FACE( '', ( #808 ), #809, .T. );
#392 = PRESENTATION_STYLE_ASSIGNMENT( ( #810 ) );
#393 = ADVANCED_FACE( '', ( #811 ), #812, .T. );
#394 = PRESENTATION_STYLE_ASSIGNMENT( ( #813 ) );
#395 = ADVANCED_FACE( '', ( #814 ), #815, .T. );
#396 = PRESENTATION_STYLE_ASSIGNMENT( ( #816 ) );
#397 = ADVANCED_FACE( '', ( #817 ), #818, .T. );
#398 = PRESENTATION_STYLE_ASSIGNMENT( ( #819 ) );
#399 = ADVANCED_FACE( '', ( #820 ), #821, .T. );
#400 = PRESENTATION_STYLE_ASSIGNMENT( ( #822 ) );
#401 = ADVANCED_FACE( '', ( #823 ), #824, .T. );
#402 = PRESENTATION_STYLE_ASSIGNMENT( ( #825 ) );
#403 = ADVANCED_FACE( '', ( #826 ), #827, .T. );
#404 = PRESENTATION_STYLE_ASSIGNMENT( ( #828 ) );
#405 = ADVANCED_FACE( '', ( #829 ), #830, .T. );
#406 = PRESENTATION_STYLE_ASSIGNMENT( ( #831 ) );
#407 = ADVANCED_FACE( '', ( #832 ), #833, .T. );
#408 = PRESENTATION_STYLE_ASSIGNMENT( ( #834 ) );
#409 = ADVANCED_FACE( '', ( #835, #836 ), #837, .T. );
#410 = PRESENTATION_STYLE_ASSIGNMENT( ( #838 ) );
#411 = ADVANCED_FACE( '', ( #839 ), #840, .T. );
#412 = PRESENTATION_STYLE_ASSIGNMENT( ( #841 ) );
#413 = ADVANCED_FACE( '', ( #842 ), #843, .T. );
#414 = PRESENTATION_STYLE_ASSIGNMENT( ( #844 ) );
#415 = ADVANCED_FACE( '', ( #845 ), #846, .T. );
#416 = PRESENTATION_STYLE_ASSIGNMENT( ( #847 ) );
#417 = ADVANCED_FACE( '', ( #848 ), #849, .T. );
#418 = PRESENTATION_STYLE_ASSIGNMENT( ( #850 ) );
#419 = ADVANCED_FACE( '', ( #851 ), #852, .T. );
#420 = PRESENTATION_STYLE_ASSIGNMENT( ( #853 ) );
#421 = ADVANCED_FACE( '', ( #854 ), #855, .T. );
#422 = PRESENTATION_STYLE_ASSIGNMENT( ( #856 ) );
#423 = ADVANCED_FACE( '', ( #857 ), #858, .T. );
#424 = PRESENTATION_STYLE_ASSIGNMENT( ( #859 ) );
#425 = ADVANCED_FACE( '', ( #860 ), #861, .T. );
#426 = PRESENTATION_STYLE_ASSIGNMENT( ( #862 ) );
#427 = ADVANCED_FACE( '', ( #863 ), #864, .T. );
#428 = PRESENTATION_STYLE_ASSIGNMENT( ( #865 ) );
#429 = ADVANCED_FACE( '', ( #866 ), #867, .T. );
#430 = PRESENTATION_STYLE_ASSIGNMENT( ( #868 ) );
#431 = ADVANCED_FACE( '', ( #869 ), #870, .T. );
#432 = PRESENTATION_STYLE_ASSIGNMENT( ( #871 ) );
#433 = ADVANCED_FACE( '', ( #872 ), #873, .T. );
#434 = PRESENTATION_STYLE_ASSIGNMENT( ( #874 ) );
#435 = ADVANCED_FACE( '', ( #875 ), #876, .T. );
#436 = PRESENTATION_STYLE_ASSIGNMENT( ( #877 ) );
#437 = ADVANCED_FACE( '', ( #878 ), #879, .T. );
#438 = PRESENTATION_STYLE_ASSIGNMENT( ( #880 ) );
#439 = ADVANCED_FACE( '', ( #881 ), #882, .T. );
#440 = PRESENTATION_STYLE_ASSIGNMENT( ( #883 ) );
#441 = ADVANCED_FACE( '', ( #884 ), #885, .T. );
#442 = PRESENTATION_STYLE_ASSIGNMENT( ( #886 ) );
#443 = ADVANCED_FACE( '', ( #887 ), #888, .T. );
#444 = PRESENTATION_STYLE_ASSIGNMENT( ( #889 ) );
#445 = ADVANCED_FACE( '', ( #890, #891 ), #892, .T. );
#446 = PRESENTATION_STYLE_ASSIGNMENT( ( #893 ) );
#447 = ADVANCED_FACE( '', ( #894 ), #895, .T. );
#448 = PRESENTATION_STYLE_ASSIGNMENT( ( #896 ) );
#449 = ADVANCED_FACE( '', ( #897 ), #898, .T. );
#450 = PRESENTATION_STYLE_ASSIGNMENT( ( #899 ) );
#451 = ADVANCED_FACE( '', ( #900 ), #901, .T. );
#452 = PRESENTATION_STYLE_ASSIGNMENT( ( #902 ) );
#453 = ADVANCED_FACE( '', ( #903 ), #904, .T. );
#454 = PRESENTATION_STYLE_ASSIGNMENT( ( #905 ) );
#455 = ADVANCED_FACE( '', ( #906, #907 ), #908, .F. );
#456 = PRESENTATION_STYLE_ASSIGNMENT( ( #909 ) );
#457 = ADVANCED_FACE( '', ( #910 ), #911, .T. );
#458 = PRESENTATION_STYLE_ASSIGNMENT( ( #912 ) );
#459 = ADVANCED_FACE( '', ( #913 ), #914, .T. );
#460 = PRESENTATION_STYLE_ASSIGNMENT( ( #915 ) );
#461 = ADVANCED_FACE( '', ( #916 ), #917, .T. );
#462 = PRESENTATION_STYLE_ASSIGNMENT( ( #918 ) );
#463 = ADVANCED_FACE( '', ( #919 ), #920, .F. );
#464 = PRESENTATION_STYLE_ASSIGNMENT( ( #921 ) );
#465 = ADVANCED_FACE( '', ( #922, #923 ), #924, .T. );
#466 = PRESENTATION_STYLE_ASSIGNMENT( ( #925 ) );
#467 = ADVANCED_FACE( '', ( #926 ), #927, .T. );
#468 = PRESENTATION_STYLE_ASSIGNMENT( ( #928 ) );
#469 = ADVANCED_FACE( '', ( #929 ), #930, .T. );
#470 = PRESENTATION_STYLE_ASSIGNMENT( ( #931 ) );
#471 = ADVANCED_FACE( '', ( #932 ), #933, .T. );
#472 = PRESENTATION_STYLE_ASSIGNMENT( ( #934 ) );
#473 = ADVANCED_FACE( '', ( #935 ), #936, .T. );
#474 = PRESENTATION_STYLE_ASSIGNMENT( ( #937 ) );
#475 = ADVANCED_FACE( '', ( #938, #939 ), #940, .T. );
#476 = PRESENTATION_STYLE_ASSIGNMENT( ( #941 ) );
#477 = ADVANCED_FACE( '', ( #942 ), #943, .T. );
#478 = PRESENTATION_STYLE_ASSIGNMENT( ( #944 ) );
#479 = ADVANCED_FACE( '', ( #945 ), #946, .T. );
#480 = PRESENTATION_STYLE_ASSIGNMENT( ( #947 ) );
#481 = ADVANCED_FACE( '', ( #948 ), #949, .T. );
#482 = PRESENTATION_STYLE_ASSIGNMENT( ( #950 ) );
#483 = ADVANCED_FACE( '', ( #951 ), #952, .T. );
#484 = PRESENTATION_STYLE_ASSIGNMENT( ( #953 ) );
#485 = ADVANCED_FACE( '', ( #954 ), #955, .F. );
#486 = PRESENTATION_STYLE_ASSIGNMENT( ( #956 ) );
#487 = ADVANCED_FACE( '', ( #957 ), #958, .T. );
#488 = PRESENTATION_STYLE_ASSIGNMENT( ( #959 ) );
#489 = ADVANCED_FACE( '', ( #960 ), #961, .T. );
#490 = PRESENTATION_STYLE_ASSIGNMENT( ( #962 ) );
#491 = ADVANCED_FACE( '', ( #963 ), #964, .T. );
#492 = PRESENTATION_STYLE_ASSIGNMENT( ( #965 ) );
#493 = ADVANCED_FACE( '', ( #966 ), #967, .F. );
#494 = PRESENTATION_STYLE_ASSIGNMENT( ( #968 ) );
#495 = ADVANCED_FACE( '', ( #969 ), #970, .T. );
#496 = PRESENTATION_STYLE_ASSIGNMENT( ( #971 ) );
#497 = ADVANCED_FACE( '', ( #972 ), #973, .T. );
#498 = PRESENTATION_STYLE_ASSIGNMENT( ( #974 ) );
#499 = ADVANCED_FACE( '', ( #975, #976 ), #977, .T. );
#500 = PRESENTATION_STYLE_ASSIGNMENT( ( #978 ) );
#501 = ADVANCED_FACE( '', ( #979 ), #980, .T. );
#502 = PRESENTATION_STYLE_ASSIGNMENT( ( #981 ) );
#503 = ADVANCED_FACE( '', ( #982 ), #983, .T. );
#504 = PRESENTATION_STYLE_ASSIGNMENT( ( #984 ) );
#505 = ADVANCED_FACE( '', ( #985, #986 ), #987, .T. );
#506 = PRESENTATION_STYLE_ASSIGNMENT( ( #988 ) );
#507 = ADVANCED_FACE( '', ( #989 ), #990, .T. );
#508 = PRESENTATION_STYLE_ASSIGNMENT( ( #991 ) );
#509 = ADVANCED_FACE( '', ( #992, #993, #994, #995, #996, #997, #998, #999, #1000, #1001, #1002, #1003 ), #1004, .T. );
#510 = PRESENTATION_STYLE_ASSIGNMENT( ( #1005 ) );
#511 = ADVANCED_FACE( '', ( #1006 ), #1007, .T. );
#512 = PRESENTATION_STYLE_ASSIGNMENT( ( #1008 ) );
#513 = ADVANCED_FACE( '', ( #1009 ), #1010, .T. );
#514 = PRESENTATION_STYLE_ASSIGNMENT( ( #1011 ) );
#515 = ADVANCED_FACE( '', ( #1012 ), #1013, .T. );
#516 = PRESENTATION_STYLE_ASSIGNMENT( ( #1014 ) );
#517 = ADVANCED_FACE( '', ( #1015, #1016 ), #1017, .F. );
#518 = PRESENTATION_STYLE_ASSIGNMENT( ( #1018 ) );
#519 = ADVANCED_FACE( '', ( #1019 ), #1020, .T. );
#520 = PRESENTATION_STYLE_ASSIGNMENT( ( #1021 ) );
#521 = ADVANCED_FACE( '', ( #1022 ), #1023, .F. );
#522 = PRESENTATION_STYLE_ASSIGNMENT( ( #1024 ) );
#523 = ADVANCED_FACE( '', ( #1025 ), #1026, .T. );
#524 = PRESENTATION_STYLE_ASSIGNMENT( ( #1027 ) );
#525 = ADVANCED_FACE( '', ( #1028 ), #1029, .T. );
#526 = PRESENTATION_STYLE_ASSIGNMENT( ( #1030 ) );
#527 = ADVANCED_FACE( '', ( #1031 ), #1032, .T. );
#528 = PRESENTATION_STYLE_ASSIGNMENT( ( #1033 ) );
#529 = ADVANCED_FACE( '', ( #1034 ), #1035, .T. );
#530 = PRESENTATION_STYLE_ASSIGNMENT( ( #1036 ) );
#531 = ADVANCED_FACE( '', ( #1037 ), #1038, .T. );
#532 = PRESENTATION_STYLE_ASSIGNMENT( ( #1039 ) );
#533 = ADVANCED_FACE( '', ( #1040 ), #1041, .T. );
#534 = PRESENTATION_STYLE_ASSIGNMENT( ( #1042 ) );
#535 = ADVANCED_FACE( '', ( #1043 ), #1044, .T. );
#536 = PRESENTATION_STYLE_ASSIGNMENT( ( #1045 ) );
#537 = ADVANCED_FACE( '', ( #1046 ), #1047, .T. );
#538 = PRESENTATION_STYLE_ASSIGNMENT( ( #1048 ) );
#539 = ADVANCED_FACE( '', ( #1049 ), #1050, .T. );
#540 = PRESENTATION_STYLE_ASSIGNMENT( ( #1051 ) );
#541 = ADVANCED_FACE( '', ( #1052 ), #1053, .T. );
#542 = PRESENTATION_STYLE_ASSIGNMENT( ( #1054 ) );
#543 = ADVANCED_FACE( '', ( #1055 ), #1056, .T. );
#546 = LENGTH_MEASURE_WITH_UNIT( LENGTH_MEASURE( 1.00000000000000 ), #1057 );
#549 = DIMENSIONAL_EXPONENTS( 1.00000000000000, 0.000000000000000, 0.000000000000000, 0.000000000000000, 0.000000000000000, 0.000000000000000, 0.000000000000000 );
#551 = DIMENSIONAL_EXPONENTS( 0.000000000000000, 0.000000000000000, 0.000000000000000, 0.000000000000000, 0.000000000000000, 0.000000000000000, 0.000000000000000 );
#557 = PRODUCT_CONTEXT( '', #26, 'mechanical' );
#558 = PRODUCT_DEFINITION_FORMATION_WITH_SPECIFIED_SOURCE( ' ', 'NONE', #210, .NOT_KNOWN. );
#559 = CARTESIAN_POINT( '', ( 0.000000000000000, 0.000000000000000, 0.000000000000000 ) );
#560 = DIRECTION( '', ( 0.000000000000000, 0.000000000000000, 1.00000000000000 ) );
#561 = DIRECTION( '', ( 1.00000000000000, 0.000000000000000, 0.000000000000000 ) );
#562 = CARTESIAN_POINT( '', ( 1.23360936953542, -0.00353918801103877, 11.4130566037736 ) );
#563 = DIRECTION( '', ( 0.000000000000000, 0.000000000000000, 1.00000000000000 ) );
#564 = DIRECTION( '', ( 1.00000000000000, 0.000000000000000, 0.000000000000000 ) );
#565 = CARTESIAN_POINT( '', ( 0.300000000000000, -2.54115508421333, -4.43500000000000 ) );
#566 = DIRECTION( '', ( 1.00000000000000, -2.77555756156295E-017, 1.81390729744813E-015 ) );
#567 = DIRECTION( '', ( 1.81390729744813E-015, 2.36226666940141E-016, -1.00000000000000 ) );
#568 = CARTESIAN_POINT( '', ( 0.300000000000000, 2.54115508421333, -4.43500000000000 ) );
#569 = DIRECTION( '', ( 1.00000000000000, 2.77555756156294E-017, 1.81390729744813E-015 ) );
#570 = DIRECTION( '', ( 1.81390729744813E-015, -2.36226666940141E-016, -1.00000000000000 ) );
#571 = CARTESIAN_POINT( '', ( 0.000000000000000, 0.000000000000000, 0.000000000000000 ) );
#572 = DIRECTION( '', ( 0.000000000000000, 0.000000000000000, 1.00000000000000 ) );
#573 = DIRECTION( '', ( 1.00000000000000, 0.000000000000000, 0.000000000000000 ) );
#576 = UNCERTAINTY_MEASURE_WITH_UNIT( LENGTH_MEASURE( 0.00100000000000000 ), #578, '', '' );
#578 =  ( CONVERSION_BASED_UNIT( 'MILLIMETRE', #1060 )LENGTH_UNIT(  )NAMED_UNIT( #1063 ) );
#579 =  ( NAMED_UNIT( #1065 )PLANE_ANGLE_UNIT(  )SI_UNIT( $, .RADIAN. ) );
#580 =  ( NAMED_UNIT( #1065 )SI_UNIT( $, .STERADIAN. )SOLID_ANGLE_UNIT(  ) );
#582 = PRODUCT_DEFINITION_FORMATION_WITH_SPECIFIED_SOURCE( ' ', 'NONE', #218, .NOT_KNOWN. );
#583 = CLOSED_SHELL( '', ( #311, #467, #355, #501, #525, #267, #375, #391, #325, #367, #251, #381, #401, #281, #469, #327, #481, #487, #317, #373, #491, #263, #295, #393, #443, #411, #345, #299 ) );
#584 = PRODUCT_DEFINITION_FORMATION_WITH_SPECIFIED_SOURCE( ' ', 'NONE', #226, .NOT_KNOWN. );
#585 = CLOSED_SHELL( '', ( #531, #259, #479, #475, #537, #489, #301, #287, #351, #529, #543, #261, #413 ) );
#586 = PRODUCT_DEFINITION_FORMATION_WITH_SPECIFIED_SOURCE( ' ', 'NONE', #234, .NOT_KNOWN. );
#587 = CLOSED_SHELL( '', ( #477, #347, #431, #409, #303, #427, #455, #521, #511, #419, #343, #519, #379 ) );
#588 = PRODUCT_DEFINITION_FORMATION_WITH_SPECIFIED_SOURCE( ' ', 'NONE', #242, .NOT_KNOWN. );
#589 = CLOSED_SHELL( '', ( #395, #403, #337, #495, #329, #377, #429, #333, #465, #339, #369, #513, #273, #283, #313, #305, #457, #341, #307, #389, #535, #291, #507, #433, #331, #441, #445, #509, #265, #459, #353, #421, #315, #503, #349, #271, #539, #461, #541, #425, #293, #497, #361, #533, #257, #423, #383, #253, #505, #499, #405, #407, #277, #297, #447, #309, #471, #357, #279, #515, #451, #275, #437, #523, #435, #363, #473, #289, #385, #399, #397, #365, #319, #439, #453, #483, #527, #285, #359, #255, #371, #463, #485, #415, #321, #335, #387, #417, #493, #517, #449, #323, #269 ) );
#590 = SURFACE_STYLE_USAGE( .BOTH., #1071 );
#591 = FACE_OUTER_BOUND( '', #1072, .T. );
#592 = CYLINDRICAL_SURFACE( '', #1073, 0.500000000000000 );
#593 = SURFACE_STYLE_USAGE( .BOTH., #1074 );
#594 = FACE_OUTER_BOUND( '', #1075, .T. );
#595 = PLANE( '', #1076 );
#596 = SURFACE_STYLE_USAGE( .BOTH., #1077 );
#597 = FACE_OUTER_BOUND( '', #1078, .T. );
#598 = PLANE( '', #1079 );
#599 = SURFACE_STYLE_USAGE( .BOTH., #1080 );
#600 = FACE_OUTER_BOUND( '', #1081, .T. );
#601 = PLANE( '', #1082 );
#602 = SURFACE_STYLE_USAGE( .BOTH., #1083 );
#603 = FACE_OUTER_BOUND( '', #1084, .T. );
#604 = FACE_OUTER_BOUND( '', #1085, .T. );
#605 = CYLINDRICAL_SURFACE( '', #1086, 0.400000000000000 );
#606 = SURFACE_STYLE_USAGE( .BOTH., #1087 );
#607 = FACE_OUTER_BOUND( '', #1088, .T. );
#608 = PLANE( '', #1089 );
#609 = SURFACE_STYLE_USAGE( .BOTH., #1090 );
#610 = FACE_OUTER_BOUND( '', #1091, .T. );
#611 = PLANE( '', #1092 );
#612 = SURFACE_STYLE_USAGE( .BOTH., #1093 );
#613 = FACE_OUTER_BOUND( '', #1094, .T. );
#614 = PLANE( '', #1095 );
#615 = SURFACE_STYLE_USAGE( .BOTH., #1096 );
#616 = FACE_OUTER_BOUND( '', #1097, .T. );
#617 = CYLINDRICAL_SURFACE( '', #1098, 0.200000000000000 );
#618 = SURFACE_STYLE_USAGE( .BOTH., #1099 );
#619 = FACE_OUTER_BOUND( '', #1100, .T. );
#620 = PLANE( '', #1101 );
#621 = SURFACE_STYLE_USAGE( .BOTH., #1102 );
#622 = FACE_OUTER_BOUND( '', #1103, .T. );
#623 = PLANE( '', #1104 );
#624 = SURFACE_STYLE_USAGE( .BOTH., #1105 );
#625 = FACE_OUTER_BOUND( '', #1106, .T. );
#626 = PLANE( '', #1107 );
#627 = SURFACE_STYLE_USAGE( .BOTH., #1108 );
#628 = FACE_OUTER_BOUND( '', #1109, .T. );
#629 = PLANE( '', #1110 );
#630 = SURFACE_STYLE_USAGE( .BOTH., #1111 );
#631 = FACE_OUTER_BOUND( '', #1112, .T. );
#632 = PLANE( '', #1113 );
#633 = SURFACE_STYLE_USAGE( .BOTH., #1114 );
#634 = FACE_OUTER_BOUND( '', #1115, .T. );
#635 = SURFACE_OF_LINEAR_EXTRUSION( '', #1116, #1117 );
#636 = SURFACE_STYLE_USAGE( .BOTH., #1118 );
#637 = FACE_OUTER_BOUND( '', #1119, .T. );
#638 = PLANE( '', #1120 );
#639 = SURFACE_STYLE_USAGE( .BOTH., #1121 );
#640 = FACE_OUTER_BOUND( '', #1122, .T. );
#641 = PLANE( '', #1123 );
#642 = SURFACE_STYLE_USAGE( .BOTH., #1124 );
#643 = FACE_OUTER_BOUND( '', #1125, .T. );
#644 = PLANE( '', #1126 );
#645 = SURFACE_STYLE_USAGE( .BOTH., #1127 );
#646 = FACE_OUTER_BOUND( '', #1128, .T. );
#647 = PLANE( '', #1129 );
#648 = SURFACE_STYLE_USAGE( .BOTH., #1130 );
#649 = FACE_OUTER_BOUND( '', #1131, .T. );
#650 = PLANE( '', #1132 );
#651 = SURFACE_STYLE_USAGE( .BOTH., #1133 );
#652 = FACE_OUTER_BOUND( '', #1134, .T. );
#653 = SURFACE_OF_LINEAR_EXTRUSION( '', #1135, #1136 );
#654 = SURFACE_STYLE_USAGE( .BOTH., #1137 );
#655 = FACE_OUTER_BOUND( '', #1138, .T. );
#656 = SURFACE_OF_LINEAR_EXTRUSION( '', #1139, #1140 );
#657 = SURFACE_STYLE_USAGE( .BOTH., #1141 );
#658 = FACE_OUTER_BOUND( '', #1142, .T. );
#659 = PLANE( '', #1143 );
#660 = SURFACE_STYLE_USAGE( .BOTH., #1144 );
#661 = FACE_OUTER_BOUND( '', #1145, .T. );
#662 = PLANE( '', #1146 );
#663 = SURFACE_STYLE_USAGE( .BOTH., #1147 );
#664 = FACE_OUTER_BOUND( '', #1148, .T. );
#665 = PLANE( '', #1149 );
#666 = SURFACE_STYLE_USAGE( .BOTH., #1150 );
#667 = FACE_OUTER_BOUND( '', #1151, .T. );
#668 = FACE_OUTER_BOUND( '', #1152, .T. );
#669 = TOROIDAL_SURFACE( '', #1153, 0.700000000000000, 0.300000000000000 );
#670 = SURFACE_STYLE_USAGE( .BOTH., #1154 );
#671 = FACE_OUTER_BOUND( '', #1155, .T. );
#672 = PLANE( '', #1156 );
#673 = SURFACE_STYLE_USAGE( .BOTH., #1157 );
#674 = FACE_OUTER_BOUND( '', #1158, .T. );
#675 = PLANE( '', #1159 );
#676 = SURFACE_STYLE_USAGE( .BOTH., #1160 );
#677 = FACE_OUTER_BOUND( '', #1161, .T. );
#678 = PLANE( '', #1162 );
#679 = SURFACE_STYLE_USAGE( .BOTH., #1163 );
#680 = FACE_OUTER_BOUND( '', #1164, .T. );
#681 = PLANE( '', #1165 );
#682 = SURFACE_STYLE_USAGE( .BOTH., #1166 );
#683 = FACE_OUTER_BOUND( '', #1167, .T. );
#684 = PLANE( '', #1168 );
#685 = SURFACE_STYLE_USAGE( .BOTH., #1169 );
#686 = FACE_OUTER_BOUND( '', #1170, .T. );
#687 = PLANE( '', #1171 );
#688 = SURFACE_STYLE_USAGE( .BOTH., #1172 );
#689 = FACE_OUTER_BOUND( '', #1173, .T. );
#690 = PLANE( '', #1174 );
#691 = SURFACE_STYLE_USAGE( .BOTH., #1175 );
#692 = FACE_OUTER_BOUND( '', #1176, .T. );
#693 = PLANE( '', #1177 );
#694 = SURFACE_STYLE_USAGE( .BOTH., #1178 );
#695 = FACE_OUTER_BOUND( '', #1179, .T. );
#696 = PLANE( '', #1180 );
#697 = SURFACE_STYLE_USAGE( .BOTH., #1181 );
#698 = FACE_OUTER_BOUND( '', #1182, .T. );
#699 = CYLINDRICAL_SURFACE( '', #1183, 0.100000000000000 );
#700 = SURFACE_STYLE_USAGE( .BOTH., #1184 );
#701 = FACE_OUTER_BOUND( '', #1185, .T. );
#702 = FACE_OUTER_BOUND( '', #1186, .T. );
#703 = CYLINDRICAL_SURFACE( '', #1187, 0.400000000000000 );
#704 = SURFACE_STYLE_USAGE( .BOTH., #1188 );
#705 = FACE_OUTER_BOUND( '', #1189, .T. );
#706 = CYLINDRICAL_SURFACE( '', #1190, 0.500000000000000 );
#707 = SURFACE_STYLE_USAGE( .BOTH., #1191 );
#708 = FACE_OUTER_BOUND( '', #1192, .T. );
#709 = CYLINDRICAL_SURFACE( '', #1193, 0.500000000000000 );
#710 = SURFACE_STYLE_USAGE( .BOTH., #1194 );
#711 = FACE_OUTER_BOUND( '', #1195, .T. );
#712 = FACE_OUTER_BOUND( '', #1196, .T. );
#713 = SURFACE_OF_LINEAR_EXTRUSION( '', #1197, #1198 );
#714 = SURFACE_STYLE_USAGE( .BOTH., #1199 );
#715 = FACE_OUTER_BOUND( '', #1200, .T. );
#716 = PLANE( '', #1201 );
#717 = SURFACE_STYLE_USAGE( .BOTH., #1202 );
#718 = FACE_OUTER_BOUND( '', #1203, .T. );
#719 = SURFACE_OF_LINEAR_EXTRUSION( '', #1204, #1205 );
#720 = SURFACE_STYLE_USAGE( .BOTH., #1206 );
#721 = FACE_OUTER_BOUND( '', #1207, .T. );
#722 = CYLINDRICAL_SURFACE( '', #1208, 0.100000000000000 );
#723 = SURFACE_STYLE_USAGE( .BOTH., #1209 );
#724 = FACE_OUTER_BOUND( '', #1210, .T. );
#725 = SURFACE_OF_LINEAR_EXTRUSION( '', #1211, #1212 );
#726 = SURFACE_STYLE_USAGE( .BOTH., #1213 );
#727 = FACE_OUTER_BOUND( '', #1214, .T. );
#728 = PLANE( '', #1215 );
#729 = SURFACE_STYLE_USAGE( .BOTH., #1216 );
#730 = FACE_OUTER_BOUND( '', #1217, .T. );
#731 = PLANE( '', #1218 );
#732 = SURFACE_STYLE_USAGE( .BOTH., #1219 );
#733 = FACE_OUTER_BOUND( '', #1220, .T. );
#734 = PLANE( '', #1221 );
#735 = SURFACE_STYLE_USAGE( .BOTH., #1222 );
#736 = FACE_OUTER_BOUND( '', #1223, .T. );
#737 = PLANE( '', #1224 );
#738 = SURFACE_STYLE_USAGE( .BOTH., #1225 );
#739 = FACE_OUTER_BOUND( '', #1226, .T. );
#740 = FACE_OUTER_BOUND( '', #1227, .T. );
#741 = CYLINDRICAL_SURFACE( '', #1228, 0.400000000000000 );
#742 = SURFACE_STYLE_USAGE( .BOTH., #1229 );
#743 = FACE_BOUND( '', #1230, .T. );
#744 = FACE_OUTER_BOUND( '', #1231, .T. );
#745 = PLANE( '', #1232 );
#746 = SURFACE_STYLE_USAGE( .BOTH., #1233 );
#747 = FACE_OUTER_BOUND( '', #1234, .T. );
#748 = CYLINDRICAL_SURFACE( '', #1235, 0.408183826365675 );
#749 = SURFACE_STYLE_USAGE( .BOTH., #1236 );
#750 = FACE_OUTER_BOUND( '', #1237, .T. );
#751 = PLANE( '', #1238 );
#752 = SURFACE_STYLE_USAGE( .BOTH., #1239 );
#753 = FACE_OUTER_BOUND( '', #1240, .T. );
#754 = PLANE( '', #1241 );
#755 = SURFACE_STYLE_USAGE( .BOTH., #1242 );
#756 = FACE_OUTER_BOUND( '', #1243, .T. );
#757 = PLANE( '', #1244 );
#758 = SURFACE_STYLE_USAGE( .BOTH., #1245 );
#759 = FACE_OUTER_BOUND( '', #1246, .T. );
#760 = PLANE( '', #1247 );
#761 = SURFACE_STYLE_USAGE( .BOTH., #1248 );
#762 = FACE_OUTER_BOUND( '', #1249, .T. );
#763 = FACE_OUTER_BOUND( '', #1250, .T. );
#764 = SURFACE_OF_LINEAR_EXTRUSION( '', #1251, #1252 );
#765 = SURFACE_STYLE_USAGE( .BOTH., #1253 );
#766 = FACE_OUTER_BOUND( '', #1254, .T. );
#767 = PLANE( '', #1255 );
#768 = SURFACE_STYLE_USAGE( .BOTH., #1256 );
#769 = FACE_OUTER_BOUND( '', #1257, .T. );
#770 = PLANE( '', #1258 );
#771 = SURFACE_STYLE_USAGE( .BOTH., #1259 );
#772 = FACE_OUTER_BOUND( '', #1260, .T. );
#773 = CYLINDRICAL_SURFACE( '', #1261, 0.500000000000000 );
#774 = SURFACE_STYLE_USAGE( .BOTH., #1262 );
#775 = FACE_OUTER_BOUND( '', #1263, .T. );
#776 = PLANE( '', #1264 );
#777 = SURFACE_STYLE_USAGE( .BOTH., #1265 );
#778 = FACE_OUTER_BOUND( '', #1266, .T. );
#779 = PLANE( '', #1267 );
#780 = SURFACE_STYLE_USAGE( .BOTH., #1268 );
#781 = FACE_OUTER_BOUND( '', #1269, .T. );
#782 = PLANE( '', #1270 );
#783 = SURFACE_STYLE_USAGE( .BOTH., #1271 );
#784 = FACE_OUTER_BOUND( '', #1272, .T. );
#785 = CYLINDRICAL_SURFACE( '', #1273, 0.200000000000000 );
#786 = SURFACE_STYLE_USAGE( .BOTH., #1274 );
#787 = FACE_OUTER_BOUND( '', #1275, .T. );
#788 = PLANE( '', #1276 );
#789 = SURFACE_STYLE_USAGE( .BOTH., #1277 );
#790 = FACE_OUTER_BOUND( '', #1278, .T. );
#791 = PLANE( '', #1279 );
#792 = SURFACE_STYLE_USAGE( .BOTH., #1280 );
#793 = FACE_OUTER_BOUND( '', #1281, .T. );
#794 = CYLINDRICAL_SURFACE( '', #1282, 0.500000000000000 );
#795 = SURFACE_STYLE_USAGE( .BOTH., #1283 );
#796 = FACE_OUTER_BOUND( '', #1284, .T. );
#797 = SURFACE_OF_LINEAR_EXTRUSION( '', #1285, #1286 );
#798 = SURFACE_STYLE_USAGE( .BOTH., #1287 );
#799 = FACE_OUTER_BOUND( '', #1288, .T. );
#800 = PLANE( '', #1289 );
#801 = SURFACE_STYLE_USAGE( .BOTH., #1290 );
#802 = FACE_OUTER_BOUND( '', #1291, .T. );
#803 = CYLINDRICAL_SURFACE( '', #1292, 0.100000000000000 );
#804 = SURFACE_STYLE_USAGE( .BOTH., #1293 );
#805 = FACE_OUTER_BOUND( '', #1294, .T. );
#806 = PLANE( '', #1295 );
#807 = SURFACE_STYLE_USAGE( .BOTH., #1296 );
#808 = FACE_OUTER_BOUND( '', #1297, .T. );
#809 = CYLINDRICAL_SURFACE( '', #1298, 0.200000000000000 );
#810 = SURFACE_STYLE_USAGE( .BOTH., #1299 );
#811 = FACE_OUTER_BOUND( '', #1300, .T. );
#812 = PLANE( '', #1301 );
#813 = SURFACE_STYLE_USAGE( .BOTH., #1302 );
#814 = FACE_OUTER_BOUND( '', #1303, .T. );
#815 = SURFACE_OF_LINEAR_EXTRUSION( '', #1304, #1305 );
#816 = SURFACE_STYLE_USAGE( .BOTH., #1306 );
#817 = FACE_OUTER_BOUND( '', #1307, .T. );
#818 = PLANE( '', #1308 );
#819 = SURFACE_STYLE_USAGE( .BOTH., #1309 );
#820 = FACE_OUTER_BOUND( '', #1310, .T. );
#821 = PLANE( '', #1311 );
#822 = SURFACE_STYLE_USAGE( .BOTH., #1312 );
#823 = FACE_OUTER_BOUND( '', #1313, .T. );
#824 = PLANE( '', #1314 );
#825 = SURFACE_STYLE_USAGE( .BOTH., #1315 );
#826 = FACE_OUTER_BOUND( '', #1316, .T. );
#827 = SURFACE_OF_LINEAR_EXTRUSION( '', #1317, #1318 );
#828 = SURFACE_STYLE_USAGE( .BOTH., #1319 );
#829 = FACE_OUTER_BOUND( '', #1320, .T. );
#830 = PLANE( '', #1321 );
#831 = SURFACE_STYLE_USAGE( .BOTH., #1322 );
#832 = FACE_OUTER_BOUND( '', #1323, .T. );
#833 = PLANE( '', #1324 );
#834 = SURFACE_STYLE_USAGE( .BOTH., #1325 );
#835 = FACE_OUTER_BOUND( '', #1326, .T. );
#836 = FACE_OUTER_BOUND( '', #1327, .T. );
#837 = CYLINDRICAL_SURFACE( '', #1328, 0.400000000000000 );
#838 = SURFACE_STYLE_USAGE( .BOTH., #1329 );
#839 = FACE_OUTER_BOUND( '', #1330, .T. );
#840 = PLANE( '', #1331 );
#841 = SURFACE_STYLE_USAGE( .BOTH., #1332 );
#842 = FACE_OUTER_BOUND( '', #1333, .T. );
#843 = PLANE( '', #1334 );
#844 = SURFACE_STYLE_USAGE( .BOTH., #1335 );
#845 = FACE_OUTER_BOUND( '', #1336, .T. );
#846 = PLANE( '', #1337 );
#847 = SURFACE_STYLE_USAGE( .BOTH., #1338 );
#848 = FACE_OUTER_BOUND( '', #1339, .T. );
#849 = CYLINDRICAL_SURFACE( '', #1340, 0.100000000000000 );
#850 = SURFACE_STYLE_USAGE( .BOTH., #1341 );
#851 = FACE_OUTER_BOUND( '', #1342, .T. );
#852 = CYLINDRICAL_SURFACE( '', #1343, 1.67375443943894 );
#853 = SURFACE_STYLE_USAGE( .BOTH., #1344 );
#854 = FACE_OUTER_BOUND( '', #1345, .T. );
#855 = PLANE( '', #1346 );
#856 = SURFACE_STYLE_USAGE( .BOTH., #1347 );
#857 = FACE_OUTER_BOUND( '', #1348, .T. );
#858 = SURFACE_OF_LINEAR_EXTRUSION( '', #1349, #1350 );
#859 = SURFACE_STYLE_USAGE( .BOTH., #1351 );
#860 = FACE_OUTER_BOUND( '', #1352, .T. );
#861 = SURFACE_OF_LINEAR_EXTRUSION( '', #1353, #1354 );
#862 = SURFACE_STYLE_USAGE( .BOTH., #1355 );
#863 = FACE_OUTER_BOUND( '', #1356, .T. );
#864 = PLANE( '', #1357 );
#865 = SURFACE_STYLE_USAGE( .BOTH., #1358 );
#866 = FACE_OUTER_BOUND( '', #1359, .T. );
#867 = PLANE( '', #1360 );
#868 = SURFACE_STYLE_USAGE( .BOTH., #1361 );
#869 = FACE_OUTER_BOUND( '', #1362, .T. );
#870 = TOROIDAL_SURFACE( '', #1363, 0.400000000000000, 0.400000000000000 );
#871 = SURFACE_STYLE_USAGE( .BOTH., #1364 );
#872 = FACE_OUTER_BOUND( '', #1365, .T. );
#873 = SURFACE_OF_LINEAR_EXTRUSION( '', #1366, #1367 );
#874 = SURFACE_STYLE_USAGE( .BOTH., #1368 );
#875 = FACE_OUTER_BOUND( '', #1369, .T. );
#876 = PLANE( '', #1370 );
#877 = SURFACE_STYLE_USAGE( .BOTH., #1371 );
#878 = FACE_OUTER_BOUND( '', #1372, .T. );
#879 = PLANE( '', #1373 );
#880 = SURFACE_STYLE_USAGE( .BOTH., #1374 );
#881 = FACE_OUTER_BOUND( '', #1375, .T. );
#882 = PLANE( '', #1376 );
#883 = SURFACE_STYLE_USAGE( .BOTH., #1377 );
#884 = FACE_OUTER_BOUND( '', #1378, .T. );
#885 = SURFACE_OF_LINEAR_EXTRUSION( '', #1379, #1380 );
#886 = SURFACE_STYLE_USAGE( .BOTH., #1381 );
#887 = FACE_OUTER_BOUND( '', #1382, .T. );
#888 = PLANE( '', #1383 );
#889 = SURFACE_STYLE_USAGE( .BOTH., #1384 );
#890 = FACE_BOUND( '', #1385, .T. );
#891 = FACE_OUTER_BOUND( '', #1386, .T. );
#892 = PLANE( '', #1387 );
#893 = SURFACE_STYLE_USAGE( .BOTH., #1388 );
#894 = FACE_OUTER_BOUND( '', #1389, .T. );
#895 = PLANE( '', #1390 );
#896 = SURFACE_STYLE_USAGE( .BOTH., #1391 );
#897 = FACE_OUTER_BOUND( '', #1392, .T. );
#898 = PLANE( '', #1393 );
#899 = SURFACE_STYLE_USAGE( .BOTH., #1394 );
#900 = FACE_OUTER_BOUND( '', #1395, .T. );
#901 = SURFACE_OF_LINEAR_EXTRUSION( '', #1396, #1397 );
#902 = SURFACE_STYLE_USAGE( .BOTH., #1398 );
#903 = FACE_OUTER_BOUND( '', #1399, .T. );
#904 = PLANE( '', #1400 );
#905 = SURFACE_STYLE_USAGE( .BOTH., #1401 );
#906 = FACE_OUTER_BOUND( '', #1402, .T. );
#907 = FACE_OUTER_BOUND( '', #1403, .T. );
#908 = TOROIDAL_SURFACE( '', #1404, 0.700000000000000, 0.300000000000000 );
#909 = SURFACE_STYLE_USAGE( .BOTH., #1405 );
#910 = FACE_OUTER_BOUND( '', #1406, .T. );
#911 = PLANE( '', #1407 );
#912 = SURFACE_STYLE_USAGE( .BOTH., #1408 );
#913 = FACE_OUTER_BOUND( '', #1409, .T. );
#914 = PLANE( '', #1410 );
#915 = SURFACE_STYLE_USAGE( .BOTH., #1411 );
#916 = FACE_OUTER_BOUND( '', #1412, .T. );
#917 = PLANE( '', #1413 );
#918 = SURFACE_STYLE_USAGE( .BOTH., #1414 );
#919 = FACE_OUTER_BOUND( '', #1415, .T. );
#920 = PLANE( '', #1416 );
#921 = SURFACE_STYLE_USAGE( .BOTH., #1417 );
#922 = FACE_OUTER_BOUND( '', #1418, .T. );
#923 = FACE_OUTER_BOUND( '', #1419, .T. );
#924 = SURFACE_OF_LINEAR_EXTRUSION( '', #1420, #1421 );
#925 = SURFACE_STYLE_USAGE( .BOTH., #1422 );
#926 = FACE_OUTER_BOUND( '', #1423, .T. );
#927 = CYLINDRICAL_SURFACE( '', #1424, 0.500000000000000 );
#928 = SURFACE_STYLE_USAGE( .BOTH., #1425 );
#929 = FACE_OUTER_BOUND( '', #1426, .T. );
#930 = PLANE( '', #1427 );
#931 = SURFACE_STYLE_USAGE( .BOTH., #1428 );
#932 = FACE_OUTER_BOUND( '', #1429, .T. );
#933 = SURFACE_OF_LINEAR_EXTRUSION( '', #1430, #1431 );
#934 = SURFACE_STYLE_USAGE( .BOTH., #1432 );
#935 = FACE_OUTER_BOUND( '', #1433, .T. );
#936 = PLANE( '', #1434 );
#937 = SURFACE_STYLE_USAGE( .BOTH., #1435 );
#938 = FACE_OUTER_BOUND( '', #1436, .T. );
#939 = FACE_OUTER_BOUND( '', #1437, .T. );
#940 = CYLINDRICAL_SURFACE( '', #1438, 0.400000000000000 );
#941 = SURFACE_STYLE_USAGE( .BOTH., #1439 );
#942 = FACE_OUTER_BOUND( '', #1440, .T. );
#943 = CYLINDRICAL_SURFACE( '', #1441, 1.67376784975533 );
#944 = SURFACE_STYLE_USAGE( .BOTH., #1442 );
#945 = FACE_OUTER_BOUND( '', #1443, .T. );
#946 = TOROIDAL_SURFACE( '', #1444, 0.400000000000000, 0.400000000000000 );
#947 = SURFACE_STYLE_USAGE( .BOTH., #1445 );
#948 = FACE_OUTER_BOUND( '', #1446, .T. );
#949 = PLANE( '', #1447 );
#950 = SURFACE_STYLE_USAGE( .BOTH., #1448 );
#951 = FACE_OUTER_BOUND( '', #1449, .T. );
#952 = PLANE( '', #1450 );
#953 = SURFACE_STYLE_USAGE( .BOTH., #1451 );
#954 = FACE_OUTER_BOUND( '', #1452, .T. );
#955 = PLANE( '', #1453 );
#956 = SURFACE_STYLE_USAGE( .BOTH., #1454 );
#957 = FACE_OUTER_BOUND( '', #1455, .T. );
#958 = PLANE( '', #1456 );
#959 = SURFACE_STYLE_USAGE( .BOTH., #1457 );
#960 = FACE_OUTER_BOUND( '', #1458, .T. );
#961 = PLANE( '', #1459 );
#962 = SURFACE_STYLE_USAGE( .BOTH., #1460 );
#963 = FACE_OUTER_BOUND( '', #1461, .T. );
#964 = PLANE( '', #1462 );
#965 = SURFACE_STYLE_USAGE( .BOTH., #1463 );
#966 = FACE_OUTER_BOUND( '', #1464, .T. );
#967 = PLANE( '', #1465 );
#968 = SURFACE_STYLE_USAGE( .BOTH., #1466 );
#969 = FACE_OUTER_BOUND( '', #1467, .T. );
#970 = SURFACE_OF_LINEAR_EXTRUSION( '', #1468, #1469 );
#971 = SURFACE_STYLE_USAGE( .BOTH., #1470 );
#972 = FACE_OUTER_BOUND( '', #1471, .T. );
#973 = PLANE( '', #1472 );
#974 = SURFACE_STYLE_USAGE( .BOTH., #1473 );
#975 = FACE_BOUND( '', #1474, .T. );
#976 = FACE_OUTER_BOUND( '', #1475, .T. );
#977 = PLANE( '', #1476 );
#978 = SURFACE_STYLE_USAGE( .BOTH., #1477 );
#979 = FACE_OUTER_BOUND( '', #1478, .T. );
#980 = PLANE( '', #1479 );
#981 = SURFACE_STYLE_USAGE( .BOTH., #1480 );
#982 = FACE_OUTER_BOUND( '', #1481, .T. );
#983 = PLANE( '', #1482 );
#984 = SURFACE_STYLE_USAGE( .BOTH., #1483 );
#985 = FACE_OUTER_BOUND( '', #1484, .T. );
#986 = FACE_OUTER_BOUND( '', #1485, .T. );
#987 = SURFACE_OF_LINEAR_EXTRUSION( '', #1486, #1487 );
#988 = SURFACE_STYLE_USAGE( .BOTH., #1488 );
#989 = FACE_OUTER_BOUND( '', #1489, .T. );
#990 = SURFACE_OF_LINEAR_EXTRUSION( '', #1490, #1491 );
#991 = SURFACE_STYLE_USAGE( .BOTH., #1492 );
#992 = FACE_BOUND( '', #1493, .T. );
#993 = FACE_BOUND( '', #1494, .T. );
#994 = FACE_BOUND( '', #1495, .T. );
#995 = FACE_BOUND( '', #1496, .T. );
#996 = FACE_BOUND( '', #1497, .T. );
#997 = FACE_BOUND( '', #1498, .T. );
#998 = FACE_BOUND( '', #1499, .T. );
#999 = FACE_BOUND( '', #1500, .T. );
#1000 = FACE_BOUND( '', #1501, .T. );
#1001 = FACE_BOUND( '', #1502, .T. );
#1002 = FACE_OUTER_BOUND( '', #1503, .T. );
#1003 = FACE_BOUND( '', #1504, .T. );
#1004 = PLANE( '', #1505 );
#1005 = SURFACE_STYLE_USAGE( .BOTH., #1506 );
#1006 = FACE_OUTER_BOUND( '', #1507, .T. );
#1007 = CYLINDRICAL_SURFACE( '', #1508, 0.408183826365675 );
#1008 = SURFACE_STYLE_USAGE( .BOTH., #1509 );
#1009 = FACE_OUTER_BOUND( '', #1510, .T. );
#1010 = PLANE( '', #1511 );
#1011 = SURFACE_STYLE_USAGE( .BOTH., #1512 );
#1012 = FACE_OUTER_BOUND( '', #1513, .T. );
#1013 = PLANE( '', #1514 );
#1014 = SURFACE_STYLE_USAGE( .BOTH., #1515 );
#1015 = FACE_OUTER_BOUND( '', #1516, .T. );
#1016 = FACE_OUTER_BOUND( '', #1517, .T. );
#1017 = CYLINDRICAL_SURFACE( '', #1518, 0.400000000000000 );
#1018 = SURFACE_STYLE_USAGE( .BOTH., #1519 );
#1019 = FACE_OUTER_BOUND( '', #1520, .T. );
#1020 = PLANE( '', #1521 );
#1021 = SURFACE_STYLE_USAGE( .BOTH., #1522 );
#1022 = FACE_OUTER_BOUND( '', #1523, .T. );
#1023 = PLANE( '', #1524 );
#1024 = SURFACE_STYLE_USAGE( .BOTH., #1525 );
#1025 = FACE_OUTER_BOUND( '', #1526, .T. );
#1026 = SURFACE_OF_LINEAR_EXTRUSION( '', #1527, #1528 );
#1027 = SURFACE_STYLE_USAGE( .BOTH., #1529 );
#1028 = FACE_OUTER_BOUND( '', #1530, .T. );
#1029 = CYLINDRICAL_SURFACE( '', #1531, 0.200000000000000 );
#1030 = SURFACE_STYLE_USAGE( .BOTH., #1532 );
#1031 = FACE_OUTER_BOUND( '', #1533, .T. );
#1032 = PLANE( '', #1534 );
#1033 = SURFACE_STYLE_USAGE( .BOTH., #1535 );
#1034 = FACE_OUTER_BOUND( '', #1536, .T. );
#1035 = CYLINDRICAL_SURFACE( '', #1537, 1.67375443943894 );
#1036 = SURFACE_STYLE_USAGE( .BOTH., #1538 );
#1037 = FACE_OUTER_BOUND( '', #1539, .T. );
#1038 = CYLINDRICAL_SURFACE( '', #1540, 1.67376784975533 );
#1039 = SURFACE_STYLE_USAGE( .BOTH., #1541 );
#1040 = FACE_OUTER_BOUND( '', #1542, .T. );
#1041 = PLANE( '', #1543 );
#1042 = SURFACE_STYLE_USAGE( .BOTH., #1544 );
#1043 = FACE_OUTER_BOUND( '', #1545, .T. );
#1044 = SURFACE_OF_LINEAR_EXTRUSION( '', #1546, #1547 );
#1045 = SURFACE_STYLE_USAGE( .BOTH., #1548 );
#1046 = FACE_OUTER_BOUND( '', #1549, .T. );
#1047 = PLANE( '', #1550 );
#1048 = SURFACE_STYLE_USAGE( .BOTH., #1551 );
#1049 = FACE_OUTER_BOUND( '', #1552, .T. );
#1050 = SURFACE_OF_LINEAR_EXTRUSION( '', #1553, #1554 );
#1051 = SURFACE_STYLE_USAGE( .BOTH., #1555 );
#1052 = FACE_OUTER_BOUND( '', #1556, .T. );
#1053 = PLANE( '', #1557 );
#1054 = SURFACE_STYLE_USAGE( .BOTH., #1558 );
#1055 = FACE_OUTER_BOUND( '', #1559, .T. );
#1056 = PLANE( '', #1560 );
#1057 =  ( LENGTH_UNIT(  )NAMED_UNIT( #549 )SI_UNIT( .MILLI., .METRE. ) );
#1060 = LENGTH_MEASURE_WITH_UNIT( LENGTH_MEASURE( 1.00000000000000 ), #1562 );
#1063 = DIMENSIONAL_EXPONENTS( 1.00000000000000, 0.000000000000000, 0.000000000000000, 0.000000000000000, 0.000000000000000, 0.000000000000000, 0.000000000000000 );
#1065 = DIMENSIONAL_EXPONENTS( 0.000000000000000, 0.000000000000000, 0.000000000000000, 0.000000000000000, 0.000000000000000, 0.000000000000000, 0.000000000000000 );
#1071 = SURFACE_SIDE_STYLE( '', ( #1563 ) );
#1072 = EDGE_LOOP( '', ( #1564, #1565, #1566, #1567 ) );
#1073 = AXIS2_PLACEMENT_3D( '', #1568, #1569, #1570 );
#1074 = SURFACE_SIDE_STYLE( '', ( #1571 ) );
#1075 = EDGE_LOOP( '', ( #1572, #1573, #1574, #1575 ) );
#1076 = AXIS2_PLACEMENT_3D( '', #1576, #1577, #1578 );
#1077 = SURFACE_SIDE_STYLE( '', ( #1579 ) );
#1078 = EDGE_LOOP( '', ( #1580, #1581, #1582, #1583, #1584, #1585 ) );
#1079 = AXIS2_PLACEMENT_3D( '', #1586, #1587, #1588 );
#1080 = SURFACE_SIDE_STYLE( '', ( #1589 ) );
#1081 = EDGE_LOOP( '', ( #1590, #1591, #1592, #1593 ) );
#1082 = AXIS2_PLACEMENT_3D( '', #1594, #1595, #1596 );
#1083 = SURFACE_SIDE_STYLE( '', ( #1597 ) );
#1084 = EDGE_LOOP( '', ( #1598 ) );
#1085 = EDGE_LOOP( '', ( #1599 ) );
#1086 = AXIS2_PLACEMENT_3D( '', #1600, #1601, #1602 );
#1087 = SURFACE_SIDE_STYLE( '', ( #1603 ) );
#1088 = EDGE_LOOP( '', ( #1604, #1605, #1606, #1607 ) );
#1089 = AXIS2_PLACEMENT_3D( '', #1608, #1609, #1610 );
#1090 = SURFACE_SIDE_STYLE( '', ( #1611 ) );
#1091 = EDGE_LOOP( '', ( #1612, #1613, #1614, #1615 ) );
#1092 = AXIS2_PLACEMENT_3D( '', #1616, #1617, #1618 );
#1093 = SURFACE_SIDE_STYLE( '', ( #1619 ) );
#1094 = EDGE_LOOP( '', ( #1620, #1621, #1622, #1623, #1624, #1625 ) );
#1095 = AXIS2_PLACEMENT_3D( '', #1626, #1627, #1628 );
#1096 = SURFACE_SIDE_STYLE( '', ( #1629 ) );
#1097 = EDGE_LOOP( '', ( #1630, #1631, #1632, #1633 ) );
#1098 = AXIS2_PLACEMENT_3D( '', #1634, #1635, #1636 );
#1099 = SURFACE_SIDE_STYLE( '', ( #1637 ) );
#1100 = EDGE_LOOP( '', ( #1638 ) );
#1101 = AXIS2_PLACEMENT_3D( '', #1639, #1640, #1641 );
#1102 = SURFACE_SIDE_STYLE( '', ( #1642 ) );
#1103 = EDGE_LOOP( '', ( #1643, #1644, #1645, #1646 ) );
#1104 = AXIS2_PLACEMENT_3D( '', #1647, #1648, #1649 );
#1105 = SURFACE_SIDE_STYLE( '', ( #1650 ) );
#1106 = EDGE_LOOP( '', ( #1651, #1652, #1653, #1654 ) );
#1107 = AXIS2_PLACEMENT_3D( '', #1655, #1656, #1657 );
#1108 = SURFACE_SIDE_STYLE( '', ( #1658 ) );
#1109 = EDGE_LOOP( '', ( #1659, #1660, #1661, #1662, #1663, #1664, #1665, #1666 ) );
#1110 = AXIS2_PLACEMENT_3D( '', #1667, #1668, #1669 );
#1111 = SURFACE_SIDE_STYLE( '', ( #1670 ) );
#1112 = EDGE_LOOP( '', ( #1671, #1672, #1673, #1674 ) );
#1113 = AXIS2_PLACEMENT_3D( '', #1675, #1676, #1677 );
#1114 = SURFACE_SIDE_STYLE( '', ( #1678 ) );
#1115 = EDGE_LOOP( '', ( #1679, #1680, #1681, #1682 ) );
#1116 = B_SPLINE_CURVE_WITH_KNOTS( '', 3, ( #1683, #1684, #1685, #1686, #1687, #1688, #1689, #1690, #1691, #1692, #1693, #1694, #1695, #1696, #1697, #1698, #1699, #1700, #1701, #1702, #1703 ), .UNSPECIFIED., .F., .F., ( 4, 3, 3, 3, 2, 3, 3, 4 ), ( 0.459487752928083, 0.487803089342978, 0.532413992167640, 0.548163380305870, 0.572147979997163, 0.602368575608194, 0.638421183829578, 0.679572590707668 ), .UNSPECIFIED. );
#1117 = VECTOR( '', #1704, 1000.00000000000 );
#1118 = SURFACE_SIDE_STYLE( '', ( #1705 ) );
#1119 = EDGE_LOOP( '', ( #1706, #1707, #1708, #1709 ) );
#1120 = AXIS2_PLACEMENT_3D( '', #1710, #1711, #1712 );
#1121 = SURFACE_SIDE_STYLE( '', ( #1713 ) );
#1122 = EDGE_LOOP( '', ( #1714, #1715, #1716, #1717 ) );
#1123 = AXIS2_PLACEMENT_3D( '', #1718, #1719, #1720 );
#1124 = SURFACE_SIDE_STYLE( '', ( #1721 ) );
#1125 = EDGE_LOOP( '', ( #1722, #1723, #1724, #1725 ) );
#1126 = AXIS2_PLACEMENT_3D( '', #1726, #1727, #1728 );
#1127 = SURFACE_SIDE_STYLE( '', ( #1729 ) );
#1128 = EDGE_LOOP( '', ( #1730, #1731, #1732, #1733, #1734, #1735 ) );
#1129 = AXIS2_PLACEMENT_3D( '', #1736, #1737, #1738 );
#1130 = SURFACE_SIDE_STYLE( '', ( #1739 ) );
#1131 = EDGE_LOOP( '', ( #1740, #1741, #1742, #1743 ) );
#1132 = AXIS2_PLACEMENT_3D( '', #1744, #1745, #1746 );
#1133 = SURFACE_SIDE_STYLE( '', ( #1747 ) );
#1134 = EDGE_LOOP( '', ( #1748, #1749, #1750, #1751 ) );
#1135 = B_SPLINE_CURVE_WITH_KNOTS( '', 3, ( #1752, #1753, #1754, #1755, #1756, #1757, #1758, #1759, #1760, #1761 ), .UNSPECIFIED., .F., .F., ( 4, 3, 3, 4 ), ( 0.000000000000000, 0.0304919935924275, 0.0611668967407004, 0.180090258558245 ), .UNSPECIFIED. );
#1136 = VECTOR( '', #1762, 1000.00000000000 );
#1137 = SURFACE_SIDE_STYLE( '', ( #1763 ) );
#1138 = EDGE_LOOP( '', ( #1764, #1765, #1766, #1767 ) );
#1139 = B_SPLINE_CURVE_WITH_KNOTS( '', 3, ( #1768, #1769, #1770, #1771, #1772, #1773, #1774, #1775, #1776 ), .UNSPECIFIED., .F., .F., ( 4, 3, 2, 4 ), ( 0.372940361280816, 0.383171352058207, 0.413822141177912, 0.475588125313073 ), .UNSPECIFIED. );
#1140 = VECTOR( '', #1777, 1000.00000000000 );
#1141 = SURFACE_SIDE_STYLE( '', ( #1778 ) );
#1142 = EDGE_LOOP( '', ( #1779, #1780, #1781, #1782 ) );
#1143 = AXIS2_PLACEMENT_3D( '', #1783, #1784, #1785 );
#1144 = SURFACE_SIDE_STYLE( '', ( #1786 ) );
#1145 = EDGE_LOOP( '', ( #1787, #1788, #1789, #1790 ) );
#1146 = AXIS2_PLACEMENT_3D( '', #1791, #1792, #1793 );
#1147 = SURFACE_SIDE_STYLE( '', ( #1794 ) );
#1148 = EDGE_LOOP( '', ( #1795, #1796, #1797, #1798, #1799, #1800, #1801, #1802 ) );
#1149 = AXIS2_PLACEMENT_3D( '', #1803, #1804, #1805 );
#1150 = SURFACE_SIDE_STYLE( '', ( #1806 ) );
#1151 = EDGE_LOOP( '', ( #1807, #1808, #1809, #1810 ) );
#1152 = EDGE_LOOP( '', ( #1811 ) );
#1153 = AXIS2_PLACEMENT_3D( '', #1812, #1813, #1814 );
#1154 = SURFACE_SIDE_STYLE( '', ( #1815 ) );
#1155 = EDGE_LOOP( '', ( #1816, #1817, #1818, #1819, #1820, #1821 ) );
#1156 = AXIS2_PLACEMENT_3D( '', #1822, #1823, #1824 );
#1157 = SURFACE_SIDE_STYLE( '', ( #1825 ) );
#1158 = EDGE_LOOP( '', ( #1826, #1827, #1828, #1829 ) );
#1159 = AXIS2_PLACEMENT_3D( '', #1830, #1831, #1832 );
#1160 = SURFACE_SIDE_STYLE( '', ( #1833 ) );
#1161 = EDGE_LOOP( '', ( #1834, #1835, #1836, #1837, #1838, #1839, #1840, #1841 ) );
#1162 = AXIS2_PLACEMENT_3D( '', #1842, #1843, #1844 );
#1163 = SURFACE_SIDE_STYLE( '', ( #1845 ) );
#1164 = EDGE_LOOP( '', ( #1846, #1847, #1848, #1849 ) );
#1165 = AXIS2_PLACEMENT_3D( '', #1850, #1851, #1852 );
#1166 = SURFACE_SIDE_STYLE( '', ( #1853 ) );
#1167 = EDGE_LOOP( '', ( #1854, #1855, #1856, #1857 ) );
#1168 = AXIS2_PLACEMENT_3D( '', #1858, #1859, #1860 );
#1169 = SURFACE_SIDE_STYLE( '', ( #1861 ) );
#1170 = EDGE_LOOP( '', ( #1862, #1863, #1864, #1865 ) );
#1171 = AXIS2_PLACEMENT_3D( '', #1866, #1867, #1868 );
#1172 = SURFACE_SIDE_STYLE( '', ( #1869 ) );
#1173 = EDGE_LOOP( '', ( #1870 ) );
#1174 = AXIS2_PLACEMENT_3D( '', #1871, #1872, #1873 );
#1175 = SURFACE_SIDE_STYLE( '', ( #1874 ) );
#1176 = EDGE_LOOP( '', ( #1875, #1876, #1877, #1878 ) );
#1177 = AXIS2_PLACEMENT_3D( '', #1879, #1880, #1881 );
#1178 = SURFACE_SIDE_STYLE( '', ( #1882 ) );
#1179 = EDGE_LOOP( '', ( #1883, #1884, #1885, #1886 ) );
#1180 = AXIS2_PLACEMENT_3D( '', #1887, #1888, #1889 );
#1181 = SURFACE_SIDE_STYLE( '', ( #1890 ) );
#1182 = EDGE_LOOP( '', ( #1891, #1892, #1893, #1894 ) );
#1183 = AXIS2_PLACEMENT_3D( '', #1895, #1896, #1897 );
#1184 = SURFACE_SIDE_STYLE( '', ( #1898 ) );
#1185 = EDGE_LOOP( '', ( #1899 ) );
#1186 = EDGE_LOOP( '', ( #1900 ) );
#1187 = AXIS2_PLACEMENT_3D( '', #1901, #1902, #1903 );
#1188 = SURFACE_SIDE_STYLE( '', ( #1904 ) );
#1189 = EDGE_LOOP( '', ( #1905, #1906, #1907, #1908 ) );
#1190 = AXIS2_PLACEMENT_3D( '', #1909, #1910, #1911 );
#1191 = SURFACE_SIDE_STYLE( '', ( #1912 ) );
#1192 = EDGE_LOOP( '', ( #1913, #1914, #1915, #1916 ) );
#1193 = AXIS2_PLACEMENT_3D( '', #1917, #1918, #1919 );
#1194 = SURFACE_SIDE_STYLE( '', ( #1920 ) );
#1195 = EDGE_LOOP( '', ( #1921 ) );
#1196 = EDGE_LOOP( '', ( #1922 ) );
#1197 = B_SPLINE_CURVE_WITH_KNOTS( '', 3, ( #1923, #1924, #1925, #1926, #1927, #1928, #1929, #1930, #1931, #1932, #1933, #1934, #1935, #1936, #1937, #1938 ), .UNSPECIFIED., .T., .F., ( 4, 3, 2, 3, 2, 2, 4 ), ( 0.000000000000000, 0.126818867909302, 0.251823308971065, 0.373010820534759, 0.464338494711377, 0.732752756620708, 1.00000000000000 ), .UNSPECIFIED. );
#1198 = VECTOR( '', #1939, 1000.00000000000 );
#1199 = SURFACE_SIDE_STYLE( '', ( #1940 ) );
#1200 = EDGE_LOOP( '', ( #1941, #1942, #1943, #1944 ) );
#1201 = AXIS2_PLACEMENT_3D( '', #1945, #1946, #1947 );
#1202 = SURFACE_SIDE_STYLE( '', ( #1948 ) );
#1203 = EDGE_LOOP( '', ( #1949, #1950, #1951, #1952 ) );
#1204 = B_SPLINE_CURVE_WITH_KNOTS( '', 3, ( #1953, #1954, #1955, #1956, #1957, #1958, #1959, #1960, #1961, #1962, #1963, #1964, #1965, #1966 ), .UNSPECIFIED., .F., .F., ( 4, 2, 3, 2, 3, 4 ), ( 0.492997144910472, 0.579938631307266, 0.632280954750234, 0.682074288055193, 0.708072577125923, 0.878647975734373 ), .UNSPECIFIED. );
#1205 = VECTOR( '', #1967, 1000.00000000000 );
#1206 = SURFACE_SIDE_STYLE( '', ( #1968 ) );
#1207 = EDGE_LOOP( '', ( #1969, #1970, #1971, #1972, #1973 ) );
#1208 = AXIS2_PLACEMENT_3D( '', #1974, #1975, #1976 );
#1209 = SURFACE_SIDE_STYLE( '', ( #1977 ) );
#1210 = EDGE_LOOP( '', ( #1978, #1979, #1980, #1981 ) );
#1211 = B_SPLINE_CURVE_WITH_KNOTS( '', 3, ( #1982, #1983, #1984, #1985, #1986, #1987, #1988, #1989, #1990, #1991 ), .UNSPECIFIED., .F., .F., ( 4, 3, 3, 4 ), ( 0.000000000000000, 0.0618584238353150, 0.123408919962294, 0.166640208745720 ), .UNSPECIFIED. );
#1212 = VECTOR( '', #1992, 1000.00000000000 );
#1213 = SURFACE_SIDE_STYLE( '', ( #1993 ) );
#1214 = EDGE_LOOP( '', ( #1994, #1995, #1996, #1997, #1998, #1999, #2000, #2001 ) );
#1215 = AXIS2_PLACEMENT_3D( '', #2002, #2003, #2004 );
#1216 = SURFACE_SIDE_STYLE( '', ( #2005 ) );
#1217 = EDGE_LOOP( '', ( #2006, #2007, #2008, #2009 ) );
#1218 = AXIS2_PLACEMENT_3D( '', #2010, #2011, #2012 );
#1219 = SURFACE_SIDE_STYLE( '', ( #2013 ) );
#1220 = EDGE_LOOP( '', ( #2014, #2015, #2016, #2017 ) );
#1221 = AXIS2_PLACEMENT_3D( '', #2018, #2019, #2020 );
#1222 = SURFACE_SIDE_STYLE( '', ( #2021 ) );
#1223 = EDGE_LOOP( '', ( #2022, #2023, #2024, #2025 ) );
#1224 = AXIS2_PLACEMENT_3D( '', #2026, #2027, #2028 );
#1225 = SURFACE_SIDE_STYLE( '', ( #2029 ) );
#1226 = EDGE_LOOP( '', ( #2030 ) );
#1227 = EDGE_LOOP( '', ( #2031 ) );
#1228 = AXIS2_PLACEMENT_3D( '', #2032, #2033, #2034 );
#1229 = SURFACE_SIDE_STYLE( '', ( #2035 ) );
#1230 = EDGE_LOOP( '', ( #2036 ) );
#1231 = EDGE_LOOP( '', ( #2037 ) );
#1232 = AXIS2_PLACEMENT_3D( '', #2038, #2039, #2040 );
#1233 = SURFACE_SIDE_STYLE( '', ( #2041 ) );
#1234 = EDGE_LOOP( '', ( #2042, #2043, #2044, #2045 ) );
#1235 = AXIS2_PLACEMENT_3D( '', #2046, #2047, #2048 );
#1236 = SURFACE_SIDE_STYLE( '', ( #2049 ) );
#1237 = EDGE_LOOP( '', ( #2050, #2051, #2052 ) );
#1238 = AXIS2_PLACEMENT_3D( '', #2053, #2054, #2055 );
#1239 = SURFACE_SIDE_STYLE( '', ( #2056 ) );
#1240 = EDGE_LOOP( '', ( #2057, #2058, #2059, #2060, #2061, #2062, #2063, #2064, #2065, #2066, #2067, #2068, #2069, #2070, #2071, #2072, #2073, #2074, #2075, #2076 ) );
#1241 = AXIS2_PLACEMENT_3D( '', #2077, #2078, #2079 );
#1242 = SURFACE_SIDE_STYLE( '', ( #2080 ) );
#1243 = EDGE_LOOP( '', ( #2081, #2082, #2083, #2084 ) );
#1244 = AXIS2_PLACEMENT_3D( '', #2085, #2086, #2087 );
#1245 = SURFACE_SIDE_STYLE( '', ( #2088 ) );
#1246 = EDGE_LOOP( '', ( #2089, #2090, #2091 ) );
#1247 = AXIS2_PLACEMENT_3D( '', #2092, #2093, #2094 );
#1248 = SURFACE_SIDE_STYLE( '', ( #2095 ) );
#1249 = EDGE_LOOP( '', ( #2096 ) );
#1250 = EDGE_LOOP( '', ( #2097 ) );
#1251 = B_SPLINE_CURVE_WITH_KNOTS( '', 3, ( #2098, #2099, #2100, #2101, #2102, #2103, #2104, #2105, #2106, #2107, #2108, #2109, #2110, #2111, #2112, #2113, #2114, #2115, #2116, #2117, #2118, #2119, #2120, #2121, #2122, #2123, #2124, #2125, #2126 ), .UNSPECIFIED., .T., .F., ( 4, 3, 3, 2, 3, 3, 3, 3, 2, 3, 4 ), ( 0.000000000000000, 0.279215992476780, 0.333003466481121, 0.387058302600929, 0.438454704157468, 0.500724849120818, 0.780270431569901, 0.839884753513847, 0.890300717195922, 0.942655756404233, 1.00000000000000 ), .UNSPECIFIED. );
#1252 = VECTOR( '', #2127, 1000.00000000000 );
#1253 = SURFACE_SIDE_STYLE( '', ( #2128 ) );
#1254 = EDGE_LOOP( '', ( #2129, #2130, #2131, #2132 ) );
#1255 = AXIS2_PLACEMENT_3D( '', #2133, #2134, #2135 );
#1256 = SURFACE_SIDE_STYLE( '', ( #2136 ) );
#1257 = EDGE_LOOP( '', ( #2137, #2138, #2139, #2140 ) );
#1258 = AXIS2_PLACEMENT_3D( '', #2141, #2142, #2143 );
#1259 = SURFACE_SIDE_STYLE( '', ( #2144 ) );
#1260 = EDGE_LOOP( '', ( #2145, #2146, #2147, #2148 ) );
#1261 = AXIS2_PLACEMENT_3D( '', #2149, #2150, #2151 );
#1262 = SURFACE_SIDE_STYLE( '', ( #2152 ) );
#1263 = EDGE_LOOP( '', ( #2153, #2154, #2155, #2156 ) );
#1264 = AXIS2_PLACEMENT_3D( '', #2157, #2158, #2159 );
#1265 = SURFACE_SIDE_STYLE( '', ( #2160 ) );
#1266 = EDGE_LOOP( '', ( #2161, #2162, #2163, #2164 ) );
#1267 = AXIS2_PLACEMENT_3D( '', #2165, #2166, #2167 );
#1268 = SURFACE_SIDE_STYLE( '', ( #2168 ) );
#1269 = EDGE_LOOP( '', ( #2169, #2170, #2171, #2172 ) );
#1270 = AXIS2_PLACEMENT_3D( '', #2173, #2174, #2175 );
#1271 = SURFACE_SIDE_STYLE( '', ( #2176 ) );
#1272 = EDGE_LOOP( '', ( #2177, #2178, #2179, #2180 ) );
#1273 = AXIS2_PLACEMENT_3D( '', #2181, #2182, #2183 );
#1274 = SURFACE_SIDE_STYLE( '', ( #2184 ) );
#1275 = EDGE_LOOP( '', ( #2185, #2186, #2187, #2188, #2189, #2190, #2191, #2192 ) );
#1276 = AXIS2_PLACEMENT_3D( '', #2193, #2194, #2195 );
#1277 = SURFACE_SIDE_STYLE( '', ( #2196 ) );
#1278 = EDGE_LOOP( '', ( #2197, #2198, #2199, #2200 ) );
#1279 = AXIS2_PLACEMENT_3D( '', #2201, #2202, #2203 );
#1280 = SURFACE_SIDE_STYLE( '', ( #2204 ) );
#1281 = EDGE_LOOP( '', ( #2205, #2206, #2207, #2208 ) );
#1282 = AXIS2_PLACEMENT_3D( '', #2209, #2210, #2211 );
#1283 = SURFACE_SIDE_STYLE( '', ( #2212 ) );
#1284 = EDGE_LOOP( '', ( #2213, #2214, #2215, #2216 ) );
#1285 = B_SPLINE_CURVE_WITH_KNOTS( '', 3, ( #2217, #2218, #2219, #2220, #2221, #2222, #2223, #2224, #2225 ), .UNSPECIFIED., .F., .F., ( 4, 3, 2, 4 ), ( 0.372975641588764, 0.383205207861108, 0.414023852388724, 0.475661141443954 ), .UNSPECIFIED. );
#1286 = VECTOR( '', #2226, 1000.00000000000 );
#1287 = SURFACE_SIDE_STYLE( '', ( #2227 ) );
#1288 = EDGE_LOOP( '', ( #2228, #2229, #2230, #2231 ) );
#1289 = AXIS2_PLACEMENT_3D( '', #2232, #2233, #2234 );
#1290 = SURFACE_SIDE_STYLE( '', ( #2235 ) );
#1291 = EDGE_LOOP( '', ( #2236, #2237, #2238, #2239, #2240 ) );
#1292 = AXIS2_PLACEMENT_3D( '', #2241, #2242, #2243 );
#1293 = SURFACE_SIDE_STYLE( '', ( #2244 ) );
#1294 = EDGE_LOOP( '', ( #2245, #2246, #2247, #2248 ) );
#1295 = AXIS2_PLACEMENT_3D( '', #2249, #2250, #2251 );
#1296 = SURFACE_SIDE_STYLE( '', ( #2252 ) );
#1297 = EDGE_LOOP( '', ( #2253, #2254, #2255, #2256 ) );
#1298 = AXIS2_PLACEMENT_3D( '', #2257, #2258, #2259 );
#1299 = SURFACE_SIDE_STYLE( '', ( #2260 ) );
#1300 = EDGE_LOOP( '', ( #2261, #2262, #2263, #2264 ) );
#1301 = AXIS2_PLACEMENT_3D( '', #2265, #2266, #2267 );
#1302 = SURFACE_SIDE_STYLE( '', ( #2268 ) );
#1303 = EDGE_LOOP( '', ( #2269, #2270, #2271, #2272 ) );
#1304 = B_SPLINE_CURVE_WITH_KNOTS( '', 3, ( #2273, #2274, #2275, #2276, #2277, #2278, #2279, #2280, #2281, #2282 ), .UNSPECIFIED., .F., .F., ( 4, 3, 3, 4 ), ( 0.000000000000000, 0.0899772624977920, 0.120052489237709, 0.162243916932202 ), .UNSPECIFIED. );
#1305 = VECTOR( '', #2283, 1000.00000000000 );
#1306 = SURFACE_SIDE_STYLE( '', ( #2284 ) );
#1307 = EDGE_LOOP( '', ( #2285, #2286, #2287, #2288 ) );
#1308 = AXIS2_PLACEMENT_3D( '', #2289, #2290, #2291 );
#1309 = SURFACE_SIDE_STYLE( '', ( #2292 ) );
#1310 = EDGE_LOOP( '', ( #2293, #2294, #2295, #2296, #2297, #2298, #2299, #2300, #2301 ) );
#1311 = AXIS2_PLACEMENT_3D( '', #2302, #2303, #2304 );
#1312 = SURFACE_SIDE_STYLE( '', ( #2305 ) );
#1313 = EDGE_LOOP( '', ( #2306, #2307, #2308, #2309, #2310, #2311 ) );
#1314 = AXIS2_PLACEMENT_3D( '', #2312, #2313, #2314 );
#1315 = SURFACE_SIDE_STYLE( '', ( #2315 ) );
#1316 = EDGE_LOOP( '', ( #2316, #2317, #2318, #2319 ) );
#1317 = B_SPLINE_CURVE_WITH_KNOTS( '', 3, ( #2320, #2321, #2322, #2323, #2324, #2325, #2326, #2327, #2328, #2329 ), .UNSPECIFIED., .F., .F., ( 4, 3, 3, 4 ), ( 0.864440772338382, 0.890436649238046, 0.945457253988607, 1.00000000000000 ), .UNSPECIFIED. );
#1318 = VECTOR( '', #2330, 1000.00000000000 );
#1319 = SURFACE_SIDE_STYLE( '', ( #2331 ) );
#1320 = EDGE_LOOP( '', ( #2332, #2333, #2334, #2335 ) );
#1321 = AXIS2_PLACEMENT_3D( '', #2336, #2337, #2338 );
#1322 = SURFACE_SIDE_STYLE( '', ( #2339 ) );
#1323 = EDGE_LOOP( '', ( #2340, #2341, #2342, #2343 ) );
#1324 = AXIS2_PLACEMENT_3D( '', #2344, #2345, #2346 );
#1325 = SURFACE_SIDE_STYLE( '', ( #2347 ) );
#1326 = EDGE_LOOP( '', ( #2348 ) );
#1327 = EDGE_LOOP( '', ( #2349 ) );
#1328 = AXIS2_PLACEMENT_3D( '', #2350, #2351, #2352 );
#1329 = SURFACE_SIDE_STYLE( '', ( #2353 ) );
#1330 = EDGE_LOOP( '', ( #2354, #2355, #2356, #2357 ) );
#1331 = AXIS2_PLACEMENT_3D( '', #2358, #2359, #2360 );
#1332 = SURFACE_SIDE_STYLE( '', ( #2361 ) );
#1333 = EDGE_LOOP( '', ( #2362, #2363, #2364, #2365 ) );
#1334 = AXIS2_PLACEMENT_3D( '', #2366, #2367, #2368 );
#1335 = SURFACE_SIDE_STYLE( '', ( #2369 ) );
#1336 = EDGE_LOOP( '', ( #2370, #2371, #2372, #2373 ) );
#1337 = AXIS2_PLACEMENT_3D( '', #2374, #2375, #2376 );
#1338 = SURFACE_SIDE_STYLE( '', ( #2377 ) );
#1339 = EDGE_LOOP( '', ( #2378, #2379, #2380, #2381 ) );
#1340 = AXIS2_PLACEMENT_3D( '', #2382, #2383, #2384 );
#1341 = SURFACE_SIDE_STYLE( '', ( #2385 ) );
#1342 = EDGE_LOOP( '', ( #2386, #2387, #2388, #2389, #2390 ) );
#1343 = AXIS2_PLACEMENT_3D( '', #2391, #2392, #2393 );
#1344 = SURFACE_SIDE_STYLE( '', ( #2394 ) );
#1345 = EDGE_LOOP( '', ( #2395, #2396, #2397, #2398 ) );
#1346 = AXIS2_PLACEMENT_3D( '', #2399, #2400, #2401 );
#1347 = SURFACE_SIDE_STYLE( '', ( #2402 ) );
#1348 = EDGE_LOOP( '', ( #2403, #2404, #2405, #2406 ) );
#1349 = B_SPLINE_CURVE_WITH_KNOTS( '', 3, ( #2407, #2408, #2409, #2410, #2411, #2412, #2413, #2414, #2415, #2416, #2417, #2418 ), .UNSPECIFIED., .F., .F., ( 4, 3, 2, 3, 4 ), ( 0.142701842097249, 0.318158656071352, 0.345281520394422, 0.364367980473619, 0.372975641588764 ), .UNSPECIFIED. );
#1350 = VECTOR( '', #2419, 1000.00000000000 );
#1351 = SURFACE_SIDE_STYLE( '', ( #2420 ) );
#1352 = EDGE_LOOP( '', ( #2421, #2422, #2423, #2424 ) );
#1353 = B_SPLINE_CURVE_WITH_KNOTS( '', 3, ( #2425, #2426, #2427, #2428, #2429, #2430, #2431, #2432, #2433, #2434, #2435, #2436 ), .UNSPECIFIED., .F., .F., ( 4, 3, 2, 3, 4 ), ( 0.142729134326569, 0.318116828422621, 0.345242832195370, 0.364331501516935, 0.372940361280816 ), .UNSPECIFIED. );
#1354 = VECTOR( '', #2437, 1000.00000000000 );
#1355 = SURFACE_SIDE_STYLE( '', ( #2438 ) );
#1356 = EDGE_LOOP( '', ( #2439 ) );
#1357 = AXIS2_PLACEMENT_3D( '', #2440, #2441, #2442 );
#1358 = SURFACE_SIDE_STYLE( '', ( #2443 ) );
#1359 = EDGE_LOOP( '', ( #2444, #2445, #2446, #2447 ) );
#1360 = AXIS2_PLACEMENT_3D( '', #2448, #2449, #2450 );
#1361 = SURFACE_SIDE_STYLE( '', ( #2451 ) );
#1362 = EDGE_LOOP( '', ( #2452, #2453 ) );
#1363 = AXIS2_PLACEMENT_3D( '', #2454, #2455, #2456 );
#1364 = SURFACE_SIDE_STYLE( '', ( #2457 ) );
#1365 = EDGE_LOOP( '', ( #2458, #2459, #2460, #2461 ) );
#1366 = B_SPLINE_CURVE_WITH_KNOTS( '', 3, ( #2462, #2463, #2464, #2465, #2466, #2467, #2468, #2469, #2470, #2471 ), .UNSPECIFIED., .F., .F., ( 4, 3, 3, 4 ), ( 0.000000000000000, 0.315184843035239, 0.373212378684577, 0.473636951736409 ), .UNSPECIFIED. );
#1367 = VECTOR( '', #2472, 1000.00000000000 );
#1368 = SURFACE_SIDE_STYLE( '', ( #2473 ) );
#1369 = EDGE_LOOP( '', ( #2474, #2475, #2476, #2477 ) );
#1370 = AXIS2_PLACEMENT_3D( '', #2478, #2479, #2480 );
#1371 = SURFACE_SIDE_STYLE( '', ( #2481 ) );
#1372 = EDGE_LOOP( '', ( #2482, #2483, #2484, #2485 ) );
#1373 = AXIS2_PLACEMENT_3D( '', #2486, #2487, #2488 );
#1374 = SURFACE_SIDE_STYLE( '', ( #2489 ) );
#1375 = EDGE_LOOP( '', ( #2490, #2491, #2492, #2493 ) );
#1376 = AXIS2_PLACEMENT_3D( '', #2494, #2495, #2496 );
#1377 = SURFACE_SIDE_STYLE( '', ( #2497 ) );
#1378 = EDGE_LOOP( '', ( #2498, #2499, #2500, #2501 ) );
#1379 = B_SPLINE_CURVE_WITH_KNOTS( '', 3, ( #2502, #2503, #2504, #2505, #2506, #2507, #2508 ), .UNSPECIFIED., .F., .F., ( 4, 3, 4 ), ( 0.535554593222310, 0.642488884770629, 0.665616877284601 ), .UNSPECIFIED. );
#1380 = VECTOR( '', #2509, 1000.00000000000 );
#1381 = SURFACE_SIDE_STYLE( '', ( #2510 ) );
#1382 = EDGE_LOOP( '', ( #2511, #2512, #2513, #2514 ) );
#1383 = AXIS2_PLACEMENT_3D( '', #2515, #2516, #2517 );
#1384 = SURFACE_SIDE_STYLE( '', ( #2518 ) );
#1385 = EDGE_LOOP( '', ( #2519, #2520, #2521 ) );
#1386 = EDGE_LOOP( '', ( #2522, #2523, #2524, #2525 ) );
#1387 = AXIS2_PLACEMENT_3D( '', #2526, #2527, #2528 );
#1388 = SURFACE_SIDE_STYLE( '', ( #2529 ) );
#1389 = EDGE_LOOP( '', ( #2530, #2531, #2532, #2533 ) );
#1390 = AXIS2_PLACEMENT_3D( '', #2534, #2535, #2536 );
#1391 = SURFACE_SIDE_STYLE( '', ( #2537 ) );
#1392 = EDGE_LOOP( '', ( #2538 ) );
#1393 = AXIS2_PLACEMENT_3D( '', #2539, #2540, #2541 );
#1394 = SURFACE_SIDE_STYLE( '', ( #2542 ) );
#1395 = EDGE_LOOP( '', ( #2543, #2544, #2545, #2546 ) );
#1396 = B_SPLINE_CURVE_WITH_KNOTS( '', 3, ( #2547, #2548, #2549, #2550, #2551, #2552, #2553, #2554, #2555, #2556, #2557, #2558, #2559, #2560, #2561 ), .UNSPECIFIED., .F., .F., ( 4, 3, 3, 2, 3, 4 ), ( 0.699087214453069, 0.739264380987717, 0.815710129053961, 0.838571825323326, 0.874497348032329, 0.914412539102948 ), .UNSPECIFIED. );
#1397 = VECTOR( '', #2562, 1000.00000000000 );
#1398 = SURFACE_SIDE_STYLE( '', ( #2563 ) );
#1399 = EDGE_LOOP( '', ( #2564, #2565, #2566, #2567 ) );
#1400 = AXIS2_PLACEMENT_3D( '', #2568, #2569, #2570 );
#1401 = SURFACE_SIDE_STYLE( '', ( #2571 ) );
#1402 = EDGE_LOOP( '', ( #2572, #2573, #2574, #2575 ) );
#1403 = EDGE_LOOP( '', ( #2576 ) );
#1404 = AXIS2_PLACEMENT_3D( '', #2577, #2578, #2579 );
#1405 = SURFACE_SIDE_STYLE( '', ( #2580 ) );
#1406 = EDGE_LOOP( '', ( #2581, #2582, #2583, #2584 ) );
#1407 = AXIS2_PLACEMENT_3D( '', #2585, #2586, #2587 );
#1408 = SURFACE_SIDE_STYLE( '', ( #2588 ) );
#1409 = EDGE_LOOP( '', ( #2589 ) );
#1410 = AXIS2_PLACEMENT_3D( '', #2590, #2591, #2592 );
#1411 = SURFACE_SIDE_STYLE( '', ( #2593 ) );
#1412 = EDGE_LOOP( '', ( #2594, #2595, #2596, #2597 ) );
#1413 = AXIS2_PLACEMENT_3D( '', #2598, #2599, #2600 );
#1414 = SURFACE_SIDE_STYLE( '', ( #2601 ) );
#1415 = EDGE_LOOP( '', ( #2602, #2603, #2604, #2605, #2606, #2607, #2608, #2609 ) );
#1416 = AXIS2_PLACEMENT_3D( '', #2610, #2611, #2612 );
#1417 = SURFACE_SIDE_STYLE( '', ( #2613 ) );
#1418 = EDGE_LOOP( '', ( #2614 ) );
#1419 = EDGE_LOOP( '', ( #2615 ) );
#1420 = B_SPLINE_CURVE_WITH_KNOTS( '', 3, ( #2616, #2617, #2618, #2619, #2620, #2621, #2622, #2623, #2624, #2625, #2626, #2627, #2628, #2629, #2630, #2631, #2632, #2633, #2634, #2635, #2636, #2637, #2638, #2639, #2640, #2641, #2642, #2643, #2644 ), .UNSPECIFIED., .T., .F., ( 4, 3, 2, 3, 3, 3, 3, 2, 3, 3, 4 ), ( 0.000000000000000, 0.0640437500200068, 0.129461427622765, 0.194118434555724, 0.259108272034044, 0.499081144990576, 0.566694768321349, 0.632516841893516, 0.695413489973588, 0.759436430448151, 1.00000000000000 ), .UNSPECIFIED. );
#1421 = VECTOR( '', #2645, 1000.00000000000 );
#1422 = SURFACE_SIDE_STYLE( '', ( #2646 ) );
#1423 = EDGE_LOOP( '', ( #2647, #2648, #2649, #2650 ) );
#1424 = AXIS2_PLACEMENT_3D( '', #2651, #2652, #2653 );
#1425 = SURFACE_SIDE_STYLE( '', ( #2654 ) );
#1426 = EDGE_LOOP( '', ( #2655, #2656, #2657, #2658, #2659, #2660, #2661, #2662, #2663, #2664, #2665, #2666, #2667, #2668, #2669, #2670, #2671, #2672, #2673, #2674, #2675, #2676, #2677, #2678, #2679, #2680 ) );
#1427 = AXIS2_PLACEMENT_3D( '', #2681, #2682, #2683 );
#1428 = SURFACE_SIDE_STYLE( '', ( #2684 ) );
#1429 = EDGE_LOOP( '', ( #2685, #2686, #2687, #2688 ) );
#1430 = B_SPLINE_CURVE_WITH_KNOTS( '', 3, ( #2689, #2690, #2691, #2692, #2693, #2694, #2695, #2696, #2697, #2698, #2699, #2700, #2701, #2702, #2703, #2704, #2705, #2706 ), .UNSPECIFIED., .F., .F., ( 4, 3, 3, 2, 3, 3, 4 ), ( 0.186154832491120, 0.228245197432180, 0.274611726661858, 0.320600965123643, 0.367095579832260, 0.412070631571576, 0.439973129182682 ), .UNSPECIFIED. );
#1431 = VECTOR( '', #2707, 1000.00000000000 );
#1432 = SURFACE_SIDE_STYLE( '', ( #2708 ) );
#1433 = EDGE_LOOP( '', ( #2709, #2710, #2711, #2712 ) );
#1434 = AXIS2_PLACEMENT_3D( '', #2713, #2714, #2715 );
#1435 = SURFACE_SIDE_STYLE( '', ( #2716 ) );
#1436 = EDGE_LOOP( '', ( #2717 ) );
#1437 = EDGE_LOOP( '', ( #2718 ) );
#1438 = AXIS2_PLACEMENT_3D( '', #2719, #2720, #2721 );
#1439 = SURFACE_SIDE_STYLE( '', ( #2722 ) );
#1440 = EDGE_LOOP( '', ( #2723, #2724, #2725, #2726, #2727 ) );
#1441 = AXIS2_PLACEMENT_3D( '', #2728, #2729, #2730 );
#1442 = SURFACE_SIDE_STYLE( '', ( #2731 ) );
#1443 = EDGE_LOOP( '', ( #2732, #2733 ) );
#1444 = AXIS2_PLACEMENT_3D( '', #2734, #2735, #2736 );
#1445 = SURFACE_SIDE_STYLE( '', ( #2737 ) );
#1446 = EDGE_LOOP( '', ( #2738, #2739, #2740, #2741 ) );
#1447 = AXIS2_PLACEMENT_3D( '', #2742, #2743, #2744 );
#1448 = SURFACE_SIDE_STYLE( '', ( #2745 ) );
#1449 = EDGE_LOOP( '', ( #2746, #2747, #2748, #2749 ) );
#1450 = AXIS2_PLACEMENT_3D( '', #2750, #2751, #2752 );
#1451 = SURFACE_SIDE_STYLE( '', ( #2753 ) );
#1452 = EDGE_LOOP( '', ( #2754, #2755, #2756, #2757, #2758, #2759 ) );
#1453 = AXIS2_PLACEMENT_3D( '', #2760, #2761, #2762 );
#1454 = SURFACE_SIDE_STYLE( '', ( #2763 ) );
#1455 = EDGE_LOOP( '', ( #2764, #2765, #2766, #2767 ) );
#1456 = AXIS2_PLACEMENT_3D( '', #2768, #2769, #2770 );
#1457 = SURFACE_SIDE_STYLE( '', ( #2771 ) );
#1458 = EDGE_LOOP( '', ( #2772 ) );
#1459 = AXIS2_PLACEMENT_3D( '', #2773, #2774, #2775 );
#1460 = SURFACE_SIDE_STYLE( '', ( #2776 ) );
#1461 = EDGE_LOOP( '', ( #2777, #2778, #2779, #2780 ) );
#1462 = AXIS2_PLACEMENT_3D( '', #2781, #2782, #2783 );
#1463 = SURFACE_SIDE_STYLE( '', ( #2784 ) );
#1464 = EDGE_LOOP( '', ( #2785, #2786, #2787, #2788, #2789, #2790 ) );
#1465 = AXIS2_PLACEMENT_3D( '', #2791, #2792, #2793 );
#1466 = SURFACE_SIDE_STYLE( '', ( #2794 ) );
#1467 = EDGE_LOOP( '', ( #2795, #2796, #2797, #2798 ) );
#1468 = B_SPLINE_CURVE_WITH_KNOTS( '', 3, ( #2799, #2800, #2801, #2802, #2803, #2804, #2805 ), .UNSPECIFIED., .F., .F., ( 4, 3, 4 ), ( 0.914412539102948, 0.956937995423062, 1.00000000000000 ), .UNSPECIFIED. );
#1469 = VECTOR( '', #2806, 1000.00000000000 );
#1470 = SURFACE_SIDE_STYLE( '', ( #2807 ) );
#1471 = EDGE_LOOP( '', ( #2808, #2809, #2810, #2811 ) );
#1472 = AXIS2_PLACEMENT_3D( '', #2812, #2813, #2814 );
#1473 = SURFACE_SIDE_STYLE( '', ( #2815 ) );
#1474 = EDGE_LOOP( '', ( #2816 ) );
#1475 = EDGE_LOOP( '', ( #2817 ) );
#1476 = AXIS2_PLACEMENT_3D( '', #2818, #2819, #2820 );
#1477 = SURFACE_SIDE_STYLE( '', ( #2821 ) );
#1478 = EDGE_LOOP( '', ( #2822, #2823, #2824, #2825 ) );
#1479 = AXIS2_PLACEMENT_3D( '', #2826, #2827, #2828 );
#1480 = SURFACE_SIDE_STYLE( '', ( #2829 ) );
#1481 = EDGE_LOOP( '', ( #2830, #2831, #2832, #2833 ) );
#1482 = AXIS2_PLACEMENT_3D( '', #2834, #2835, #2836 );
#1483 = SURFACE_SIDE_STYLE( '', ( #2837 ) );
#1484 = EDGE_LOOP( '', ( #2838 ) );
#1485 = EDGE_LOOP( '', ( #2839 ) );
#1486 = B_SPLINE_CURVE_WITH_KNOTS( '', 3, ( #2840, #2841, #2842, #2843, #2844, #2845, #2846, #2847, #2848, #2849, #2850, #2851, #2852, #2853, #2854, #2855, #2856, #2857, #2858, #2859, #2860, #2861 ), .UNSPECIFIED., .T., .F., ( 4, 3, 2, 3, 2, 3, 2, 3, 4 ), ( 0.000000000000000, 0.126715206979919, 0.250194549029151, 0.372374108530497, 0.502494261125843, 0.626788138231845, 0.749446225028281, 0.872104311824715, 1.00000000000000 ), .UNSPECIFIED. );
#1487 = VECTOR( '', #2862, 1000.00000000000 );
#1488 = SURFACE_SIDE_STYLE( '', ( #2863 ) );
#1489 = EDGE_LOOP( '', ( #2864, #2865, #2866, #2867 ) );
#1490 = B_SPLINE_CURVE_WITH_KNOTS( '', 3, ( #2868, #2869, #2870, #2871, #2872, #2873, #2874 ), .UNSPECIFIED., .F., .F., ( 4, 3, 4 ), ( 0.665616877284601, 0.724429101550196, 1.00000000000000 ), .UNSPECIFIED. );
#1491 = VECTOR( '', #2875, 1000.00000000000 );
#1492 = SURFACE_SIDE_STYLE( '', ( #2876 ) );
#1493 = EDGE_LOOP( '', ( #2877, #2878, #2879, #2880 ) );
#1494 = EDGE_LOOP( '', ( #2881, #2882, #2883, #2884, #2885, #2886, #2887, #2888, #2889 ) );
#1495 = EDGE_LOOP( '', ( #2890, #2891, #2892, #2893, #2894, #2895, #2896, #2897 ) );
#1496 = EDGE_LOOP( '', ( #2898, #2899, #2900, #2901 ) );
#1497 = EDGE_LOOP( '', ( #2902 ) );
#1498 = EDGE_LOOP( '', ( #2903, #2904, #2905, #2906, #2907, #2908, #2909, #2910 ) );
#1499 = EDGE_LOOP( '', ( #2911 ) );
#1500 = EDGE_LOOP( '', ( #2912, #2913, #2914, #2915, #2916, #2917, #2918, #2919 ) );
#1501 = EDGE_LOOP( '', ( #2920, #2921, #2922, #2923, #2924, #2925, #2926, #2927 ) );
#1502 = EDGE_LOOP( '', ( #2928, #2929, #2930, #2931 ) );
#1503 = EDGE_LOOP( '', ( #2932, #2933, #2934, #2935 ) );
#1504 = EDGE_LOOP( '', ( #2936, #2937, #2938 ) );
#1505 = AXIS2_PLACEMENT_3D( '', #2939, #2940, #2941 );
#1506 = SURFACE_SIDE_STYLE( '', ( #2942 ) );
#1507 = EDGE_LOOP( '', ( #2943, #2944, #2945, #2946 ) );
#1508 = AXIS2_PLACEMENT_3D( '', #2947, #2948, #2949 );
#1509 = SURFACE_SIDE_STYLE( '', ( #2950 ) );
#1510 = EDGE_LOOP( '', ( #2951, #2952, #2953, #2954 ) );
#1511 = AXIS2_PLACEMENT_3D( '', #2955, #2956, #2957 );
#1512 = SURFACE_SIDE_STYLE( '', ( #2958 ) );
#1513 = EDGE_LOOP( '', ( #2959, #2960, #2961, #2962 ) );
#1514 = AXIS2_PLACEMENT_3D( '', #2963, #2964, #2965 );
#1515 = SURFACE_SIDE_STYLE( '', ( #2966 ) );
#1516 = EDGE_LOOP( '', ( #2967 ) );
#1517 = EDGE_LOOP( '', ( #2968 ) );
#1518 = AXIS2_PLACEMENT_3D( '', #2969, #2970, #2971 );
#1519 = SURFACE_SIDE_STYLE( '', ( #2972 ) );
#1520 = EDGE_LOOP( '', ( #2973, #2974, #2975, #2976 ) );
#1521 = AXIS2_PLACEMENT_3D( '', #2977, #2978, #2979 );
#1522 = SURFACE_SIDE_STYLE( '', ( #2980 ) );
#1523 = EDGE_LOOP( '', ( #2981, #2982, #2983, #2984, #2985, #2986 ) );
#1524 = AXIS2_PLACEMENT_3D( '', #2987, #2988, #2989 );
#1525 = SURFACE_SIDE_STYLE( '', ( #2990 ) );
#1526 = EDGE_LOOP( '', ( #2991, #2992, #2993, #2994 ) );
#1527 = B_SPLINE_CURVE_WITH_KNOTS( '', 3, ( #2995, #2996, #2997, #2998, #2999, #3000, #3001, #3002, #3003, #3004, #3005, #3006, #3007, #3008, #3009, #3010, #3011, #3012 ), .UNSPECIFIED., .F., .F., ( 4, 3, 3, 2, 3, 3, 4 ), ( 0.180405419971693, 0.221891990640335, 0.267736136059066, 0.313996537028402, 0.348209958578641, 0.400075885961993, 0.437289343007607 ), .UNSPECIFIED. );
#1528 = VECTOR( '', #3013, 1000.00000000000 );
#1529 = SURFACE_SIDE_STYLE( '', ( #3014 ) );
#1530 = EDGE_LOOP( '', ( #3015, #3016, #3017, #3018 ) );
#1531 = AXIS2_PLACEMENT_3D( '', #3019, #3020, #3021 );
#1532 = SURFACE_SIDE_STYLE( '', ( #3022 ) );
#1533 = EDGE_LOOP( '', ( #3023, #3024, #3025, #3026 ) );
#1534 = AXIS2_PLACEMENT_3D( '', #3027, #3028, #3029 );
#1535 = SURFACE_SIDE_STYLE( '', ( #3030 ) );
#1536 = EDGE_LOOP( '', ( #3031, #3032, #3033, #3034, #3035 ) );
#1537 = AXIS2_PLACEMENT_3D( '', #3036, #3037, #3038 );
#1538 = SURFACE_SIDE_STYLE( '', ( #3039 ) );
#1539 = EDGE_LOOP( '', ( #3040, #3041, #3042, #3043, #3044 ) );
#1540 = AXIS2_PLACEMENT_3D( '', #3045, #3046, #3047 );
#1541 = SURFACE_SIDE_STYLE( '', ( #3048 ) );
#1542 = EDGE_LOOP( '', ( #3049, #3050, #3051, #3052 ) );
#1543 = AXIS2_PLACEMENT_3D( '', #3053, #3054, #3055 );
#1544 = SURFACE_SIDE_STYLE( '', ( #3056 ) );
#1545 = EDGE_LOOP( '', ( #3057, #3058, #3059, #3060 ) );
#1546 = B_SPLINE_CURVE_WITH_KNOTS( '', 3, ( #3061, #3062, #3063, #3064, #3065, #3066, #3067, #3068, #3069, #3070, #3071, #3072, #3073, #3074 ), .UNSPECIFIED., .F., .F., ( 4, 2, 3, 2, 3, 4 ), ( 0.492926542882375, 0.579880136203625, 0.632229748509274, 0.682030015720584, 0.708031925149499, 0.878631077014887 ), .UNSPECIFIED. );
#1547 = VECTOR( '', #3075, 1000.00000000000 );
#1548 = SURFACE_SIDE_STYLE( '', ( #3076 ) );
#1549 = EDGE_LOOP( '', ( #3077, #3078, #3079, #3080, #3081, #3082 ) );
#1550 = AXIS2_PLACEMENT_3D( '', #3083, #3084, #3085 );
#1551 = SURFACE_SIDE_STYLE( '', ( #3086 ) );
#1552 = EDGE_LOOP( '', ( #3087, #3088, #3089, #3090 ) );
#1553 = B_SPLINE_CURVE_WITH_KNOTS( '', 3, ( #3091, #3092, #3093, #3094, #3095, #3096, #3097 ), .UNSPECIFIED., .F., .F., ( 4, 3, 4 ), ( 0.848410483905949, 0.950648945466324, 1.00000000000000 ), .UNSPECIFIED. );
#1554 = VECTOR( '', #3098, 1000.00000000000 );
#1555 = SURFACE_SIDE_STYLE( '', ( #3099 ) );
#1556 = EDGE_LOOP( '', ( #3100, #3101, #3102, #3103 ) );
#1557 = AXIS2_PLACEMENT_3D( '', #3104, #3105, #3106 );
#1558 = SURFACE_SIDE_STYLE( '', ( #3107 ) );
#1559 = EDGE_LOOP( '', ( #3108, #3109, #3110, #3111 ) );
#1560 = AXIS2_PLACEMENT_3D( '', #3112, #3113, #3114 );
#1562 =  ( LENGTH_UNIT(  )NAMED_UNIT( #1063 )SI_UNIT( .MILLI., .METRE. ) );
#1563 = SURFACE_STYLE_FILL_AREA( #3116 );
#1564 = ORIENTED_EDGE( '', *, *, #3117, .T. );
#1565 = ORIENTED_EDGE( '', *, *, #3118, .T. );
#1566 = ORIENTED_EDGE( '', *, *, #3119, .F. );
#1567 = ORIENTED_EDGE( '', *, *, #3120, .F. );
#1568 = CARTESIAN_POINT( '', ( -1.25000000000000, -2.05000000000000, -12.9490566037736 ) );
#1569 = DIRECTION( '', ( 1.00000000000000, 6.12303176911189E-017, -0.000000000000000 ) );
#1570 = DIRECTION( '', ( 6.12303176911189E-017, -1.00000000000000, 0.000000000000000 ) );
#1571 = SURFACE_STYLE_FILL_AREA( #3121 );
#1572 = ORIENTED_EDGE( '', *, *, #3122, .F. );
#1573 = ORIENTED_EDGE( '', *, *, #3123, .F. );
#1574 = ORIENTED_EDGE( '', *, *, #3124, .T. );
#1575 = ORIENTED_EDGE( '', *, *, #3125, .T. );
#1576 = CARTESIAN_POINT( '', ( 4.67000000000000, -0.422300569449801, 2.34608162359154 ) );
#1577 = DIRECTION( '', ( 0.000000000000000, 0.000000000000000, -1.00000000000000 ) );
#1578 = DIRECTION( '', ( -1.00000000000000, 0.000000000000000, 0.000000000000000 ) );
#1579 = SURFACE_STYLE_FILL_AREA( #3126 );
#1580 = ORIENTED_EDGE( '', *, *, #3127, .T. );
#1581 = ORIENTED_EDGE( '', *, *, #3128, .T. );
#1582 = ORIENTED_EDGE( '', *, *, #3129, .T. );
#1583 = ORIENTED_EDGE( '', *, *, #3130, .F. );
#1584 = ORIENTED_EDGE( '', *, *, #3131, .T. );
#1585 = ORIENTED_EDGE( '', *, *, #3132, .T. );
#1586 = CARTESIAN_POINT( '', ( 4.65000000000000, 5.08000000000000, -4.43500000000000 ) );
#1587 = DIRECTION( '', ( 0.000000000000000, -1.00000000000000, -9.77859907540478E-017 ) );
#1588 = DIRECTION( '', ( 0.000000000000000, 9.77859907540478E-017, -1.00000000000000 ) );
#1589 = SURFACE_STYLE_FILL_AREA( #3133 );
#1590 = ORIENTED_EDGE( '', *, *, #3134, .F. );
#1591 = ORIENTED_EDGE( '', *, *, #3135, .F. );
#1592 = ORIENTED_EDGE( '', *, *, #3136, .T. );
#1593 = ORIENTED_EDGE( '', *, *, #3137, .T. );
#1594 = CARTESIAN_POINT( '', ( 4.67000000000000, -0.524829619347272, 1.19775626473986 ) );
#1595 = DIRECTION( '', ( -8.70162971980633E-017, -0.999216684497440, 0.0395729379998978 ) );
#1596 = DIRECTION( '', ( 0.000000000000000, -0.0395729379998978, -0.999216684497440 ) );
#1597 = SURFACE_STYLE_FILL_AREA( #3138 );
#1598 = ORIENTED_EDGE( '', *, *, #3139, .T. );
#1599 = ORIENTED_EDGE( '', *, *, #3140, .F. );
#1600 = CARTESIAN_POINT( '', ( -1.73472347597680E-015, 4.33680868994202E-016, 2.07000000000000 ) );
#1601 = DIRECTION( '', ( -1.00000000000000, -0.000000000000000, -0.000000000000000 ) );
#1602 = DIRECTION( '', ( 0.000000000000000, 0.000000000000000, -1.00000000000000 ) );
#1603 = SURFACE_STYLE_FILL_AREA( #3141 );
#1604 = ORIENTED_EDGE( '', *, *, #3142, .F. );
#1605 = ORIENTED_EDGE( '', *, *, #3143, .F. );
#1606 = ORIENTED_EDGE( '', *, *, #3144, .T. );
#1607 = ORIENTED_EDGE( '', *, *, #3145, .T. );
#1608 = CARTESIAN_POINT( '', ( 5.00000000000000, -0.799999999999991, -0.300000000000005 ) );
#1609 = DIRECTION( '', ( 1.00000000000000, 0.000000000000000, -1.73472347597681E-015 ) );
#1610 = DIRECTION( '', ( -1.73472347597681E-015, -4.92643991364194E-047, -1.00000000000000 ) );
#1611 = SURFACE_STYLE_FILL_AREA( #3146 );
#1612 = ORIENTED_EDGE( '', *, *, #3147, .F. );
#1613 = ORIENTED_EDGE( '', *, *, #3148, .T. );
#1614 = ORIENTED_EDGE( '', *, *, #3149, .T. );
#1615 = ORIENTED_EDGE( '', *, *, #3150, .T. );
#1616 = CARTESIAN_POINT( '', ( -1.25000000000000, 3.90000000000000, -5.34905660377359 ) );
#1617 = DIRECTION( '', ( 0.000000000000000, 0.000000000000000, 1.00000000000000 ) );
#1618 = DIRECTION( '', ( 1.00000000000000, 0.000000000000000, 0.000000000000000 ) );
#1619 = SURFACE_STYLE_FILL_AREA( #3151 );
#1620 = ORIENTED_EDGE( '', *, *, #3152, .T. );
#1621 = ORIENTED_EDGE( '', *, *, #3153, .F. );
#1622 = ORIENTED_EDGE( '', *, *, #3154, .F. );
#1623 = ORIENTED_EDGE( '', *, *, #3155, .T. );
#1624 = ORIENTED_EDGE( '', *, *, #3156, .F. );
#1625 = ORIENTED_EDGE( '', *, *, #3157, .T. );
#1626 = CARTESIAN_POINT( '', ( 4.65000000000000, -5.08000000000000, 4.43500000000000 ) );
#1627 = DIRECTION( '', ( 0.000000000000000, 1.00000000000000, 9.77859907540478E-017 ) );
#1628 = DIRECTION( '', ( 0.000000000000000, -9.77859907540478E-017, 1.00000000000000 ) );
#1629 = SURFACE_STYLE_FILL_AREA( #3158 );
#1630 = ORIENTED_EDGE( '', *, *, #3159, .F. );
#1631 = ORIENTED_EDGE( '', *, *, #3160, .F. );
#1632 = ORIENTED_EDGE( '', *, *, #3161, .F. );
#1633 = ORIENTED_EDGE( '', *, *, #3162, .F. );
#1634 = CARTESIAN_POINT( '', ( -1.25000000000000, -5.05000000000000, -6.67076667206465 ) );
#1635 = DIRECTION( '', ( -1.00000000000000, -0.000000000000000, -0.000000000000000 ) );
#1636 = DIRECTION( '', ( 0.000000000000000, 0.000000000000000, -1.00000000000000 ) );
#1637 = SURFACE_STYLE_FILL_AREA( #3163 );
#1638 = ORIENTED_EDGE( '', *, *, #3164, .T. );
#1639 = CARTESIAN_POINT( '', ( 2.37000000000000, 2.54000000000000, 3.56500000000000 ) );
#1640 = DIRECTION( '', ( 0.000000000000000, 0.000000000000000, -1.00000000000000 ) );
#1641 = DIRECTION( '', ( -1.00000000000000, 0.000000000000000, 0.000000000000000 ) );
#1642 = SURFACE_STYLE_FILL_AREA( #3165 );
#1643 = ORIENTED_EDGE( '', *, *, #3166, .F. );
#1644 = ORIENTED_EDGE( '', *, *, #3167, .F. );
#1645 = ORIENTED_EDGE( '', *, *, #3168, .T. );
#1646 = ORIENTED_EDGE( '', *, *, #3169, .T. );
#1647 = CARTESIAN_POINT( '', ( 4.67000000000000, -4.64854800622355, 1.20083213623678 ) );
#1648 = DIRECTION( '', ( -8.70845118462253E-017, -1.00000000000000, 0.000000000000000 ) );
#1649 = DIRECTION( '', ( 1.00000000000000, -8.70845118462253E-017, 0.000000000000000 ) );
#1650 = SURFACE_STYLE_FILL_AREA( #3170 );
#1651 = ORIENTED_EDGE( '', *, *, #3171, .F. );
#1652 = ORIENTED_EDGE( '', *, *, #3172, .F. );
#1653 = ORIENTED_EDGE( '', *, *, #3173, .T. );
#1654 = ORIENTED_EDGE( '', *, *, #3174, .T. );
#1655 = CARTESIAN_POINT( '', ( 4.67000000000000, -2.56925887430284, 2.57574669536187 ) );
#1656 = DIRECTION( '', ( 0.000000000000000, 0.000000000000000, -1.00000000000000 ) );
#1657 = DIRECTION( '', ( -1.00000000000000, 0.000000000000000, 0.000000000000000 ) );
#1658 = SURFACE_STYLE_FILL_AREA( #3175 );
#1659 = ORIENTED_EDGE( '', *, *, #3176, .F. );
#1660 = ORIENTED_EDGE( '', *, *, #3177, .F. );
#1661 = ORIENTED_EDGE( '', *, *, #3178, .F. );
#1662 = ORIENTED_EDGE( '', *, *, #3179, .F. );
#1663 = ORIENTED_EDGE( '', *, *, #3180, .F. );
#1664 = ORIENTED_EDGE( '', *, *, #3181, .F. );
#1665 = ORIENTED_EDGE( '', *, *, #3182, .F. );
#1666 = ORIENTED_EDGE( '', *, *, #3183, .F. );
#1667 = CARTESIAN_POINT( '', ( 4.67000000000000, 3.61273499488605, 1.85783066988831 ) );
#1668 = DIRECTION( '', ( 1.00000000000000, 0.000000000000000, 0.000000000000000 ) );
#1669 = DIRECTION( '', ( 0.000000000000000, 0.000000000000000, -1.00000000000000 ) );
#1670 = SURFACE_STYLE_FILL_AREA( #3184 );
#1671 = ORIENTED_EDGE( '', *, *, #3185, .F. );
#1672 = ORIENTED_EDGE( '', *, *, #3186, .F. );
#1673 = ORIENTED_EDGE( '', *, *, #3187, .T. );
#1674 = ORIENTED_EDGE( '', *, *, #3188, .T. );
#1675 = CARTESIAN_POINT( '', ( 4.67000000000000, 1.95227222617562, 1.19673097424088 ) );
#1676 = DIRECTION( '', ( -8.29338692418116E-019, -0.00952337763439004, -0.999954651610978 ) );
#1677 = DIRECTION( '', ( 0.000000000000000, 0.999954651610978, -0.00952337763439004 ) );
#1678 = SURFACE_STYLE_FILL_AREA( #3189 );
#1679 = ORIENTED_EDGE( '', *, *, #3190, .F. );
#1680 = ORIENTED_EDGE( '', *, *, #3191, .F. );
#1681 = ORIENTED_EDGE( '', *, *, #3179, .T. );
#1682 = ORIENTED_EDGE( '', *, *, #3192, .T. );
#1683 = CARTESIAN_POINT( '', ( 4.67000000000000, 3.12110339500679, 2.07232906036529 ) );
#1684 = CARTESIAN_POINT( '', ( 4.67000000000000, 3.17168439295622, 2.07232906036529 ) );
#1685 = CARTESIAN_POINT( '', ( 4.67000000000000, 3.22226539090563, 2.07232906036529 ) );
#1686 = CARTESIAN_POINT( '', ( 4.67000000000000, 3.27284638885505, 2.07232906036529 ) );
#1687 = CARTESIAN_POINT( '', ( 4.67000000000000, 3.35897079076893, 2.07232906036529 ) );
#1688 = CARTESIAN_POINT( '', ( 4.67000000000000, 3.42561467320228, 2.10821422782940 ) );
#1689 = CARTESIAN_POINT( '', ( 4.67000000000000, 3.47380332665410, 2.18100985325660 ) );
#1690 = CARTESIAN_POINT( '', ( 4.67000000000000, 3.48918381549375, 2.20424420873778 ) );
#1691 = CARTESIAN_POINT( '', ( 4.67000000000000, 3.49943558912846, 2.22919850670842 ) );
#1692 = CARTESIAN_POINT( '', ( 4.67000000000000, 3.50456204162334, 2.25893193117868 ) );
#1693 = CARTESIAN_POINT( '', ( 4.67000000000000, 3.50685296208006, 2.27221926982764 ) );
#1694 = CARTESIAN_POINT( '', ( 4.67000000000000, 3.50763791312026, 2.30507000363255 ) );
#1695 = CARTESIAN_POINT( '', ( 4.67000000000000, 3.50763791312026, 2.42092783001669 ) );
#1696 = CARTESIAN_POINT( '', ( 4.67000000000000, 3.47892977914897, 2.47526822646235 ) );
#1697 = CARTESIAN_POINT( '', ( 4.67000000000000, 3.42048822070741, 2.52038100841723 ) );
#1698 = CARTESIAN_POINT( '', ( 4.67000000000000, 3.36887705463144, 2.56022120679167 ) );
#1699 = CARTESIAN_POINT( '', ( 4.67000000000000, 3.30873155631916, 2.57882256685880 ) );
#1700 = CARTESIAN_POINT( '', ( 4.67000000000000, 3.24003709288786, 2.57882256685880 ) );
#1701 = CARTESIAN_POINT( '', ( 4.67000000000000, 3.16655794046134, 2.57882256685880 ) );
#1702 = CARTESIAN_POINT( '', ( 4.67000000000000, 3.09307878803482, 2.57882256685880 ) );
#1703 = CARTESIAN_POINT( '', ( 4.67000000000000, 3.01959963560830, 2.57882256685880 ) );
#1704 = DIRECTION( '', ( -1.00000000000000, 8.70845118462253E-017, 0.000000000000000 ) );
#1705 = SURFACE_STYLE_FILL_AREA( #3193 );
#1706 = ORIENTED_EDGE( '', *, *, #3194, .F. );
#1707 = ORIENTED_EDGE( '', *, *, #3195, .T. );
#1708 = ORIENTED_EDGE( '', *, *, #3196, .T. );
#1709 = ORIENTED_EDGE( '', *, *, #3197, .T. );
#1710 = CARTESIAN_POINT( '', ( -1.25000000000000, 3.80000000000000, -13.4490566037736 ) );
#1711 = DIRECTION( '', ( 0.000000000000000, 1.00000000000000, 0.000000000000000 ) );
#1712 = DIRECTION( '', ( 0.000000000000000, 0.000000000000000, 1.00000000000000 ) );
#1713 = SURFACE_STYLE_FILL_AREA( #3198 );
#1714 = ORIENTED_EDGE( '', *, *, #3199, .F. );
#1715 = ORIENTED_EDGE( '', *, *, #3200, .F. );
#1716 = ORIENTED_EDGE( '', *, *, #3201, .T. );
#1717 = ORIENTED_EDGE( '', *, *, #3172, .T. );
#1718 = CARTESIAN_POINT( '', ( 4.67000000000000, -2.56925887430284, 1.20083213623678 ) );
#1719 = DIRECTION( '', ( -8.70845118462253E-017, -1.00000000000000, 0.000000000000000 ) );
#1720 = DIRECTION( '', ( 1.00000000000000, -8.70845118462253E-017, 0.000000000000000 ) );
#1721 = SURFACE_STYLE_FILL_AREA( #3202 );
#1722 = ORIENTED_EDGE( '', *, *, #3203, .F. );
#1723 = ORIENTED_EDGE( '', *, *, #3204, .F. );
#1724 = ORIENTED_EDGE( '', *, *, #3205, .T. );
#1725 = ORIENTED_EDGE( '', *, *, #3206, .T. );
#1726 = CARTESIAN_POINT( '', ( 4.63000000000000, 0.0290124153681845, -3.05089355008528 ) );
#1727 = DIRECTION( '', ( 7.47927070449299E-017, 0.858851998585003, 0.512223822685500 ) );
#1728 = DIRECTION( '', ( 0.000000000000000, -0.512223822685500, 0.858851998585003 ) );
#1729 = SURFACE_STYLE_FILL_AREA( #3207 );
#1730 = ORIENTED_EDGE( '', *, *, #3208, .F. );
#1731 = ORIENTED_EDGE( '', *, *, #3209, .F. );
#1732 = ORIENTED_EDGE( '', *, *, #3210, .F. );
#1733 = ORIENTED_EDGE( '', *, *, #3211, .F. );
#1734 = ORIENTED_EDGE( '', *, *, #3144, .F. );
#1735 = ORIENTED_EDGE( '', *, *, #3212, .F. );
#1736 = CARTESIAN_POINT( '', ( 3.32359495222288, 0.873767849755332, -0.300000000000000 ) );
#1737 = DIRECTION( '', ( 1.73472347597681E-015, -1.92592994438724E-031, 1.00000000000000 ) );
#1738 = DIRECTION( '', ( 1.00000000000000, 0.000000000000000, -1.73472347597681E-015 ) );
#1739 = SURFACE_STYLE_FILL_AREA( #3213 );
#1740 = ORIENTED_EDGE( '', *, *, #3214, .F. );
#1741 = ORIENTED_EDGE( '', *, *, #3215, .F. );
#1742 = ORIENTED_EDGE( '', *, *, #3216, .T. );
#1743 = ORIENTED_EDGE( '', *, *, #3217, .T. );
#1744 = CARTESIAN_POINT( '', ( 4.67000000000000, 4.45603162467187, 2.57882256685880 ) );
#1745 = DIRECTION( '', ( 0.000000000000000, 0.000000000000000, -1.00000000000000 ) );
#1746 = DIRECTION( '', ( -1.00000000000000, 0.000000000000000, 0.000000000000000 ) );
#1747 = SURFACE_STYLE_FILL_AREA( #3218 );
#1748 = ORIENTED_EDGE( '', *, *, #3219, .F. );
#1749 = ORIENTED_EDGE( '', *, *, #3220, .F. );
#1750 = ORIENTED_EDGE( '', *, *, #3221, .T. );
#1751 = ORIENTED_EDGE( '', *, *, #3167, .T. );
#1752 = CARTESIAN_POINT( '', ( 4.67000000000000, -3.97185627690025, 1.34437280609324 ) );
#1753 = CARTESIAN_POINT( '', ( 4.67000000000000, -3.97185627690025, 1.30131060513630 ) );
#1754 = CARTESIAN_POINT( '', ( 4.67000000000000, -3.99236208687974, 1.26542543767219 ) );
#1755 = CARTESIAN_POINT( '', ( 4.67000000000000, -4.03234841633976, 1.23876788469885 ) );
#1756 = CARTESIAN_POINT( '', ( 4.67000000000000, -4.06831245230379, 1.21479186072282 ) );
#1757 = CARTESIAN_POINT( '', ( 4.67000000000000, -4.10821991326388, 1.20083213623678 ) );
#1758 = CARTESIAN_POINT( '', ( 4.67000000000000, -4.15230740471980, 1.20083213623678 ) );
#1759 = CARTESIAN_POINT( '', ( 4.67000000000000, -4.31772093855438, 1.20083213623678 ) );
#1760 = CARTESIAN_POINT( '', ( 4.67000000000000, -4.48313447238896, 1.20083213623678 ) );
#1761 = CARTESIAN_POINT( '', ( 4.67000000000000, -4.64854800622355, 1.20083213623678 ) );
#1762 = DIRECTION( '', ( -1.00000000000000, 8.70845118462253E-017, 0.000000000000000 ) );
#1763 = SURFACE_STYLE_FILL_AREA( #3222 );
#1764 = ORIENTED_EDGE( '', *, *, #3223, .F. );
#1765 = ORIENTED_EDGE( '', *, *, #3224, .F. );
#1766 = ORIENTED_EDGE( '', *, *, #3225, .T. );
#1767 = ORIENTED_EDGE( '', *, *, #3226, .T. );
#1768 = CARTESIAN_POINT( '', ( 4.67000000000000, -3.18955962618254, 2.50910281292852 ) );
#1769 = CARTESIAN_POINT( '', ( 4.67000000000000, -3.21006543616203, 2.52448217041313 ) );
#1770 = CARTESIAN_POINT( '', ( 4.67000000000000, -3.22749537464461, 2.53678565640083 ) );
#1771 = CARTESIAN_POINT( '', ( 4.67000000000000, -3.24184944163025, 2.54396268989366 ) );
#1772 = CARTESIAN_POINT( '', ( 4.67000000000000, -3.28942292078268, 2.56774942946987 ) );
#1773 = CARTESIAN_POINT( '', ( 4.67000000000000, -3.34847965352362, 2.57882256685880 ) );
#1774 = CARTESIAN_POINT( '', ( 4.67000000000000, -3.55251246281959, 2.57882256685880 ) );
#1775 = CARTESIAN_POINT( '', ( 4.67000000000000, -3.64273802672937, 2.50090048893672 ) );
#1776 = CARTESIAN_POINT( '', ( 4.67000000000000, -3.68887609918322, 2.34608162359154 ) );
#1777 = DIRECTION( '', ( -1.00000000000000, 8.70845118462253E-017, 0.000000000000000 ) );
#1778 = SURFACE_STYLE_FILL_AREA( #3227 );
#1779 = ORIENTED_EDGE( '', *, *, #3228, .T. );
#1780 = ORIENTED_EDGE( '', *, *, #3229, .T. );
#1781 = ORIENTED_EDGE( '', *, *, #3230, .F. );
#1782 = ORIENTED_EDGE( '', *, *, #3231, .T. );
#1783 = CARTESIAN_POINT( '', ( -1.25000000000000, 5.25000000000000, -6.58259569842379 ) );
#1784 = DIRECTION( '', ( 0.000000000000000, 0.674546784061457, 0.738232101789366 ) );
#1785 = DIRECTION( '', ( 0.000000000000000, -0.738232101789366, 0.674546784061457 ) );
#1786 = SURFACE_STYLE_FILL_AREA( #3232 );
#1787 = ORIENTED_EDGE( '', *, *, #3233, .F. );
#1788 = ORIENTED_EDGE( '', *, *, #3188, .F. );
#1789 = ORIENTED_EDGE( '', *, *, #3234, .T. );
#1790 = ORIENTED_EDGE( '', *, *, #3235, .T. );
#1791 = CARTESIAN_POINT( '', ( 4.67000000000000, 1.84461672378328, 1.19775626473986 ) );
#1792 = DIRECTION( '', ( -8.46899432490381E-017, -0.972502933685665, 0.232890626631419 ) );
#1793 = DIRECTION( '', ( 0.000000000000000, -0.232890626631419, -0.972502933685665 ) );
#1794 = SURFACE_STYLE_FILL_AREA( #3236 );
#1795 = ORIENTED_EDGE( '', *, *, #3237, .T. );
#1796 = ORIENTED_EDGE( '', *, *, #3238, .F. );
#1797 = ORIENTED_EDGE( '', *, *, #3239, .T. );
#1798 = ORIENTED_EDGE( '', *, *, #3240, .T. );
#1799 = ORIENTED_EDGE( '', *, *, #3241, .T. );
#1800 = ORIENTED_EDGE( '', *, *, #3242, .F. );
#1801 = ORIENTED_EDGE( '', *, *, #3243, .T. );
#1802 = ORIENTED_EDGE( '', *, *, #3244, .T. );
#1803 = CARTESIAN_POINT( '', ( -13.3200037537532, 2.55000000000000, -12.4990566037736 ) );
#1804 = DIRECTION( '', ( -2.12435339080604E-032, -3.46944695195362E-016, -1.00000000000000 ) );
#1805 = DIRECTION( '', ( 0.000000000000000, 1.00000000000000, -3.46944695195362E-016 ) );
#1806 = SURFACE_STYLE_FILL_AREA( #3245 );
#1807 = ORIENTED_EDGE( '', *, *, #3246, .F. );
#1808 = ORIENTED_EDGE( '', *, *, #3247, .F. );
#1809 = ORIENTED_EDGE( '', *, *, #3248, .F. );
#1810 = ORIENTED_EDGE( '', *, *, #3249, .F. );
#1811 = ORIENTED_EDGE( '', *, *, #3250, .F. );
#1812 = CARTESIAN_POINT( '', ( 2.40000000000000, 8.67361737988404E-016, 0.300000000000000 ) );
#1813 = DIRECTION( '', ( 1.73472347597681E-015, -1.92592994438724E-031, 1.00000000000000 ) );
#1814 = DIRECTION( '', ( 1.00000000000000, 0.000000000000000, -1.73472347597681E-015 ) );
#1815 = SURFACE_STYLE_FILL_AREA( #3251 );
#1816 = ORIENTED_EDGE( '', *, *, #3252, .T. );
#1817 = ORIENTED_EDGE( '', *, *, #3253, .T. );
#1818 = ORIENTED_EDGE( '', *, *, #3254, .T. );
#1819 = ORIENTED_EDGE( '', *, *, #3255, .T. );
#1820 = ORIENTED_EDGE( '', *, *, #3256, .T. );
#1821 = ORIENTED_EDGE( '', *, *, #3257, .T. );
#1822 = CARTESIAN_POINT( '', ( 3.32359495222288, 0.873767849755331, -2.43945488809239E-015 ) );
#1823 = DIRECTION( '', ( 1.73472347597681E-015, -1.92592994438724E-031, 1.00000000000000 ) );
#1824 = DIRECTION( '', ( 1.00000000000000, 0.000000000000000, -1.73472347597681E-015 ) );
#1825 = SURFACE_STYLE_FILL_AREA( #3258 );
#1826 = ORIENTED_EDGE( '', *, *, #3259, .F. );
#1827 = ORIENTED_EDGE( '', *, *, #3260, .F. );
#1828 = ORIENTED_EDGE( '', *, *, #3261, .T. );
#1829 = ORIENTED_EDGE( '', *, *, #3262, .T. );
#1830 = CARTESIAN_POINT( '', ( 4.67000000000000, -2.46365395290845, 2.57574669536187 ) );
#1831 = DIRECTION( '', ( 8.70845118462253E-017, 1.00000000000000, 0.000000000000000 ) );
#1832 = DIRECTION( '', ( -1.00000000000000, 8.70845118462253E-017, 0.000000000000000 ) );
#1833 = SURFACE_STYLE_FILL_AREA( #3263 );
#1834 = ORIENTED_EDGE( '', *, *, #3264, .F. );
#1835 = ORIENTED_EDGE( '', *, *, #3265, .F. );
#1836 = ORIENTED_EDGE( '', *, *, #3266, .F. );
#1837 = ORIENTED_EDGE( '', *, *, #3267, .F. );
#1838 = ORIENTED_EDGE( '', *, *, #3225, .F. );
#1839 = ORIENTED_EDGE( '', *, *, #3268, .F. );
#1840 = ORIENTED_EDGE( '', *, *, #3269, .F. );
#1841 = ORIENTED_EDGE( '', *, *, #3270, .F. );
#1842 = CARTESIAN_POINT( '', ( 4.67000000000000, -3.38927337322973, 1.88739812487047 ) );
#1843 = DIRECTION( '', ( -1.00000000000000, 0.000000000000000, 0.000000000000000 ) );
#1844 = DIRECTION( '', ( 0.000000000000000, 0.000000000000000, 1.00000000000000 ) );
#1845 = SURFACE_STYLE_FILL_AREA( #3271 );
#1846 = ORIENTED_EDGE( '', *, *, #3272, .F. );
#1847 = ORIENTED_EDGE( '', *, *, #3273, .F. );
#1848 = ORIENTED_EDGE( '', *, *, #3182, .T. );
#1849 = ORIENTED_EDGE( '', *, *, #3274, .T. );
#1850 = CARTESIAN_POINT( '', ( 4.67000000000000, 3.02165021660625, 1.20493329823268 ) );
#1851 = DIRECTION( '', ( -8.70845118462253E-017, -1.00000000000000, 0.000000000000000 ) );
#1852 = DIRECTION( '', ( 1.00000000000000, -8.70845118462253E-017, 0.000000000000000 ) );
#1853 = SURFACE_STYLE_FILL_AREA( #3275 );
#1854 = ORIENTED_EDGE( '', *, *, #3119, .T. );
#1855 = ORIENTED_EDGE( '', *, *, #3276, .T. );
#1856 = ORIENTED_EDGE( '', *, *, #3277, .T. );
#1857 = ORIENTED_EDGE( '', *, *, #3278, .F. );
#1858 = CARTESIAN_POINT( '', ( -1.25000000000000, -3.80000000000000, -13.4490566037736 ) );
#1859 = DIRECTION( '', ( 0.000000000000000, 0.000000000000000, -1.00000000000000 ) );
#1860 = DIRECTION( '', ( -1.00000000000000, 0.000000000000000, 0.000000000000000 ) );
#1861 = SURFACE_STYLE_FILL_AREA( #3279 );
#1862 = ORIENTED_EDGE( '', *, *, #3280, .F. );
#1863 = ORIENTED_EDGE( '', *, *, #3262, .F. );
#1864 = ORIENTED_EDGE( '', *, *, #3281, .T. );
#1865 = ORIENTED_EDGE( '', *, *, #3200, .T. );
#1866 = CARTESIAN_POINT( '', ( 4.67000000000000, -2.46365395290845, 1.20083213623678 ) );
#1867 = DIRECTION( '', ( 0.000000000000000, 0.000000000000000, -1.00000000000000 ) );
#1868 = DIRECTION( '', ( -1.00000000000000, 0.000000000000000, 0.000000000000000 ) );
#1869 = SURFACE_STYLE_FILL_AREA( #3282 );
#1870 = ORIENTED_EDGE( '', *, *, #3283, .F. );
#1871 = CARTESIAN_POINT( '', ( 4.65000000000000, -5.08000000000000, -4.43500000000000 ) );
#1872 = DIRECTION( '', ( 1.00000000000000, -6.12303176911189E-017, 0.000000000000000 ) );
#1873 = DIRECTION( '', ( 6.12303176911189E-017, 1.00000000000000, 0.000000000000000 ) );
#1874 = SURFACE_STYLE_FILL_AREA( #3284 );
#1875 = ORIENTED_EDGE( '', *, *, #3285, .F. );
#1876 = ORIENTED_EDGE( '', *, *, #3286, .F. );
#1877 = ORIENTED_EDGE( '', *, *, #3287, .T. );
#1878 = ORIENTED_EDGE( '', *, *, #3288, .T. );
#1879 = CARTESIAN_POINT( '', ( -1.25000000000000, -4.35000000000000, -7.04905660377359 ) );
#1880 = DIRECTION( '', ( 0.000000000000000, 9.63735264431558E-016, -1.00000000000000 ) );
#1881 = DIRECTION( '', ( 0.000000000000000, 1.00000000000000, 9.63735264431558E-016 ) );
#1882 = SURFACE_STYLE_FILL_AREA( #3289 );
#1883 = ORIENTED_EDGE( '', *, *, #3290, .F. );
#1884 = ORIENTED_EDGE( '', *, *, #3291, .F. );
#1885 = ORIENTED_EDGE( '', *, *, #3292, .T. );
#1886 = ORIENTED_EDGE( '', *, *, #3293, .T. );
#1887 = CARTESIAN_POINT( '', ( 4.63000000000000, 1.18639661796242, -1.11029318847522 ) );
#1888 = DIRECTION( '', ( -7.47927070449299E-017, -0.858851998585003, 0.512223822685500 ) );
#1889 = DIRECTION( '', ( 0.000000000000000, -0.512223822685500, -0.858851998585003 ) );
#1890 = SURFACE_STYLE_FILL_AREA( #3294 );
#1891 = ORIENTED_EDGE( '', *, *, #3295, .F. );
#1892 = ORIENTED_EDGE( '', *, *, #3296, .F. );
#1893 = ORIENTED_EDGE( '', *, *, #3297, .F. );
#1894 = ORIENTED_EDGE( '', *, *, #3298, .F. );
#1895 = CARTESIAN_POINT( '', ( 4.55000000000000, 9.18621884032346, 4.16642182548762 ) );
#1896 = DIRECTION( '', ( 6.12303176911189E-017, 1.00000000000000, 9.46604988272494E-017 ) );
#1897 = DIRECTION( '', ( 0.000000000000000, 9.46604988272494E-017, -1.00000000000000 ) );
#1898 = SURFACE_STYLE_FILL_AREA( #3299 );
#1899 = ORIENTED_EDGE( '', *, *, #3164, .F. );
#1900 = ORIENTED_EDGE( '', *, *, #3300, .T. );
#1901 = CARTESIAN_POINT( '', ( 2.37000000000000, 2.54000000000000, 3.56500000000000 ) );
#1902 = DIRECTION( '', ( -0.000000000000000, -0.000000000000000, 1.00000000000000 ) );
#1903 = DIRECTION( '', ( -1.00000000000000, 0.000000000000000, 0.000000000000000 ) );
#1904 = SURFACE_STYLE_FILL_AREA( #3301 );
#1905 = ORIENTED_EDGE( '', *, *, #3302, .F. );
#1906 = ORIENTED_EDGE( '', *, *, #3195, .F. );
#1907 = ORIENTED_EDGE( '', *, *, #3303, .F. );
#1908 = ORIENTED_EDGE( '', *, *, #3237, .F. );
#1909 = CARTESIAN_POINT( '', ( -13.3200037537532, 3.30000000000000, -11.9990566037736 ) );
#1910 = DIRECTION( '', ( -1.00000000000000, -0.000000000000000, 2.12435339080604E-032 ) );
#1911 = DIRECTION( '', ( -2.12435339080604E-032, 0.000000000000000, -1.00000000000000 ) );
#1912 = SURFACE_STYLE_FILL_AREA( #3304 );
#1913 = ORIENTED_EDGE( '', *, *, #3305, .F. );
#1914 = ORIENTED_EDGE( '', *, *, #3117, .F. );
#1915 = ORIENTED_EDGE( '', *, *, #3306, .F. );
#1916 = ORIENTED_EDGE( '', *, *, #3241, .F. );
#1917 = CARTESIAN_POINT( '', ( -1.25000000000000, -3.04874921777191, -12.9990566037736 ) );
#1918 = DIRECTION( '', ( 1.00000000000000, 6.12303176911189E-017, -0.000000000000000 ) );
#1919 = DIRECTION( '', ( 6.12303176911189E-017, -1.00000000000000, 0.000000000000000 ) );
#1920 = SURFACE_STYLE_FILL_AREA( #3307 );
#1921 = ORIENTED_EDGE( '', *, *, #3308, .T. );
#1922 = ORIENTED_EDGE( '', *, *, #3309, .T. );
#1923 = CARTESIAN_POINT( '', ( 4.67000000000000, 1.12076163150714, 1.94211716699550 ) );
#1924 = CARTESIAN_POINT( '', ( 4.67000000000000, 1.12076163150714, 1.76986836316775 ) );
#1925 = CARTESIAN_POINT( '', ( 4.67000000000000, 1.10025582152764, 1.61812536931949 ) );
#1926 = CARTESIAN_POINT( '', ( 4.67000000000000, 1.05924420156865, 1.48688818545073 ) );
#1927 = CARTESIAN_POINT( '', ( 4.67000000000000, 0.997526091995143, 1.28939023481548 ) );
#1928 = CARTESIAN_POINT( '', ( 4.67000000000000, 0.900324174227574, 1.19057923124704 ) );
#1929 = CARTESIAN_POINT( '', ( 4.67000000000000, 0.635799225492100, 1.19057923124704 ) );
#1930 = CARTESIAN_POINT( '', ( 4.67000000000000, 0.539421918588478, 1.29003240964758 ) );
#1931 = CARTESIAN_POINT( '', ( 4.67000000000000, 0.477904488649993, 1.48893876644868 ) );
#1932 = CARTESIAN_POINT( '', ( 4.67000000000000, 0.436610414038071, 1.62245627436055 ) );
#1933 = CARTESIAN_POINT( '', ( 4.67000000000000, 0.415361768212539, 1.77396952516364 ) );
#1934 = CARTESIAN_POINT( '', ( 4.67000000000000, 0.415361768212539, 2.43630718750131 ) );
#1935 = CARTESIAN_POINT( '', ( 4.67000000000000, 0.533270175594628, 2.68340219775421 ) );
#1936 = CARTESIAN_POINT( '', ( 4.67000000000000, 1.00387851462402, 2.68340219775421 ) );
#1937 = CARTESIAN_POINT( '', ( 4.67000000000000, 1.12076163150714, 2.43630718750131 ) );
#1938 = CARTESIAN_POINT( '', ( 4.67000000000000, 1.12076163150714, 1.94211716699550 ) );
#1939 = DIRECTION( '', ( -1.00000000000000, 8.70845118462253E-017, 0.000000000000000 ) );
#1940 = SURFACE_STYLE_FILL_AREA( #3310 );
#1941 = ORIENTED_EDGE( '', *, *, #3311, .F. );
#1942 = ORIENTED_EDGE( '', *, *, #3312, .F. );
#1943 = ORIENTED_EDGE( '', *, *, #3313, .T. );
#1944 = ORIENTED_EDGE( '', *, *, #3314, .T. );
#1945 = CARTESIAN_POINT( '', ( 4.67000000000000, -4.54396837532813, 2.57574669536187 ) );
#1946 = DIRECTION( '', ( 8.70845118462253E-017, 1.00000000000000, 0.000000000000000 ) );
#1947 = DIRECTION( '', ( -1.00000000000000, 8.70845118462253E-017, 0.000000000000000 ) );
#1948 = SURFACE_STYLE_FILL_AREA( #3315 );
#1949 = ORIENTED_EDGE( '', *, *, #3316, .F. );
#1950 = ORIENTED_EDGE( '', *, *, #3125, .F. );
#1951 = ORIENTED_EDGE( '', *, *, #3317, .T. );
#1952 = ORIENTED_EDGE( '', *, *, #3318, .T. );
#1953 = CARTESIAN_POINT( '', ( 4.67000000000000, -0.528930781343171, 2.34608162359154 ) );
#1954 = CARTESIAN_POINT( '', ( 4.67000000000000, -0.477666256394435, 2.57164553336597 ) );
#1955 = CARTESIAN_POINT( '', ( 4.67000000000000, -0.351555525020546, 2.68340219775421 ) );
#1956 = CARTESIAN_POINT( '', ( 4.67000000000000, -0.0296143083424877, 2.68340219775421 ) );
#1957 = CARTESIAN_POINT( '', ( 4.67000000000000, 0.0636871270642114, 2.65469406378292 ) );
#1958 = CARTESIAN_POINT( '', ( 4.67000000000000, 0.131356299996542, 2.59830308633931 ) );
#1959 = CARTESIAN_POINT( '', ( 4.67000000000000, 0.203462795744108, 2.53821433988301 ) );
#1960 = CARTESIAN_POINT( '', ( 4.67000000000000, 0.237986511889911, 2.44963596398798 ) );
#1961 = CARTESIAN_POINT( '', ( 4.67000000000000, 0.237986511889911, 2.27328599816433 ) );
#1962 = CARTESIAN_POINT( '', ( 4.67000000000000, 0.224657735403242, 2.21792031121969 ) );
#1963 = CARTESIAN_POINT( '', ( 4.67000000000000, 0.196974891930924, 2.16973165776788 ) );
#1964 = CARTESIAN_POINT( '', ( 4.67000000000000, 0.0233305344253627, 1.86746185025821 ) );
#1965 = CARTESIAN_POINT( '', ( 4.67000000000000, -0.196053132676049, 1.59146781634615 ) );
#1966 = CARTESIAN_POINT( '', ( 4.67000000000000, -0.392567144979535, 1.30233589563528 ) );
#1967 = DIRECTION( '', ( -1.00000000000000, 8.70845118462253E-017, 0.000000000000000 ) );
#1968 = SURFACE_STYLE_FILL_AREA( #3319 );
#1969 = ORIENTED_EDGE( '', *, *, #3320, .F. );
#1970 = ORIENTED_EDGE( '', *, *, #3155, .F. );
#1971 = ORIENTED_EDGE( '', *, *, #3321, .F. );
#1972 = ORIENTED_EDGE( '', *, *, #3322, .F. );
#1973 = ORIENTED_EDGE( '', *, *, #3297, .T. );
#1974 = CARTESIAN_POINT( '', ( 4.55000000000000, -4.98000000000000, -4.43500000000000 ) );
#1975 = DIRECTION( '', ( 5.98746727961116E-033, 9.77859907540478E-017, -1.00000000000000 ) );
#1976 = DIRECTION( '', ( 0.000000000000000, -1.00000000000000, -9.77859907540478E-017 ) );
#1977 = SURFACE_STYLE_FILL_AREA( #3323 );
#1978 = ORIENTED_EDGE( '', *, *, #3324, .F. );
#1979 = ORIENTED_EDGE( '', *, *, #3325, .F. );
#1980 = ORIENTED_EDGE( '', *, *, #3183, .T. );
#1981 = ORIENTED_EDGE( '', *, *, #3273, .T. );
#1982 = CARTESIAN_POINT( '', ( 4.67000000000000, 3.65322916397467, 1.63350472680411 ) );
#1983 = CARTESIAN_POINT( '', ( 4.67000000000000, 3.65322916397467, 1.50739399543022 ) );
#1984 = CARTESIAN_POINT( '', ( 4.67000000000000, 3.61836928700953, 1.40486494553275 ) );
#1985 = CARTESIAN_POINT( '', ( 4.67000000000000, 3.54864953307925, 1.32694286761067 ) );
#1986 = CARTESIAN_POINT( '', ( 4.67000000000000, 3.47552423732238, 1.24521459588240 ) );
#1987 = CARTESIAN_POINT( '', ( 4.67000000000000, 3.37742601975048, 1.20493329823268 ) );
#1988 = CARTESIAN_POINT( '', ( 4.67000000000000, 3.25336586937453, 1.20493329823268 ) );
#1989 = CARTESIAN_POINT( '', ( 4.67000000000000, 3.17612731845177, 1.20493329823268 ) );
#1990 = CARTESIAN_POINT( '', ( 4.67000000000000, 3.09888876752901, 1.20493329823268 ) );
#1991 = CARTESIAN_POINT( '', ( 4.67000000000000, 3.02165021660625, 1.20493329823268 ) );
#1992 = DIRECTION( '', ( -1.00000000000000, 8.70845118462253E-017, 0.000000000000000 ) );
#1993 = SURFACE_STYLE_FILL_AREA( #3326 );
#1994 = ORIENTED_EDGE( '', *, *, #3327, .F. );
#1995 = ORIENTED_EDGE( '', *, *, #3328, .F. );
#1996 = ORIENTED_EDGE( '', *, *, #3329, .F. );
#1997 = ORIENTED_EDGE( '', *, *, #3173, .F. );
#1998 = ORIENTED_EDGE( '', *, *, #3201, .F. );
#1999 = ORIENTED_EDGE( '', *, *, #3281, .F. );
#2000 = ORIENTED_EDGE( '', *, *, #3261, .F. );
#2001 = ORIENTED_EDGE( '', *, *, #3330, .F. );
#2002 = CARTESIAN_POINT( '', ( 4.67000000000000, -2.13863686473347, 2.62957444655804 ) );
#2003 = DIRECTION( '', ( 1.00000000000000, 0.000000000000000, 0.000000000000000 ) );
#2004 = DIRECTION( '', ( 0.000000000000000, 0.000000000000000, -1.00000000000000 ) );
#2005 = SURFACE_STYLE_FILL_AREA( #3331 );
#2006 = ORIENTED_EDGE( '', *, *, #3332, .F. );
#2007 = ORIENTED_EDGE( '', *, *, #3333, .F. );
#2008 = ORIENTED_EDGE( '', *, *, #3327, .T. );
#2009 = ORIENTED_EDGE( '', *, *, #3334, .T. );
#2010 = CARTESIAN_POINT( '', ( 4.67000000000000, -2.13863686473347, 2.68340219775421 ) );
#2011 = DIRECTION( '', ( 8.70845118462253E-017, 1.00000000000000, 0.000000000000000 ) );
#2012 = DIRECTION( '', ( -1.00000000000000, 8.70845118462253E-017, 0.000000000000000 ) );
#2013 = SURFACE_STYLE_FILL_AREA( #3335 );
#2014 = ORIENTED_EDGE( '', *, *, #3257, .F. );
#2015 = ORIENTED_EDGE( '', *, *, #3336, .F. );
#2016 = ORIENTED_EDGE( '', *, *, #3337, .T. );
#2017 = ORIENTED_EDGE( '', *, *, #3338, .T. );
#2018 = CARTESIAN_POINT( '', ( 5.00000000000000, 0.800000000000000, -0.300000000000005 ) );
#2019 = DIRECTION( '', ( -2.58696947715145E-016, 1.00000000000000, 6.41219905920031E-031 ) );
#2020 = DIRECTION( '', ( -1.00000000000000, -2.58696947715145E-016, 0.000000000000000 ) );
#2021 = SURFACE_STYLE_FILL_AREA( #3339 );
#2022 = ORIENTED_EDGE( '', *, *, #3340, .F. );
#2023 = ORIENTED_EDGE( '', *, *, #3197, .F. );
#2024 = ORIENTED_EDGE( '', *, *, #3341, .T. );
#2025 = ORIENTED_EDGE( '', *, *, #3342, .T. );
#2026 = CARTESIAN_POINT( '', ( -1.25000000000000, 3.80000000000000, -8.29905660377359 ) );
#2027 = DIRECTION( '', ( 0.000000000000000, 0.000000000000000, -1.00000000000000 ) );
#2028 = DIRECTION( '', ( -1.00000000000000, 0.000000000000000, 0.000000000000000 ) );
#2029 = SURFACE_STYLE_FILL_AREA( #3343 );
#2030 = ORIENTED_EDGE( '', *, *, #3344, .T. );
#2031 = ORIENTED_EDGE( '', *, *, #3345, .F. );
#2032 = CARTESIAN_POINT( '', ( -1.73472347597680E-015, -8.67361737988404E-016, 2.07000000000000 ) );
#2033 = DIRECTION( '', ( -1.00000000000000, -0.000000000000000, -0.000000000000000 ) );
#2034 = DIRECTION( '', ( 0.000000000000000, 0.000000000000000, -1.00000000000000 ) );
#2035 = SURFACE_STYLE_FILL_AREA( #3346 );
#2036 = ORIENTED_EDGE( '', *, *, #3347, .F. );
#2037 = ORIENTED_EDGE( '', *, *, #3348, .F. );
#2038 = CARTESIAN_POINT( '', ( 4.67000000000000, -1.98277168811863, 2.40622441653526 ) );
#2039 = DIRECTION( '', ( 1.00000000000000, 0.000000000000000, 0.000000000000000 ) );
#2040 = DIRECTION( '', ( 0.000000000000000, 0.000000000000000, -1.00000000000000 ) );
#2041 = SURFACE_STYLE_FILL_AREA( #3349 );
#2042 = ORIENTED_EDGE( '', *, *, #3350, .T. );
#2043 = ORIENTED_EDGE( '', *, *, #3249, .T. );
#2044 = ORIENTED_EDGE( '', *, *, #3351, .F. );
#2045 = ORIENTED_EDGE( '', *, *, #3209, .T. );
#2046 = CARTESIAN_POINT( '', ( 2.40804448119844, 8.67361737988404E-016, -0.300000000000000 ) );
#2047 = DIRECTION( '', ( -1.73472347597681E-015, 1.92592994438724E-031, -1.00000000000000 ) );
#2048 = DIRECTION( '', ( 1.00000000000000, 0.000000000000000, -1.73472347597681E-015 ) );
#2049 = SURFACE_STYLE_FILL_AREA( #3352 );
#2050 = ORIENTED_EDGE( '', *, *, #3311, .T. );
#2051 = ORIENTED_EDGE( '', *, *, #3353, .T. );
#2052 = ORIENTED_EDGE( '', *, *, #3354, .T. );
#2053 = CARTESIAN_POINT( '', ( 4.65000000000000, -5.08000000000000, -4.43500000000000 ) );
#2054 = DIRECTION( '', ( 1.00000000000000, -6.12303176911189E-017, 0.000000000000000 ) );
#2055 = DIRECTION( '', ( 6.12303176911189E-017, 1.00000000000000, 0.000000000000000 ) );
#2056 = SURFACE_STYLE_FILL_AREA( #3355 );
#2057 = ORIENTED_EDGE( '', *, *, #3244, .F. );
#2058 = ORIENTED_EDGE( '', *, *, #3356, .T. );
#2059 = ORIENTED_EDGE( '', *, *, #3357, .F. );
#2060 = ORIENTED_EDGE( '', *, *, #3358, .F. );
#2061 = ORIENTED_EDGE( '', *, *, #3359, .F. );
#2062 = ORIENTED_EDGE( '', *, *, #3287, .F. );
#2063 = ORIENTED_EDGE( '', *, *, #3360, .F. );
#2064 = ORIENTED_EDGE( '', *, *, #3159, .T. );
#2065 = ORIENTED_EDGE( '', *, *, #3361, .F. );
#2066 = ORIENTED_EDGE( '', *, *, #3362, .T. );
#2067 = ORIENTED_EDGE( '', *, *, #3149, .F. );
#2068 = ORIENTED_EDGE( '', *, *, #3363, .T. );
#2069 = ORIENTED_EDGE( '', *, *, #3228, .F. );
#2070 = ORIENTED_EDGE( '', *, *, #3364, .T. );
#2071 = ORIENTED_EDGE( '', *, *, #3365, .F. );
#2072 = ORIENTED_EDGE( '', *, *, #3366, .F. );
#2073 = ORIENTED_EDGE( '', *, *, #3367, .F. );
#2074 = ORIENTED_EDGE( '', *, *, #3341, .F. );
#2075 = ORIENTED_EDGE( '', *, *, #3196, .F. );
#2076 = ORIENTED_EDGE( '', *, *, #3302, .T. );
#2077 = CARTESIAN_POINT( '', ( -1.25000000000000, -3.80000000000000, -13.4490566037736 ) );
#2078 = DIRECTION( '', ( 1.00000000000000, -6.12303176911189E-017, 0.000000000000000 ) );
#2079 = DIRECTION( '', ( 6.12303176911189E-017, 1.00000000000000, 0.000000000000000 ) );
#2080 = SURFACE_STYLE_FILL_AREA( #3368 );
#2081 = ORIENTED_EDGE( '', *, *, #3369, .F. );
#2082 = ORIENTED_EDGE( '', *, *, #3370, .F. );
#2083 = ORIENTED_EDGE( '', *, *, #3180, .T. );
#2084 = ORIENTED_EDGE( '', *, *, #3191, .T. );
#2085 = CARTESIAN_POINT( '', ( 4.67000000000000, 3.12110339500679, 1.96774942946987 ) );
#2086 = DIRECTION( '', ( -8.70845118462253E-017, -1.00000000000000, 0.000000000000000 ) );
#2087 = DIRECTION( '', ( 1.00000000000000, -8.70845118462253E-017, 0.000000000000000 ) );
#2088 = SURFACE_STYLE_FILL_AREA( #3371 );
#2089 = ORIENTED_EDGE( '', *, *, #3372, .F. );
#2090 = ORIENTED_EDGE( '', *, *, #3205, .F. );
#2091 = ORIENTED_EDGE( '', *, *, #3373, .F. );
#2092 = CARTESIAN_POINT( '', ( 4.63000000000000, 0.819265976384366, -1.72586566147733 ) );
#2093 = DIRECTION( '', ( -1.00000000000000, 8.70845118462253E-017, 0.000000000000000 ) );
#2094 = DIRECTION( '', ( -8.70845118462253E-017, -1.00000000000000, 0.000000000000000 ) );
#2095 = SURFACE_STYLE_FILL_AREA( #3374 );
#2096 = ORIENTED_EDGE( '', *, *, #3347, .T. );
#2097 = ORIENTED_EDGE( '', *, *, #3283, .T. );
#2098 = CARTESIAN_POINT( '', ( 4.67000000000000, -1.40042770547167, 1.50021696193740 ) );
#2099 = CARTESIAN_POINT( '', ( 4.67000000000000, -1.40042770547167, 1.79447533514314 ) );
#2100 = CARTESIAN_POINT( '', ( 4.67000000000000, -1.40042770547167, 2.08873370834888 ) );
#2101 = CARTESIAN_POINT( '', ( 4.67000000000000, -1.40042770547167, 2.38299208155463 ) );
#2102 = CARTESIAN_POINT( '', ( 4.67000000000000, -1.40042770547167, 2.44348422099413 ) );
#2103 = CARTESIAN_POINT( '', ( 4.67000000000000, -1.42400938694809, 2.49372345544390 ) );
#2104 = CARTESIAN_POINT( '', ( 4.67000000000000, -1.47014745940195, 2.53165920390596 ) );
#2105 = CARTESIAN_POINT( '', ( 4.67000000000000, -1.51344438361102, 2.56725889714452 ) );
#2106 = CARTESIAN_POINT( '', ( 4.67000000000000, -1.56652476630558, 2.58599960035162 ) );
#2107 = CARTESIAN_POINT( '', ( 4.67000000000000, -1.68853433568356, 2.58599960035162 ) );
#2108 = CARTESIAN_POINT( '', ( 4.67000000000000, -1.73979886063230, 2.57267082386495 ) );
#2109 = CARTESIAN_POINT( '', ( 4.67000000000000, -1.78388635208822, 2.54601327089161 ) );
#2110 = CARTESIAN_POINT( '', ( 4.67000000000000, -1.84648185975928, 2.50816482439282 ) );
#2111 = CARTESIAN_POINT( '', ( 4.67000000000000, -1.87821307799389, 2.45373712598388 ) );
#2112 = CARTESIAN_POINT( '', ( 4.67000000000000, -1.87821307799389, 2.38401737205360 ) );
#2113 = CARTESIAN_POINT( '', ( 4.67000000000000, -1.87821307799389, 2.08941723534820 ) );
#2114 = CARTESIAN_POINT( '', ( 4.67000000000000, -1.87821307799389, 1.79481709864280 ) );
#2115 = CARTESIAN_POINT( '', ( 4.67000000000000, -1.87821307799389, 1.50021696193740 ) );
#2116 = CARTESIAN_POINT( '', ( 4.67000000000000, -1.87821307799389, 1.43664895100097 ) );
#2117 = CARTESIAN_POINT( '', ( 4.67000000000000, -1.84642907252567, 1.38538442605223 ) );
#2118 = CARTESIAN_POINT( '', ( 4.67000000000000, -1.78491164258719, 1.34642338709119 ) );
#2119 = CARTESIAN_POINT( '', ( 4.67000000000000, -1.73468785660648, 1.31461498930341 ) );
#2120 = CARTESIAN_POINT( '', ( 4.67000000000000, -1.68238259268972, 1.29823473363938 ) );
#2121 = CARTESIAN_POINT( '', ( 4.67000000000000, -1.57370179979840, 1.29823473363938 ) );
#2122 = CARTESIAN_POINT( '', ( 4.67000000000000, -1.52448785584761, 1.31361409112400 ) );
#2123 = CARTESIAN_POINT( '', ( 4.67000000000000, -1.47937507389273, 1.34539809659222 ) );
#2124 = CARTESIAN_POINT( '', ( 4.67000000000000, -1.42705234439034, 1.38226183783254 ) );
#2125 = CARTESIAN_POINT( '', ( 4.67000000000000, -1.40042770547167, 1.43357307950404 ) );
#2126 = CARTESIAN_POINT( '', ( 4.67000000000000, -1.40042770547167, 1.50021696193740 ) );
#2127 = DIRECTION( '', ( -1.00000000000000, 8.70845118462253E-017, 0.000000000000000 ) );
#2128 = SURFACE_STYLE_FILL_AREA( #3375 );
#2129 = ORIENTED_EDGE( '', *, *, #3376, .F. );
#2130 = ORIENTED_EDGE( '', *, *, #3377, .F. );
#2131 = ORIENTED_EDGE( '', *, *, #3378, .T. );
#2132 = ORIENTED_EDGE( '', *, *, #3379, .T. );
#2133 = CARTESIAN_POINT( '', ( 4.67000000000000, 3.84085732528705, 2.68340219775421 ) );
#2134 = DIRECTION( '', ( 0.000000000000000, 0.000000000000000, 1.00000000000000 ) );
#2135 = DIRECTION( '', ( 1.00000000000000, 0.000000000000000, 0.000000000000000 ) );
#2136 = SURFACE_STYLE_FILL_AREA( #3380 );
#2137 = ORIENTED_EDGE( '', *, *, #3381, .F. );
#2138 = ORIENTED_EDGE( '', *, *, #3382, .F. );
#2139 = ORIENTED_EDGE( '', *, *, #3383, .T. );
#2140 = ORIENTED_EDGE( '', *, *, #3291, .T. );
#2141 = CARTESIAN_POINT( '', ( 4.63000000000000, -1.12837178722605, -1.11029318847522 ) );
#2142 = DIRECTION( '', ( 0.000000000000000, 0.000000000000000, -1.00000000000000 ) );
#2143 = DIRECTION( '', ( -1.00000000000000, 0.000000000000000, 0.000000000000000 ) );
#2144 = SURFACE_STYLE_FILL_AREA( #3384 );
#2145 = ORIENTED_EDGE( '', *, *, #3385, .F. );
#2146 = ORIENTED_EDGE( '', *, *, #3239, .F. );
#2147 = ORIENTED_EDGE( '', *, *, #3386, .F. );
#2148 = ORIENTED_EDGE( '', *, *, #3387, .F. );
#2149 = CARTESIAN_POINT( '', ( -1.25000000000000, 3.04874921777191, -12.9990566037736 ) );
#2150 = DIRECTION( '', ( -1.00000000000000, 6.12303176911189E-017, -0.000000000000000 ) );
#2151 = DIRECTION( '', ( 6.12303176911189E-017, 1.00000000000000, 0.000000000000000 ) );
#2152 = SURFACE_STYLE_FILL_AREA( #3388 );
#2153 = ORIENTED_EDGE( '', *, *, #3389, .F. );
#2154 = ORIENTED_EDGE( '', *, *, #3390, .F. );
#2155 = ORIENTED_EDGE( '', *, *, #3328, .T. );
#2156 = ORIENTED_EDGE( '', *, *, #3333, .T. );
#2157 = CARTESIAN_POINT( '', ( 4.67000000000000, -2.89837712447373, 2.68340219775421 ) );
#2158 = DIRECTION( '', ( 0.000000000000000, 0.000000000000000, 1.00000000000000 ) );
#2159 = DIRECTION( '', ( 1.00000000000000, 0.000000000000000, 0.000000000000000 ) );
#2160 = SURFACE_STYLE_FILL_AREA( #3391 );
#2161 = ORIENTED_EDGE( '', *, *, #3129, .F. );
#2162 = ORIENTED_EDGE( '', *, *, #3392, .T. );
#2163 = ORIENTED_EDGE( '', *, *, #3152, .F. );
#2164 = ORIENTED_EDGE( '', *, *, #3393, .F. );
#2165 = CARTESIAN_POINT( '', ( -3.11050013870884E-016, -5.08000000000000, -4.43500000000000 ) );
#2166 = DIRECTION( '', ( 1.00000000000000, -6.12303176911189E-017, 0.000000000000000 ) );
#2167 = DIRECTION( '', ( 6.12303176911189E-017, 1.00000000000000, 0.000000000000000 ) );
#2168 = SURFACE_STYLE_FILL_AREA( #3394 );
#2169 = ORIENTED_EDGE( '', *, *, #3395, .F. );
#2170 = ORIENTED_EDGE( '', *, *, #3160, .T. );
#2171 = ORIENTED_EDGE( '', *, *, #3360, .T. );
#2172 = ORIENTED_EDGE( '', *, *, #3286, .T. );
#2173 = CARTESIAN_POINT( '', ( -1.25000000000000, -5.25000000000000, -7.04905660377359 ) );
#2174 = DIRECTION( '', ( 0.000000000000000, -1.00000000000000, 0.000000000000000 ) );
#2175 = DIRECTION( '', ( 0.000000000000000, 0.000000000000000, -1.00000000000000 ) );
#2176 = SURFACE_STYLE_FILL_AREA( #3396 );
#2177 = ORIENTED_EDGE( '', *, *, #3362, .F. );
#2178 = ORIENTED_EDGE( '', *, *, #3397, .F. );
#2179 = ORIENTED_EDGE( '', *, *, #3398, .F. );
#2180 = ORIENTED_EDGE( '', *, *, #3150, .F. );
#2181 = CARTESIAN_POINT( '', ( -1.25000000000000, -3.82238702951498, -5.54905660377359 ) );
#2182 = DIRECTION( '', ( -1.00000000000000, -0.000000000000000, -0.000000000000000 ) );
#2183 = DIRECTION( '', ( 0.000000000000000, 0.000000000000000, -1.00000000000000 ) );
#2184 = SURFACE_STYLE_FILL_AREA( #3399 );
#2185 = ORIENTED_EDGE( '', *, *, #3400, .F. );
#2186 = ORIENTED_EDGE( '', *, *, #3401, .F. );
#2187 = ORIENTED_EDGE( '', *, *, #3317, .F. );
#2188 = ORIENTED_EDGE( '', *, *, #3124, .F. );
#2189 = ORIENTED_EDGE( '', *, *, #3402, .F. );
#2190 = ORIENTED_EDGE( '', *, *, #3403, .F. );
#2191 = ORIENTED_EDGE( '', *, *, #3136, .F. );
#2192 = ORIENTED_EDGE( '', *, *, #3404, .F. );
#2193 = CARTESIAN_POINT( '', ( 4.67000000000000, -0.123098857624241, 1.88732647884583 ) );
#2194 = DIRECTION( '', ( -1.00000000000000, 0.000000000000000, 0.000000000000000 ) );
#2195 = DIRECTION( '', ( 0.000000000000000, 0.000000000000000, 1.00000000000000 ) );
#2196 = SURFACE_STYLE_FILL_AREA( #3405 );
#2197 = ORIENTED_EDGE( '', *, *, #3255, .F. );
#2198 = ORIENTED_EDGE( '', *, *, #3406, .F. );
#2199 = ORIENTED_EDGE( '', *, *, #3407, .T. );
#2200 = ORIENTED_EDGE( '', *, *, #3408, .T. );
#2201 = CARTESIAN_POINT( '', ( 3.32359495222288, -0.800000000000000, -0.300000000000000 ) );
#2202 = DIRECTION( '', ( 0.000000000000000, -1.00000000000000, -1.88401732049924E-031 ) );
#2203 = DIRECTION( '', ( 0.000000000000000, 1.88401732049924E-031, -1.00000000000000 ) );
#2204 = SURFACE_STYLE_FILL_AREA( #3409 );
#2205 = ORIENTED_EDGE( '', *, *, #3410, .F. );
#2206 = ORIENTED_EDGE( '', *, *, #3411, .F. );
#2207 = ORIENTED_EDGE( '', *, *, #3356, .F. );
#2208 = ORIENTED_EDGE( '', *, *, #3243, .F. );
#2209 = CARTESIAN_POINT( '', ( -13.3200037537532, -3.30000000000000, -11.9990566037736 ) );
#2210 = DIRECTION( '', ( 1.00000000000000, -0.000000000000000, -2.12435339080604E-032 ) );
#2211 = DIRECTION( '', ( 2.12435339080604E-032, 0.000000000000000, 1.00000000000000 ) );
#2212 = SURFACE_STYLE_FILL_AREA( #3412 );
#2213 = ORIENTED_EDGE( '', *, *, #3413, .F. );
#2214 = ORIENTED_EDGE( '', *, *, #3414, .F. );
#2215 = ORIENTED_EDGE( '', *, *, #3402, .T. );
#2216 = ORIENTED_EDGE( '', *, *, #3123, .T. );
#2217 = CARTESIAN_POINT( '', ( 4.67000000000000, 0.0770159035508831, 2.50910281292852 ) );
#2218 = CARTESIAN_POINT( '', ( 4.67000000000000, 0.0565100935713894, 2.52448217041313 ) );
#2219 = CARTESIAN_POINT( '', ( 4.67000000000000, 0.0390801550888189, 2.53678565640083 ) );
#2220 = CARTESIAN_POINT( '', ( 4.67000000000000, 0.0247260881031733, 2.54396268989366 ) );
#2221 = CARTESIAN_POINT( '', ( 4.67000000000000, -0.0236676234484333, 2.56815954566946 ) );
#2222 = CARTESIAN_POINT( '', ( 4.67000000000000, -0.0829294142891714, 2.57882256685880 ) );
#2223 = CARTESIAN_POINT( '', ( 4.67000000000000, -0.285936933086164, 2.57882256685880 ) );
#2224 = CARTESIAN_POINT( '', ( 4.67000000000000, -0.377187787494914, 2.50090048893672 ) );
#2225 = CARTESIAN_POINT( '', ( 4.67000000000000, -0.422300569449801, 2.34608162359154 ) );
#2226 = DIRECTION( '', ( -1.00000000000000, 8.70845118462253E-017, 0.000000000000000 ) );
#2227 = SURFACE_STYLE_FILL_AREA( #3415 );
#2228 = ORIENTED_EDGE( '', *, *, #3416, .F. );
#2229 = ORIENTED_EDGE( '', *, *, #3217, .F. );
#2230 = ORIENTED_EDGE( '', *, *, #3417, .T. );
#2231 = ORIENTED_EDGE( '', *, *, #3418, .T. );
#2232 = CARTESIAN_POINT( '', ( 4.67000000000000, 3.94543695618246, 2.57882256685880 ) );
#2233 = DIRECTION( '', ( 8.70845118462253E-017, 1.00000000000000, 0.000000000000000 ) );
#2234 = DIRECTION( '', ( -1.00000000000000, 8.70845118462253E-017, 0.000000000000000 ) );
#2235 = SURFACE_STYLE_FILL_AREA( #3419 );
#2236 = ORIENTED_EDGE( '', *, *, #3295, .T. );
#2237 = ORIENTED_EDGE( '', *, *, #3420, .F. );
#2238 = ORIENTED_EDGE( '', *, *, #3421, .F. );
#2239 = ORIENTED_EDGE( '', *, *, #3132, .F. );
#2240 = ORIENTED_EDGE( '', *, *, #3422, .F. );
#2241 = CARTESIAN_POINT( '', ( 4.55000000000000, 4.98000000000000, -4.43500000000000 ) );
#2242 = DIRECTION( '', ( -5.98746727961116E-033, -9.77859907540478E-017, 1.00000000000000 ) );
#2243 = DIRECTION( '', ( 0.000000000000000, 1.00000000000000, 9.77859907540478E-017 ) );
#2244 = SURFACE_STYLE_FILL_AREA( #3423 );
#2245 = ORIENTED_EDGE( '', *, *, #3424, .F. );
#2246 = ORIENTED_EDGE( '', *, *, #3425, .F. );
#2247 = ORIENTED_EDGE( '', *, *, #3265, .T. );
#2248 = ORIENTED_EDGE( '', *, *, #3426, .T. );
#2249 = CARTESIAN_POINT( '', ( 4.67000000000000, -3.65914267471296, 1.30233589563528 ) );
#2250 = DIRECTION( '', ( 0.000000000000000, 0.000000000000000, 1.00000000000000 ) );
#2251 = DIRECTION( '', ( 1.00000000000000, 0.000000000000000, 0.000000000000000 ) );
#2252 = SURFACE_STYLE_FILL_AREA( #3427 );
#2253 = ORIENTED_EDGE( '', *, *, #3363, .F. );
#2254 = ORIENTED_EDGE( '', *, *, #3148, .F. );
#2255 = ORIENTED_EDGE( '', *, *, #3428, .F. );
#2256 = ORIENTED_EDGE( '', *, *, #3229, .F. );
#2257 = CARTESIAN_POINT( '', ( -1.25000000000000, 3.82238702951498, -5.54905660377359 ) );
#2258 = DIRECTION( '', ( -1.00000000000000, -0.000000000000000, -0.000000000000000 ) );
#2259 = DIRECTION( '', ( 0.000000000000000, 0.000000000000000, -1.00000000000000 ) );
#2260 = SURFACE_STYLE_FILL_AREA( #3429 );
#2261 = ORIENTED_EDGE( '', *, *, #3365, .T. );
#2262 = ORIENTED_EDGE( '', *, *, #3430, .T. );
#2263 = ORIENTED_EDGE( '', *, *, #3431, .F. );
#2264 = ORIENTED_EDGE( '', *, *, #3432, .F. );
#2265 = CARTESIAN_POINT( '', ( -1.25000000000000, 5.25000000000000, -7.04905660377358 ) );
#2266 = DIRECTION( '', ( 0.000000000000000, 1.00000000000000, 0.000000000000000 ) );
#2267 = DIRECTION( '', ( 0.000000000000000, 0.000000000000000, 1.00000000000000 ) );
#2268 = SURFACE_STYLE_FILL_AREA( #3433 );
#2269 = ORIENTED_EDGE( '', *, *, #3434, .F. );
#2270 = ORIENTED_EDGE( '', *, *, #3435, .F. );
#2271 = ORIENTED_EDGE( '', *, *, #3436, .T. );
#2272 = ORIENTED_EDGE( '', *, *, #3437, .T. );
#2273 = CARTESIAN_POINT( '', ( 4.67000000000000, 4.48063859664726, 1.66118757027643 ) );
#2274 = CARTESIAN_POINT( '', ( 4.67000000000000, 4.48063859664726, 1.45100301798661 ) );
#2275 = CARTESIAN_POINT( '', ( 4.67000000000000, 4.39964064722826, 1.31053821962708 ) );
#2276 = CARTESIAN_POINT( '', ( 4.67000000000000, 4.23764474839026, 1.24081846569680 ) );
#2277 = CARTESIAN_POINT( '', ( 4.67000000000000, 4.18199629916120, 1.21686850020581 ) );
#2278 = CARTESIAN_POINT( '', ( 4.67000000000000, 4.12588808400201, 1.20493329823268 ) );
#2279 = CARTESIAN_POINT( '', ( 4.67000000000000, 4.06949710655840, 1.20493329823268 ) );
#2280 = CARTESIAN_POINT( '', ( 4.67000000000000, 3.98849915713940, 1.20493329823268 ) );
#2281 = CARTESIAN_POINT( '', ( 4.67000000000000, 3.90750120772040, 1.20493329823268 ) );
#2282 = CARTESIAN_POINT( '', ( 4.67000000000000, 3.82650325830140, 1.20493329823268 ) );
#2283 = DIRECTION( '', ( -1.00000000000000, 8.70845118462253E-017, 0.000000000000000 ) );
#2284 = SURFACE_STYLE_FILL_AREA( #3438 );
#2285 = ORIENTED_EDGE( '', *, *, #3439, .F. );
#2286 = ORIENTED_EDGE( '', *, *, #3440, .F. );
#2287 = ORIENTED_EDGE( '', *, *, #3441, .T. );
#2288 = ORIENTED_EDGE( '', *, *, #3382, .T. );
#2289 = CARTESIAN_POINT( '', ( 4.63000000000000, -0.866569994005971, -1.54925948286067 ) );
#2290 = DIRECTION( '', ( 7.47927070449299E-017, 0.858851998585003, 0.512223822685500 ) );
#2291 = DIRECTION( '', ( 0.000000000000000, -0.512223822685500, 0.858851998585003 ) );
#2292 = SURFACE_STYLE_FILL_AREA( #3442 );
#2293 = ORIENTED_EDGE( '', *, *, #3443, .F. );
#2294 = ORIENTED_EDGE( '', *, *, #3417, .F. );
#2295 = ORIENTED_EDGE( '', *, *, #3216, .F. );
#2296 = ORIENTED_EDGE( '', *, *, #3444, .F. );
#2297 = ORIENTED_EDGE( '', *, *, #3378, .F. );
#2298 = ORIENTED_EDGE( '', *, *, #3445, .F. );
#2299 = ORIENTED_EDGE( '', *, *, #3446, .F. );
#2300 = ORIENTED_EDGE( '', *, *, #3447, .F. );
#2301 = ORIENTED_EDGE( '', *, *, #3436, .F. );
#2302 = CARTESIAN_POINT( '', ( 4.67000000000000, 4.32295533658390, 2.00051967611789 ) );
#2303 = DIRECTION( '', ( 1.00000000000000, 0.000000000000000, 0.000000000000000 ) );
#2304 = DIRECTION( '', ( 0.000000000000000, 0.000000000000000, -1.00000000000000 ) );
#2305 = SURFACE_STYLE_FILL_AREA( #3448 );
#2306 = ORIENTED_EDGE( '', *, *, #3385, .T. );
#2307 = ORIENTED_EDGE( '', *, *, #3449, .F. );
#2308 = ORIENTED_EDGE( '', *, *, #3276, .F. );
#2309 = ORIENTED_EDGE( '', *, *, #3118, .F. );
#2310 = ORIENTED_EDGE( '', *, *, #3305, .T. );
#2311 = ORIENTED_EDGE( '', *, *, #3240, .F. );
#2312 = CARTESIAN_POINT( '', ( -1.05000000000000, -4.54836033335382E-016, -12.4990566037736 ) );
#2313 = DIRECTION( '', ( -1.00000000000000, 1.05775821705903E-016, 0.000000000000000 ) );
#2314 = DIRECTION( '', ( -1.05775821705903E-016, -1.00000000000000, 0.000000000000000 ) );
#2315 = SURFACE_STYLE_FILL_AREA( #3450 );
#2316 = ORIENTED_EDGE( '', *, *, #3451, .F. );
#2317 = ORIENTED_EDGE( '', *, *, #3418, .F. );
#2318 = ORIENTED_EDGE( '', *, *, #3443, .T. );
#2319 = ORIENTED_EDGE( '', *, *, #3435, .T. );
#2320 = CARTESIAN_POINT( '', ( 4.67000000000000, 3.94543695618246, 2.06925318886837 ) );
#2321 = CARTESIAN_POINT( '', ( 4.67000000000000, 3.99533442713257, 2.06925318886837 ) );
#2322 = CARTESIAN_POINT( '', ( 4.67000000000000, 4.04523189808266, 2.06925318886837 ) );
#2323 = CARTESIAN_POINT( '', ( 4.67000000000000, 4.09512936903277, 2.06925318886837 ) );
#2324 = CARTESIAN_POINT( '', ( 4.67000000000000, 4.21303777641486, 2.06925318886837 ) );
#2325 = CARTESIAN_POINT( '', ( 4.67000000000000, 4.30736450232054, 2.02926685940835 ) );
#2326 = CARTESIAN_POINT( '', ( 4.67000000000000, 4.37810954674979, 1.95031949098730 ) );
#2327 = CARTESIAN_POINT( '', ( 4.67000000000000, 4.44590302056956, 1.87466590426090 ) );
#2328 = CARTESIAN_POINT( '', ( 4.67000000000000, 4.48063859664726, 1.77909597765852 ) );
#2329 = CARTESIAN_POINT( '', ( 4.67000000000000, 4.48063859664726, 1.66118757027643 ) );
#2330 = DIRECTION( '', ( -1.00000000000000, 8.70845118462253E-017, 0.000000000000000 ) );
#2331 = SURFACE_STYLE_FILL_AREA( #3452 );
#2332 = ORIENTED_EDGE( '', *, *, #3453, .F. );
#2333 = ORIENTED_EDGE( '', *, *, #3235, .F. );
#2334 = ORIENTED_EDGE( '', *, *, #3454, .T. );
#2335 = ORIENTED_EDGE( '', *, *, #3455, .T. );
#2336 = CARTESIAN_POINT( '', ( 4.67000000000000, 2.20039252692751, 2.68340219775421 ) );
#2337 = DIRECTION( '', ( 0.000000000000000, 0.000000000000000, 1.00000000000000 ) );
#2338 = DIRECTION( '', ( 1.00000000000000, 0.000000000000000, 0.000000000000000 ) );
#2339 = SURFACE_STYLE_FILL_AREA( #3456 );
#2340 = ORIENTED_EDGE( '', *, *, #3457, .F. );
#2341 = ORIENTED_EDGE( '', *, *, #3455, .F. );
#2342 = ORIENTED_EDGE( '', *, *, #3458, .T. );
#2343 = ORIENTED_EDGE( '', *, *, #3186, .T. );
#2344 = CARTESIAN_POINT( '', ( 4.67000000000000, 2.30804802931985, 2.68340219775421 ) );
#2345 = DIRECTION( '', ( 8.46931102080011E-017, 0.972539300186388, -0.232738715285985 ) );
#2346 = DIRECTION( '', ( 0.000000000000000, 0.232738715285985, 0.972539300186388 ) );
#2347 = SURFACE_STYLE_FILL_AREA( #3459 );
#2348 = ORIENTED_EDGE( '', *, *, #3460, .T. );
#2349 = ORIENTED_EDGE( '', *, *, #3461, .F. );
#2350 = CARTESIAN_POINT( '', ( 2.40000000000000, -1.30104260698260E-015, 1.67000000000000 ) );
#2351 = DIRECTION( '', ( -0.000000000000000, -0.000000000000000, 1.00000000000000 ) );
#2352 = DIRECTION( '', ( -1.00000000000000, 0.000000000000000, 0.000000000000000 ) );
#2353 = SURFACE_STYLE_FILL_AREA( #3462 );
#2354 = ORIENTED_EDGE( '', *, *, #3463, .F. );
#2355 = ORIENTED_EDGE( '', *, *, #3342, .F. );
#2356 = ORIENTED_EDGE( '', *, *, #3367, .T. );
#2357 = ORIENTED_EDGE( '', *, *, #3464, .T. );
#2358 = CARTESIAN_POINT( '', ( -1.25000000000000, 4.35000000000000, -8.29905660377359 ) );
#2359 = DIRECTION( '', ( 0.000000000000000, 1.00000000000000, 0.000000000000000 ) );
#2360 = DIRECTION( '', ( 0.000000000000000, 0.000000000000000, 1.00000000000000 ) );
#2361 = SURFACE_STYLE_FILL_AREA( #3465 );
#2362 = ORIENTED_EDGE( '', *, *, #3466, .F. );
#2363 = ORIENTED_EDGE( '', *, *, #3467, .F. );
#2364 = ORIENTED_EDGE( '', *, *, #3212, .T. );
#2365 = ORIENTED_EDGE( '', *, *, #3143, .T. );
#2366 = CARTESIAN_POINT( '', ( 3.32359495222288, -0.799999999999991, -0.300000000000000 ) );
#2367 = DIRECTION( '', ( 0.000000000000000, -1.00000000000000, -1.99865744738543E-031 ) );
#2368 = DIRECTION( '', ( 0.000000000000000, 1.99865744738543E-031, -1.00000000000000 ) );
#2369 = SURFACE_STYLE_FILL_AREA( #3468 );
#2370 = ORIENTED_EDGE( '', *, *, #3130, .T. );
#2371 = ORIENTED_EDGE( '', *, *, #3393, .T. );
#2372 = ORIENTED_EDGE( '', *, *, #3157, .F. );
#2373 = ORIENTED_EDGE( '', *, *, #3469, .F. );
#2374 = CARTESIAN_POINT( '', ( 1.25000000000000, 9.18621884032346, 4.43500000000000 ) );
#2375 = DIRECTION( '', ( -0.0348994967025007, -9.77264221705695E-017, 0.999390827019096 ) );
#2376 = DIRECTION( '', ( 0.999390827019096, 0.000000000000000, 0.0348994967025007 ) );
#2377 = SURFACE_STYLE_FILL_AREA( #3470 );
#2378 = ORIENTED_EDGE( '', *, *, #3321, .T. );
#2379 = ORIENTED_EDGE( '', *, *, #3471, .F. );
#2380 = ORIENTED_EDGE( '', *, *, #3421, .T. );
#2381 = ORIENTED_EDGE( '', *, *, #3472, .F. );
#2382 = CARTESIAN_POINT( '', ( 4.55000000000000, -5.08000000000000, -4.33500000000000 ) );
#2383 = DIRECTION( '', ( 6.12303176911189E-017, 1.00000000000000, -0.000000000000000 ) );
#2384 = DIRECTION( '', ( 1.00000000000000, -6.12303176911189E-017, 0.000000000000000 ) );
#2385 = SURFACE_STYLE_FILL_AREA( #3473 );
#2386 = ORIENTED_EDGE( '', *, *, #3252, .F. );
#2387 = ORIENTED_EDGE( '', *, *, #3338, .F. );
#2388 = ORIENTED_EDGE( '', *, *, #3474, .T. );
#2389 = ORIENTED_EDGE( '', *, *, #3475, .T. );
#2390 = ORIENTED_EDGE( '', *, *, #3476, .T. );
#2391 = CARTESIAN_POINT( '', ( 3.32359495222288, -0.873754439438931, -0.300000000000000 ) );
#2392 = DIRECTION( '', ( -1.73472347597681E-015, 1.92592994438723E-031, -1.00000000000000 ) );
#2393 = DIRECTION( '', ( 1.00000000000000, 0.000000000000000, -1.73472347597681E-015 ) );
#2394 = SURFACE_STYLE_FILL_AREA( #3477 );
#2395 = ORIENTED_EDGE( '', *, *, #3478, .F. );
#2396 = ORIENTED_EDGE( '', *, *, #3426, .F. );
#2397 = ORIENTED_EDGE( '', *, *, #3264, .T. );
#2398 = ORIENTED_EDGE( '', *, *, #3479, .T. );
#2399 = CARTESIAN_POINT( '', ( 4.67000000000000, -3.01731082235479, 1.30233589563528 ) );
#2400 = DIRECTION( '', ( 8.70845118462253E-017, 1.00000000000000, 0.000000000000000 ) );
#2401 = DIRECTION( '', ( -1.00000000000000, 8.70845118462253E-017, 0.000000000000000 ) );
#2402 = SURFACE_STYLE_FILL_AREA( #3480 );
#2403 = ORIENTED_EDGE( '', *, *, #3481, .F. );
#2404 = ORIENTED_EDGE( '', *, *, #3137, .F. );
#2405 = ORIENTED_EDGE( '', *, *, #3403, .T. );
#2406 = ORIENTED_EDGE( '', *, *, #3414, .T. );
#2407 = CARTESIAN_POINT( '', ( 4.67000000000000, -0.520728457351374, 1.30131060513630 ) );
#2408 = CARTESIAN_POINT( '', ( 4.67000000000000, -0.318746229053356, 1.59898661333863 ) );
#2409 = CARTESIAN_POINT( '', ( 4.67000000000000, -0.116764000755338, 1.89666262154096 ) );
#2410 = CARTESIAN_POINT( '', ( 4.67000000000000, 0.0852182275426806, 2.19433862974328 ) );
#2411 = CARTESIAN_POINT( '', ( 4.67000000000000, 0.118104087933570, 2.24280493160531 ) );
#2412 = CARTESIAN_POINT( '', ( 4.67000000000000, 0.133406880994492, 2.29481709864280 ) );
#2413 = CARTESIAN_POINT( '', ( 4.67000000000000, 0.133406880994492, 2.38914382454847 ) );
#2414 = CARTESIAN_POINT( '', ( 4.67000000000000, 0.124179266503720, 2.42707957301054 ) );
#2415 = CARTESIAN_POINT( '', ( 4.67000000000000, 0.104698747023200, 2.46399003097362 ) );
#2416 = CARTESIAN_POINT( '', ( 4.67000000000000, 0.0964809539532648, 2.47956058626403 ) );
#2417 = CARTESIAN_POINT( '', ( 4.67000000000000, 0.0862435180416553, 2.49406521894355 ) );
#2418 = CARTESIAN_POINT( '', ( 4.67000000000000, 0.0770159035508831, 2.50910281292852 ) );
#2419 = DIRECTION( '', ( -1.00000000000000, 8.70845118462253E-017, 0.000000000000000 ) );
#2420 = SURFACE_STYLE_FILL_AREA( #3482 );
#2421 = ORIENTED_EDGE( '', *, *, #3483, .F. );
#2422 = ORIENTED_EDGE( '', *, *, #3484, .F. );
#2423 = ORIENTED_EDGE( '', *, *, #3268, .T. );
#2424 = ORIENTED_EDGE( '', *, *, #3224, .T. );
#2425 = CARTESIAN_POINT( '', ( 4.67000000000000, -3.78627869658583, 1.30131060513630 ) );
#2426 = CARTESIAN_POINT( '', ( 4.67000000000000, -3.58463823178747, 1.59898661333863 ) );
#2427 = CARTESIAN_POINT( '', ( 4.67000000000000, -3.38299776698911, 1.89666262154096 ) );
#2428 = CARTESIAN_POINT( '', ( 4.67000000000000, -3.18135730219075, 2.19433862974328 ) );
#2429 = CARTESIAN_POINT( '', ( 4.67000000000000, -3.14850899715790, 2.24283163598668 ) );
#2430 = CARTESIAN_POINT( '', ( 4.67000000000000, -3.13316864873894, 2.29481709864280 ) );
#2431 = CARTESIAN_POINT( '', ( 4.67000000000000, -3.13316864873894, 2.38914382454847 ) );
#2432 = CARTESIAN_POINT( '', ( 4.67000000000000, -3.14239626322970, 2.42707957301054 ) );
#2433 = CARTESIAN_POINT( '', ( 4.67000000000000, -3.16187678271023, 2.46399003097362 ) );
#2434 = CARTESIAN_POINT( '', ( 4.67000000000000, -3.17009457578016, 2.47956058626403 ) );
#2435 = CARTESIAN_POINT( '', ( 4.67000000000000, -3.18033201169177, 2.49406521894355 ) );
#2436 = CARTESIAN_POINT( '', ( 4.67000000000000, -3.18955962618254, 2.50910281292852 ) );
#2437 = DIRECTION( '', ( -1.00000000000000, 8.70845118462253E-017, 0.000000000000000 ) );
#2438 = SURFACE_STYLE_FILL_AREA( #3485 );
#2439 = ORIENTED_EDGE( '', *, *, #3345, .T. );
#2440 = CARTESIAN_POINT( '', ( -2.62072042025229, -12.6293565425421, 1.52723871960305 ) );
#2441 = DIRECTION( '', ( -1.00000000000000, -2.78164304570879E-016, 1.72655766522568E-015 ) );
#2442 = DIRECTION( '', ( 1.72655766522568E-015, -8.49317953445071E-032, 1.00000000000000 ) );
#2443 = SURFACE_STYLE_FILL_AREA( #3486 );
#2444 = ORIENTED_EDGE( '', *, *, #3487, .F. );
#2445 = ORIENTED_EDGE( '', *, *, #3318, .F. );
#2446 = ORIENTED_EDGE( '', *, *, #3401, .T. );
#2447 = ORIENTED_EDGE( '', *, *, #3488, .T. );
#2448 = CARTESIAN_POINT( '', ( 4.67000000000000, -0.392567144979535, 1.30233589563528 ) );
#2449 = DIRECTION( '', ( 0.000000000000000, 0.000000000000000, 1.00000000000000 ) );
#2450 = DIRECTION( '', ( 1.00000000000000, 0.000000000000000, 0.000000000000000 ) );
#2451 = SURFACE_STYLE_FILL_AREA( #3489 );
#2452 = ORIENTED_EDGE( '', *, *, #3461, .T. );
#2453 = ORIENTED_EDGE( '', *, *, #3344, .F. );
#2454 = CARTESIAN_POINT( '', ( 2.00000000000000, -8.67361737988404E-016, 1.67000000000000 ) );
#2455 = DIRECTION( '', ( 0.000000000000000, 1.00000000000000, -2.65051843328985E-033 ) );
#2456 = DIRECTION( '', ( 0.000000000000000, 2.65051843328986E-033, 1.00000000000000 ) );
#2457 = SURFACE_STYLE_FILL_AREA( #3490 );
#2458 = ORIENTED_EDGE( '', *, *, #3354, .F. );
#2459 = ORIENTED_EDGE( '', *, *, #3491, .F. );
#2460 = ORIENTED_EDGE( '', *, *, #3492, .T. );
#2461 = ORIENTED_EDGE( '', *, *, #3312, .T. );
#2462 = CARTESIAN_POINT( '', ( 4.67000000000000, -4.07746119829464, 1.39051087854710 ) );
#2463 = CARTESIAN_POINT( '', ( 4.67000000000000, -4.07746119829464, 1.74662844519099 ) );
#2464 = CARTESIAN_POINT( '', ( 4.67000000000000, -4.07746119829464, 2.10274601183487 ) );
#2465 = CARTESIAN_POINT( '', ( 4.67000000000000, -4.07746119829464, 2.45886357847875 ) );
#2466 = CARTESIAN_POINT( '', ( 4.67000000000000, -4.07746119829464, 2.53576036590185 ) );
#2467 = CARTESIAN_POINT( '', ( 4.67000000000000, -4.11949810875261, 2.57472140486290 ) );
#2468 = CARTESIAN_POINT( '', ( 4.67000000000000, -4.20357192966853, 2.57574669536187 ) );
#2469 = CARTESIAN_POINT( '', ( 4.67000000000000, -4.31702053936445, 2.57713021499231 ) );
#2470 = CARTESIAN_POINT( '', ( 4.67000000000000, -4.43050289344160, 2.57574669536187 ) );
#2471 = CARTESIAN_POINT( '', ( 4.67000000000000, -4.54396837532813, 2.57574669536187 ) );
#2472 = DIRECTION( '', ( -1.00000000000000, 8.70845118462253E-017, 0.000000000000000 ) );
#2473 = SURFACE_STYLE_FILL_AREA( #3493 );
#2474 = ORIENTED_EDGE( '', *, *, #3494, .F. );
#2475 = ORIENTED_EDGE( '', *, *, #3495, .F. );
#2476 = ORIENTED_EDGE( '', *, *, #3445, .T. );
#2477 = ORIENTED_EDGE( '', *, *, #3377, .T. );
#2478 = CARTESIAN_POINT( '', ( 4.67000000000000, 3.84085732528705, 1.96364826747397 ) );
#2479 = DIRECTION( '', ( -8.70845118462253E-017, -1.00000000000000, 0.000000000000000 ) );
#2480 = DIRECTION( '', ( 1.00000000000000, -8.70845118462253E-017, 0.000000000000000 ) );
#2481 = SURFACE_STYLE_FILL_AREA( #3496 );
#2482 = ORIENTED_EDGE( '', *, *, #3497, .F. );
#2483 = ORIENTED_EDGE( '', *, *, #3437, .F. );
#2484 = ORIENTED_EDGE( '', *, *, #3447, .T. );
#2485 = ORIENTED_EDGE( '', *, *, #3498, .T. );
#2486 = CARTESIAN_POINT( '', ( 4.67000000000000, 3.82650325830140, 1.20493329823268 ) );
#2487 = DIRECTION( '', ( -8.70845118462253E-017, -1.00000000000000, 0.000000000000000 ) );
#2488 = DIRECTION( '', ( 1.00000000000000, -8.70845118462253E-017, 0.000000000000000 ) );
#2489 = SURFACE_STYLE_FILL_AREA( #3499 );
#2490 = ORIENTED_EDGE( '', *, *, #3500, .F. );
#2491 = ORIENTED_EDGE( '', *, *, #3293, .F. );
#2492 = ORIENTED_EDGE( '', *, *, #3501, .T. );
#2493 = ORIENTED_EDGE( '', *, *, #3440, .T. );
#2494 = CARTESIAN_POINT( '', ( 4.63000000000000, -0.866569994005971, -1.54925948286067 ) );
#2495 = DIRECTION( '', ( 0.000000000000000, 0.000000000000000, 1.00000000000000 ) );
#2496 = DIRECTION( '', ( 1.00000000000000, 0.000000000000000, 0.000000000000000 ) );
#2497 = SURFACE_STYLE_FILL_AREA( #3502 );
#2498 = ORIENTED_EDGE( '', *, *, #3503, .F. );
#2499 = ORIENTED_EDGE( '', *, *, #3169, .F. );
#2500 = ORIENTED_EDGE( '', *, *, #3504, .T. );
#2501 = ORIENTED_EDGE( '', *, *, #3505, .T. );
#2502 = CARTESIAN_POINT( '', ( 4.67000000000000, -4.64854800622355, 2.68340219775421 ) );
#2503 = CARTESIAN_POINT( '', ( 4.67000000000000, -4.49988088387222, 2.68340219775421 ) );
#2504 = CARTESIAN_POINT( '', ( 4.67000000000000, -4.35121376152089, 2.68340219775421 ) );
#2505 = CARTESIAN_POINT( '', ( 4.67000000000000, -4.20254663916955, 2.68340219775421 ) );
#2506 = CARTESIAN_POINT( '', ( 4.67000000000000, -4.15333269521877, 2.68340219775421 ) );
#2507 = CARTESIAN_POINT( '', ( 4.67000000000000, -4.12154868975056, 2.68032632625729 ) );
#2508 = CARTESIAN_POINT( '', ( 4.67000000000000, -4.10719462276490, 2.67314929276446 ) );
#2509 = DIRECTION( '', ( -1.00000000000000, 8.70845118462253E-017, 0.000000000000000 ) );
#2510 = SURFACE_STYLE_FILL_AREA( #3506 );
#2511 = ORIENTED_EDGE( '', *, *, #3507, .F. );
#2512 = ORIENTED_EDGE( '', *, *, #3464, .F. );
#2513 = ORIENTED_EDGE( '', *, *, #3366, .T. );
#2514 = ORIENTED_EDGE( '', *, *, #3432, .T. );
#2515 = CARTESIAN_POINT( '', ( -1.25000000000000, 4.35000000000000, -7.04905660377358 ) );
#2516 = DIRECTION( '', ( 0.000000000000000, 0.000000000000000, -1.00000000000000 ) );
#2517 = DIRECTION( '', ( -1.00000000000000, 0.000000000000000, 0.000000000000000 ) );
#2518 = SURFACE_STYLE_FILL_AREA( #3508 );
#2519 = ORIENTED_EDGE( '', *, *, #3313, .F. );
#2520 = ORIENTED_EDGE( '', *, *, #3492, .F. );
#2521 = ORIENTED_EDGE( '', *, *, #3509, .F. );
#2522 = ORIENTED_EDGE( '', *, *, #3510, .F. );
#2523 = ORIENTED_EDGE( '', *, *, #3504, .F. );
#2524 = ORIENTED_EDGE( '', *, *, #3168, .F. );
#2525 = ORIENTED_EDGE( '', *, *, #3221, .F. );
#2526 = CARTESIAN_POINT( '', ( 4.67000000000000, -3.97185627690025, 2.04169509481606 ) );
#2527 = DIRECTION( '', ( 1.00000000000000, 0.000000000000000, 0.000000000000000 ) );
#2528 = DIRECTION( '', ( 0.000000000000000, 0.000000000000000, -1.00000000000000 ) );
#2529 = SURFACE_STYLE_FILL_AREA( #3511 );
#2530 = ORIENTED_EDGE( '', *, *, #3454, .F. );
#2531 = ORIENTED_EDGE( '', *, *, #3234, .F. );
#2532 = ORIENTED_EDGE( '', *, *, #3187, .F. );
#2533 = ORIENTED_EDGE( '', *, *, #3458, .F. );
#2534 = CARTESIAN_POINT( '', ( 4.67000000000000, 2.25422027812368, 2.68340219775421 ) );
#2535 = DIRECTION( '', ( 1.00000000000000, 0.000000000000000, 0.000000000000000 ) );
#2536 = DIRECTION( '', ( 0.000000000000000, 0.000000000000000, -1.00000000000000 ) );
#2537 = SURFACE_STYLE_FILL_AREA( #3512 );
#2538 = ORIENTED_EDGE( '', *, *, #3513, .T. );
#2539 = CARTESIAN_POINT( '', ( 2.37000000000000, -2.54000000000000, 3.56500000000000 ) );
#2540 = DIRECTION( '', ( 0.000000000000000, 0.000000000000000, -1.00000000000000 ) );
#2541 = DIRECTION( '', ( -1.00000000000000, 0.000000000000000, 0.000000000000000 ) );
#2542 = SURFACE_STYLE_FILL_AREA( #3514 );
#2543 = ORIENTED_EDGE( '', *, *, #3515, .F. );
#2544 = ORIENTED_EDGE( '', *, *, #3516, .F. );
#2545 = ORIENTED_EDGE( '', *, *, #3177, .T. );
#2546 = ORIENTED_EDGE( '', *, *, #3517, .T. );
#2547 = CARTESIAN_POINT( '', ( 4.67000000000000, 3.01959963560830, 2.68340219775421 ) );
#2548 = CARTESIAN_POINT( '', ( 4.67000000000000, 3.09136997053653, 2.68340219775421 ) );
#2549 = CARTESIAN_POINT( '', ( 4.67000000000000, 3.16314030546476, 2.68340219775421 ) );
#2550 = CARTESIAN_POINT( '', ( 4.67000000000000, 3.23491064039299, 2.68340219775421 ) );
#2551 = CARTESIAN_POINT( '', ( 4.67000000000000, 3.39793182972997, 2.68340219775421 ) );
#2552 = CARTESIAN_POINT( '', ( 4.67000000000000, 3.51173907511616, 2.62188476781573 ) );
#2553 = CARTESIAN_POINT( '', ( 4.67000000000000, 3.57428179555362, 2.49782461743979 ) );
#2554 = CARTESIAN_POINT( '', ( 4.67000000000000, 3.59967082932667, 2.44746276356210 ) );
#2555 = CARTESIAN_POINT( '', ( 4.67000000000000, 3.61324283451466, 2.40042202003720 ) );
#2556 = CARTESIAN_POINT( '', ( 4.67000000000000, 3.61324283451466, 2.28969064614793 ) );
#2557 = CARTESIAN_POINT( '', ( 4.67000000000000, 3.60606580102184, 2.23432495920329 ) );
#2558 = CARTESIAN_POINT( '', ( 4.67000000000000, 3.59273702453516, 2.19126275824635 ) );
#2559 = CARTESIAN_POINT( '', ( 4.67000000000000, 3.57249907368757, 2.12587860935416 ) );
#2560 = CARTESIAN_POINT( '', ( 4.67000000000000, 3.53019430409771, 2.07027847936734 ) );
#2561 = CARTESIAN_POINT( '', ( 4.67000000000000, 3.46457571216333, 2.02516569741245 ) );
#2562 = DIRECTION( '', ( -1.00000000000000, 8.70845118462253E-017, 0.000000000000000 ) );
#2563 = SURFACE_STYLE_FILL_AREA( #3518 );
#2564 = ORIENTED_EDGE( '', *, *, #3441, .F. );
#2565 = ORIENTED_EDGE( '', *, *, #3501, .F. );
#2566 = ORIENTED_EDGE( '', *, *, #3292, .F. );
#2567 = ORIENTED_EDGE( '', *, *, #3383, .F. );
#2568 = CARTESIAN_POINT( '', ( 4.63000000000000, 0.0290124153681849, -3.05089355008528 ) );
#2569 = DIRECTION( '', ( 1.00000000000000, -8.70845118462253E-017, 0.000000000000000 ) );
#2570 = DIRECTION( '', ( 8.70845118462253E-017, 1.00000000000000, 0.000000000000000 ) );
#2571 = SURFACE_STYLE_FILL_AREA( #3519 );
#2572 = ORIENTED_EDGE( '', *, *, #3520, .F. );
#2573 = ORIENTED_EDGE( '', *, *, #3253, .F. );
#2574 = ORIENTED_EDGE( '', *, *, #3476, .F. );
#2575 = ORIENTED_EDGE( '', *, *, #3521, .F. );
#2576 = ORIENTED_EDGE( '', *, *, #3460, .F. );
#2577 = CARTESIAN_POINT( '', ( 2.40000000000000, -1.30104260698260E-015, 0.300000000000000 ) );
#2578 = DIRECTION( '', ( 1.73472347597681E-015, -1.92592994438724E-031, 1.00000000000000 ) );
#2579 = DIRECTION( '', ( 1.00000000000000, 0.000000000000000, -1.73472347597681E-015 ) );
#2580 = SURFACE_STYLE_FILL_AREA( #3522 );
#2581 = ORIENTED_EDGE( '', *, *, #3523, .F. );
#2582 = ORIENTED_EDGE( '', *, *, #3334, .F. );
#2583 = ORIENTED_EDGE( '', *, *, #3330, .T. );
#2584 = ORIENTED_EDGE( '', *, *, #3260, .T. );
#2585 = CARTESIAN_POINT( '', ( 4.67000000000000, -2.13863686473347, 2.57574669536187 ) );
#2586 = DIRECTION( '', ( 0.000000000000000, 0.000000000000000, -1.00000000000000 ) );
#2587 = DIRECTION( '', ( -1.00000000000000, 0.000000000000000, 0.000000000000000 ) );
#2588 = SURFACE_STYLE_FILL_AREA( #3524 );
#2589 = ORIENTED_EDGE( '', *, *, #3525, .F. );
#2590 = CARTESIAN_POINT( '', ( 4.65000000000000, -5.08000000000000, -4.43500000000000 ) );
#2591 = DIRECTION( '', ( 1.00000000000000, -6.12303176911189E-017, 0.000000000000000 ) );
#2592 = DIRECTION( '', ( 6.12303176911189E-017, 1.00000000000000, 0.000000000000000 ) );
#2593 = SURFACE_STYLE_FILL_AREA( #3526 );
#2594 = ORIENTED_EDGE( '', *, *, #3527, .F. );
#2595 = ORIENTED_EDGE( '', *, *, #3479, .F. );
#2596 = ORIENTED_EDGE( '', *, *, #3270, .T. );
#2597 = ORIENTED_EDGE( '', *, *, #3528, .T. );
#2598 = CARTESIAN_POINT( '', ( 4.67000000000000, -3.01731082235479, 1.19775626473986 ) );
#2599 = DIRECTION( '', ( 0.000000000000000, 0.000000000000000, -1.00000000000000 ) );
#2600 = DIRECTION( '', ( -1.00000000000000, 0.000000000000000, 0.000000000000000 ) );
#2601 = SURFACE_STYLE_FILL_AREA( #3529 );
#2602 = ORIENTED_EDGE( '', *, *, #3530, .T. );
#2603 = ORIENTED_EDGE( '', *, *, #3300, .F. );
#2604 = ORIENTED_EDGE( '', *, *, #3531, .T. );
#2605 = ORIENTED_EDGE( '', *, *, #3127, .F. );
#2606 = ORIENTED_EDGE( '', *, *, #3471, .T. );
#2607 = ORIENTED_EDGE( '', *, *, #3154, .T. );
#2608 = ORIENTED_EDGE( '', *, *, #3532, .T. );
#2609 = ORIENTED_EDGE( '', *, *, #3533, .F. );
#2610 = CARTESIAN_POINT( '', ( 4.65000000000000, -5.08000000000000, -4.43500000000000 ) );
#2611 = DIRECTION( '', ( 0.000000000000000, 0.000000000000000, 1.00000000000000 ) );
#2612 = DIRECTION( '', ( 1.00000000000000, 0.000000000000000, 0.000000000000000 ) );
#2613 = SURFACE_STYLE_FILL_AREA( #3534 );
#2614 = ORIENTED_EDGE( '', *, *, #3348, .T. );
#2615 = ORIENTED_EDGE( '', *, *, #3535, .T. );
#2616 = CARTESIAN_POINT( '', ( 4.67000000000000, -1.29584807457625, 1.47766057095995 ) );
#2617 = CARTESIAN_POINT( '', ( 4.67000000000000, -1.29584807457625, 1.39256145954505 ) );
#2618 = CARTESIAN_POINT( '', ( 4.67000000000000, -1.33173324204037, 1.32181641511580 ) );
#2619 = CARTESIAN_POINT( '', ( 4.67000000000000, -1.40350357696860, 1.26645072817116 ) );
#2620 = CARTESIAN_POINT( '', ( 4.67000000000000, -1.47007662305735, 1.21509437833127 ) );
#2621 = CARTESIAN_POINT( '', ( 4.67000000000000, -1.54704424682505, 1.19057923124704 ) );
#2622 = CARTESIAN_POINT( '', ( 4.67000000000000, -1.72236892214973, 1.19057923124704 ) );
#2623 = CARTESIAN_POINT( '', ( 4.67000000000000, -1.80131629057078, 1.21518620322243 ) );
#2624 = CARTESIAN_POINT( '', ( 4.67000000000000, -1.87001075400209, 1.26747601867014 ) );
#2625 = CARTESIAN_POINT( '', ( 4.67000000000000, -1.94457670471681, 1.32423517518433 ) );
#2626 = CARTESIAN_POINT( '', ( 4.67000000000000, -1.98279270888931, 1.39461204054300 ) );
#2627 = CARTESIAN_POINT( '', ( 4.67000000000000, -1.98279270888931, 1.47971115195790 ) );
#2628 = CARTESIAN_POINT( '', ( 4.67000000000000, -1.98279270888931, 1.78729830165032 ) );
#2629 = CARTESIAN_POINT( '', ( 4.67000000000000, -1.98279270888931, 2.09488545134273 ) );
#2630 = CARTESIAN_POINT( '', ( 4.67000000000000, -1.98279270888931, 2.40247260103515 ) );
#2631 = CARTESIAN_POINT( '', ( 4.67000000000000, -1.98279270888931, 2.49474874594286 ) );
#2632 = CARTESIAN_POINT( '', ( 4.67000000000000, -1.94485696042725, 2.56856966186905 ) );
#2633 = CARTESIAN_POINT( '', ( 4.67000000000000, -1.86796017300414, 2.62393534881368 ) );
#2634 = CARTESIAN_POINT( '', ( 4.67000000000000, -1.80586473419637, 2.66864406475528 ) );
#2635 = CARTESIAN_POINT( '', ( 4.67000000000000, -1.72749537464460, 2.69057923124704 ) );
#2636 = CARTESIAN_POINT( '', ( 4.67000000000000, -1.54704424682505, 2.69057923124704 ) );
#2637 = CARTESIAN_POINT( '', ( 4.67000000000000, -1.47014745940195, 2.66494696877267 ) );
#2638 = CARTESIAN_POINT( '', ( 4.67000000000000, -1.40350357696860, 2.61368244382394 ) );
#2639 = CARTESIAN_POINT( '', ( 4.67000000000000, -1.33116151871380, 2.55803470670486 ) );
#2640 = CARTESIAN_POINT( '', ( 4.67000000000000, -1.29584807457625, 2.48757171245004 ) );
#2641 = CARTESIAN_POINT( '', ( 4.67000000000000, -1.29584807457625, 2.40247260103515 ) );
#2642 = CARTESIAN_POINT( '', ( 4.67000000000000, -1.29584807457625, 2.09420192434342 ) );
#2643 = CARTESIAN_POINT( '', ( 4.67000000000000, -1.29584807457625, 1.78593124765169 ) );
#2644 = CARTESIAN_POINT( '', ( 4.67000000000000, -1.29584807457625, 1.47766057095995 ) );
#2645 = DIRECTION( '', ( -1.00000000000000, 8.70845118462253E-017, 0.000000000000000 ) );
#2646 = SURFACE_STYLE_FILL_AREA( #3536 );
#2647 = ORIENTED_EDGE( '', *, *, #3277, .F. );
#2648 = ORIENTED_EDGE( '', *, *, #3449, .T. );
#2649 = ORIENTED_EDGE( '', *, *, #3387, .T. );
#2650 = ORIENTED_EDGE( '', *, *, #3537, .F. );
#2651 = CARTESIAN_POINT( '', ( -1.25000000000000, 2.05000000000000, -12.9490566037736 ) );
#2652 = DIRECTION( '', ( -1.00000000000000, 6.12303176911189E-017, -0.000000000000000 ) );
#2653 = DIRECTION( '', ( 6.12303176911189E-017, 1.00000000000000, 0.000000000000000 ) );
#2654 = SURFACE_STYLE_FILL_AREA( #3538 );
#2655 = ORIENTED_EDGE( '', *, *, #3539, .T. );
#2656 = ORIENTED_EDGE( '', *, *, #3410, .T. );
#2657 = ORIENTED_EDGE( '', *, *, #3242, .T. );
#2658 = ORIENTED_EDGE( '', *, *, #3306, .T. );
#2659 = ORIENTED_EDGE( '', *, *, #3120, .T. );
#2660 = ORIENTED_EDGE( '', *, *, #3278, .T. );
#2661 = ORIENTED_EDGE( '', *, *, #3537, .T. );
#2662 = ORIENTED_EDGE( '', *, *, #3386, .T. );
#2663 = ORIENTED_EDGE( '', *, *, #3238, .T. );
#2664 = ORIENTED_EDGE( '', *, *, #3303, .T. );
#2665 = ORIENTED_EDGE( '', *, *, #3194, .T. );
#2666 = ORIENTED_EDGE( '', *, *, #3340, .T. );
#2667 = ORIENTED_EDGE( '', *, *, #3463, .T. );
#2668 = ORIENTED_EDGE( '', *, *, #3507, .T. );
#2669 = ORIENTED_EDGE( '', *, *, #3431, .T. );
#2670 = ORIENTED_EDGE( '', *, *, #3540, .T. );
#2671 = ORIENTED_EDGE( '', *, *, #3230, .T. );
#2672 = ORIENTED_EDGE( '', *, *, #3428, .T. );
#2673 = ORIENTED_EDGE( '', *, *, #3147, .T. );
#2674 = ORIENTED_EDGE( '', *, *, #3398, .T. );
#2675 = ORIENTED_EDGE( '', *, *, #3541, .T. );
#2676 = ORIENTED_EDGE( '', *, *, #3161, .T. );
#2677 = ORIENTED_EDGE( '', *, *, #3395, .T. );
#2678 = ORIENTED_EDGE( '', *, *, #3285, .T. );
#2679 = ORIENTED_EDGE( '', *, *, #3542, .T. );
#2680 = ORIENTED_EDGE( '', *, *, #3543, .T. );
#2681 = CARTESIAN_POINT( '', ( -2.32675207226252E-016, -3.80000000000000, -13.4490566037736 ) );
#2682 = DIRECTION( '', ( 1.00000000000000, -6.12303176911189E-017, 0.000000000000000 ) );
#2683 = DIRECTION( '', ( 6.12303176911189E-017, 1.00000000000000, 0.000000000000000 ) );
#2684 = SURFACE_STYLE_FILL_AREA( #3544 );
#2685 = ORIENTED_EDGE( '', *, *, #3545, .F. );
#2686 = ORIENTED_EDGE( '', *, *, #3274, .F. );
#2687 = ORIENTED_EDGE( '', *, *, #3181, .T. );
#2688 = ORIENTED_EDGE( '', *, *, #3370, .T. );
#2689 = CARTESIAN_POINT( '', ( 4.67000000000000, 3.02165021660625, 1.30951292912810 ) );
#2690 = CARTESIAN_POINT( '', ( 4.67000000000000, 3.09683818653106, 1.30951292912810 ) );
#2691 = CARTESIAN_POINT( '', ( 4.67000000000000, 3.17202615645587, 1.30951292912810 ) );
#2692 = CARTESIAN_POINT( '', ( 4.67000000000000, 3.24721412638069, 1.30951292912810 ) );
#2693 = CARTESIAN_POINT( '', ( 4.67000000000000, 3.33846498078944, 1.30951292912810 ) );
#2694 = CARTESIAN_POINT( '', ( 4.67000000000000, 3.41126060621664, 1.34232222509529 ) );
#2695 = CARTESIAN_POINT( '', ( 4.67000000000000, 3.46765158366025, 1.40589023603172 ) );
#2696 = CARTESIAN_POINT( '', ( 4.67000000000000, 3.52167001888793, 1.46678374483384 ) );
#2697 = CARTESIAN_POINT( '', ( 4.67000000000000, 3.54762424258027, 1.54430445339331 ) );
#2698 = CARTESIAN_POINT( '', ( 4.67000000000000, 3.54762424258027, 1.73193261470569 ) );
#2699 = CARTESIAN_POINT( '', ( 4.67000000000000, 3.52506785160283, 1.80882940212879 ) );
#2700 = CARTESIAN_POINT( '', ( 4.67000000000000, 3.47995506964795, 1.86829625106932 ) );
#2701 = CARTESIAN_POINT( '', ( 4.67000000000000, 3.43026291473236, 1.93379954618533 ) );
#2702 = CARTESIAN_POINT( '', ( 4.67000000000000, 3.36204666226585, 1.96774942946987 ) );
#2703 = CARTESIAN_POINT( '', ( 4.67000000000000, 3.27079580785710, 1.96774942946987 ) );
#2704 = CARTESIAN_POINT( '', ( 4.67000000000000, 3.22089833690700, 1.96774942946987 ) );
#2705 = CARTESIAN_POINT( '', ( 4.67000000000000, 3.17100086595690, 1.96774942946987 ) );
#2706 = CARTESIAN_POINT( '', ( 4.67000000000000, 3.12110339500679, 1.96774942946987 ) );
#2707 = DIRECTION( '', ( -1.00000000000000, 8.70845118462253E-017, 0.000000000000000 ) );
#2708 = SURFACE_STYLE_FILL_AREA( #3546 );
#2709 = ORIENTED_EDGE( '', *, *, #3547, .F. );
#2710 = ORIENTED_EDGE( '', *, *, #3379, .F. );
#2711 = ORIENTED_EDGE( '', *, *, #3444, .T. );
#2712 = ORIENTED_EDGE( '', *, *, #3215, .T. );
#2713 = CARTESIAN_POINT( '', ( 4.67000000000000, 4.45603162467187, 2.68340219775421 ) );
#2714 = DIRECTION( '', ( 8.70845118462253E-017, 1.00000000000000, 0.000000000000000 ) );
#2715 = DIRECTION( '', ( -1.00000000000000, 8.70845118462253E-017, 0.000000000000000 ) );
#2716 = SURFACE_STYLE_FILL_AREA( #3548 );
#2717 = ORIENTED_EDGE( '', *, *, #3250, .T. );
#2718 = ORIENTED_EDGE( '', *, *, #3549, .F. );
#2719 = CARTESIAN_POINT( '', ( 2.40000000000000, 8.67361737988404E-016, 1.67000000000000 ) );
#2720 = DIRECTION( '', ( -0.000000000000000, -0.000000000000000, 1.00000000000000 ) );
#2721 = DIRECTION( '', ( -1.00000000000000, 0.000000000000000, 0.000000000000000 ) );
#2722 = SURFACE_STYLE_FILL_AREA( #3550 );
#2723 = ORIENTED_EDGE( '', *, *, #3254, .F. );
#2724 = ORIENTED_EDGE( '', *, *, #3520, .T. );
#2725 = ORIENTED_EDGE( '', *, *, #3551, .F. );
#2726 = ORIENTED_EDGE( '', *, *, #3552, .T. );
#2727 = ORIENTED_EDGE( '', *, *, #3406, .T. );
#2728 = CARTESIAN_POINT( '', ( 3.32359495222288, 0.873767849755331, -0.300000000000000 ) );
#2729 = DIRECTION( '', ( -1.73472347597680E-015, 1.92592994438723E-031, -1.00000000000000 ) );
#2730 = DIRECTION( '', ( 1.00000000000000, 0.000000000000000, -1.73472347597680E-015 ) );
#2731 = SURFACE_STYLE_FILL_AREA( #3553 );
#2732 = ORIENTED_EDGE( '', *, *, #3549, .T. );
#2733 = ORIENTED_EDGE( '', *, *, #3139, .F. );
#2734 = CARTESIAN_POINT( '', ( 2.00000000000000, 4.33680868994202E-016, 1.67000000000000 ) );
#2735 = DIRECTION( '', ( 0.000000000000000, 1.00000000000000, 2.65051843328985E-033 ) );
#2736 = DIRECTION( '', ( 0.000000000000000, -2.65051843328986E-033, 1.00000000000000 ) );
#2737 = SURFACE_STYLE_FILL_AREA( #3554 );
#2738 = ORIENTED_EDGE( '', *, *, #3543, .F. );
#2739 = ORIENTED_EDGE( '', *, *, #3555, .F. );
#2740 = ORIENTED_EDGE( '', *, *, #3358, .T. );
#2741 = ORIENTED_EDGE( '', *, *, #3556, .T. );
#2742 = CARTESIAN_POINT( '', ( -1.25000000000000, -3.80000000000000, -8.29905660377359 ) );
#2743 = DIRECTION( '', ( 0.000000000000000, 0.000000000000000, -1.00000000000000 ) );
#2744 = DIRECTION( '', ( -1.00000000000000, 0.000000000000000, 0.000000000000000 ) );
#2745 = SURFACE_STYLE_FILL_AREA( #3557 );
#2746 = ORIENTED_EDGE( '', *, *, #3558, .F. );
#2747 = ORIENTED_EDGE( '', *, *, #3206, .F. );
#2748 = ORIENTED_EDGE( '', *, *, #3372, .T. );
#2749 = ORIENTED_EDGE( '', *, *, #3559, .T. );
#2750 = CARTESIAN_POINT( '', ( 4.63000000000000, -0.761241145647997, -1.72586566147733 ) );
#2751 = DIRECTION( '', ( 0.000000000000000, 0.000000000000000, -1.00000000000000 ) );
#2752 = DIRECTION( '', ( -1.00000000000000, 0.000000000000000, 0.000000000000000 ) );
#2753 = SURFACE_STYLE_FILL_AREA( #3560 );
#2754 = ORIENTED_EDGE( '', *, *, #3296, .T. );
#2755 = ORIENTED_EDGE( '', *, *, #3422, .T. );
#2756 = ORIENTED_EDGE( '', *, *, #3131, .F. );
#2757 = ORIENTED_EDGE( '', *, *, #3469, .T. );
#2758 = ORIENTED_EDGE( '', *, *, #3156, .T. );
#2759 = ORIENTED_EDGE( '', *, *, #3320, .T. );
#2760 = CARTESIAN_POINT( '', ( 1.25000000000000, 9.18621884032346, 4.43500000000000 ) );
#2761 = DIRECTION( '', ( -0.0509784716314323, 9.76588447535856E-017, -0.998699752393142 ) );
#2762 = DIRECTION( '', ( -0.998699752393142, 0.000000000000000, 0.0509784716314323 ) );
#2763 = SURFACE_STYLE_FILL_AREA( #3561 );
#2764 = ORIENTED_EDGE( '', *, *, #3542, .F. );
#2765 = ORIENTED_EDGE( '', *, *, #3288, .F. );
#2766 = ORIENTED_EDGE( '', *, *, #3359, .T. );
#2767 = ORIENTED_EDGE( '', *, *, #3555, .T. );
#2768 = CARTESIAN_POINT( '', ( -1.25000000000000, -4.35000000000000, -8.29905660377359 ) );
#2769 = DIRECTION( '', ( 0.000000000000000, -1.00000000000000, 0.000000000000000 ) );
#2770 = DIRECTION( '', ( 0.000000000000000, 0.000000000000000, -1.00000000000000 ) );
#2771 = SURFACE_STYLE_FILL_AREA( #3562 );
#2772 = ORIENTED_EDGE( '', *, *, #3140, .T. );
#2773 = CARTESIAN_POINT( '', ( -2.62072042025230, -7.54704637411540, 1.52723871960305 ) );
#2774 = DIRECTION( '', ( -1.00000000000000, 2.78164304570879E-016, 1.72655766522568E-015 ) );
#2775 = DIRECTION( '', ( 1.72655766522568E-015, 8.49317953445071E-032, 1.00000000000000 ) );
#2776 = SURFACE_STYLE_FILL_AREA( #3563 );
#2777 = ORIENTED_EDGE( '', *, *, #3541, .F. );
#2778 = ORIENTED_EDGE( '', *, *, #3397, .T. );
#2779 = ORIENTED_EDGE( '', *, *, #3361, .T. );
#2780 = ORIENTED_EDGE( '', *, *, #3162, .T. );
#2781 = CARTESIAN_POINT( '', ( -1.25000000000000, -5.25000000000000, -6.58259569842379 ) );
#2782 = DIRECTION( '', ( 0.000000000000000, -0.674546784061457, 0.738232101789367 ) );
#2783 = DIRECTION( '', ( 0.000000000000000, -0.738232101789367, -0.674546784061457 ) );
#2784 = SURFACE_STYLE_FILL_AREA( #3564 );
#2785 = ORIENTED_EDGE( '', *, *, #3532, .F. );
#2786 = ORIENTED_EDGE( '', *, *, #3153, .T. );
#2787 = ORIENTED_EDGE( '', *, *, #3392, .F. );
#2788 = ORIENTED_EDGE( '', *, *, #3128, .F. );
#2789 = ORIENTED_EDGE( '', *, *, #3531, .F. );
#2790 = ORIENTED_EDGE( '', *, *, #3530, .F. );
#2791 = CARTESIAN_POINT( '', ( 1.97000000000000, 9.18621884032346, -4.43500000000000 ) );
#2792 = DIRECTION( '', ( 0.0502402877938897, -9.76625026307004E-017, 0.998737159357950 ) );
#2793 = DIRECTION( '', ( 0.998737159357950, 0.000000000000000, -0.0502402877938897 ) );
#2794 = SURFACE_STYLE_FILL_AREA( #3565 );
#2795 = ORIENTED_EDGE( '', *, *, #3566, .F. );
#2796 = ORIENTED_EDGE( '', *, *, #3517, .F. );
#2797 = ORIENTED_EDGE( '', *, *, #3176, .T. );
#2798 = ORIENTED_EDGE( '', *, *, #3325, .T. );
#2799 = CARTESIAN_POINT( '', ( 4.67000000000000, 3.46457571216333, 2.02516569741245 ) );
#2800 = CARTESIAN_POINT( '', ( 4.67000000000000, 3.52814372309975, 1.99748285394014 ) );
#2801 = CARTESIAN_POINT( '', ( 4.67000000000000, 3.57735766705055, 1.94211716699550 ) );
#2802 = CARTESIAN_POINT( '', ( 4.67000000000000, 3.61221754401568, 1.85906863657855 ) );
#2803 = CARTESIAN_POINT( '', ( 4.67000000000000, 3.63999432041307, 1.79289455163183 ) );
#2804 = CARTESIAN_POINT( '', ( 4.67000000000000, 3.65322916397467, 1.71655325722106 ) );
#2805 = CARTESIAN_POINT( '', ( 4.67000000000000, 3.65322916397467, 1.63350472680411 ) );
#2806 = DIRECTION( '', ( -1.00000000000000, 8.70845118462253E-017, 0.000000000000000 ) );
#2807 = SURFACE_STYLE_FILL_AREA( #3567 );
#2808 = ORIENTED_EDGE( '', *, *, #3568, .F. );
#2809 = ORIENTED_EDGE( '', *, *, #3226, .F. );
#2810 = ORIENTED_EDGE( '', *, *, #3267, .T. );
#2811 = ORIENTED_EDGE( '', *, *, #3569, .T. );
#2812 = CARTESIAN_POINT( '', ( 4.67000000000000, -3.68887609918322, 2.34608162359154 ) );
#2813 = DIRECTION( '', ( 0.000000000000000, 0.000000000000000, -1.00000000000000 ) );
#2814 = DIRECTION( '', ( -1.00000000000000, 0.000000000000000, 0.000000000000000 ) );
#2815 = SURFACE_STYLE_FILL_AREA( #3570 );
#2816 = ORIENTED_EDGE( '', *, *, #3571, .F. );
#2817 = ORIENTED_EDGE( '', *, *, #3308, .F. );
#2818 = CARTESIAN_POINT( '', ( 4.67000000000000, 0.421605643128432, 2.12600636049241 ) );
#2819 = DIRECTION( '', ( 1.00000000000000, 0.000000000000000, 0.000000000000000 ) );
#2820 = DIRECTION( '', ( 0.000000000000000, 0.000000000000000, -1.00000000000000 ) );
#2821 = SURFACE_STYLE_FILL_AREA( #3572 );
#2822 = ORIENTED_EDGE( '', *, *, #3357, .T. );
#2823 = ORIENTED_EDGE( '', *, *, #3411, .T. );
#2824 = ORIENTED_EDGE( '', *, *, #3539, .F. );
#2825 = ORIENTED_EDGE( '', *, *, #3556, .F. );
#2826 = CARTESIAN_POINT( '', ( -1.25000000000000, -3.80000000000000, -13.4490566037736 ) );
#2827 = DIRECTION( '', ( 0.000000000000000, -1.00000000000000, 0.000000000000000 ) );
#2828 = DIRECTION( '', ( 0.000000000000000, 0.000000000000000, -1.00000000000000 ) );
#2829 = SURFACE_STYLE_FILL_AREA( #3573 );
#2830 = ORIENTED_EDGE( '', *, *, #3574, .F. );
#2831 = ORIENTED_EDGE( '', *, *, #3488, .F. );
#2832 = ORIENTED_EDGE( '', *, *, #3400, .T. );
#2833 = ORIENTED_EDGE( '', *, *, #3575, .T. );
#2834 = CARTESIAN_POINT( '', ( 4.67000000000000, 0.249264707378634, 1.30233589563528 ) );
#2835 = DIRECTION( '', ( 8.70845118462253E-017, 1.00000000000000, 0.000000000000000 ) );
#2836 = DIRECTION( '', ( -1.00000000000000, 8.70845118462253E-017, 0.000000000000000 ) );
#2837 = SURFACE_STYLE_FILL_AREA( #3576 );
#2838 = ORIENTED_EDGE( '', *, *, #3571, .T. );
#2839 = ORIENTED_EDGE( '', *, *, #3525, .T. );
#2840 = CARTESIAN_POINT( '', ( 4.67000000000000, 1.01618200061172, 1.94416774799345 ) );
#2841 = CARTESIAN_POINT( '', ( 4.67000000000000, 1.01618200061172, 2.08360725585401 ) );
#2842 = CARTESIAN_POINT( '', ( 4.67000000000000, 1.00387851462402, 2.20766740622995 ) );
#2843 = CARTESIAN_POINT( '', ( 4.67000000000000, 0.978246252149654, 2.31532290862230 ) );
#2844 = CARTESIAN_POINT( '', ( 4.67000000000000, 0.936541571016468, 2.49048256938169 ) );
#2845 = CARTESIAN_POINT( '', ( 4.67000000000000, 0.868540168759358, 2.57882256685880 ) );
#2846 = CARTESIAN_POINT( '', ( 4.67000000000000, 0.674760264453140, 2.57882256685880 ) );
#2847 = CARTESIAN_POINT( '', ( 4.67000000000000, 0.605040510522858, 2.49064758394697 ) );
#2848 = CARTESIAN_POINT( '', ( 4.67000000000000, 0.560953019066945, 2.31532290862230 ) );
#2849 = CARTESIAN_POINT( '', ( 4.67000000000000, 0.533421380385165, 2.20583662456219 ) );
#2850 = CARTESIAN_POINT( '', ( 4.67000000000000, 0.519941399107958, 2.08155667485606 ) );
#2851 = CARTESIAN_POINT( '', ( 4.67000000000000, 0.519941399107958, 1.81293056412469 ) );
#2852 = CARTESIAN_POINT( '', ( 4.67000000000000, 0.534295466093604, 1.68887041374874 ) );
#2853 = CARTESIAN_POINT( '', ( 4.67000000000000, 0.561978309565921, 1.57096200636666 ) );
#2854 = CARTESIAN_POINT( '', ( 4.67000000000000, 0.603468849080042, 1.39424304176947 ) );
#2855 = CARTESIAN_POINT( '', ( 4.67000000000000, 0.672709683455189, 1.30541176713220 ) );
#2856 = CARTESIAN_POINT( '', ( 4.67000000000000, 0.861363135266536, 1.30541176713220 ) );
#2857 = CARTESIAN_POINT( '', ( 4.67000000000000, 0.931082889196817, 1.39358675004403 ) );
#2858 = CARTESIAN_POINT( '', ( 4.67000000000000, 0.975170380652729, 1.56993671586768 ) );
#2859 = CARTESIAN_POINT( '', ( 4.67000000000000, 1.00279291291922, 1.68042684493366 ) );
#2860 = CARTESIAN_POINT( '', ( 4.67000000000000, 1.01618200061172, 1.80472824013289 ) );
#2861 = CARTESIAN_POINT( '', ( 4.67000000000000, 1.01618200061172, 1.94416774799345 ) );
#2862 = DIRECTION( '', ( -1.00000000000000, 8.70845118462253E-017, 0.000000000000000 ) );
#2863 = SURFACE_STYLE_FILL_AREA( #3577 );
#2864 = ORIENTED_EDGE( '', *, *, #3578, .F. );
#2865 = ORIENTED_EDGE( '', *, *, #3505, .F. );
#2866 = ORIENTED_EDGE( '', *, *, #3510, .T. );
#2867 = ORIENTED_EDGE( '', *, *, #3220, .T. );
#2868 = CARTESIAN_POINT( '', ( 4.67000000000000, -4.10719462276490, 2.67314929276446 ) );
#2869 = CARTESIAN_POINT( '', ( 4.67000000000000, -4.01696905885513, 2.64956761128805 ) );
#2870 = CARTESIAN_POINT( '', ( 4.67000000000000, -3.97185627690025, 2.58907547184854 ) );
#2871 = CARTESIAN_POINT( '', ( 4.67000000000000, -3.97185627690025, 2.49372345544390 ) );
#2872 = CARTESIAN_POINT( '', ( 4.67000000000000, -3.97185627690025, 2.11060657232701 ) );
#2873 = CARTESIAN_POINT( '', ( 4.67000000000000, -3.97185627690025, 1.72748968921013 ) );
#2874 = CARTESIAN_POINT( '', ( 4.67000000000000, -3.97185627690025, 1.34437280609324 ) );
#2875 = DIRECTION( '', ( -1.00000000000000, 8.70845118462253E-017, 0.000000000000000 ) );
#2876 = SURFACE_STYLE_FILL_AREA( #3579 );
#2877 = ORIENTED_EDGE( '', *, *, #3500, .T. );
#2878 = ORIENTED_EDGE( '', *, *, #3439, .T. );
#2879 = ORIENTED_EDGE( '', *, *, #3381, .T. );
#2880 = ORIENTED_EDGE( '', *, *, #3290, .T. );
#2881 = ORIENTED_EDGE( '', *, *, #3451, .T. );
#2882 = ORIENTED_EDGE( '', *, *, #3434, .T. );
#2883 = ORIENTED_EDGE( '', *, *, #3497, .T. );
#2884 = ORIENTED_EDGE( '', *, *, #3580, .T. );
#2885 = ORIENTED_EDGE( '', *, *, #3494, .T. );
#2886 = ORIENTED_EDGE( '', *, *, #3376, .T. );
#2887 = ORIENTED_EDGE( '', *, *, #3547, .T. );
#2888 = ORIENTED_EDGE( '', *, *, #3214, .T. );
#2889 = ORIENTED_EDGE( '', *, *, #3416, .T. );
#2890 = ORIENTED_EDGE( '', *, *, #3566, .T. );
#2891 = ORIENTED_EDGE( '', *, *, #3324, .T. );
#2892 = ORIENTED_EDGE( '', *, *, #3272, .T. );
#2893 = ORIENTED_EDGE( '', *, *, #3545, .T. );
#2894 = ORIENTED_EDGE( '', *, *, #3369, .T. );
#2895 = ORIENTED_EDGE( '', *, *, #3190, .T. );
#2896 = ORIENTED_EDGE( '', *, *, #3581, .T. );
#2897 = ORIENTED_EDGE( '', *, *, #3515, .T. );
#2898 = ORIENTED_EDGE( '', *, *, #3453, .T. );
#2899 = ORIENTED_EDGE( '', *, *, #3457, .T. );
#2900 = ORIENTED_EDGE( '', *, *, #3185, .T. );
#2901 = ORIENTED_EDGE( '', *, *, #3233, .T. );
#2902 = ORIENTED_EDGE( '', *, *, #3309, .F. );
#2903 = ORIENTED_EDGE( '', *, *, #3574, .T. );
#2904 = ORIENTED_EDGE( '', *, *, #3582, .T. );
#2905 = ORIENTED_EDGE( '', *, *, #3134, .T. );
#2906 = ORIENTED_EDGE( '', *, *, #3481, .T. );
#2907 = ORIENTED_EDGE( '', *, *, #3413, .T. );
#2908 = ORIENTED_EDGE( '', *, *, #3122, .T. );
#2909 = ORIENTED_EDGE( '', *, *, #3316, .T. );
#2910 = ORIENTED_EDGE( '', *, *, #3487, .T. );
#2911 = ORIENTED_EDGE( '', *, *, #3535, .F. );
#2912 = ORIENTED_EDGE( '', *, *, #3332, .T. );
#2913 = ORIENTED_EDGE( '', *, *, #3523, .T. );
#2914 = ORIENTED_EDGE( '', *, *, #3259, .T. );
#2915 = ORIENTED_EDGE( '', *, *, #3280, .T. );
#2916 = ORIENTED_EDGE( '', *, *, #3199, .T. );
#2917 = ORIENTED_EDGE( '', *, *, #3171, .T. );
#2918 = ORIENTED_EDGE( '', *, *, #3583, .T. );
#2919 = ORIENTED_EDGE( '', *, *, #3389, .T. );
#2920 = ORIENTED_EDGE( '', *, *, #3478, .T. );
#2921 = ORIENTED_EDGE( '', *, *, #3527, .T. );
#2922 = ORIENTED_EDGE( '', *, *, #3584, .T. );
#2923 = ORIENTED_EDGE( '', *, *, #3483, .T. );
#2924 = ORIENTED_EDGE( '', *, *, #3223, .T. );
#2925 = ORIENTED_EDGE( '', *, *, #3568, .T. );
#2926 = ORIENTED_EDGE( '', *, *, #3585, .T. );
#2927 = ORIENTED_EDGE( '', *, *, #3424, .T. );
#2928 = ORIENTED_EDGE( '', *, *, #3578, .T. );
#2929 = ORIENTED_EDGE( '', *, *, #3219, .T. );
#2930 = ORIENTED_EDGE( '', *, *, #3166, .T. );
#2931 = ORIENTED_EDGE( '', *, *, #3503, .T. );
#2932 = ORIENTED_EDGE( '', *, *, #3322, .T. );
#2933 = ORIENTED_EDGE( '', *, *, #3472, .T. );
#2934 = ORIENTED_EDGE( '', *, *, #3420, .T. );
#2935 = ORIENTED_EDGE( '', *, *, #3298, .T. );
#2936 = ORIENTED_EDGE( '', *, *, #3203, .T. );
#2937 = ORIENTED_EDGE( '', *, *, #3558, .T. );
#2938 = ORIENTED_EDGE( '', *, *, #3586, .T. );
#2939 = CARTESIAN_POINT( '', ( 4.65000000000000, -5.08000000000000, -4.43500000000000 ) );
#2940 = DIRECTION( '', ( 1.00000000000000, -6.12303176911189E-017, 0.000000000000000 ) );
#2941 = DIRECTION( '', ( 6.12303176911189E-017, 1.00000000000000, 0.000000000000000 ) );
#2942 = SURFACE_STYLE_FILL_AREA( #3587 );
#2943 = ORIENTED_EDGE( '', *, *, #3551, .T. );
#2944 = ORIENTED_EDGE( '', *, *, #3521, .T. );
#2945 = ORIENTED_EDGE( '', *, *, #3475, .F. );
#2946 = ORIENTED_EDGE( '', *, *, #3588, .T. );
#2947 = CARTESIAN_POINT( '', ( 2.40804448119844, -1.30104260698260E-015, -0.300000000000000 ) );
#2948 = DIRECTION( '', ( -1.73472347597681E-015, 1.92592994438724E-031, -1.00000000000000 ) );
#2949 = DIRECTION( '', ( 1.00000000000000, 0.000000000000000, -1.73472347597681E-015 ) );
#2950 = SURFACE_STYLE_FILL_AREA( #3589 );
#2951 = ORIENTED_EDGE( '', *, *, #3583, .F. );
#2952 = ORIENTED_EDGE( '', *, *, #3174, .F. );
#2953 = ORIENTED_EDGE( '', *, *, #3329, .T. );
#2954 = ORIENTED_EDGE( '', *, *, #3390, .T. );
#2955 = CARTESIAN_POINT( '', ( 4.67000000000000, -2.89837712447373, 2.57574669536187 ) );
#2956 = DIRECTION( '', ( -8.70845118462253E-017, -1.00000000000000, 0.000000000000000 ) );
#2957 = DIRECTION( '', ( 1.00000000000000, -8.70845118462253E-017, 0.000000000000000 ) );
#2958 = SURFACE_STYLE_FILL_AREA( #3590 );
#2959 = ORIENTED_EDGE( '', *, *, #3581, .F. );
#2960 = ORIENTED_EDGE( '', *, *, #3192, .F. );
#2961 = ORIENTED_EDGE( '', *, *, #3178, .T. );
#2962 = ORIENTED_EDGE( '', *, *, #3516, .T. );
#2963 = CARTESIAN_POINT( '', ( 4.67000000000000, 3.01959963560830, 2.57882256685880 ) );
#2964 = DIRECTION( '', ( -8.70845118462253E-017, -1.00000000000000, 0.000000000000000 ) );
#2965 = DIRECTION( '', ( 1.00000000000000, -8.70845118462253E-017, 0.000000000000000 ) );
#2966 = SURFACE_STYLE_FILL_AREA( #3591 );
#2967 = ORIENTED_EDGE( '', *, *, #3513, .F. );
#2968 = ORIENTED_EDGE( '', *, *, #3533, .T. );
#2969 = CARTESIAN_POINT( '', ( 2.37000000000000, -2.54000000000000, 3.56500000000000 ) );
#2970 = DIRECTION( '', ( -0.000000000000000, -0.000000000000000, 1.00000000000000 ) );
#2971 = DIRECTION( '', ( -1.00000000000000, 0.000000000000000, 0.000000000000000 ) );
#2972 = SURFACE_STYLE_FILL_AREA( #3592 );
#2973 = ORIENTED_EDGE( '', *, *, #3256, .F. );
#2974 = ORIENTED_EDGE( '', *, *, #3408, .F. );
#2975 = ORIENTED_EDGE( '', *, *, #3593, .T. );
#2976 = ORIENTED_EDGE( '', *, *, #3336, .T. );
#2977 = CARTESIAN_POINT( '', ( 5.00000000000000, -0.800000000000000, -0.300000000000005 ) );
#2978 = DIRECTION( '', ( 1.00000000000000, 9.05567907882671E-078, -1.73472347597681E-015 ) );
#2979 = DIRECTION( '', ( -1.73472347597681E-015, 3.83167548838817E-047, -1.00000000000000 ) );
#2980 = SURFACE_STYLE_FILL_AREA( #3594 );
#2981 = ORIENTED_EDGE( '', *, *, #3552, .F. );
#2982 = ORIENTED_EDGE( '', *, *, #3588, .F. );
#2983 = ORIENTED_EDGE( '', *, *, #3474, .F. );
#2984 = ORIENTED_EDGE( '', *, *, #3337, .F. );
#2985 = ORIENTED_EDGE( '', *, *, #3593, .F. );
#2986 = ORIENTED_EDGE( '', *, *, #3407, .F. );
#2987 = CARTESIAN_POINT( '', ( 3.32359495222288, 0.873767849755331, -0.300000000000000 ) );
#2988 = DIRECTION( '', ( 1.73472347597681E-015, -1.92592994438724E-031, 1.00000000000000 ) );
#2989 = DIRECTION( '', ( 1.00000000000000, 0.000000000000000, -1.73472347597681E-015 ) );
#2990 = SURFACE_STYLE_FILL_AREA( #3595 );
#2991 = ORIENTED_EDGE( '', *, *, #3580, .F. );
#2992 = ORIENTED_EDGE( '', *, *, #3498, .F. );
#2993 = ORIENTED_EDGE( '', *, *, #3446, .T. );
#2994 = ORIENTED_EDGE( '', *, *, #3495, .T. );
#2995 = CARTESIAN_POINT( '', ( 4.67000000000000, 3.82650325830140, 1.30951292912810 ) );
#2996 = CARTESIAN_POINT( '', ( 4.67000000000000, 3.90613415372177, 1.30951292912810 ) );
#2997 = CARTESIAN_POINT( '', ( 4.67000000000000, 3.98576504914214, 1.30951292912810 ) );
#2998 = CARTESIAN_POINT( '', ( 4.67000000000000, 4.06539594456251, 1.30951292912810 ) );
#2999 = CARTESIAN_POINT( '', ( 4.67000000000000, 4.16382383246407, 1.30951292912810 ) );
#3000 = CARTESIAN_POINT( '', ( 4.67000000000000, 4.24072061988718, 1.34539809659222 ) );
#3001 = CARTESIAN_POINT( '', ( 4.67000000000000, 4.29711159733079, 1.41511785052250 ) );
#3002 = CARTESIAN_POINT( '', ( 4.67000000000000, 4.34987538678875, 1.48035308112506 ) );
#3003 = CARTESIAN_POINT( '', ( 4.67000000000000, 4.37605896575184, 1.56275968237486 ) );
#3004 = CARTESIAN_POINT( '', ( 4.67000000000000, 4.37605896575184, 1.73398319570364 ) );
#3005 = CARTESIAN_POINT( '', ( 4.67000000000000, 4.35760373677030, 1.79652591614109 ) );
#3006 = CARTESIAN_POINT( '', ( 4.67000000000000, 4.31864269780926, 1.84881573158880 ) );
#3007 = CARTESIAN_POINT( '', ( 4.67000000000000, 4.26216123119182, 1.92461980520694 ) );
#3008 = CARTESIAN_POINT( '', ( 4.67000000000000, 4.17510202795279, 1.96262297697499 ) );
#3009 = CARTESIAN_POINT( '', ( 4.67000000000000, 4.05514303957275, 1.96364826747397 ) );
#3010 = CARTESIAN_POINT( '', ( 4.67000000000000, 3.98371968571697, 1.96425872348983 ) );
#3011 = CARTESIAN_POINT( '', ( 4.67000000000000, 3.91228589671561, 1.96364826747397 ) );
#3012 = CARTESIAN_POINT( '', ( 4.67000000000000, 3.84085732528705, 1.96364826747397 ) );
#3013 = DIRECTION( '', ( -1.00000000000000, 8.70845118462253E-017, 0.000000000000000 ) );
#3014 = SURFACE_STYLE_FILL_AREA( #3596 );
#3015 = ORIENTED_EDGE( '', *, *, #3364, .F. );
#3016 = ORIENTED_EDGE( '', *, *, #3231, .F. );
#3017 = ORIENTED_EDGE( '', *, *, #3540, .F. );
#3018 = ORIENTED_EDGE( '', *, *, #3430, .F. );
#3019 = CARTESIAN_POINT( '', ( -1.25000000000000, 5.05000000000000, -6.67076667206465 ) );
#3020 = DIRECTION( '', ( -1.00000000000000, -0.000000000000000, -0.000000000000000 ) );
#3021 = DIRECTION( '', ( 0.000000000000000, 0.000000000000000, -1.00000000000000 ) );
#3022 = SURFACE_STYLE_FILL_AREA( #3597 );
#3023 = ORIENTED_EDGE( '', *, *, #3586, .F. );
#3024 = ORIENTED_EDGE( '', *, *, #3559, .F. );
#3025 = ORIENTED_EDGE( '', *, *, #3373, .T. );
#3026 = ORIENTED_EDGE( '', *, *, #3204, .T. );
#3027 = CARTESIAN_POINT( '', ( 4.63000000000000, 0.819265976384366, -1.72586566147733 ) );
#3028 = DIRECTION( '', ( -7.47927070449299E-017, -0.858851998585003, 0.512223822685500 ) );
#3029 = DIRECTION( '', ( 0.000000000000000, -0.512223822685500, -0.858851998585003 ) );
#3030 = SURFACE_STYLE_FILL_AREA( #3598 );
#3031 = ORIENTED_EDGE( '', *, *, #3599, .F. );
#3032 = ORIENTED_EDGE( '', *, *, #3600, .F. );
#3033 = ORIENTED_EDGE( '', *, *, #3210, .T. );
#3034 = ORIENTED_EDGE( '', *, *, #3351, .T. );
#3035 = ORIENTED_EDGE( '', *, *, #3248, .T. );
#3036 = CARTESIAN_POINT( '', ( 3.32359495222288, -0.873754439438929, -0.300000000000000 ) );
#3037 = DIRECTION( '', ( -1.73472347597681E-015, 1.92592994438723E-031, -1.00000000000000 ) );
#3038 = DIRECTION( '', ( 1.00000000000000, 0.000000000000000, -1.73472347597681E-015 ) );
#3039 = SURFACE_STYLE_FILL_AREA( #3601 );
#3040 = ORIENTED_EDGE( '', *, *, #3602, .F. );
#3041 = ORIENTED_EDGE( '', *, *, #3246, .T. );
#3042 = ORIENTED_EDGE( '', *, *, #3350, .F. );
#3043 = ORIENTED_EDGE( '', *, *, #3208, .T. );
#3044 = ORIENTED_EDGE( '', *, *, #3467, .T. );
#3045 = CARTESIAN_POINT( '', ( 3.32359495222288, 0.873767849755332, -0.300000000000000 ) );
#3046 = DIRECTION( '', ( -1.73472347597680E-015, 1.92592994438723E-031, -1.00000000000000 ) );
#3047 = DIRECTION( '', ( 1.00000000000000, 0.000000000000000, -1.73472347597680E-015 ) );
#3048 = SURFACE_STYLE_FILL_AREA( #3603 );
#3049 = ORIENTED_EDGE( '', *, *, #3582, .F. );
#3050 = ORIENTED_EDGE( '', *, *, #3575, .F. );
#3051 = ORIENTED_EDGE( '', *, *, #3404, .T. );
#3052 = ORIENTED_EDGE( '', *, *, #3135, .T. );
#3053 = CARTESIAN_POINT( '', ( 4.67000000000000, 0.249264707378634, 1.19775626473986 ) );
#3054 = DIRECTION( '', ( 0.000000000000000, 0.000000000000000, -1.00000000000000 ) );
#3055 = DIRECTION( '', ( -1.00000000000000, 0.000000000000000, 0.000000000000000 ) );
#3056 = SURFACE_STYLE_FILL_AREA( #3604 );
#3057 = ORIENTED_EDGE( '', *, *, #3585, .F. );
#3058 = ORIENTED_EDGE( '', *, *, #3569, .F. );
#3059 = ORIENTED_EDGE( '', *, *, #3266, .T. );
#3060 = ORIENTED_EDGE( '', *, *, #3425, .T. );
#3061 = CARTESIAN_POINT( '', ( 4.67000000000000, -3.79550631107660, 2.34608162359154 ) );
#3062 = CARTESIAN_POINT( '', ( 4.67000000000000, -3.74424178612786, 2.57164553336597 ) );
#3063 = CARTESIAN_POINT( '', ( 4.67000000000000, -3.61813105475397, 2.68340219775421 ) );
#3064 = CARTESIAN_POINT( '', ( 4.67000000000000, -3.29618983807591, 2.68340219775421 ) );
#3065 = CARTESIAN_POINT( '', ( 4.67000000000000, -3.20288840266922, 2.65469406378292 ) );
#3066 = CARTESIAN_POINT( '', ( 4.67000000000000, -3.13521922973688, 2.59830308633931 ) );
#3067 = CARTESIAN_POINT( '', ( 4.67000000000000, -3.06311273398931, 2.53821433988301 ) );
#3068 = CARTESIAN_POINT( '', ( 4.67000000000000, -3.02858901784351, 2.44963596398798 ) );
#3069 = CARTESIAN_POINT( '', ( 4.67000000000000, -3.02858901784351, 2.27328599816433 ) );
#3070 = CARTESIAN_POINT( '', ( 4.67000000000000, -3.04191779433019, 2.21792031121969 ) );
#3071 = CARTESIAN_POINT( '', ( 4.67000000000000, -3.06960063780250, 2.16973165776788 ) );
#3072 = CARTESIAN_POINT( '', ( 4.67000000000000, -3.24324499530806, 1.86746185025821 ) );
#3073 = CARTESIAN_POINT( '', ( 4.67000000000000, -3.46262866240947, 1.59146781634615 ) );
#3074 = CARTESIAN_POINT( '', ( 4.67000000000000, -3.65914267471296, 1.30233589563528 ) );
#3075 = DIRECTION( '', ( -1.00000000000000, 8.70845118462253E-017, 0.000000000000000 ) );
#3076 = SURFACE_STYLE_FILL_AREA( #3605 );
#3077 = ORIENTED_EDGE( '', *, *, #3599, .T. );
#3078 = ORIENTED_EDGE( '', *, *, #3247, .T. );
#3079 = ORIENTED_EDGE( '', *, *, #3602, .T. );
#3080 = ORIENTED_EDGE( '', *, *, #3466, .T. );
#3081 = ORIENTED_EDGE( '', *, *, #3142, .T. );
#3082 = ORIENTED_EDGE( '', *, *, #3606, .T. );
#3083 = CARTESIAN_POINT( '', ( 3.32359495222288, 0.873767849755332, -2.38524477946811E-015 ) );
#3084 = DIRECTION( '', ( 1.73472347597681E-015, -1.92592994438724E-031, 1.00000000000000 ) );
#3085 = DIRECTION( '', ( 1.00000000000000, 0.000000000000000, -1.73472347597681E-015 ) );
#3086 = SURFACE_STYLE_FILL_AREA( #3607 );
#3087 = ORIENTED_EDGE( '', *, *, #3353, .F. );
#3088 = ORIENTED_EDGE( '', *, *, #3314, .F. );
#3089 = ORIENTED_EDGE( '', *, *, #3509, .T. );
#3090 = ORIENTED_EDGE( '', *, *, #3491, .T. );
#3091 = CARTESIAN_POINT( '', ( 4.67000000000000, -4.54396837532813, 1.30541176713220 ) );
#3092 = CARTESIAN_POINT( '', ( 4.67000000000000, -4.42845231244365, 1.30541176713220 ) );
#3093 = CARTESIAN_POINT( '', ( 4.67000000000000, -4.31293624955917, 1.30541176713220 ) );
#3094 = CARTESIAN_POINT( '', ( 4.67000000000000, -4.19742018667468, 1.30541176713220 ) );
#3095 = CARTESIAN_POINT( '', ( 4.67000000000000, -4.11744752775466, 1.30541176713220 ) );
#3096 = CARTESIAN_POINT( '', ( 4.67000000000000, -4.07746119829464, 1.33411990110350 ) );
#3097 = CARTESIAN_POINT( '', ( 4.67000000000000, -4.07746119829464, 1.39051087854710 ) );
#3098 = DIRECTION( '', ( -1.00000000000000, 8.70845118462253E-017, 0.000000000000000 ) );
#3099 = SURFACE_STYLE_FILL_AREA( #3608 );
#3100 = ORIENTED_EDGE( '', *, *, #3584, .F. );
#3101 = ORIENTED_EDGE( '', *, *, #3528, .F. );
#3102 = ORIENTED_EDGE( '', *, *, #3269, .T. );
#3103 = ORIENTED_EDGE( '', *, *, #3484, .T. );
#3104 = CARTESIAN_POINT( '', ( 4.67000000000000, -3.79140514908070, 1.19775626473986 ) );
#3105 = DIRECTION( '', ( -8.69779968330933E-017, -0.998776877645935, 0.0494443998834695 ) );
#3106 = DIRECTION( '', ( 0.000000000000000, -0.0494443998834695, -0.998776877645935 ) );
#3107 = SURFACE_STYLE_FILL_AREA( #3609 );
#3108 = ORIENTED_EDGE( '', *, *, #3606, .F. );
#3109 = ORIENTED_EDGE( '', *, *, #3145, .F. );
#3110 = ORIENTED_EDGE( '', *, *, #3211, .T. );
#3111 = ORIENTED_EDGE( '', *, *, #3600, .T. );
#3112 = CARTESIAN_POINT( '', ( 5.00000000000000, 0.800000000000009, -0.300000000000005 ) );
#3113 = DIRECTION( '', ( -2.58696947715145E-016, 1.00000000000000, 6.46520942786611E-031 ) );
#3114 = DIRECTION( '', ( -1.00000000000000, -2.58696947715145E-016, 3.18759435106867E-061 ) );
#3116 = FILL_AREA_STYLE( '', ( #3610 ) );
#3117 = EDGE_CURVE( '', #3611, #3612, #3613, .T. );
#3118 = EDGE_CURVE( '', #3612, #3614, #3615, .F. );
#3119 = EDGE_CURVE( '', #3616, #3614, #3617, .T. );
#3120 = EDGE_CURVE( '', #3611, #3616, #3618, .T. );
#3121 = FILL_AREA_STYLE( '', ( #3619 ) );
#3122 = EDGE_CURVE( '', #3620, #3621, #3622, .T. );
#3123 = EDGE_CURVE( '', #3623, #3620, #3624, .T. );
#3124 = EDGE_CURVE( '', #3623, #3625, #3626, .T. );
#3125 = EDGE_CURVE( '', #3625, #3621, #3627, .T. );
#3126 = FILL_AREA_STYLE( '', ( #3628 ) );
#3127 = EDGE_CURVE( '', #3629, #3630, #3631, .T. );
#3128 = EDGE_CURVE( '', #3630, #3632, #3633, .T. );
#3129 = EDGE_CURVE( '', #3632, #3634, #3635, .T. );
#3130 = EDGE_CURVE( '', #3636, #3634, #3637, .T. );
#3131 = EDGE_CURVE( '', #3636, #3638, #3639, .T. );
#3132 = EDGE_CURVE( '', #3638, #3629, #3640, .F. );
#3133 = FILL_AREA_STYLE( '', ( #3641 ) );
#3134 = EDGE_CURVE( '', #3642, #3643, #3644, .T. );
#3135 = EDGE_CURVE( '', #3645, #3642, #3646, .T. );
#3136 = EDGE_CURVE( '', #3645, #3647, #3648, .T. );
#3137 = EDGE_CURVE( '', #3647, #3643, #3649, .T. );
#3138 = FILL_AREA_STYLE( '', ( #3650 ) );
#3139 = EDGE_CURVE( '', #3651, #3651, #3652, .F. );
#3140 = EDGE_CURVE( '', #3653, #3653, #3654, .T. );
#3141 = FILL_AREA_STYLE( '', ( #3655 ) );
#3142 = EDGE_CURVE( '', #3656, #3657, #3658, .T. );
#3143 = EDGE_CURVE( '', #3659, #3656, #3660, .T. );
#3144 = EDGE_CURVE( '', #3659, #3661, #3662, .T. );
#3145 = EDGE_CURVE( '', #3661, #3657, #3663, .T. );
#3146 = FILL_AREA_STYLE( '', ( #3664 ) );
#3147 = EDGE_CURVE( '', #3665, #3666, #3667, .T. );
#3148 = EDGE_CURVE( '', #3665, #3668, #3669, .F. );
#3149 = EDGE_CURVE( '', #3668, #3670, #3671, .T. );
#3150 = EDGE_CURVE( '', #3670, #3666, #3672, .T. );
#3151 = FILL_AREA_STYLE( '', ( #3673 ) );
#3152 = EDGE_CURVE( '', #3674, #3675, #3676, .T. );
#3153 = EDGE_CURVE( '', #3677, #3675, #3678, .T. );
#3154 = EDGE_CURVE( '', #3679, #3677, #3680, .T. );
#3155 = EDGE_CURVE( '', #3679, #3681, #3682, .F. );
#3156 = EDGE_CURVE( '', #3683, #3681, #3684, .T. );
#3157 = EDGE_CURVE( '', #3683, #3674, #3685, .T. );
#3158 = FILL_AREA_STYLE( '', ( #3686 ) );
#3159 = EDGE_CURVE( '', #3687, #3688, #3689, .F. );
#3160 = EDGE_CURVE( '', #3690, #3687, #3691, .F. );
#3161 = EDGE_CURVE( '', #3692, #3690, #3693, .T. );
#3162 = EDGE_CURVE( '', #3688, #3692, #3694, .T. );
#3163 = FILL_AREA_STYLE( '', ( #3695 ) );
#3164 = EDGE_CURVE( '', #3696, #3696, #3697, .T. );
#3165 = FILL_AREA_STYLE( '', ( #3698 ) );
#3166 = EDGE_CURVE( '', #3699, #3700, #3701, .T. );
#3167 = EDGE_CURVE( '', #3702, #3699, #3703, .T. );
#3168 = EDGE_CURVE( '', #3702, #3704, #3705, .T. );
#3169 = EDGE_CURVE( '', #3704, #3700, #3706, .T. );
#3170 = FILL_AREA_STYLE( '', ( #3707 ) );
#3171 = EDGE_CURVE( '', #3708, #3709, #3710, .T. );
#3172 = EDGE_CURVE( '', #3711, #3708, #3712, .T. );
#3173 = EDGE_CURVE( '', #3711, #3713, #3714, .T. );
#3174 = EDGE_CURVE( '', #3713, #3709, #3715, .T. );
#3175 = FILL_AREA_STYLE( '', ( #3716 ) );
#3176 = EDGE_CURVE( '', #3717, #3718, #3719, .T. );
#3177 = EDGE_CURVE( '', #3720, #3717, #3721, .T. );
#3178 = EDGE_CURVE( '', #3722, #3720, #3723, .T. );
#3179 = EDGE_CURVE( '', #3724, #3722, #3725, .T. );
#3180 = EDGE_CURVE( '', #3726, #3724, #3727, .T. );
#3181 = EDGE_CURVE( '', #3728, #3726, #3729, .T. );
#3182 = EDGE_CURVE( '', #3730, #3728, #3731, .T. );
#3183 = EDGE_CURVE( '', #3718, #3730, #3732, .T. );
#3184 = FILL_AREA_STYLE( '', ( #3733 ) );
#3185 = EDGE_CURVE( '', #3734, #3735, #3736, .T. );
#3186 = EDGE_CURVE( '', #3737, #3734, #3738, .T. );
#3187 = EDGE_CURVE( '', #3737, #3739, #3740, .T. );
#3188 = EDGE_CURVE( '', #3739, #3735, #3741, .T. );
#3189 = FILL_AREA_STYLE( '', ( #3742 ) );
#3190 = EDGE_CURVE( '', #3743, #3744, #3745, .T. );
#3191 = EDGE_CURVE( '', #3724, #3743, #3746, .T. );
#3192 = EDGE_CURVE( '', #3722, #3744, #3747, .T. );
#3193 = FILL_AREA_STYLE( '', ( #3748 ) );
#3194 = EDGE_CURVE( '', #3749, #3750, #3751, .T. );
#3195 = EDGE_CURVE( '', #3749, #3752, #3753, .F. );
#3196 = EDGE_CURVE( '', #3752, #3754, #3755, .T. );
#3197 = EDGE_CURVE( '', #3754, #3750, #3756, .T. );
#3198 = FILL_AREA_STYLE( '', ( #3757 ) );
#3199 = EDGE_CURVE( '', #3758, #3708, #3759, .T. );
#3200 = EDGE_CURVE( '', #3760, #3758, #3761, .T. );
#3201 = EDGE_CURVE( '', #3760, #3711, #3762, .T. );
#3202 = FILL_AREA_STYLE( '', ( #3763 ) );
#3203 = EDGE_CURVE( '', #3764, #3765, #3766, .T. );
#3204 = EDGE_CURVE( '', #3767, #3764, #3768, .T. );
#3205 = EDGE_CURVE( '', #3767, #3769, #3770, .T. );
#3206 = EDGE_CURVE( '', #3769, #3765, #3771, .T. );
#3207 = FILL_AREA_STYLE( '', ( #3772 ) );
#3208 = EDGE_CURVE( '', #3773, #3774, #3775, .T. );
#3209 = EDGE_CURVE( '', #3776, #3773, #3777, .T. );
#3210 = EDGE_CURVE( '', #3778, #3776, #3779, .T. );
#3211 = EDGE_CURVE( '', #3661, #3778, #3780, .T. );
#3212 = EDGE_CURVE( '', #3774, #3659, #3781, .T. );
#3213 = FILL_AREA_STYLE( '', ( #3782 ) );
#3214 = EDGE_CURVE( '', #3783, #3784, #3785, .T. );
#3215 = EDGE_CURVE( '', #3786, #3783, #3787, .T. );
#3216 = EDGE_CURVE( '', #3786, #3788, #3789, .T. );
#3217 = EDGE_CURVE( '', #3788, #3784, #3790, .T. );
#3218 = FILL_AREA_STYLE( '', ( #3791 ) );
#3219 = EDGE_CURVE( '', #3792, #3699, #3793, .T. );
#3220 = EDGE_CURVE( '', #3794, #3792, #3795, .T. );
#3221 = EDGE_CURVE( '', #3794, #3702, #3796, .T. );
#3222 = FILL_AREA_STYLE( '', ( #3797 ) );
#3223 = EDGE_CURVE( '', #3798, #3799, #3800, .T. );
#3224 = EDGE_CURVE( '', #3801, #3798, #3802, .T. );
#3225 = EDGE_CURVE( '', #3801, #3803, #3804, .T. );
#3226 = EDGE_CURVE( '', #3803, #3799, #3805, .T. );
#3227 = FILL_AREA_STYLE( '', ( #3806 ) );
#3228 = EDGE_CURVE( '', #3807, #3808, #3809, .T. );
#3229 = EDGE_CURVE( '', #3808, #3810, #3811, .T. );
#3230 = EDGE_CURVE( '', #3812, #3810, #3813, .T. );
#3231 = EDGE_CURVE( '', #3812, #3807, #3814, .F. );
#3232 = FILL_AREA_STYLE( '', ( #3815 ) );
#3233 = EDGE_CURVE( '', #3735, #3816, #3817, .T. );
#3234 = EDGE_CURVE( '', #3739, #3818, #3819, .T. );
#3235 = EDGE_CURVE( '', #3818, #3816, #3820, .T. );
#3236 = FILL_AREA_STYLE( '', ( #3821 ) );
#3237 = EDGE_CURVE( '', #3822, #3823, #3824, .T. );
#3238 = EDGE_CURVE( '', #3825, #3823, #3826, .T. );
#3239 = EDGE_CURVE( '', #3825, #3827, #3828, .T. );
#3240 = EDGE_CURVE( '', #3827, #3829, #3830, .T. );
#3241 = EDGE_CURVE( '', #3829, #3831, #3832, .T. );
#3242 = EDGE_CURVE( '', #3833, #3831, #3834, .T. );
#3243 = EDGE_CURVE( '', #3833, #3835, #3836, .T. );
#3244 = EDGE_CURVE( '', #3835, #3822, #3837, .T. );
#3245 = FILL_AREA_STYLE( '', ( #3838 ) );
#3246 = EDGE_CURVE( '', #3839, #3840, #3841, .T. );
#3247 = EDGE_CURVE( '', #3842, #3839, #3843, .F. );
#3248 = EDGE_CURVE( '', #3844, #3842, #3845, .T. );
#3249 = EDGE_CURVE( '', #3840, #3844, #3846, .T. );
#3250 = EDGE_CURVE( '', #3847, #3847, #3848, .T. );
#3251 = FILL_AREA_STYLE( '', ( #3849 ) );
#3252 = EDGE_CURVE( '', #3850, #3851, #3852, .T. );
#3253 = EDGE_CURVE( '', #3851, #3853, #3854, .F. );
#3254 = EDGE_CURVE( '', #3853, #3855, #3856, .T. );
#3255 = EDGE_CURVE( '', #3855, #3857, #3858, .T. );
#3256 = EDGE_CURVE( '', #3857, #3859, #3860, .T. );
#3257 = EDGE_CURVE( '', #3859, #3850, #3861, .T. );
#3258 = FILL_AREA_STYLE( '', ( #3862 ) );
#3259 = EDGE_CURVE( '', #3863, #3864, #3865, .T. );
#3260 = EDGE_CURVE( '', #3866, #3863, #3867, .T. );
#3261 = EDGE_CURVE( '', #3866, #3868, #3869, .T. );
#3262 = EDGE_CURVE( '', #3868, #3864, #3870, .T. );
#3263 = FILL_AREA_STYLE( '', ( #3871 ) );
#3264 = EDGE_CURVE( '', #3872, #3873, #3874, .T. );
#3265 = EDGE_CURVE( '', #3875, #3872, #3876, .T. );
#3266 = EDGE_CURVE( '', #3877, #3875, #3878, .T. );
#3267 = EDGE_CURVE( '', #3803, #3877, #3879, .T. );
#3268 = EDGE_CURVE( '', #3880, #3801, #3881, .T. );
#3269 = EDGE_CURVE( '', #3882, #3880, #3883, .T. );
#3270 = EDGE_CURVE( '', #3873, #3882, #3884, .T. );
#3271 = FILL_AREA_STYLE( '', ( #3885 ) );
#3272 = EDGE_CURVE( '', #3886, #3887, #3888, .T. );
#3273 = EDGE_CURVE( '', #3730, #3886, #3889, .T. );
#3274 = EDGE_CURVE( '', #3728, #3887, #3890, .T. );
#3275 = FILL_AREA_STYLE( '', ( #3891 ) );
#3276 = EDGE_CURVE( '', #3614, #3892, #3893, .T. );
#3277 = EDGE_CURVE( '', #3892, #3894, #3895, .T. );
#3278 = EDGE_CURVE( '', #3616, #3894, #3896, .T. );
#3279 = FILL_AREA_STYLE( '', ( #3897 ) );
#3280 = EDGE_CURVE( '', #3864, #3758, #3898, .T. );
#3281 = EDGE_CURVE( '', #3868, #3760, #3899, .T. );
#3282 = FILL_AREA_STYLE( '', ( #3900 ) );
#3283 = EDGE_CURVE( '', #3901, #3901, #3902, .F. );
#3284 = FILL_AREA_STYLE( '', ( #3903 ) );
#3285 = EDGE_CURVE( '', #3904, #3905, #3906, .T. );
#3286 = EDGE_CURVE( '', #3907, #3904, #3908, .T. );
#3287 = EDGE_CURVE( '', #3907, #3909, #3910, .T. );
#3288 = EDGE_CURVE( '', #3909, #3905, #3911, .T. );
#3289 = FILL_AREA_STYLE( '', ( #3912 ) );
#3290 = EDGE_CURVE( '', #3913, #3914, #3915, .T. );
#3291 = EDGE_CURVE( '', #3916, #3913, #3917, .T. );
#3292 = EDGE_CURVE( '', #3916, #3918, #3919, .T. );
#3293 = EDGE_CURVE( '', #3918, #3914, #3920, .T. );
#3294 = FILL_AREA_STYLE( '', ( #3921 ) );
#3295 = EDGE_CURVE( '', #3922, #3923, #3924, .F. );
#3296 = EDGE_CURVE( '', #3925, #3922, #3926, .T. );
#3297 = EDGE_CURVE( '', #3927, #3925, #3928, .T. );
#3298 = EDGE_CURVE( '', #3923, #3927, #3929, .F. );
#3299 = FILL_AREA_STYLE( '', ( #3930 ) );
#3300 = EDGE_CURVE( '', #3931, #3931, #3932, .T. );
#3301 = FILL_AREA_STYLE( '', ( #3933 ) );
#3302 = EDGE_CURVE( '', #3752, #3822, #3934, .F. );
#3303 = EDGE_CURVE( '', #3823, #3749, #3935, .T. );
#3304 = FILL_AREA_STYLE( '', ( #3936 ) );
#3305 = EDGE_CURVE( '', #3612, #3829, #3937, .F. );
#3306 = EDGE_CURVE( '', #3831, #3611, #3938, .F. );
#3307 = FILL_AREA_STYLE( '', ( #3939 ) );
#3308 = EDGE_CURVE( '', #3940, #3940, #3941, .T. );
#3309 = EDGE_CURVE( '', #3942, #3942, #3943, .F. );
#3310 = FILL_AREA_STYLE( '', ( #3944 ) );
#3311 = EDGE_CURVE( '', #3945, #3946, #3947, .T. );
#3312 = EDGE_CURVE( '', #3948, #3945, #3949, .T. );
#3313 = EDGE_CURVE( '', #3948, #3950, #3951, .T. );
#3314 = EDGE_CURVE( '', #3950, #3946, #3952, .T. );
#3315 = FILL_AREA_STYLE( '', ( #3953 ) );
#3316 = EDGE_CURVE( '', #3621, #3954, #3955, .T. );
#3317 = EDGE_CURVE( '', #3625, #3956, #3957, .T. );
#3318 = EDGE_CURVE( '', #3956, #3954, #3958, .T. );
#3319 = FILL_AREA_STYLE( '', ( #3959 ) );
#3320 = EDGE_CURVE( '', #3681, #3925, #3960, .F. );
#3321 = EDGE_CURVE( '', #3961, #3679, #3962, .F. );
#3322 = EDGE_CURVE( '', #3927, #3961, #3963, .T. );
#3323 = FILL_AREA_STYLE( '', ( #3964 ) );
#3324 = EDGE_CURVE( '', #3965, #3886, #3966, .T. );
#3325 = EDGE_CURVE( '', #3718, #3965, #3967, .T. );
#3326 = FILL_AREA_STYLE( '', ( #3968 ) );
#3327 = EDGE_CURVE( '', #3969, #3970, #3971, .T. );
#3328 = EDGE_CURVE( '', #3972, #3969, #3973, .T. );
#3329 = EDGE_CURVE( '', #3713, #3972, #3974, .T. );
#3330 = EDGE_CURVE( '', #3970, #3866, #3975, .T. );
#3331 = FILL_AREA_STYLE( '', ( #3976 ) );
#3332 = EDGE_CURVE( '', #3977, #3978, #3979, .T. );
#3333 = EDGE_CURVE( '', #3969, #3977, #3980, .T. );
#3334 = EDGE_CURVE( '', #3970, #3978, #3981, .T. );
#3335 = FILL_AREA_STYLE( '', ( #3982 ) );
#3336 = EDGE_CURVE( '', #3983, #3859, #3984, .T. );
#3337 = EDGE_CURVE( '', #3983, #3985, #3986, .T. );
#3338 = EDGE_CURVE( '', #3985, #3850, #3987, .T. );
#3339 = FILL_AREA_STYLE( '', ( #3988 ) );
#3340 = EDGE_CURVE( '', #3750, #3989, #3990, .T. );
#3341 = EDGE_CURVE( '', #3754, #3991, #3992, .T. );
#3342 = EDGE_CURVE( '', #3991, #3989, #3993, .T. );
#3343 = FILL_AREA_STYLE( '', ( #3994 ) );
#3344 = EDGE_CURVE( '', #3995, #3995, #3996, .F. );
#3345 = EDGE_CURVE( '', #3997, #3997, #3998, .T. );
#3346 = FILL_AREA_STYLE( '', ( #3999 ) );
#3347 = EDGE_CURVE( '', #4000, #4000, #4001, .T. );
#3348 = EDGE_CURVE( '', #4002, #4002, #4003, .T. );
#3349 = FILL_AREA_STYLE( '', ( #4004 ) );
#3350 = EDGE_CURVE( '', #3773, #3840, #4005, .T. );
#3351 = EDGE_CURVE( '', #3776, #3844, #4006, .T. );
#3352 = FILL_AREA_STYLE( '', ( #4007 ) );
#3353 = EDGE_CURVE( '', #3946, #4008, #4009, .T. );
#3354 = EDGE_CURVE( '', #4008, #3945, #4010, .T. );
#3355 = FILL_AREA_STYLE( '', ( #4011 ) );
#3356 = EDGE_CURVE( '', #3835, #4012, #4013, .F. );
#3357 = EDGE_CURVE( '', #4014, #4012, #4015, .T. );
#3358 = EDGE_CURVE( '', #4016, #4014, #4017, .T. );
#3359 = EDGE_CURVE( '', #3909, #4016, #4018, .T. );
#3360 = EDGE_CURVE( '', #3687, #3907, #4019, .T. );
#3361 = EDGE_CURVE( '', #4020, #3688, #4021, .T. );
#3362 = EDGE_CURVE( '', #4020, #3670, #4022, .F. );
#3363 = EDGE_CURVE( '', #3668, #3808, #4023, .F. );
#3364 = EDGE_CURVE( '', #3807, #4024, #4025, .F. );
#3365 = EDGE_CURVE( '', #4026, #4024, #4027, .T. );
#3366 = EDGE_CURVE( '', #4028, #4026, #4029, .T. );
#3367 = EDGE_CURVE( '', #3991, #4028, #4030, .T. );
#3368 = FILL_AREA_STYLE( '', ( #4031 ) );
#3369 = EDGE_CURVE( '', #4032, #3743, #4033, .T. );
#3370 = EDGE_CURVE( '', #3726, #4032, #4034, .T. );
#3371 = FILL_AREA_STYLE( '', ( #4035 ) );
#3372 = EDGE_CURVE( '', #3769, #4036, #4037, .T. );
#3373 = EDGE_CURVE( '', #4036, #3767, #4038, .T. );
#3374 = FILL_AREA_STYLE( '', ( #4039 ) );
#3375 = FILL_AREA_STYLE( '', ( #4040 ) );
#3376 = EDGE_CURVE( '', #4041, #4042, #4043, .T. );
#3377 = EDGE_CURVE( '', #4044, #4041, #4045, .T. );
#3378 = EDGE_CURVE( '', #4044, #4046, #4047, .T. );
#3379 = EDGE_CURVE( '', #4046, #4042, #4048, .T. );
#3380 = FILL_AREA_STYLE( '', ( #4049 ) );
#3381 = EDGE_CURVE( '', #4050, #3913, #4051, .T. );
#3382 = EDGE_CURVE( '', #4052, #4050, #4053, .T. );
#3383 = EDGE_CURVE( '', #4052, #3916, #4054, .T. );
#3384 = FILL_AREA_STYLE( '', ( #4055 ) );
#3385 = EDGE_CURVE( '', #3827, #4056, #4057, .F. );
#3386 = EDGE_CURVE( '', #4058, #3825, #4059, .F. );
#3387 = EDGE_CURVE( '', #4056, #4058, #4060, .T. );
#3388 = FILL_AREA_STYLE( '', ( #4061 ) );
#3389 = EDGE_CURVE( '', #4062, #3977, #4063, .T. );
#3390 = EDGE_CURVE( '', #3972, #4062, #4064, .T. );
#3391 = FILL_AREA_STYLE( '', ( #4065 ) );
#3392 = EDGE_CURVE( '', #3632, #3675, #4066, .T. );
#3393 = EDGE_CURVE( '', #3634, #3674, #4067, .T. );
#3394 = FILL_AREA_STYLE( '', ( #4068 ) );
#3395 = EDGE_CURVE( '', #3690, #3904, #4069, .T. );
#3396 = FILL_AREA_STYLE( '', ( #4070 ) );
#3397 = EDGE_CURVE( '', #4071, #4020, #4072, .F. );
#3398 = EDGE_CURVE( '', #3666, #4071, #4073, .T. );
#3399 = FILL_AREA_STYLE( '', ( #4074 ) );
#3400 = EDGE_CURVE( '', #4075, #4076, #4077, .T. );
#3401 = EDGE_CURVE( '', #3956, #4075, #4078, .T. );
#3402 = EDGE_CURVE( '', #4079, #3623, #4080, .T. );
#3403 = EDGE_CURVE( '', #3647, #4079, #4081, .T. );
#3404 = EDGE_CURVE( '', #4076, #3645, #4082, .T. );
#3405 = FILL_AREA_STYLE( '', ( #4083 ) );
#3406 = EDGE_CURVE( '', #4084, #3855, #4085, .T. );
#3407 = EDGE_CURVE( '', #4084, #4086, #4087, .T. );
#3408 = EDGE_CURVE( '', #4086, #3857, #4088, .T. );
#3409 = FILL_AREA_STYLE( '', ( #4089 ) );
#3410 = EDGE_CURVE( '', #4090, #3833, #4091, .T. );
#3411 = EDGE_CURVE( '', #4012, #4090, #4092, .F. );
#3412 = FILL_AREA_STYLE( '', ( #4093 ) );
#3413 = EDGE_CURVE( '', #4094, #3620, #4095, .T. );
#3414 = EDGE_CURVE( '', #4079, #4094, #4096, .T. );
#3415 = FILL_AREA_STYLE( '', ( #4097 ) );
#3416 = EDGE_CURVE( '', #3784, #4098, #4099, .T. );
#3417 = EDGE_CURVE( '', #3788, #4100, #4101, .T. );
#3418 = EDGE_CURVE( '', #4100, #4098, #4102, .T. );
#3419 = FILL_AREA_STYLE( '', ( #4103 ) );
#3420 = EDGE_CURVE( '', #4104, #3923, #4105, .T. );
#3421 = EDGE_CURVE( '', #3629, #4104, #4106, .T. );
#3422 = EDGE_CURVE( '', #3922, #3638, #4107, .F. );
#3423 = FILL_AREA_STYLE( '', ( #4108 ) );
#3424 = EDGE_CURVE( '', #4109, #4110, #4111, .T. );
#3425 = EDGE_CURVE( '', #3875, #4109, #4112, .T. );
#3426 = EDGE_CURVE( '', #3872, #4110, #4113, .T. );
#3427 = FILL_AREA_STYLE( '', ( #4114 ) );
#3428 = EDGE_CURVE( '', #3810, #3665, #4115, .T. );
#3429 = FILL_AREA_STYLE( '', ( #4116 ) );
#3430 = EDGE_CURVE( '', #4024, #4117, #4118, .T. );
#3431 = EDGE_CURVE( '', #4119, #4117, #4120, .T. );
#3432 = EDGE_CURVE( '', #4026, #4119, #4121, .T. );
#3433 = FILL_AREA_STYLE( '', ( #4122 ) );
#3434 = EDGE_CURVE( '', #4123, #4124, #4125, .T. );
#3435 = EDGE_CURVE( '', #4126, #4123, #4127, .T. );
#3436 = EDGE_CURVE( '', #4126, #4128, #4129, .T. );
#3437 = EDGE_CURVE( '', #4128, #4124, #4130, .T. );
#3438 = FILL_AREA_STYLE( '', ( #4131 ) );
#3439 = EDGE_CURVE( '', #4132, #4050, #4133, .T. );
#3440 = EDGE_CURVE( '', #4134, #4132, #4135, .T. );
#3441 = EDGE_CURVE( '', #4134, #4052, #4136, .T. );
#3442 = FILL_AREA_STYLE( '', ( #4137 ) );
#3443 = EDGE_CURVE( '', #4100, #4126, #4138, .T. );
#3444 = EDGE_CURVE( '', #4046, #3786, #4139, .T. );
#3445 = EDGE_CURVE( '', #4140, #4044, #4141, .T. );
#3446 = EDGE_CURVE( '', #4142, #4140, #4143, .T. );
#3447 = EDGE_CURVE( '', #4128, #4142, #4144, .T. );
#3448 = FILL_AREA_STYLE( '', ( #4145 ) );
#3449 = EDGE_CURVE( '', #3892, #4056, #4146, .F. );
#3450 = FILL_AREA_STYLE( '', ( #4147 ) );
#3451 = EDGE_CURVE( '', #4098, #4123, #4148, .T. );
#3452 = FILL_AREA_STYLE( '', ( #4149 ) );
#3453 = EDGE_CURVE( '', #3816, #4150, #4151, .T. );
#3454 = EDGE_CURVE( '', #3818, #4152, #4153, .T. );
#3455 = EDGE_CURVE( '', #4152, #4150, #4154, .T. );
#3456 = FILL_AREA_STYLE( '', ( #4155 ) );
#3457 = EDGE_CURVE( '', #4150, #3734, #4156, .T. );
#3458 = EDGE_CURVE( '', #4152, #3737, #4157, .T. );
#3459 = FILL_AREA_STYLE( '', ( #4158 ) );
#3460 = EDGE_CURVE( '', #4159, #4159, #4160, .T. );
#3461 = EDGE_CURVE( '', #3995, #3995, #4161, .F. );
#3462 = FILL_AREA_STYLE( '', ( #4162 ) );
#3463 = EDGE_CURVE( '', #3989, #4163, #4164, .T. );
#3464 = EDGE_CURVE( '', #4028, #4163, #4165, .T. );
#3465 = FILL_AREA_STYLE( '', ( #4166 ) );
#3466 = EDGE_CURVE( '', #4167, #3656, #4168, .T. );
#3467 = EDGE_CURVE( '', #3774, #4167, #4169, .T. );
#3468 = FILL_AREA_STYLE( '', ( #4170 ) );
#3469 = EDGE_CURVE( '', #3636, #3683, #4171, .T. );
#3470 = FILL_AREA_STYLE( '', ( #4172 ) );
#3471 = EDGE_CURVE( '', #3629, #3679, #4173, .F. );
#3472 = EDGE_CURVE( '', #3961, #4104, #4174, .T. );
#3473 = FILL_AREA_STYLE( '', ( #4175 ) );
#3474 = EDGE_CURVE( '', #3985, #4176, #4177, .T. );
#3475 = EDGE_CURVE( '', #4176, #4178, #4179, .T. );
#3476 = EDGE_CURVE( '', #4178, #3851, #4180, .T. );
#3477 = FILL_AREA_STYLE( '', ( #4181 ) );
#3478 = EDGE_CURVE( '', #4110, #4182, #4183, .T. );
#3479 = EDGE_CURVE( '', #3873, #4182, #4184, .T. );
#3480 = FILL_AREA_STYLE( '', ( #4185 ) );
#3481 = EDGE_CURVE( '', #3643, #4094, #4186, .T. );
#3482 = FILL_AREA_STYLE( '', ( #4187 ) );
#3483 = EDGE_CURVE( '', #4188, #3798, #4189, .T. );
#3484 = EDGE_CURVE( '', #3880, #4188, #4190, .T. );
#3485 = FILL_AREA_STYLE( '', ( #4191 ) );
#3486 = FILL_AREA_STYLE( '', ( #4192 ) );
#3487 = EDGE_CURVE( '', #3954, #4193, #4194, .T. );
#3488 = EDGE_CURVE( '', #4075, #4193, #4195, .T. );
#3489 = FILL_AREA_STYLE( '', ( #4196 ) );
#3490 = FILL_AREA_STYLE( '', ( #4197 ) );
#3491 = EDGE_CURVE( '', #4198, #4008, #4199, .T. );
#3492 = EDGE_CURVE( '', #4198, #3948, #4200, .T. );
#3493 = FILL_AREA_STYLE( '', ( #4201 ) );
#3494 = EDGE_CURVE( '', #4202, #4041, #4203, .T. );
#3495 = EDGE_CURVE( '', #4140, #4202, #4204, .T. );
#3496 = FILL_AREA_STYLE( '', ( #4205 ) );
#3497 = EDGE_CURVE( '', #4124, #4206, #4207, .T. );
#3498 = EDGE_CURVE( '', #4142, #4206, #4208, .T. );
#3499 = FILL_AREA_STYLE( '', ( #4209 ) );
#3500 = EDGE_CURVE( '', #3914, #4132, #4210, .T. );
#3501 = EDGE_CURVE( '', #3918, #4134, #4211, .T. );
#3502 = FILL_AREA_STYLE( '', ( #4212 ) );
#3503 = EDGE_CURVE( '', #3700, #4213, #4214, .T. );
#3504 = EDGE_CURVE( '', #3704, #4215, #4216, .T. );
#3505 = EDGE_CURVE( '', #4215, #4213, #4217, .T. );
#3506 = FILL_AREA_STYLE( '', ( #4218 ) );
#3507 = EDGE_CURVE( '', #4163, #4119, #4219, .T. );
#3508 = FILL_AREA_STYLE( '', ( #4220 ) );
#3509 = EDGE_CURVE( '', #3950, #4198, #4221, .T. );
#3510 = EDGE_CURVE( '', #4215, #3794, #4222, .T. );
#3511 = FILL_AREA_STYLE( '', ( #4223 ) );
#3512 = FILL_AREA_STYLE( '', ( #4224 ) );
#3513 = EDGE_CURVE( '', #4225, #4225, #4226, .T. );
#3514 = FILL_AREA_STYLE( '', ( #4227 ) );
#3515 = EDGE_CURVE( '', #4228, #4229, #4230, .T. );
#3516 = EDGE_CURVE( '', #3720, #4228, #4231, .T. );
#3517 = EDGE_CURVE( '', #3717, #4229, #4232, .T. );
#3518 = FILL_AREA_STYLE( '', ( #4233 ) );
#3519 = FILL_AREA_STYLE( '', ( #4234 ) );
#3520 = EDGE_CURVE( '', #3853, #4235, #4236, .T. );
#3521 = EDGE_CURVE( '', #4235, #4178, #4237, .T. );
#3522 = FILL_AREA_STYLE( '', ( #4238 ) );
#3523 = EDGE_CURVE( '', #3978, #3863, #4239, .T. );
#3524 = FILL_AREA_STYLE( '', ( #4240 ) );
#3525 = EDGE_CURVE( '', #4241, #4241, #4242, .F. );
#3526 = FILL_AREA_STYLE( '', ( #4243 ) );
#3527 = EDGE_CURVE( '', #4182, #4244, #4245, .T. );
#3528 = EDGE_CURVE( '', #3882, #4244, #4246, .T. );
#3529 = FILL_AREA_STYLE( '', ( #4247 ) );
#3530 = EDGE_CURVE( '', #4248, #3931, #4249, .T. );
#3531 = EDGE_CURVE( '', #3931, #3630, #4250, .T. );
#3532 = EDGE_CURVE( '', #3677, #4248, #4251, .T. );
#3533 = EDGE_CURVE( '', #4248, #4248, #4252, .T. );
#3534 = FILL_AREA_STYLE( '', ( #4253 ) );
#3535 = EDGE_CURVE( '', #4254, #4254, #4255, .F. );
#3536 = FILL_AREA_STYLE( '', ( #4256 ) );
#3537 = EDGE_CURVE( '', #3894, #4058, #4257, .T. );
#3538 = FILL_AREA_STYLE( '', ( #4258 ) );
#3539 = EDGE_CURVE( '', #4259, #4090, #4260, .T. );
#3540 = EDGE_CURVE( '', #4117, #3812, #4261, .T. );
#3541 = EDGE_CURVE( '', #4071, #3692, #4262, .T. );
#3542 = EDGE_CURVE( '', #3905, #4263, #4264, .T. );
#3543 = EDGE_CURVE( '', #4263, #4259, #4265, .T. );
#3544 = FILL_AREA_STYLE( '', ( #4266 ) );
#3545 = EDGE_CURVE( '', #3887, #4032, #4267, .T. );
#3546 = FILL_AREA_STYLE( '', ( #4268 ) );
#3547 = EDGE_CURVE( '', #4042, #3783, #4269, .T. );
#3548 = FILL_AREA_STYLE( '', ( #4270 ) );
#3549 = EDGE_CURVE( '', #3651, #3651, #4271, .F. );
#3550 = FILL_AREA_STYLE( '', ( #4272 ) );
#3551 = EDGE_CURVE( '', #4273, #4235, #4274, .T. );
#3552 = EDGE_CURVE( '', #4273, #4084, #4275, .T. );
#3553 = FILL_AREA_STYLE( '', ( #4276 ) );
#3554 = FILL_AREA_STYLE( '', ( #4277 ) );
#3555 = EDGE_CURVE( '', #4016, #4263, #4278, .T. );
#3556 = EDGE_CURVE( '', #4014, #4259, #4279, .T. );
#3557 = FILL_AREA_STYLE( '', ( #4280 ) );
#3558 = EDGE_CURVE( '', #3765, #4281, #4282, .T. );
#3559 = EDGE_CURVE( '', #4036, #4281, #4283, .T. );
#3560 = FILL_AREA_STYLE( '', ( #4284 ) );
#3561 = FILL_AREA_STYLE( '', ( #4285 ) );
#3562 = FILL_AREA_STYLE( '', ( #4286 ) );
#3563 = FILL_AREA_STYLE( '', ( #4287 ) );
#3564 = FILL_AREA_STYLE( '', ( #4288 ) );
#3565 = FILL_AREA_STYLE( '', ( #4289 ) );
#3566 = EDGE_CURVE( '', #4229, #3965, #4290, .T. );
#3567 = FILL_AREA_STYLE( '', ( #4291 ) );
#3568 = EDGE_CURVE( '', #3799, #4292, #4293, .T. );
#3569 = EDGE_CURVE( '', #3877, #4292, #4294, .T. );
#3570 = FILL_AREA_STYLE( '', ( #4295 ) );
#3571 = EDGE_CURVE( '', #4296, #4296, #4297, .T. );
#3572 = FILL_AREA_STYLE( '', ( #4298 ) );
#3573 = FILL_AREA_STYLE( '', ( #4299 ) );
#3574 = EDGE_CURVE( '', #4193, #4300, #4301, .T. );
#3575 = EDGE_CURVE( '', #4076, #4300, #4302, .T. );
#3576 = FILL_AREA_STYLE( '', ( #4303 ) );
#3577 = FILL_AREA_STYLE( '', ( #4304 ) );
#3578 = EDGE_CURVE( '', #4213, #3792, #4305, .T. );
#3579 = FILL_AREA_STYLE( '', ( #4306 ) );
#3580 = EDGE_CURVE( '', #4206, #4202, #4307, .T. );
#3581 = EDGE_CURVE( '', #3744, #4228, #4308, .T. );
#3582 = EDGE_CURVE( '', #4300, #3642, #4309, .T. );
#3583 = EDGE_CURVE( '', #3709, #4062, #4310, .T. );
#3584 = EDGE_CURVE( '', #4244, #4188, #4311, .T. );
#3585 = EDGE_CURVE( '', #4292, #4109, #4312, .T. );
#3586 = EDGE_CURVE( '', #4281, #3764, #4313, .T. );
#3587 = FILL_AREA_STYLE( '', ( #4314 ) );
#3588 = EDGE_CURVE( '', #4176, #4273, #4315, .T. );
#3589 = FILL_AREA_STYLE( '', ( #4316 ) );
#3590 = FILL_AREA_STYLE( '', ( #4317 ) );
#3591 = FILL_AREA_STYLE( '', ( #4318 ) );
#3592 = FILL_AREA_STYLE( '', ( #4319 ) );
#3593 = EDGE_CURVE( '', #4086, #3983, #4320, .T. );
#3594 = FILL_AREA_STYLE( '', ( #4321 ) );
#3595 = FILL_AREA_STYLE( '', ( #4322 ) );
#3596 = FILL_AREA_STYLE( '', ( #4323 ) );
#3597 = FILL_AREA_STYLE( '', ( #4324 ) );
#3598 = FILL_AREA_STYLE( '', ( #4325 ) );
#3599 = EDGE_CURVE( '', #4326, #3842, #4327, .T. );
#3600 = EDGE_CURVE( '', #3778, #4326, #4328, .T. );
#3601 = FILL_AREA_STYLE( '', ( #4329 ) );
#3602 = EDGE_CURVE( '', #3839, #4167, #4330, .T. );
#3603 = FILL_AREA_STYLE( '', ( #4331 ) );
#3604 = FILL_AREA_STYLE( '', ( #4332 ) );
#3605 = FILL_AREA_STYLE( '', ( #4333 ) );
#3606 = EDGE_CURVE( '', #3657, #4326, #4334, .T. );
#3607 = FILL_AREA_STYLE( '', ( #4335 ) );
#3608 = FILL_AREA_STYLE( '', ( #4336 ) );
#3609 = FILL_AREA_STYLE( '', ( #4337 ) );
#3610 = FILL_AREA_STYLE_COLOUR( '', #4338 );
#3611 = VERTEX_POINT( '', #4339 );
#3612 = VERTEX_POINT( '', #4340 );
#3613 = LINE( '', #4341, #4342 );
#3614 = VERTEX_POINT( '', #4343 );
#3615 = CIRCLE( '', #4344, 0.500000000000000 );
#3616 = VERTEX_POINT( '', #4345 );
#3617 = LINE( '', #4346, #4347 );
#3618 = CIRCLE( '', #4348, 0.500000000000000 );
#3619 = FILL_AREA_STYLE_COLOUR( '', #4349 );
#3620 = VERTEX_POINT( '', #4350 );
#3621 = VERTEX_POINT( '', #4351 );
#3622 = B_SPLINE_CURVE_WITH_KNOTS( '', 3, ( #4352, #4353, #4354, #4355 ), .UNSPECIFIED., .F., .F., ( 4, 4 ), ( 0.475661141443954, 0.492997144910472 ), .UNSPECIFIED. );
#3623 = VERTEX_POINT( '', #4356 );
#3624 = LINE( '', #4357, #4358 );
#3625 = VERTEX_POINT( '', #4359 );
#3626 = B_SPLINE_CURVE_WITH_KNOTS( '', 3, ( #4360, #4361, #4362, #4363 ), .UNSPECIFIED., .F., .F., ( 4, 4 ), ( 0.475661141443954, 0.492997144910472 ), .UNSPECIFIED. );
#3627 = LINE( '', #4364, #4365 );
#3628 = FILL_AREA_STYLE_COLOUR( '', #4366 );
#3629 = VERTEX_POINT( '', #4367 );
#3630 = VERTEX_POINT( '', #4368 );
#3631 = LINE( '', #4369, #4370 );
#3632 = VERTEX_POINT( '', #4371 );
#3633 = LINE( '', #4372, #4373 );
#3634 = VERTEX_POINT( '', #4374 );
#3635 = LINE( '', #4375, #4376 );
#3636 = VERTEX_POINT( '', #4377 );
#3637 = LINE( '', #4378, #4379 );
#3638 = VERTEX_POINT( '', #4380 );
#3639 = LINE( '', #4381, #4382 );
#3640 = LINE( '', #4383, #4384 );
#3641 = FILL_AREA_STYLE_COLOUR( '', #4385 );
#3642 = VERTEX_POINT( '', #4386 );
#3643 = VERTEX_POINT( '', #4387 );
#3644 = B_SPLINE_CURVE_WITH_KNOTS( '', 3, ( #4388, #4389, #4390, #4391 ), .UNSPECIFIED., .F., .F., ( 4, 4 ), ( 0.125852717473281, 0.142701842097249 ), .UNSPECIFIED. );
#3645 = VERTEX_POINT( '', #4392 );
#3646 = LINE( '', #4393, #4394 );
#3647 = VERTEX_POINT( '', #4395 );
#3648 = B_SPLINE_CURVE_WITH_KNOTS( '', 3, ( #4396, #4397, #4398, #4399 ), .UNSPECIFIED., .F., .F., ( 4, 4 ), ( 0.125852717473281, 0.142701842097249 ), .UNSPECIFIED. );
#3649 = LINE( '', #4400, #4401 );
#3650 = FILL_AREA_STYLE_COLOUR( '', #4402 );
#3651 = VERTEX_POINT( '', #4403 );
#3652 = CIRCLE( '', #4404, 0.400000000000000 );
#3653 = VERTEX_POINT( '', #4405 );
#3654 = CIRCLE( '', #4406, 0.400000000000000 );
#3655 = FILL_AREA_STYLE_COLOUR( '', #4407 );
#3656 = VERTEX_POINT( '', #4408 );
#3657 = VERTEX_POINT( '', #4409 );
#3658 = LINE( '', #4410, #4411 );
#3659 = VERTEX_POINT( '', #4412 );
#3660 = LINE( '', #4413, #4414 );
#3661 = VERTEX_POINT( '', #4415 );
#3662 = LINE( '', #4416, #4417 );
#3663 = LINE( '', #4418, #4419 );
#3664 = FILL_AREA_STYLE_COLOUR( '', #4420 );
#3665 = VERTEX_POINT( '', #4421 );
#3666 = VERTEX_POINT( '', #4422 );
#3667 = LINE( '', #4423, #4424 );
#3668 = VERTEX_POINT( '', #4425 );
#3669 = LINE( '', #4426, #4427 );
#3670 = VERTEX_POINT( '', #4428 );
#3671 = LINE( '', #4429, #4430 );
#3672 = LINE( '', #4431, #4432 );
#3673 = FILL_AREA_STYLE_COLOUR( '', #4433 );
#3674 = VERTEX_POINT( '', #4434 );
#3675 = VERTEX_POINT( '', #4435 );
#3676 = LINE( '', #4436, #4437 );
#3677 = VERTEX_POINT( '', #4438 );
#3678 = LINE( '', #4439, #4440 );
#3679 = VERTEX_POINT( '', #4441 );
#3680 = LINE( '', #4442, #4443 );
#3681 = VERTEX_POINT( '', #4444 );
#3682 = LINE( '', #4445, #4446 );
#3683 = VERTEX_POINT( '', #4447 );
#3684 = LINE( '', #4448, #4449 );
#3685 = LINE( '', #4450, #4451 );
#3686 = FILL_AREA_STYLE_COLOUR( '', #4452 );
#3687 = VERTEX_POINT( '', #4453 );
#3688 = VERTEX_POINT( '', #4454 );
#3689 = CIRCLE( '', #4455, 0.200000000000000 );
#3690 = VERTEX_POINT( '', #4456 );
#3691 = LINE( '', #4457, #4458 );
#3692 = VERTEX_POINT( '', #4459 );
#3693 = CIRCLE( '', #4460, 0.200000000000000 );
#3694 = LINE( '', #4461, #4462 );
#3695 = FILL_AREA_STYLE_COLOUR( '', #4463 );
#3696 = VERTEX_POINT( '', #4464 );
#3697 = CIRCLE( '', #4465, 0.400000000000000 );
#3698 = FILL_AREA_STYLE_COLOUR( '', #4466 );
#3699 = VERTEX_POINT( '', #4467 );
#3700 = VERTEX_POINT( '', #4468 );
#3701 = B_SPLINE_CURVE_WITH_KNOTS( '', 3, ( #4469, #4470, #4471, #4472 ), .UNSPECIFIED., .F., .F., ( 4, 4 ), ( 0.180090258558245, 0.535554593222310 ), .UNSPECIFIED. );
#3702 = VERTEX_POINT( '', #4473 );
#3703 = LINE( '', #4474, #4475 );
#3704 = VERTEX_POINT( '', #4476 );
#3705 = B_SPLINE_CURVE_WITH_KNOTS( '', 3, ( #4477, #4478, #4479, #4480 ), .UNSPECIFIED., .F., .F., ( 4, 4 ), ( 0.180090258558245, 0.535554593222310 ), .UNSPECIFIED. );
#3706 = LINE( '', #4481, #4482 );
#3707 = FILL_AREA_STYLE_COLOUR( '', #4483 );
#3708 = VERTEX_POINT( '', #4484 );
#3709 = VERTEX_POINT( '', #4485 );
#3710 = B_SPLINE_CURVE_WITH_KNOTS( '', 1, ( #4486, #4487 ), .UNSPECIFIED., .F., .F., ( 2, 2 ), ( 0.709190672153635, 0.782578875171468 ), .UNSPECIFIED. );
#3711 = VERTEX_POINT( '', #4488 );
#3712 = LINE( '', #4489, #4490 );
#3713 = VERTEX_POINT( '', #4491 );
#3714 = B_SPLINE_CURVE_WITH_KNOTS( '', 1, ( #4492, #4493 ), .UNSPECIFIED., .F., .F., ( 2, 2 ), ( 0.709190672153635, 0.782578875171468 ), .UNSPECIFIED. );
#3715 = LINE( '', #4494, #4495 );
#3716 = FILL_AREA_STYLE_COLOUR( '', #4496 );
#3717 = VERTEX_POINT( '', #4497 );
#3718 = VERTEX_POINT( '', #4498 );
#3719 = B_SPLINE_CURVE_WITH_KNOTS( '', 3, ( #4499, #4500, #4501, #4502, #4503, #4504, #4505 ), .UNSPECIFIED., .F., .F., ( 4, 3, 4 ), ( 0.914412539102948, 0.956937995423062, 1.00000000000000 ), .UNSPECIFIED. );
#3720 = VERTEX_POINT( '', #4506 );
#3721 = B_SPLINE_CURVE_WITH_KNOTS( '', 3, ( #4507, #4508, #4509, #4510, #4511, #4512, #4513, #4514, #4515, #4516, #4517, #4518, #4519, #4520, #4521 ), .UNSPECIFIED., .F., .F., ( 4, 3, 3, 2, 3, 4 ), ( 0.699087214453069, 0.739264380987717, 0.815710129053961, 0.838571825323326, 0.874497348032329, 0.914412539102948 ), .UNSPECIFIED. );
#3722 = VERTEX_POINT( '', #4522 );
#3723 = B_SPLINE_CURVE_WITH_KNOTS( '', 3, ( #4523, #4524, #4525, #4526 ), .UNSPECIFIED., .F., .F., ( 4, 4 ), ( 0.679572590707668, 0.699087214453069 ), .UNSPECIFIED. );
#3724 = VERTEX_POINT( '', #4527 );
#3725 = B_SPLINE_CURVE_WITH_KNOTS( '', 3, ( #4528, #4529, #4530, #4531, #4532, #4533, #4534, #4535, #4536, #4537, #4538, #4539, #4540, #4541, #4542, #4543, #4544, #4545, #4546, #4547, #4548 ), .UNSPECIFIED., .F., .F., ( 4, 3, 3, 3, 2, 3, 3, 4 ), ( 0.459487752928083, 0.487803089342978, 0.532413992167640, 0.548163380305870, 0.572147979997163, 0.602368575608194, 0.638421183829578, 0.679572590707668 ), .UNSPECIFIED. );
#3726 = VERTEX_POINT( '', #4549 );
#3727 = B_SPLINE_CURVE_WITH_KNOTS( '', 3, ( #4550, #4551, #4552, #4553 ), .UNSPECIFIED., .F., .F., ( 4, 4 ), ( 0.439973129182682, 0.459487752928083 ), .UNSPECIFIED. );
#3728 = VERTEX_POINT( '', #4554 );
#3729 = B_SPLINE_CURVE_WITH_KNOTS( '', 3, ( #4555, #4556, #4557, #4558, #4559, #4560, #4561, #4562, #4563, #4564, #4565, #4566, #4567, #4568, #4569, #4570, #4571, #4572 ), .UNSPECIFIED., .F., .F., ( 4, 3, 3, 2, 3, 3, 4 ), ( 0.186154832491120, 0.228245197432180, 0.274611726661858, 0.320600965123643, 0.367095579832260, 0.412070631571576, 0.439973129182682 ), .UNSPECIFIED. );
#3730 = VERTEX_POINT( '', #4573 );
#3731 = B_SPLINE_CURVE_WITH_KNOTS( '', 3, ( #4574, #4575, #4576, #4577 ), .UNSPECIFIED., .F., .F., ( 4, 4 ), ( 0.166640208745720, 0.186154832491120 ), .UNSPECIFIED. );
#3732 = B_SPLINE_CURVE_WITH_KNOTS( '', 3, ( #4578, #4579, #4580, #4581, #4582, #4583, #4584, #4585, #4586, #4587 ), .UNSPECIFIED., .F., .F., ( 4, 3, 3, 4 ), ( 0.000000000000000, 0.0618584238353150, 0.123408919962294, 0.166640208745720 ), .UNSPECIFIED. );
#3733 = FILL_AREA_STYLE_COLOUR( '', #4588 );
#3734 = VERTEX_POINT( '', #4589 );
#3735 = VERTEX_POINT( '', #4590 );
#3736 = B_SPLINE_CURVE_WITH_KNOTS( '', 1, ( #4591, #4592 ), .UNSPECIFIED., .F., .F., ( 2, 2 ), ( 0.467245740243378, 0.500153135126442 ), .UNSPECIFIED. );
#3737 = VERTEX_POINT( '', #4593 );
#3738 = LINE( '', #4594, #4595 );
#3739 = VERTEX_POINT( '', #4596 );
#3740 = B_SPLINE_CURVE_WITH_KNOTS( '', 1, ( #4597, #4598 ), .UNSPECIFIED., .F., .F., ( 2, 2 ), ( 0.467245740243378, 0.500153135126442 ), .UNSPECIFIED. );
#3741 = LINE( '', #4599, #4600 );
#3742 = FILL_AREA_STYLE_COLOUR( '', #4601 );
#3743 = VERTEX_POINT( '', #4602 );
#3744 = VERTEX_POINT( '', #4603 );
#3745 = B_SPLINE_CURVE_WITH_KNOTS( '', 3, ( #4604, #4605, #4606, #4607, #4608, #4609, #4610, #4611, #4612, #4613, #4614, #4615, #4616, #4617, #4618, #4619, #4620, #4621, #4622, #4623, #4624 ), .UNSPECIFIED., .F., .F., ( 4, 3, 3, 3, 2, 3, 3, 4 ), ( 0.459487752928083, 0.487803089342978, 0.532413992167640, 0.548163380305870, 0.572147979997163, 0.602368575608194, 0.638421183829578, 0.679572590707668 ), .UNSPECIFIED. );
#3746 = LINE( '', #4625, #4626 );
#3747 = LINE( '', #4627, #4628 );
#3748 = FILL_AREA_STYLE_COLOUR( '', #4629 );
#3749 = VERTEX_POINT( '', #4630 );
#3750 = VERTEX_POINT( '', #4631 );
#3751 = LINE( '', #4632, #4633 );
#3752 = VERTEX_POINT( '', #4634 );
#3753 = LINE( '', #4635, #4636 );
#3754 = VERTEX_POINT( '', #4637 );
#3755 = LINE( '', #4638, #4639 );
#3756 = LINE( '', #4640, #4641 );
#3757 = FILL_AREA_STYLE_COLOUR( '', #4642 );
#3758 = VERTEX_POINT( '', #4643 );
#3759 = B_SPLINE_CURVE_WITH_KNOTS( '', 1, ( #4644, #4645 ), .UNSPECIFIED., .F., .F., ( 2, 2 ), ( 0.402606310013718, 0.709190672153635 ), .UNSPECIFIED. );
#3760 = VERTEX_POINT( '', #4646 );
#3761 = LINE( '', #4647, #4648 );
#3762 = B_SPLINE_CURVE_WITH_KNOTS( '', 1, ( #4649, #4650 ), .UNSPECIFIED., .F., .F., ( 2, 2 ), ( 0.402606310013718, 0.709190672153635 ), .UNSPECIFIED. );
#3763 = FILL_AREA_STYLE_COLOUR( '', #4651 );
#3764 = VERTEX_POINT( '', #4652 );
#3765 = VERTEX_POINT( '', #4653 );
#3766 = LINE( '', #4654, #4655 );
#3767 = VERTEX_POINT( '', #4656 );
#3768 = LINE( '', #4657, #4658 );
#3769 = VERTEX_POINT( '', #4659 );
#3770 = LINE( '', #4660, #4661 );
#3771 = LINE( '', #4662, #4663 );
#3772 = FILL_AREA_STYLE_COLOUR( '', #4664 );
#3773 = VERTEX_POINT( '', #4665 );
#3774 = VERTEX_POINT( '', #4666 );
#3775 = CIRCLE( '', #4667, 1.67376784975533 );
#3776 = VERTEX_POINT( '', #4668 );
#3777 = CIRCLE( '', #4669, 0.408183826365675 );
#3778 = VERTEX_POINT( '', #4670 );
#3779 = CIRCLE( '', #4671, 1.67375443943894 );
#3780 = LINE( '', #4672, #4673 );
#3781 = LINE( '', #4674, #4675 );
#3782 = FILL_AREA_STYLE_COLOUR( '', #4676 );
#3783 = VERTEX_POINT( '', #4677 );
#3784 = VERTEX_POINT( '', #4678 );
#3785 = B_SPLINE_CURVE_WITH_KNOTS( '', 3, ( #4679, #4680, #4681, #4682 ), .UNSPECIFIED., .F., .F., ( 4, 4 ), ( 0.687277090727660, 0.775947958508705 ), .UNSPECIFIED. );
#3786 = VERTEX_POINT( '', #4683 );
#3787 = LINE( '', #4684, #4685 );
#3788 = VERTEX_POINT( '', #4686 );
#3789 = B_SPLINE_CURVE_WITH_KNOTS( '', 3, ( #4687, #4688, #4689, #4690 ), .UNSPECIFIED., .F., .F., ( 4, 4 ), ( 0.687277090727660, 0.775947958508705 ), .UNSPECIFIED. );
#3790 = LINE( '', #4691, #4692 );
#3791 = FILL_AREA_STYLE_COLOUR( '', #4693 );
#3792 = VERTEX_POINT( '', #4694 );
#3793 = B_SPLINE_CURVE_WITH_KNOTS( '', 3, ( #4695, #4696, #4697, #4698, #4699, #4700, #4701, #4702, #4703, #4704 ), .UNSPECIFIED., .F., .F., ( 4, 3, 3, 4 ), ( 0.000000000000000, 0.0304919935924275, 0.0611668967407004, 0.180090258558245 ), .UNSPECIFIED. );
#3794 = VERTEX_POINT( '', #4705 );
#3795 = LINE( '', #4706, #4707 );
#3796 = B_SPLINE_CURVE_WITH_KNOTS( '', 3, ( #4708, #4709, #4710, #4711, #4712, #4713, #4714, #4715, #4716, #4717 ), .UNSPECIFIED., .F., .F., ( 4, 3, 3, 4 ), ( 0.000000000000000, 0.0304919935924275, 0.0611668967407004, 0.180090258558245 ), .UNSPECIFIED. );
#3797 = FILL_AREA_STYLE_COLOUR( '', #4718 );
#3798 = VERTEX_POINT( '', #4719 );
#3799 = VERTEX_POINT( '', #4720 );
#3800 = B_SPLINE_CURVE_WITH_KNOTS( '', 3, ( #4721, #4722, #4723, #4724, #4725, #4726, #4727, #4728, #4729 ), .UNSPECIFIED., .F., .F., ( 4, 3, 2, 4 ), ( 0.372940361280816, 0.383171352058207, 0.413822141177912, 0.475588125313073 ), .UNSPECIFIED. );
#3801 = VERTEX_POINT( '', #4730 );
#3802 = LINE( '', #4731, #4732 );
#3803 = VERTEX_POINT( '', #4733 );
#3804 = B_SPLINE_CURVE_WITH_KNOTS( '', 3, ( #4734, #4735, #4736, #4737, #4738, #4739, #4740, #4741, #4742 ), .UNSPECIFIED., .F., .F., ( 4, 3, 2, 4 ), ( 0.372940361280816, 0.383171352058207, 0.413822141177912, 0.475588125313073 ), .UNSPECIFIED. );
#3805 = LINE( '', #4743, #4744 );
#3806 = FILL_AREA_STYLE_COLOUR( '', #4745 );
#3807 = VERTEX_POINT( '', #4746 );
#3808 = VERTEX_POINT( '', #4747 );
#3809 = LINE( '', #4748, #4749 );
#3810 = VERTEX_POINT( '', #4750 );
#3811 = LINE( '', #4751, #4752 );
#3812 = VERTEX_POINT( '', #4753 );
#3813 = LINE( '', #4754, #4755 );
#3814 = LINE( '', #4756, #4757 );
#3815 = FILL_AREA_STYLE_COLOUR( '', #4758 );
#3816 = VERTEX_POINT( '', #4759 );
#3817 = B_SPLINE_CURVE_WITH_KNOTS( '', 1, ( #4760, #4761 ), .UNSPECIFIED., .F., .F., ( 2, 2 ), ( 0.500153135126442, 0.967094097414280 ), .UNSPECIFIED. );
#3818 = VERTEX_POINT( '', #4762 );
#3819 = B_SPLINE_CURVE_WITH_KNOTS( '', 1, ( #4763, #4764 ), .UNSPECIFIED., .F., .F., ( 2, 2 ), ( 0.500153135126442, 0.967094097414280 ), .UNSPECIFIED. );
#3820 = LINE( '', #4765, #4766 );
#3821 = FILL_AREA_STYLE_COLOUR( '', #4767 );
#3822 = VERTEX_POINT( '', #4768 );
#3823 = VERTEX_POINT( '', #4769 );
#3824 = LINE( '', #4770, #4771 );
#3825 = VERTEX_POINT( '', #4772 );
#3826 = LINE( '', #4773, #4774 );
#3827 = VERTEX_POINT( '', #4775 );
#3828 = LINE( '', #4776, #4777 );
#3829 = VERTEX_POINT( '', #4778 );
#3830 = LINE( '', #4779, #4780 );
#3831 = VERTEX_POINT( '', #4781 );
#3832 = LINE( '', #4782, #4783 );
#3833 = VERTEX_POINT( '', #4784 );
#3834 = LINE( '', #4785, #4786 );
#3835 = VERTEX_POINT( '', #4787 );
#3836 = LINE( '', #4788, #4789 );
#3837 = LINE( '', #4790, #4791 );
#3838 = FILL_AREA_STYLE_COLOUR( '', #4792 );
#3839 = VERTEX_POINT( '', #4793 );
#3840 = VERTEX_POINT( '', #4794 );
#3841 = B_SPLINE_CURVE_WITH_KNOTS( '', 3, ( #4795, #4796, #4797, #4798, #4799, #4800, #4801, #4802, #4803, #4804 ), .UNSPECIFIED., .F., .F., ( 4, 2, 2, 2, 4 ), ( 0.000000000000000, 0.000356309194506306, 0.000534463791759459, 0.000623541090386036, 0.000712618389012612 ), .UNSPECIFIED. );
#3842 = VERTEX_POINT( '', #4805 );
#3843 = CIRCLE( '', #4806, 0.700000000000000 );
#3844 = VERTEX_POINT( '', #4807 );
#3845 = B_SPLINE_CURVE_WITH_KNOTS( '', 3, ( #4808, #4809, #4810, #4811, #4812, #4813, #4814, #4815, #4816, #4817 ), .UNSPECIFIED., .F., .F., ( 4, 2, 2, 2, 4 ), ( 2.42434975903054E-019, 8.86023728960856E-005, 0.000177204745792171, 0.000354409491584343, 0.000708818983168686 ), .UNSPECIFIED. );
#3846 = B_SPLINE_CURVE_WITH_KNOTS( '', 3, ( #4818, #4819, #4820, #4821, #4822, #4823, #4824, #4825, #4826, #4827 ), .UNSPECIFIED., .F., .F., ( 4, 2, 2, 2, 4 ), ( 0.000000000000000, 0.000155569718294370, 0.000311139436588740, 0.000466709154883110, 0.000622278873177481 ), .UNSPECIFIED. );
#3847 = VERTEX_POINT( '', #4828 );
#3848 = CIRCLE( '', #4829, 0.400000000000000 );
#3849 = FILL_AREA_STYLE_COLOUR( '', #4830 );
#3850 = VERTEX_POINT( '', #4831 );
#3851 = VERTEX_POINT( '', #4832 );
#3852 = CIRCLE( '', #4833, 1.67375443943894 );
#3853 = VERTEX_POINT( '', #4834 );
#3854 = CIRCLE( '', #4835, 0.700000000000000 );
#3855 = VERTEX_POINT( '', #4836 );
#3856 = CIRCLE( '', #4837, 1.67376784975533 );
#3857 = VERTEX_POINT( '', #4838 );
#3858 = LINE( '', #4839, #4840 );
#3859 = VERTEX_POINT( '', #4841 );
#3860 = LINE( '', #4842, #4843 );
#3861 = LINE( '', #4844, #4845 );
#3862 = FILL_AREA_STYLE_COLOUR( '', #4846 );
#3863 = VERTEX_POINT( '', #4847 );
#3864 = VERTEX_POINT( '', #4848 );
#3865 = B_SPLINE_CURVE_WITH_KNOTS( '', 1, ( #4849, #4850 ), .UNSPECIFIED., .F., .F., ( 2, 2 ), ( 0.0724737082761775, 0.379058070416095 ), .UNSPECIFIED. );
#3866 = VERTEX_POINT( '', #4851 );
#3867 = LINE( '', #4852, #4853 );
#3868 = VERTEX_POINT( '', #4854 );
#3869 = B_SPLINE_CURVE_WITH_KNOTS( '', 1, ( #4855, #4856 ), .UNSPECIFIED., .F., .F., ( 2, 2 ), ( 0.0724737082761775, 0.379058070416095 ), .UNSPECIFIED. );
#3870 = LINE( '', #4857, #4858 );
#3871 = FILL_AREA_STYLE_COLOUR( '', #4859 );
#3872 = VERTEX_POINT( '', #4860 );
#3873 = VERTEX_POINT( '', #4861 );
#3874 = B_SPLINE_CURVE_WITH_KNOTS( '', 3, ( #4862, #4863, #4864, #4865 ), .UNSPECIFIED., .F., .F., ( 4, 4 ), ( 0.982995013537800, 1.00000000000000 ), .UNSPECIFIED. );
#3875 = VERTEX_POINT( '', #4866 );
#3876 = B_SPLINE_CURVE_WITH_KNOTS( '', 3, ( #4867, #4868, #4869, #4870 ), .UNSPECIFIED., .F., .F., ( 4, 4 ), ( 0.878631077014887, 0.982995013537800 ), .UNSPECIFIED. );
#3877 = VERTEX_POINT( '', #4871 );
#3878 = B_SPLINE_CURVE_WITH_KNOTS( '', 3, ( #4872, #4873, #4874, #4875, #4876, #4877, #4878, #4879, #4880, #4881, #4882, #4883, #4884, #4885 ), .UNSPECIFIED., .F., .F., ( 4, 2, 3, 2, 3, 4 ), ( 0.492926542882375, 0.579880136203625, 0.632229748509274, 0.682030015720584, 0.708031925149499, 0.878631077014887 ), .UNSPECIFIED. );
#3879 = B_SPLINE_CURVE_WITH_KNOTS( '', 3, ( #4886, #4887, #4888, #4889 ), .UNSPECIFIED., .F., .F., ( 4, 4 ), ( 0.475588125313073, 0.492926542882375 ), .UNSPECIFIED. );
#3880 = VERTEX_POINT( '', #4890 );
#3881 = B_SPLINE_CURVE_WITH_KNOTS( '', 3, ( #4891, #4892, #4893, #4894, #4895, #4896, #4897, #4898, #4899, #4900, #4901, #4902 ), .UNSPECIFIED., .F., .F., ( 4, 3, 2, 3, 4 ), ( 0.142729134326569, 0.318116828422621, 0.345242832195370, 0.364331501516935, 0.372940361280816 ), .UNSPECIFIED. );
#3882 = VERTEX_POINT( '', #4903 );
#3883 = B_SPLINE_CURVE_WITH_KNOTS( '', 3, ( #4904, #4905, #4906, #4907 ), .UNSPECIFIED., .F., .F., ( 4, 4 ), ( 0.125870242930990, 0.142729134326569 ), .UNSPECIFIED. );
#3884 = B_SPLINE_CURVE_WITH_KNOTS( '', 3, ( #4908, #4909, #4910, #4911 ), .UNSPECIFIED., .F., .F., ( 4, 4 ), ( 0.000000000000000, 0.125870242930990 ), .UNSPECIFIED. );
#3885 = FILL_AREA_STYLE_COLOUR( '', #4912 );
#3886 = VERTEX_POINT( '', #4913 );
#3887 = VERTEX_POINT( '', #4914 );
#3888 = B_SPLINE_CURVE_WITH_KNOTS( '', 3, ( #4915, #4916, #4917, #4918 ), .UNSPECIFIED., .F., .F., ( 4, 4 ), ( 0.166640208745720, 0.186154832491120 ), .UNSPECIFIED. );
#3889 = LINE( '', #4919, #4920 );
#3890 = LINE( '', #4921, #4922 );
#3891 = FILL_AREA_STYLE_COLOUR( '', #4923 );
#3892 = VERTEX_POINT( '', #4924 );
#3893 = LINE( '', #4925, #4926 );
#3894 = VERTEX_POINT( '', #4927 );
#3895 = LINE( '', #4928, #4929 );
#3896 = LINE( '', #4930, #4931 );
#3897 = FILL_AREA_STYLE_COLOUR( '', #4932 );
#3898 = B_SPLINE_CURVE_WITH_KNOTS( '', 1, ( #4933, #4934 ), .UNSPECIFIED., .F., .F., ( 2, 2 ), ( 0.379058070416095, 0.402606310013718 ), .UNSPECIFIED. );
#3899 = B_SPLINE_CURVE_WITH_KNOTS( '', 1, ( #4935, #4936 ), .UNSPECIFIED., .F., .F., ( 2, 2 ), ( 0.379058070416095, 0.402606310013718 ), .UNSPECIFIED. );
#3900 = FILL_AREA_STYLE_COLOUR( '', #4937 );
#3901 = VERTEX_POINT( '', #4938 );
#3902 = B_SPLINE_CURVE_WITH_KNOTS( '', 3, ( #4939, #4940, #4941, #4942, #4943, #4944, #4945, #4946, #4947, #4948, #4949, #4950, #4951, #4952, #4953, #4954, #4955, #4956, #4957, #4958, #4959, #4960, #4961, #4962, #4963, #4964, #4965, #4966, #4967 ), .UNSPECIFIED., .T., .F., ( 4, 3, 3, 2, 3, 3, 3, 3, 2, 3, 4 ), ( 0.000000000000000, 0.279215992476780, 0.333003466481121, 0.387058302600929, 0.438454704157468, 0.500724849120818, 0.780270431569901, 0.839884753513847, 0.890300717195922, 0.942655756404233, 1.00000000000000 ), .UNSPECIFIED. );
#3903 = FILL_AREA_STYLE_COLOUR( '', #4968 );
#3904 = VERTEX_POINT( '', #4969 );
#3905 = VERTEX_POINT( '', #4970 );
#3906 = LINE( '', #4971, #4972 );
#3907 = VERTEX_POINT( '', #4973 );
#3908 = LINE( '', #4974, #4975 );
#3909 = VERTEX_POINT( '', #4976 );
#3910 = LINE( '', #4977, #4978 );
#3911 = LINE( '', #4979, #4980 );
#3912 = FILL_AREA_STYLE_COLOUR( '', #4981 );
#3913 = VERTEX_POINT( '', #4982 );
#3914 = VERTEX_POINT( '', #4983 );
#3915 = LINE( '', #4984, #4985 );
#3916 = VERTEX_POINT( '', #4986 );
#3917 = LINE( '', #4987, #4988 );
#3918 = VERTEX_POINT( '', #4989 );
#3919 = LINE( '', #4990, #4991 );
#3920 = LINE( '', #4992, #4993 );
#3921 = FILL_AREA_STYLE_COLOUR( '', #4994 );
#3922 = VERTEX_POINT( '', #4995 );
#3923 = VERTEX_POINT( '', #4996 );
#3924 = ELLIPSE( '', #4997, 0.141421356237310, 0.100000000000000 );
#3925 = VERTEX_POINT( '', #4998 );
#3926 = LINE( '', #4999, #5000 );
#3927 = VERTEX_POINT( '', #5001 );
#3928 = ELLIPSE( '', #5002, 0.141421356237310, 0.100000000000000 );
#3929 = LINE( '', #5003, #5004 );
#3930 = FILL_AREA_STYLE_COLOUR( '', #5005 );
#3931 = VERTEX_POINT( '', #5006 );
#3932 = CIRCLE( '', #5007, 0.400000000000000 );
#3933 = FILL_AREA_STYLE_COLOUR( '', #5008 );
#3934 = CIRCLE( '', #5009, 0.500000000000000 );
#3935 = CIRCLE( '', #5010, 0.500000000000000 );
#3936 = FILL_AREA_STYLE_COLOUR( '', #5011 );
#3937 = CIRCLE( '', #5012, 0.500000000000000 );
#3938 = CIRCLE( '', #5013, 0.500000000000000 );
#3939 = FILL_AREA_STYLE_COLOUR( '', #5014 );
#3940 = VERTEX_POINT( '', #5015 );
#3941 = B_SPLINE_CURVE_WITH_KNOTS( '', 3, ( #5016, #5017, #5018, #5019, #5020, #5021, #5022, #5023, #5024, #5025, #5026, #5027, #5028, #5029, #5030, #5031 ), .UNSPECIFIED., .T., .F., ( 4, 3, 2, 3, 2, 2, 4 ), ( 0.000000000000000, 0.126818867909302, 0.251823308971065, 0.373010820534759, 0.464338494711377, 0.732752756620708, 1.00000000000000 ), .UNSPECIFIED. );
#3942 = VERTEX_POINT( '', #5032 );
#3943 = B_SPLINE_CURVE_WITH_KNOTS( '', 3, ( #5033, #5034, #5035, #5036, #5037, #5038, #5039, #5040, #5041, #5042, #5043, #5044, #5045, #5046, #5047, #5048 ), .UNSPECIFIED., .T., .F., ( 4, 3, 2, 3, 2, 2, 4 ), ( 0.000000000000000, 0.126818867909302, 0.251823308971065, 0.373010820534759, 0.464338494711377, 0.732752756620708, 1.00000000000000 ), .UNSPECIFIED. );
#3944 = FILL_AREA_STYLE_COLOUR( '', #5049 );
#3945 = VERTEX_POINT( '', #5050 );
#3946 = VERTEX_POINT( '', #5051 );
#3947 = B_SPLINE_CURVE_WITH_KNOTS( '', 3, ( #5052, #5053, #5054, #5055 ), .UNSPECIFIED., .F., .F., ( 4, 4 ), ( 0.473636951736409, 0.848410483905949 ), .UNSPECIFIED. );
#3948 = VERTEX_POINT( '', #5056 );
#3949 = LINE( '', #5057, #5058 );
#3950 = VERTEX_POINT( '', #5059 );
#3951 = B_SPLINE_CURVE_WITH_KNOTS( '', 3, ( #5060, #5061, #5062, #5063 ), .UNSPECIFIED., .F., .F., ( 4, 4 ), ( 0.473636951736409, 0.848410483905949 ), .UNSPECIFIED. );
#3952 = LINE( '', #5064, #5065 );
#3953 = FILL_AREA_STYLE_COLOUR( '', #5066 );
#3954 = VERTEX_POINT( '', #5067 );
#3955 = B_SPLINE_CURVE_WITH_KNOTS( '', 3, ( #5068, #5069, #5070, #5071, #5072, #5073, #5074, #5075, #5076, #5077, #5078, #5079, #5080, #5081 ), .UNSPECIFIED., .F., .F., ( 4, 2, 3, 2, 3, 4 ), ( 0.492997144910472, 0.579938631307266, 0.632280954750234, 0.682074288055193, 0.708072577125923, 0.878647975734373 ), .UNSPECIFIED. );
#3956 = VERTEX_POINT( '', #5082 );
#3957 = B_SPLINE_CURVE_WITH_KNOTS( '', 3, ( #5083, #5084, #5085, #5086, #5087, #5088, #5089, #5090, #5091, #5092, #5093, #5094, #5095, #5096 ), .UNSPECIFIED., .F., .F., ( 4, 2, 3, 2, 3, 4 ), ( 0.492997144910472, 0.579938631307266, 0.632280954750234, 0.682074288055193, 0.708072577125923, 0.878647975734373 ), .UNSPECIFIED. );
#3958 = LINE( '', #5097, #5098 );
#3959 = FILL_AREA_STYLE_COLOUR( '', #5099 );
#3960 = ELLIPSE( '', #5100, 0.100130194045181, 0.100000000000000 );
#3961 = VERTEX_POINT( '', #5101 );
#3962 = ELLIPSE( '', #5102, 0.141421356237310, 0.100000000000000 );
#3963 = LINE( '', #5103, #5104 );
#3964 = FILL_AREA_STYLE_COLOUR( '', #5105 );
#3965 = VERTEX_POINT( '', #5106 );
#3966 = B_SPLINE_CURVE_WITH_KNOTS( '', 3, ( #5107, #5108, #5109, #5110, #5111, #5112, #5113, #5114, #5115, #5116 ), .UNSPECIFIED., .F., .F., ( 4, 3, 3, 4 ), ( 0.000000000000000, 0.0618584238353150, 0.123408919962294, 0.166640208745720 ), .UNSPECIFIED. );
#3967 = LINE( '', #5117, #5118 );
#3968 = FILL_AREA_STYLE_COLOUR( '', #5119 );
#3969 = VERTEX_POINT( '', #5120 );
#3970 = VERTEX_POINT( '', #5121 );
#3971 = B_SPLINE_CURVE_WITH_KNOTS( '', 1, ( #5122, #5123 ), .UNSPECIFIED., .F., .F., ( 2, 2 ), ( 0.975994513031550, 1.00000000000000 ), .UNSPECIFIED. );
#3972 = VERTEX_POINT( '', #5124 );
#3973 = B_SPLINE_CURVE_WITH_KNOTS( '', 1, ( #5125, #5126 ), .UNSPECIFIED., .F., .F., ( 2, 2 ), ( 0.806584362139918, 0.975994513031550 ), .UNSPECIFIED. );
#3974 = B_SPLINE_CURVE_WITH_KNOTS( '', 1, ( #5127, #5128 ), .UNSPECIFIED., .F., .F., ( 2, 2 ), ( 0.782578875171468, 0.806584362139918 ), .UNSPECIFIED. );
#3975 = B_SPLINE_CURVE_WITH_KNOTS( '', 1, ( #5129, #5130 ), .UNSPECIFIED., .F., .F., ( 2, 2 ), ( 0.000000000000000, 0.0724737082761775 ), .UNSPECIFIED. );
#3976 = FILL_AREA_STYLE_COLOUR( '', #5131 );
#3977 = VERTEX_POINT( '', #5132 );
#3978 = VERTEX_POINT( '', #5133 );
#3979 = B_SPLINE_CURVE_WITH_KNOTS( '', 1, ( #5134, #5135 ), .UNSPECIFIED., .F., .F., ( 2, 2 ), ( 0.975994513031550, 1.00000000000000 ), .UNSPECIFIED. );
#3980 = LINE( '', #5136, #5137 );
#3981 = LINE( '', #5138, #5139 );
#3982 = FILL_AREA_STYLE_COLOUR( '', #5140 );
#3983 = VERTEX_POINT( '', #5141 );
#3984 = LINE( '', #5142, #5143 );
#3985 = VERTEX_POINT( '', #5144 );
#3986 = LINE( '', #5145, #5146 );
#3987 = LINE( '', #5147, #5148 );
#3988 = FILL_AREA_STYLE_COLOUR( '', #5149 );
#3989 = VERTEX_POINT( '', #5150 );
#3990 = LINE( '', #5151, #5152 );
#3991 = VERTEX_POINT( '', #5153 );
#3992 = LINE( '', #5154, #5155 );
#3993 = LINE( '', #5156, #5157 );
#3994 = FILL_AREA_STYLE_COLOUR( '', #5158 );
#3995 = VERTEX_POINT( '', #5159 );
#3996 = CIRCLE( '', #5160, 0.400000000000000 );
#3997 = VERTEX_POINT( '', #5161 );
#3998 = CIRCLE( '', #5162, 0.400000000000000 );
#3999 = FILL_AREA_STYLE_COLOUR( '', #5163 );
#4000 = VERTEX_POINT( '', #5164 );
#4001 = B_SPLINE_CURVE_WITH_KNOTS( '', 3, ( #5165, #5166, #5167, #5168, #5169, #5170, #5171, #5172, #5173, #5174, #5175, #5176, #5177, #5178, #5179, #5180, #5181, #5182, #5183, #5184, #5185, #5186, #5187, #5188, #5189, #5190, #5191, #5192, #5193 ), .UNSPECIFIED., .T., .F., ( 4, 3, 3, 2, 3, 3, 3, 3, 2, 3, 4 ), ( 0.000000000000000, 0.279215992476780, 0.333003466481121, 0.387058302600929, 0.438454704157468, 0.500724849120818, 0.780270431569901, 0.839884753513847, 0.890300717195922, 0.942655756404233, 1.00000000000000 ), .UNSPECIFIED. );
#4002 = VERTEX_POINT( '', #5194 );
#4003 = B_SPLINE_CURVE_WITH_KNOTS( '', 3, ( #5195, #5196, #5197, #5198, #5199, #5200, #5201, #5202, #5203, #5204, #5205, #5206, #5207, #5208, #5209, #5210, #5211, #5212, #5213, #5214, #5215, #5216, #5217, #5218, #5219, #5220, #5221, #5222, #5223 ), .UNSPECIFIED., .T., .F., ( 4, 3, 2, 3, 3, 3, 3, 2, 3, 3, 4 ), ( 0.000000000000000, 0.0640437500200068, 0.129461427622765, 0.194118434555724, 0.259108272034044, 0.499081144990576, 0.566694768321349, 0.632516841893516, 0.695413489973588, 0.759436430448151, 1.00000000000000 ), .UNSPECIFIED. );
#4004 = FILL_AREA_STYLE_COLOUR( '', #5224 );
#4005 = LINE( '', #5225, #5226 );
#4006 = LINE( '', #5227, #5228 );
#4007 = FILL_AREA_STYLE_COLOUR( '', #5229 );
#4008 = VERTEX_POINT( '', #5230 );
#4009 = B_SPLINE_CURVE_WITH_KNOTS( '', 3, ( #5231, #5232, #5233, #5234, #5235, #5236, #5237 ), .UNSPECIFIED., .F., .F., ( 4, 3, 4 ), ( 0.848410483905949, 0.950648945466324, 1.00000000000000 ), .UNSPECIFIED. );
#4010 = B_SPLINE_CURVE_WITH_KNOTS( '', 3, ( #5238, #5239, #5240, #5241, #5242, #5243, #5244, #5245, #5246, #5247 ), .UNSPECIFIED., .F., .F., ( 4, 3, 3, 4 ), ( 0.000000000000000, 0.315184843035239, 0.373212378684577, 0.473636951736409 ), .UNSPECIFIED. );
#4011 = FILL_AREA_STYLE_COLOUR( '', #5248 );
#4012 = VERTEX_POINT( '', #5249 );
#4013 = CIRCLE( '', #5250, 0.500000000000000 );
#4014 = VERTEX_POINT( '', #5251 );
#4015 = LINE( '', #5252, #5253 );
#4016 = VERTEX_POINT( '', #5254 );
#4017 = LINE( '', #5255, #5256 );
#4018 = LINE( '', #5257, #5258 );
#4019 = LINE( '', #5259, #5260 );
#4020 = VERTEX_POINT( '', #5261 );
#4021 = LINE( '', #5262, #5263 );
#4022 = CIRCLE( '', #5264, 0.200000000000000 );
#4023 = CIRCLE( '', #5265, 0.200000000000000 );
#4024 = VERTEX_POINT( '', #5266 );
#4025 = CIRCLE( '', #5267, 0.200000000000000 );
#4026 = VERTEX_POINT( '', #5268 );
#4027 = LINE( '', #5269, #5270 );
#4028 = VERTEX_POINT( '', #5271 );
#4029 = LINE( '', #5272, #5273 );
#4030 = LINE( '', #5274, #5275 );
#4031 = FILL_AREA_STYLE_COLOUR( '', #5276 );
#4032 = VERTEX_POINT( '', #5277 );
#4033 = B_SPLINE_CURVE_WITH_KNOTS( '', 3, ( #5278, #5279, #5280, #5281 ), .UNSPECIFIED., .F., .F., ( 4, 4 ), ( 0.439973129182682, 0.459487752928083 ), .UNSPECIFIED. );
#4034 = LINE( '', #5282, #5283 );
#4035 = FILL_AREA_STYLE_COLOUR( '', #5284 );
#4036 = VERTEX_POINT( '', #5285 );
#4037 = LINE( '', #5286, #5287 );
#4038 = LINE( '', #5288, #5289 );
#4039 = FILL_AREA_STYLE_COLOUR( '', #5290 );
#4040 = FILL_AREA_STYLE_COLOUR( '', #5291 );
#4041 = VERTEX_POINT( '', #5292 );
#4042 = VERTEX_POINT( '', #5293 );
#4043 = B_SPLINE_CURVE_WITH_KNOTS( '', 3, ( #5294, #5295, #5296, #5297 ), .UNSPECIFIED., .F., .F., ( 4, 4 ), ( 0.562283216867634, 0.669115587688169 ), .UNSPECIFIED. );
#4044 = VERTEX_POINT( '', #5298 );
#4045 = LINE( '', #5299, #5300 );
#4046 = VERTEX_POINT( '', #5301 );
#4047 = B_SPLINE_CURVE_WITH_KNOTS( '', 3, ( #5302, #5303, #5304, #5305 ), .UNSPECIFIED., .F., .F., ( 4, 4 ), ( 0.562283216867634, 0.669115587688169 ), .UNSPECIFIED. );
#4048 = LINE( '', #5306, #5307 );
#4049 = FILL_AREA_STYLE_COLOUR( '', #5308 );
#4050 = VERTEX_POINT( '', #5309 );
#4051 = LINE( '', #5310, #5311 );
#4052 = VERTEX_POINT( '', #5312 );
#4053 = LINE( '', #5313, #5314 );
#4054 = LINE( '', #5315, #5316 );
#4055 = FILL_AREA_STYLE_COLOUR( '', #5317 );
#4056 = VERTEX_POINT( '', #5318 );
#4057 = CIRCLE( '', #5319, 0.500000000000000 );
#4058 = VERTEX_POINT( '', #5320 );
#4059 = CIRCLE( '', #5321, 0.500000000000000 );
#4060 = LINE( '', #5322, #5323 );
#4061 = FILL_AREA_STYLE_COLOUR( '', #5324 );
#4062 = VERTEX_POINT( '', #5325 );
#4063 = B_SPLINE_CURVE_WITH_KNOTS( '', 1, ( #5326, #5327 ), .UNSPECIFIED., .F., .F., ( 2, 2 ), ( 0.806584362139918, 0.975994513031550 ), .UNSPECIFIED. );
#4064 = LINE( '', #5328, #5329 );
#4065 = FILL_AREA_STYLE_COLOUR( '', #5330 );
#4066 = LINE( '', #5331, #5332 );
#4067 = LINE( '', #5333, #5334 );
#4068 = FILL_AREA_STYLE_COLOUR( '', #5335 );
#4069 = LINE( '', #5336, #5337 );
#4070 = FILL_AREA_STYLE_COLOUR( '', #5338 );
#4071 = VERTEX_POINT( '', #5339 );
#4072 = LINE( '', #5340, #5341 );
#4073 = CIRCLE( '', #5342, 0.200000000000000 );
#4074 = FILL_AREA_STYLE_COLOUR( '', #5343 );
#4075 = VERTEX_POINT( '', #5344 );
#4076 = VERTEX_POINT( '', #5345 );
#4077 = B_SPLINE_CURVE_WITH_KNOTS( '', 3, ( #5346, #5347, #5348, #5349 ), .UNSPECIFIED., .F., .F., ( 4, 4 ), ( 0.982997381215530, 1.00000000000000 ), .UNSPECIFIED. );
#4078 = B_SPLINE_CURVE_WITH_KNOTS( '', 3, ( #5350, #5351, #5352, #5353 ), .UNSPECIFIED., .F., .F., ( 4, 4 ), ( 0.878647975734373, 0.982997381215530 ), .UNSPECIFIED. );
#4079 = VERTEX_POINT( '', #5354 );
#4080 = B_SPLINE_CURVE_WITH_KNOTS( '', 3, ( #5355, #5356, #5357, #5358, #5359, #5360, #5361, #5362, #5363 ), .UNSPECIFIED., .F., .F., ( 4, 3, 2, 4 ), ( 0.372975641588764, 0.383205207861108, 0.414023852388724, 0.475661141443954 ), .UNSPECIFIED. );
#4081 = B_SPLINE_CURVE_WITH_KNOTS( '', 3, ( #5364, #5365, #5366, #5367, #5368, #5369, #5370, #5371, #5372, #5373, #5374, #5375 ), .UNSPECIFIED., .F., .F., ( 4, 3, 2, 3, 4 ), ( 0.142701842097249, 0.318158656071352, 0.345281520394422, 0.364367980473619, 0.372975641588764 ), .UNSPECIFIED. );
#4082 = B_SPLINE_CURVE_WITH_KNOTS( '', 3, ( #5376, #5377, #5378, #5379 ), .UNSPECIFIED., .F., .F., ( 4, 4 ), ( 0.000000000000000, 0.125852717473281 ), .UNSPECIFIED. );
#4083 = FILL_AREA_STYLE_COLOUR( '', #5380 );
#4084 = VERTEX_POINT( '', #5381 );
#4085 = LINE( '', #5382, #5383 );
#4086 = VERTEX_POINT( '', #5384 );
#4087 = LINE( '', #5385, #5386 );
#4088 = LINE( '', #5387, #5388 );
#4089 = FILL_AREA_STYLE_COLOUR( '', #5389 );
#4090 = VERTEX_POINT( '', #5390 );
#4091 = CIRCLE( '', #5391, 0.500000000000000 );
#4092 = LINE( '', #5392, #5393 );
#4093 = FILL_AREA_STYLE_COLOUR( '', #5394 );
#4094 = VERTEX_POINT( '', #5395 );
#4095 = B_SPLINE_CURVE_WITH_KNOTS( '', 3, ( #5396, #5397, #5398, #5399, #5400, #5401, #5402, #5403, #5404 ), .UNSPECIFIED., .F., .F., ( 4, 3, 2, 4 ), ( 0.372975641588764, 0.383205207861108, 0.414023852388724, 0.475661141443954 ), .UNSPECIFIED. );
#4096 = LINE( '', #5405, #5406 );
#4097 = FILL_AREA_STYLE_COLOUR( '', #5407 );
#4098 = VERTEX_POINT( '', #5408 );
#4099 = B_SPLINE_CURVE_WITH_KNOTS( '', 3, ( #5409, #5410, #5411, #5412 ), .UNSPECIFIED., .F., .F., ( 4, 4 ), ( 0.775947958508705, 0.864440772338382 ), .UNSPECIFIED. );
#4100 = VERTEX_POINT( '', #5413 );
#4101 = B_SPLINE_CURVE_WITH_KNOTS( '', 3, ( #5414, #5415, #5416, #5417 ), .UNSPECIFIED., .F., .F., ( 4, 4 ), ( 0.775947958508705, 0.864440772338382 ), .UNSPECIFIED. );
#4102 = LINE( '', #5418, #5419 );
#4103 = FILL_AREA_STYLE_COLOUR( '', #5420 );
#4104 = VERTEX_POINT( '', #5421 );
#4105 = LINE( '', #5422, #5423 );
#4106 = ELLIPSE( '', #5424, 0.141421356237310, 0.100000000000000 );
#4107 = ELLIPSE( '', #5425, 0.100130194045181, 0.100000000000000 );
#4108 = FILL_AREA_STYLE_COLOUR( '', #5426 );
#4109 = VERTEX_POINT( '', #5427 );
#4110 = VERTEX_POINT( '', #5428 );
#4111 = B_SPLINE_CURVE_WITH_KNOTS( '', 3, ( #5429, #5430, #5431, #5432 ), .UNSPECIFIED., .F., .F., ( 4, 4 ), ( 0.878631077014887, 0.982995013537800 ), .UNSPECIFIED. );
#4112 = LINE( '', #5433, #5434 );
#4113 = LINE( '', #5435, #5436 );
#4114 = FILL_AREA_STYLE_COLOUR( '', #5437 );
#4115 = CIRCLE( '', #5438, 0.200000000000000 );
#4116 = FILL_AREA_STYLE_COLOUR( '', #5439 );
#4117 = VERTEX_POINT( '', #5440 );
#4118 = LINE( '', #5441, #5442 );
#4119 = VERTEX_POINT( '', #5443 );
#4120 = LINE( '', #5444, #5445 );
#4121 = LINE( '', #5446, #5447 );
#4122 = FILL_AREA_STYLE_COLOUR( '', #5448 );
#4123 = VERTEX_POINT( '', #5449 );
#4124 = VERTEX_POINT( '', #5450 );
#4125 = B_SPLINE_CURVE_WITH_KNOTS( '', 3, ( #5451, #5452, #5453, #5454, #5455, #5456, #5457, #5458, #5459, #5460 ), .UNSPECIFIED., .F., .F., ( 4, 3, 3, 4 ), ( 0.000000000000000, 0.0899772624977920, 0.120052489237709, 0.162243916932202 ), .UNSPECIFIED. );
#4126 = VERTEX_POINT( '', #5461 );
#4127 = LINE( '', #5462, #5463 );
#4128 = VERTEX_POINT( '', #5464 );
#4129 = B_SPLINE_CURVE_WITH_KNOTS( '', 3, ( #5465, #5466, #5467, #5468, #5469, #5470, #5471, #5472, #5473, #5474 ), .UNSPECIFIED., .F., .F., ( 4, 3, 3, 4 ), ( 0.000000000000000, 0.0899772624977920, 0.120052489237709, 0.162243916932202 ), .UNSPECIFIED. );
#4130 = LINE( '', #5475, #5476 );
#4131 = FILL_AREA_STYLE_COLOUR( '', #5477 );
#4132 = VERTEX_POINT( '', #5478 );
#4133 = LINE( '', #5479, #5480 );
#4134 = VERTEX_POINT( '', #5481 );
#4135 = LINE( '', #5482, #5483 );
#4136 = LINE( '', #5484, #5485 );
#4137 = FILL_AREA_STYLE_COLOUR( '', #5486 );
#4138 = B_SPLINE_CURVE_WITH_KNOTS( '', 3, ( #5487, #5488, #5489, #5490, #5491, #5492, #5493, #5494, #5495, #5496 ), .UNSPECIFIED., .F., .F., ( 4, 3, 3, 4 ), ( 0.864440772338382, 0.890436649238046, 0.945457253988607, 1.00000000000000 ), .UNSPECIFIED. );
#4139 = B_SPLINE_CURVE_WITH_KNOTS( '', 3, ( #5497, #5498, #5499, #5500 ), .UNSPECIFIED., .F., .F., ( 4, 4 ), ( 0.669115587688169, 0.687277090727660 ), .UNSPECIFIED. );
#4140 = VERTEX_POINT( '', #5501 );
#4141 = B_SPLINE_CURVE_WITH_KNOTS( '', 3, ( #5502, #5503, #5504, #5505 ), .UNSPECIFIED., .F., .F., ( 4, 4 ), ( 0.437289343007607, 0.562283216867634 ), .UNSPECIFIED. );
#4142 = VERTEX_POINT( '', #5506 );
#4143 = B_SPLINE_CURVE_WITH_KNOTS( '', 3, ( #5507, #5508, #5509, #5510, #5511, #5512, #5513, #5514, #5515, #5516, #5517, #5518, #5519, #5520, #5521, #5522, #5523, #5524 ), .UNSPECIFIED., .F., .F., ( 4, 3, 3, 2, 3, 3, 4 ), ( 0.180405419971693, 0.221891990640335, 0.267736136059066, 0.313996537028402, 0.348209958578641, 0.400075885961993, 0.437289343007607 ), .UNSPECIFIED. );
#4144 = B_SPLINE_CURVE_WITH_KNOTS( '', 3, ( #5525, #5526, #5527, #5528 ), .UNSPECIFIED., .F., .F., ( 4, 4 ), ( 0.162243916932202, 0.180405419971693 ), .UNSPECIFIED. );
#4145 = FILL_AREA_STYLE_COLOUR( '', #5529 );
#4146 = CIRCLE( '', #5530, 0.500000000000000 );
#4147 = FILL_AREA_STYLE_COLOUR( '', #5531 );
#4148 = B_SPLINE_CURVE_WITH_KNOTS( '', 3, ( #5532, #5533, #5534, #5535, #5536, #5537, #5538, #5539, #5540, #5541 ), .UNSPECIFIED., .F., .F., ( 4, 3, 3, 4 ), ( 0.864440772338382, 0.890436649238046, 0.945457253988607, 1.00000000000000 ), .UNSPECIFIED. );
#4149 = FILL_AREA_STYLE_COLOUR( '', #5542 );
#4150 = VERTEX_POINT( '', #5543 );
#4151 = B_SPLINE_CURVE_WITH_KNOTS( '', 1, ( #5544, #5545 ), .UNSPECIFIED., .F., .F., ( 2, 2 ), ( 0.967094097414280, 1.00000000000000 ), .UNSPECIFIED. );
#4152 = VERTEX_POINT( '', #5546 );
#4153 = B_SPLINE_CURVE_WITH_KNOTS( '', 1, ( #5547, #5548 ), .UNSPECIFIED., .F., .F., ( 2, 2 ), ( 0.967094097414280, 1.00000000000000 ), .UNSPECIFIED. );
#4154 = LINE( '', #5549, #5550 );
#4155 = FILL_AREA_STYLE_COLOUR( '', #5551 );
#4156 = B_SPLINE_CURVE_WITH_KNOTS( '', 1, ( #5552, #5553 ), .UNSPECIFIED., .F., .F., ( 2, 2 ), ( 0.000000000000000, 0.467245740243378 ), .UNSPECIFIED. );
#4157 = B_SPLINE_CURVE_WITH_KNOTS( '', 1, ( #5554, #5555 ), .UNSPECIFIED., .F., .F., ( 2, 2 ), ( 0.000000000000000, 0.467245740243378 ), .UNSPECIFIED. );
#4158 = FILL_AREA_STYLE_COLOUR( '', #5556 );
#4159 = VERTEX_POINT( '', #5557 );
#4160 = CIRCLE( '', #5558, 0.400000000000000 );
#4161 = CIRCLE( '', #5559, 0.400000000000000 );
#4162 = FILL_AREA_STYLE_COLOUR( '', #5560 );
#4163 = VERTEX_POINT( '', #5561 );
#4164 = LINE( '', #5562, #5563 );
#4165 = LINE( '', #5564, #5565 );
#4166 = FILL_AREA_STYLE_COLOUR( '', #5566 );
#4167 = VERTEX_POINT( '', #5567 );
#4168 = LINE( '', #5568, #5569 );
#4169 = LINE( '', #5570, #5571 );
#4170 = FILL_AREA_STYLE_COLOUR( '', #5572 );
#4171 = LINE( '', #5573, #5574 );
#4172 = FILL_AREA_STYLE_COLOUR( '', #5575 );
#4173 = LINE( '', #5576, #5577 );
#4174 = LINE( '', #5578, #5579 );
#4175 = FILL_AREA_STYLE_COLOUR( '', #5580 );
#4176 = VERTEX_POINT( '', #5581 );
#4177 = CIRCLE( '', #5582, 1.67375443943894 );
#4178 = VERTEX_POINT( '', #5583 );
#4179 = LINE( '', #5584, #5585 );
#4180 = B_SPLINE_CURVE_WITH_KNOTS( '', 3, ( #5586, #5587, #5588, #5589, #5590, #5591, #5592, #5593, #5594, #5595 ), .UNSPECIFIED., .F., .F., ( 4, 2, 2, 2, 4 ), ( 2.42434975903054E-019, 8.86023728960857E-005, 0.000177204745792171, 0.000354409491584343, 0.000708818983168686 ), .UNSPECIFIED. );
#4181 = FILL_AREA_STYLE_COLOUR( '', #5596 );
#4182 = VERTEX_POINT( '', #5597 );
#4183 = B_SPLINE_CURVE_WITH_KNOTS( '', 3, ( #5598, #5599, #5600, #5601 ), .UNSPECIFIED., .F., .F., ( 4, 4 ), ( 0.982995013537800, 1.00000000000000 ), .UNSPECIFIED. );
#4184 = LINE( '', #5602, #5603 );
#4185 = FILL_AREA_STYLE_COLOUR( '', #5604 );
#4186 = B_SPLINE_CURVE_WITH_KNOTS( '', 3, ( #5605, #5606, #5607, #5608, #5609, #5610, #5611, #5612, #5613, #5614, #5615, #5616 ), .UNSPECIFIED., .F., .F., ( 4, 3, 2, 3, 4 ), ( 0.142701842097249, 0.318158656071352, 0.345281520394422, 0.364367980473619, 0.372975641588764 ), .UNSPECIFIED. );
#4187 = FILL_AREA_STYLE_COLOUR( '', #5617 );
#4188 = VERTEX_POINT( '', #5618 );
#4189 = B_SPLINE_CURVE_WITH_KNOTS( '', 3, ( #5619, #5620, #5621, #5622, #5623, #5624, #5625, #5626, #5627, #5628, #5629, #5630 ), .UNSPECIFIED., .F., .F., ( 4, 3, 2, 3, 4 ), ( 0.142729134326569, 0.318116828422621, 0.345242832195370, 0.364331501516935, 0.372940361280816 ), .UNSPECIFIED. );
#4190 = LINE( '', #5631, #5632 );
#4191 = FILL_AREA_STYLE_COLOUR( '', #5633 );
#4192 = FILL_AREA_STYLE_COLOUR( '', #5634 );
#4193 = VERTEX_POINT( '', #5635 );
#4194 = B_SPLINE_CURVE_WITH_KNOTS( '', 3, ( #5636, #5637, #5638, #5639 ), .UNSPECIFIED., .F., .F., ( 4, 4 ), ( 0.878647975734373, 0.982997381215530 ), .UNSPECIFIED. );
#4195 = LINE( '', #5640, #5641 );
#4196 = FILL_AREA_STYLE_COLOUR( '', #5642 );
#4197 = FILL_AREA_STYLE_COLOUR( '', #5643 );
#4198 = VERTEX_POINT( '', #5644 );
#4199 = LINE( '', #5645, #5646 );
#4200 = B_SPLINE_CURVE_WITH_KNOTS( '', 3, ( #5647, #5648, #5649, #5650, #5651, #5652, #5653, #5654, #5655, #5656 ), .UNSPECIFIED., .F., .F., ( 4, 3, 3, 4 ), ( 0.000000000000000, 0.315184843035239, 0.373212378684577, 0.473636951736409 ), .UNSPECIFIED. );
#4201 = FILL_AREA_STYLE_COLOUR( '', #5657 );
#4202 = VERTEX_POINT( '', #5658 );
#4203 = B_SPLINE_CURVE_WITH_KNOTS( '', 3, ( #5659, #5660, #5661, #5662 ), .UNSPECIFIED., .F., .F., ( 4, 4 ), ( 0.437289343007607, 0.562283216867634 ), .UNSPECIFIED. );
#4204 = LINE( '', #5663, #5664 );
#4205 = FILL_AREA_STYLE_COLOUR( '', #5665 );
#4206 = VERTEX_POINT( '', #5666 );
#4207 = B_SPLINE_CURVE_WITH_KNOTS( '', 3, ( #5667, #5668, #5669, #5670 ), .UNSPECIFIED., .F., .F., ( 4, 4 ), ( 0.162243916932202, 0.180405419971693 ), .UNSPECIFIED. );
#4208 = LINE( '', #5671, #5672 );
#4209 = FILL_AREA_STYLE_COLOUR( '', #5673 );
#4210 = LINE( '', #5674, #5675 );
#4211 = LINE( '', #5676, #5677 );
#4212 = FILL_AREA_STYLE_COLOUR( '', #5678 );
#4213 = VERTEX_POINT( '', #5679 );
#4214 = B_SPLINE_CURVE_WITH_KNOTS( '', 3, ( #5680, #5681, #5682, #5683, #5684, #5685, #5686 ), .UNSPECIFIED., .F., .F., ( 4, 3, 4 ), ( 0.535554593222310, 0.642488884770629, 0.665616877284601 ), .UNSPECIFIED. );
#4215 = VERTEX_POINT( '', #5687 );
#4216 = B_SPLINE_CURVE_WITH_KNOTS( '', 3, ( #5688, #5689, #5690, #5691, #5692, #5693, #5694 ), .UNSPECIFIED., .F., .F., ( 4, 3, 4 ), ( 0.535554593222310, 0.642488884770629, 0.665616877284601 ), .UNSPECIFIED. );
#4217 = LINE( '', #5695, #5696 );
#4218 = FILL_AREA_STYLE_COLOUR( '', #5697 );
#4219 = LINE( '', #5698, #5699 );
#4220 = FILL_AREA_STYLE_COLOUR( '', #5700 );
#4221 = B_SPLINE_CURVE_WITH_KNOTS( '', 3, ( #5701, #5702, #5703, #5704, #5705, #5706, #5707 ), .UNSPECIFIED., .F., .F., ( 4, 3, 4 ), ( 0.848410483905949, 0.950648945466324, 1.00000000000000 ), .UNSPECIFIED. );
#4222 = B_SPLINE_CURVE_WITH_KNOTS( '', 3, ( #5708, #5709, #5710, #5711, #5712, #5713, #5714 ), .UNSPECIFIED., .F., .F., ( 4, 3, 4 ), ( 0.665616877284601, 0.724429101550196, 1.00000000000000 ), .UNSPECIFIED. );
#4223 = FILL_AREA_STYLE_COLOUR( '', #5715 );
#4224 = FILL_AREA_STYLE_COLOUR( '', #5716 );
#4225 = VERTEX_POINT( '', #5717 );
#4226 = CIRCLE( '', #5718, 0.400000000000000 );
#4227 = FILL_AREA_STYLE_COLOUR( '', #5719 );
#4228 = VERTEX_POINT( '', #5720 );
#4229 = VERTEX_POINT( '', #5721 );
#4230 = B_SPLINE_CURVE_WITH_KNOTS( '', 3, ( #5722, #5723, #5724, #5725, #5726, #5727, #5728, #5729, #5730, #5731, #5732, #5733, #5734, #5735, #5736 ), .UNSPECIFIED., .F., .F., ( 4, 3, 3, 2, 3, 4 ), ( 0.699087214453069, 0.739264380987717, 0.815710129053961, 0.838571825323326, 0.874497348032329, 0.914412539102948 ), .UNSPECIFIED. );
#4231 = LINE( '', #5737, #5738 );
#4232 = LINE( '', #5739, #5740 );
#4233 = FILL_AREA_STYLE_COLOUR( '', #5741 );
#4234 = FILL_AREA_STYLE_COLOUR( '', #5742 );
#4235 = VERTEX_POINT( '', #5743 );
#4236 = B_SPLINE_CURVE_WITH_KNOTS( '', 3, ( #5744, #5745, #5746, #5747, #5748, #5749, #5750, #5751, #5752, #5753 ), .UNSPECIFIED., .F., .F., ( 4, 2, 2, 2, 4 ), ( 0.000000000000000, 0.000356309194506305, 0.000534463791759457, 0.000623541090386033, 0.000712618389012610 ), .UNSPECIFIED. );
#4237 = B_SPLINE_CURVE_WITH_KNOTS( '', 3, ( #5754, #5755, #5756, #5757, #5758, #5759, #5760, #5761, #5762, #5763 ), .UNSPECIFIED., .F., .F., ( 4, 2, 2, 2, 4 ), ( 0.000000000000000, 0.000155569718294370, 0.000311139436588740, 0.000466709154883110, 0.000622278873177480 ), .UNSPECIFIED. );
#4238 = FILL_AREA_STYLE_COLOUR( '', #5764 );
#4239 = B_SPLINE_CURVE_WITH_KNOTS( '', 1, ( #5765, #5766 ), .UNSPECIFIED., .F., .F., ( 2, 2 ), ( 0.000000000000000, 0.0724737082761775 ), .UNSPECIFIED. );
#4240 = FILL_AREA_STYLE_COLOUR( '', #5767 );
#4241 = VERTEX_POINT( '', #5768 );
#4242 = B_SPLINE_CURVE_WITH_KNOTS( '', 3, ( #5769, #5770, #5771, #5772, #5773, #5774, #5775, #5776, #5777, #5778, #5779, #5780, #5781, #5782, #5783, #5784, #5785, #5786, #5787, #5788, #5789, #5790 ), .UNSPECIFIED., .T., .F., ( 4, 3, 2, 3, 2, 3, 2, 3, 4 ), ( 0.000000000000000, 0.126715206979919, 0.250194549029151, 0.372374108530497, 0.502494261125843, 0.626788138231845, 0.749446225028281, 0.872104311824715, 1.00000000000000 ), .UNSPECIFIED. );
#4243 = FILL_AREA_STYLE_COLOUR( '', #5791 );
#4244 = VERTEX_POINT( '', #5792 );
#4245 = B_SPLINE_CURVE_WITH_KNOTS( '', 3, ( #5793, #5794, #5795, #5796 ), .UNSPECIFIED., .F., .F., ( 4, 4 ), ( 0.000000000000000, 0.125870242930990 ), .UNSPECIFIED. );
#4246 = LINE( '', #5797, #5798 );
#4247 = FILL_AREA_STYLE_COLOUR( '', #5799 );
#4248 = VERTEX_POINT( '', #5800 );
#4249 = LINE( '', #5801, #5802 );
#4250 = LINE( '', #5803, #5804 );
#4251 = LINE( '', #5805, #5806 );
#4252 = CIRCLE( '', #5807, 0.400000000000000 );
#4253 = FILL_AREA_STYLE_COLOUR( '', #5808 );
#4254 = VERTEX_POINT( '', #5809 );
#4255 = B_SPLINE_CURVE_WITH_KNOTS( '', 3, ( #5810, #5811, #5812, #5813, #5814, #5815, #5816, #5817, #5818, #5819, #5820, #5821, #5822, #5823, #5824, #5825, #5826, #5827, #5828, #5829, #5830, #5831, #5832, #5833, #5834, #5835, #5836, #5837, #5838 ), .UNSPECIFIED., .T., .F., ( 4, 3, 2, 3, 3, 3, 3, 2, 3, 3, 4 ), ( 0.000000000000000, 0.0640437500200068, 0.129461427622765, 0.194118434555724, 0.259108272034044, 0.499081144990576, 0.566694768321349, 0.632516841893516, 0.695413489973588, 0.759436430448151, 1.00000000000000 ), .UNSPECIFIED. );
#4256 = FILL_AREA_STYLE_COLOUR( '', #5839 );
#4257 = CIRCLE( '', #5840, 0.500000000000000 );
#4258 = FILL_AREA_STYLE_COLOUR( '', #5841 );
#4259 = VERTEX_POINT( '', #5842 );
#4260 = LINE( '', #5843, #5844 );
#4261 = CIRCLE( '', #5845, 0.200000000000000 );
#4262 = LINE( '', #5846, #5847 );
#4263 = VERTEX_POINT( '', #5848 );
#4264 = LINE( '', #5849, #5850 );
#4265 = LINE( '', #5851, #5852 );
#4266 = FILL_AREA_STYLE_COLOUR( '', #5853 );
#4267 = B_SPLINE_CURVE_WITH_KNOTS( '', 3, ( #5854, #5855, #5856, #5857, #5858, #5859, #5860, #5861, #5862, #5863, #5864, #5865, #5866, #5867, #5868, #5869, #5870, #5871 ), .UNSPECIFIED., .F., .F., ( 4, 3, 3, 2, 3, 3, 4 ), ( 0.186154832491120, 0.228245197432180, 0.274611726661858, 0.320600965123643, 0.367095579832260, 0.412070631571576, 0.439973129182682 ), .UNSPECIFIED. );
#4268 = FILL_AREA_STYLE_COLOUR( '', #5872 );
#4269 = B_SPLINE_CURVE_WITH_KNOTS( '', 3, ( #5873, #5874, #5875, #5876 ), .UNSPECIFIED., .F., .F., ( 4, 4 ), ( 0.669115587688169, 0.687277090727660 ), .UNSPECIFIED. );
#4270 = FILL_AREA_STYLE_COLOUR( '', #5877 );
#4271 = CIRCLE( '', #5878, 0.400000000000000 );
#4272 = FILL_AREA_STYLE_COLOUR( '', #5879 );
#4273 = VERTEX_POINT( '', #5880 );
#4274 = LINE( '', #5881, #5882 );
#4275 = CIRCLE( '', #5883, 1.67376784975533 );
#4276 = FILL_AREA_STYLE_COLOUR( '', #5884 );
#4277 = FILL_AREA_STYLE_COLOUR( '', #5885 );
#4278 = LINE( '', #5886, #5887 );
#4279 = LINE( '', #5888, #5889 );
#4280 = FILL_AREA_STYLE_COLOUR( '', #5890 );
#4281 = VERTEX_POINT( '', #5891 );
#4282 = LINE( '', #5892, #5893 );
#4283 = LINE( '', #5894, #5895 );
#4284 = FILL_AREA_STYLE_COLOUR( '', #5896 );
#4285 = FILL_AREA_STYLE_COLOUR( '', #5897 );
#4286 = FILL_AREA_STYLE_COLOUR( '', #5898 );
#4287 = FILL_AREA_STYLE_COLOUR( '', #5899 );
#4288 = FILL_AREA_STYLE_COLOUR( '', #5900 );
#4289 = FILL_AREA_STYLE_COLOUR( '', #5901 );
#4290 = B_SPLINE_CURVE_WITH_KNOTS( '', 3, ( #5902, #5903, #5904, #5905, #5906, #5907, #5908 ), .UNSPECIFIED., .F., .F., ( 4, 3, 4 ), ( 0.914412539102948, 0.956937995423062, 1.00000000000000 ), .UNSPECIFIED. );
#4291 = FILL_AREA_STYLE_COLOUR( '', #5909 );
#4292 = VERTEX_POINT( '', #5910 );
#4293 = B_SPLINE_CURVE_WITH_KNOTS( '', 3, ( #5911, #5912, #5913, #5914 ), .UNSPECIFIED., .F., .F., ( 4, 4 ), ( 0.475588125313073, 0.492926542882375 ), .UNSPECIFIED. );
#4294 = LINE( '', #5915, #5916 );
#4295 = FILL_AREA_STYLE_COLOUR( '', #5917 );
#4296 = VERTEX_POINT( '', #5918 );
#4297 = B_SPLINE_CURVE_WITH_KNOTS( '', 3, ( #5919, #5920, #5921, #5922, #5923, #5924, #5925, #5926, #5927, #5928, #5929, #5930, #5931, #5932, #5933, #5934, #5935, #5936, #5937, #5938, #5939, #5940 ), .UNSPECIFIED., .T., .F., ( 4, 3, 2, 3, 2, 3, 2, 3, 4 ), ( 0.000000000000000, 0.126715206979919, 0.250194549029151, 0.372374108530497, 0.502494261125843, 0.626788138231845, 0.749446225028281, 0.872104311824715, 1.00000000000000 ), .UNSPECIFIED. );
#4298 = FILL_AREA_STYLE_COLOUR( '', #5941 );
#4299 = FILL_AREA_STYLE_COLOUR( '', #5942 );
#4300 = VERTEX_POINT( '', #5943 );
#4301 = B_SPLINE_CURVE_WITH_KNOTS( '', 3, ( #5944, #5945, #5946, #5947 ), .UNSPECIFIED., .F., .F., ( 4, 4 ), ( 0.982997381215530, 1.00000000000000 ), .UNSPECIFIED. );
#4302 = LINE( '', #5948, #5949 );
#4303 = FILL_AREA_STYLE_COLOUR( '', #5950 );
#4304 = FILL_AREA_STYLE_COLOUR( '', #5951 );
#4305 = B_SPLINE_CURVE_WITH_KNOTS( '', 3, ( #5952, #5953, #5954, #5955, #5956, #5957, #5958 ), .UNSPECIFIED., .F., .F., ( 4, 3, 4 ), ( 0.665616877284601, 0.724429101550196, 1.00000000000000 ), .UNSPECIFIED. );
#4306 = FILL_AREA_STYLE_COLOUR( '', #5959 );
#4307 = B_SPLINE_CURVE_WITH_KNOTS( '', 3, ( #5960, #5961, #5962, #5963, #5964, #5965, #5966, #5967, #5968, #5969, #5970, #5971, #5972, #5973, #5974, #5975, #5976, #5977 ), .UNSPECIFIED., .F., .F., ( 4, 3, 3, 2, 3, 3, 4 ), ( 0.180405419971693, 0.221891990640335, 0.267736136059066, 0.313996537028402, 0.348209958578641, 0.400075885961993, 0.437289343007607 ), .UNSPECIFIED. );
#4308 = B_SPLINE_CURVE_WITH_KNOTS( '', 3, ( #5978, #5979, #5980, #5981 ), .UNSPECIFIED., .F., .F., ( 4, 4 ), ( 0.679572590707668, 0.699087214453069 ), .UNSPECIFIED. );
#4309 = B_SPLINE_CURVE_WITH_KNOTS( '', 3, ( #5982, #5983, #5984, #5985 ), .UNSPECIFIED., .F., .F., ( 4, 4 ), ( 0.000000000000000, 0.125852717473281 ), .UNSPECIFIED. );
#4310 = B_SPLINE_CURVE_WITH_KNOTS( '', 1, ( #5986, #5987 ), .UNSPECIFIED., .F., .F., ( 2, 2 ), ( 0.782578875171468, 0.806584362139918 ), .UNSPECIFIED. );
#4311 = B_SPLINE_CURVE_WITH_KNOTS( '', 3, ( #5988, #5989, #5990, #5991 ), .UNSPECIFIED., .F., .F., ( 4, 4 ), ( 0.125870242930990, 0.142729134326569 ), .UNSPECIFIED. );
#4312 = B_SPLINE_CURVE_WITH_KNOTS( '', 3, ( #5992, #5993, #5994, #5995, #5996, #5997, #5998, #5999, #6000, #6001, #6002, #6003, #6004, #6005 ), .UNSPECIFIED., .F., .F., ( 4, 2, 3, 2, 3, 4 ), ( 0.492926542882375, 0.579880136203625, 0.632229748509274, 0.682030015720584, 0.708031925149499, 0.878631077014887 ), .UNSPECIFIED. );
#4313 = LINE( '', #6006, #6007 );
#4314 = FILL_AREA_STYLE_COLOUR( '', #6008 );
#4315 = CIRCLE( '', #6009, 0.408183826365675 );
#4316 = FILL_AREA_STYLE_COLOUR( '', #6010 );
#4317 = FILL_AREA_STYLE_COLOUR( '', #6011 );
#4318 = FILL_AREA_STYLE_COLOUR( '', #6012 );
#4319 = FILL_AREA_STYLE_COLOUR( '', #6013 );
#4320 = LINE( '', #6014, #6015 );
#4321 = FILL_AREA_STYLE_COLOUR( '', #6016 );
#4322 = FILL_AREA_STYLE_COLOUR( '', #6017 );
#4323 = FILL_AREA_STYLE_COLOUR( '', #6018 );
#4324 = FILL_AREA_STYLE_COLOUR( '', #6019 );
#4325 = FILL_AREA_STYLE_COLOUR( '', #6020 );
#4326 = VERTEX_POINT( '', #6021 );
#4327 = CIRCLE( '', #6022, 1.67375443943894 );
#4328 = LINE( '', #6023, #6024 );
#4329 = FILL_AREA_STYLE_COLOUR( '', #6025 );
#4330 = CIRCLE( '', #6026, 1.67376784975533 );
#4331 = FILL_AREA_STYLE_COLOUR( '', #6027 );
#4332 = FILL_AREA_STYLE_COLOUR( '', #6028 );
#4333 = FILL_AREA_STYLE_COLOUR( '', #6029 );
#4334 = LINE( '', #6030, #6031 );
#4335 = FILL_AREA_STYLE_COLOUR( '', #6032 );
#4336 = FILL_AREA_STYLE_COLOUR( '', #6033 );
#4337 = FILL_AREA_STYLE_COLOUR( '', #6034 );
#4338 = COLOUR_RGB( '', 0.800000011920929, 0.800000011920929, 0.800000011920929 );
#4339 = CARTESIAN_POINT( '', ( -2.47417300446066E-016, -2.54937460888595, -12.9740566037736 ) );
#4340 = CARTESIAN_POINT( '', ( -1.05000000000000, -2.54937460888595, -12.9740566037736 ) );
#4341 = CARTESIAN_POINT( '', ( -1.25000000000000, -2.54937460888595, -12.9740566037736 ) );
#4342 = VECTOR( '', #6035, 1000.00000000000 );
#4343 = CARTESIAN_POINT( '', ( -1.05000000000000, -2.05000000000000, -13.4490566037736 ) );
#4344 = AXIS2_PLACEMENT_3D( '', #6036, #6037, #6038 );
#4345 = CARTESIAN_POINT( '', ( -1.25522151266794E-016, -2.05000000000000, -13.4490566037736 ) );
#4346 = CARTESIAN_POINT( '', ( -1.25000000000000, -2.05000000000000, -13.4490566037736 ) );
#4347 = VECTOR( '', #6039, 1000.00000000000 );
#4348 = AXIS2_PLACEMENT_3D( '', #6040, #6041, #6042 );
#4349 = COLOUR_RGB( '', 0.899999976158142, 0.899999976158142, 0.899999976158142 );
#4350 = CARTESIAN_POINT( '', ( 4.65000000000000, -0.422300569449801, 2.34608162359154 ) );
#4351 = CARTESIAN_POINT( '', ( 4.65000000000000, -0.528930781343171, 2.34608162359154 ) );
#4352 = CARTESIAN_POINT( '', ( 4.65000000000000, -0.422300569449801, 2.34608162359154 ) );
#4353 = CARTESIAN_POINT( '', ( 4.65000000000000, -0.457843973414258, 2.34608162359154 ) );
#4354 = CARTESIAN_POINT( '', ( 4.65000000000000, -0.493387377378714, 2.34608162359154 ) );
#4355 = CARTESIAN_POINT( '', ( 4.65000000000000, -0.528930781343171, 2.34608162359154 ) );
#4356 = CARTESIAN_POINT( '', ( 4.67000000000000, -0.422300569449801, 2.34608162359154 ) );
#4357 = CARTESIAN_POINT( '', ( 4.67000000000000, -0.422300569449801, 2.34608162359154 ) );
#4358 = VECTOR( '', #6043, 1000.00000000000 );
#4359 = CARTESIAN_POINT( '', ( 4.67000000000000, -0.528930781343171, 2.34608162359154 ) );
#4360 = CARTESIAN_POINT( '', ( 4.67000000000000, -0.422300569449801, 2.34608162359154 ) );
#4361 = CARTESIAN_POINT( '', ( 4.67000000000000, -0.457843973414258, 2.34608162359154 ) );
#4362 = CARTESIAN_POINT( '', ( 4.67000000000000, -0.493387377378714, 2.34608162359154 ) );
#4363 = CARTESIAN_POINT( '', ( 4.67000000000000, -0.528930781343171, 2.34608162359154 ) );
#4364 = CARTESIAN_POINT( '', ( 4.67000000000000, -0.528930781343171, 2.34608162359154 ) );
#4365 = VECTOR( '', #6044, 1000.00000000000 );
#4366 = COLOUR_RGB( '', 0.200000002980232, 0.200000002980232, 0.200000002980232 );
#4367 = CARTESIAN_POINT( '', ( 4.55000000000000, 5.08000000000000, -4.43500000000000 ) );
#4368 = CARTESIAN_POINT( '', ( 1.97000000000000, 5.08000000000000, -4.43500000000000 ) );
#4369 = CARTESIAN_POINT( '', ( 4.65000000000000, 5.08000000000000, -4.43500000000000 ) );
#4370 = VECTOR( '', #6045, 1000.00000000000 );
#4371 = CARTESIAN_POINT( '', ( -4.33680868994202E-016, 5.08000000000000, -4.33590148741678 ) );
#4372 = CARTESIAN_POINT( '', ( 4.64323544813280, 5.08000000000000, -4.56947393740847 ) );
#4373 = VECTOR( '', #6046, 1000.00000000000 );
#4374 = CARTESIAN_POINT( '', ( -4.33680868994202E-016, 5.08000000000000, 4.39134903813533 ) );
#4375 = CARTESIAN_POINT( '', ( 3.11050013870884E-016, 5.08000000000000, -4.43500000000000 ) );
#4376 = VECTOR( '', #6047, 1000.00000000000 );
#4377 = CARTESIAN_POINT( '', ( 1.25000000000000, 5.08000000000000, 4.43500000000000 ) );
#4378 = CARTESIAN_POINT( '', ( 4.33648892438651, 5.08000000000000, 4.54278256826734 ) );
#4379 = VECTOR( '', #6048, 1000.00000000000 );
#4380 = CARTESIAN_POINT( '', ( 4.55000000000000, 5.08000000000000, 4.26655201953280 ) );
#4381 = CARTESIAN_POINT( '', ( 5.09275516311421, 5.08000000000000, 4.23884716767985 ) );
#4382 = VECTOR( '', #6049, 1000.00000000000 );
#4383 = CARTESIAN_POINT( '', ( 4.55000000000000, 5.08000000000000, -4.43500000000000 ) );
#4384 = VECTOR( '', #6050, 1000.00000000000 );
#4385 = COLOUR_RGB( '', 0.899999976158142, 0.899999976158142, 0.899999976158142 );
#4386 = CARTESIAN_POINT( '', ( 4.65000000000000, -0.524829619347272, 1.19775626473986 ) );
#4387 = CARTESIAN_POINT( '', ( 4.65000000000000, -0.520728457351374, 1.30131060513630 ) );
#4388 = CARTESIAN_POINT( '', ( 4.65000000000000, -0.524829619347272, 1.19775626473986 ) );
#4389 = CARTESIAN_POINT( '', ( 4.65000000000000, -0.523462565348639, 1.23227437820534 ) );
#4390 = CARTESIAN_POINT( '', ( 4.65000000000000, -0.522095511350007, 1.26679249167082 ) );
#4391 = CARTESIAN_POINT( '', ( 4.65000000000000, -0.520728457351374, 1.30131060513630 ) );
#4392 = CARTESIAN_POINT( '', ( 4.67000000000000, -0.524829619347272, 1.19775626473986 ) );
#4393 = CARTESIAN_POINT( '', ( 4.67000000000000, -0.524829619347272, 1.19775626473986 ) );
#4394 = VECTOR( '', #6051, 1000.00000000000 );
#4395 = CARTESIAN_POINT( '', ( 4.67000000000000, -0.520728457351374, 1.30131060513630 ) );
#4396 = CARTESIAN_POINT( '', ( 4.67000000000000, -0.524829619347272, 1.19775626473986 ) );
#4397 = CARTESIAN_POINT( '', ( 4.67000000000000, -0.523462565348639, 1.23227437820534 ) );
#4398 = CARTESIAN_POINT( '', ( 4.67000000000000, -0.522095511350007, 1.26679249167082 ) );
#4399 = CARTESIAN_POINT( '', ( 4.67000000000000, -0.520728457351374, 1.30131060513630 ) );
#4400 = CARTESIAN_POINT( '', ( 4.67000000000000, -0.520728457351374, 1.30131060513630 ) );
#4401 = VECTOR( '', #6052, 1000.00000000000 );
#4402 = COLOUR_RGB( '', 0.800000011920929, 0.800000011920929, 0.800000011920929 );
#4403 = CARTESIAN_POINT( '', ( 2.00000000000000, 4.33680868994202E-016, 1.67000000000000 ) );
#4404 = AXIS2_PLACEMENT_3D( '', #6053, #6054, #6055 );
#4405 = CARTESIAN_POINT( '', ( -2.62072042025229, 4.33680868994202E-016, 2.47000000000000 ) );
#4406 = AXIS2_PLACEMENT_3D( '', #6056, #6057, #6058 );
#4407 = COLOUR_RGB( '', 0.800000011920929, 0.800000011920929, 0.800000011920929 );
#4408 = CARTESIAN_POINT( '', ( 5.00000000000000, -0.799999999999991, -5.31259064517897E-015 ) );
#4409 = CARTESIAN_POINT( '', ( 5.00000000000000, 0.800000000000009, -5.25838053655470E-015 ) );
#4410 = CARTESIAN_POINT( '', ( 5.00000000000000, -0.799999999999991, -5.31259064517897E-015 ) );
#4411 = VECTOR( '', #6059, 1000.00000000000 );
#4412 = CARTESIAN_POINT( '', ( 5.00000000000000, -0.799999999999991, -0.300000000000005 ) );
#4413 = CARTESIAN_POINT( '', ( 5.00000000000000, -0.799999999999991, -0.300000000000005 ) );
#4414 = VECTOR( '', #6060, 1000.00000000000 );
#4415 = CARTESIAN_POINT( '', ( 5.00000000000000, 0.800000000000009, -0.300000000000005 ) );
#4416 = CARTESIAN_POINT( '', ( 5.00000000000000, -0.799999999999991, -0.300000000000005 ) );
#4417 = VECTOR( '', #6061, 1000.00000000000 );
#4418 = CARTESIAN_POINT( '', ( 5.00000000000000, 0.800000000000009, -0.300000000000005 ) );
#4419 = VECTOR( '', #6062, 1000.00000000000 );
#4420 = COLOUR_RGB( '', 0.800000011920929, 0.800000011920929, 0.800000011920929 );
#4421 = CARTESIAN_POINT( '', ( 2.34045972155615E-016, 3.82238702951498, -5.34905660377359 ) );
#4422 = CARTESIAN_POINT( '', ( -2.34045972155615E-016, -3.82238702951498, -5.34905660377359 ) );
#4423 = CARTESIAN_POINT( '', ( 2.38798238995363E-016, 3.90000000000000, -5.34905660377359 ) );
#4424 = VECTOR( '', #6063, 1000.00000000000 );
#4425 = CARTESIAN_POINT( '', ( -1.25000000000000, 3.82238702951498, -5.34905660377359 ) );
#4426 = CARTESIAN_POINT( '', ( -1.25000000000000, 3.82238702951498, -5.34905660377359 ) );
#4427 = VECTOR( '', #6064, 1000.00000000000 );
#4428 = CARTESIAN_POINT( '', ( -1.25000000000000, -3.82238702951498, -5.34905660377359 ) );
#4429 = CARTESIAN_POINT( '', ( -1.25000000000000, 3.90000000000000, -5.34905660377359 ) );
#4430 = VECTOR( '', #6065, 1000.00000000000 );
#4431 = CARTESIAN_POINT( '', ( -1.25000000000000, -3.82238702951498, -5.34905660377359 ) );
#4432 = VECTOR( '', #6066, 1000.00000000000 );
#4433 = COLOUR_RGB( '', 0.200000002980232, 0.200000002980232, 0.200000002980232 );
#4434 = CARTESIAN_POINT( '', ( -3.11050013870884E-016, -5.08000000000000, 4.39134903813533 ) );
#4435 = CARTESIAN_POINT( '', ( -4.33680868994202E-016, -5.08000000000000, -4.33590148741678 ) );
#4436 = CARTESIAN_POINT( '', ( -3.11050013870884E-016, -5.08000000000000, 4.43500000000000 ) );
#4437 = VECTOR( '', #6067, 1000.00000000000 );
#4438 = CARTESIAN_POINT( '', ( 1.97000000000000, -5.08000000000000, -4.43500000000000 ) );
#4439 = CARTESIAN_POINT( '', ( 1.97000000000000, -5.08000000000000, -4.43500000000000 ) );
#4440 = VECTOR( '', #6068, 1000.00000000000 );
#4441 = CARTESIAN_POINT( '', ( 4.55000000000000, -5.08000000000000, -4.43500000000000 ) );
#4442 = CARTESIAN_POINT( '', ( 4.65000000000000, -5.08000000000000, -4.43500000000000 ) );
#4443 = VECTOR( '', #6069, 1000.00000000000 );
#4444 = CARTESIAN_POINT( '', ( 4.55000000000000, -5.08000000000000, 4.26655201953279 ) );
#4445 = CARTESIAN_POINT( '', ( 4.55000000000000, -5.08000000000000, 4.26144753527622 ) );
#4446 = VECTOR( '', #6070, 1000.00000000000 );
#4447 = CARTESIAN_POINT( '', ( 1.25000000000000, -5.08000000000000, 4.43500000000000 ) );
#4448 = CARTESIAN_POINT( '', ( 1.25000000000000, -5.08000000000000, 4.43500000000000 ) );
#4449 = VECTOR( '', #6071, 1000.00000000000 );
#4450 = CARTESIAN_POINT( '', ( 1.25000000000000, -5.08000000000000, 4.43500000000000 ) );
#4451 = VECTOR( '', #6072, 1000.00000000000 );
#4452 = COLOUR_RGB( '', 0.800000011920929, 0.800000011920929, 0.800000011920929 );
#4453 = CARTESIAN_POINT( '', ( -1.25000000000000, -5.25000000000000, -6.67076667206465 ) );
#4454 = CARTESIAN_POINT( '', ( -1.25000000000000, -5.18490935681229, -6.52312025170678 ) );
#4455 = AXIS2_PLACEMENT_3D( '', #6073, #6074, #6075 );
#4456 = CARTESIAN_POINT( '', ( -3.21459167878374E-016, -5.25000000000000, -6.67076667206465 ) );
#4457 = CARTESIAN_POINT( '', ( -1.25000000000000, -5.25000000000000, -6.67076667206465 ) );
#4458 = VECTOR( '', #6076, 1000.00000000000 );
#4459 = CARTESIAN_POINT( '', ( -3.17473647117272E-016, -5.18490935681229, -6.52312025170678 ) );
#4460 = AXIS2_PLACEMENT_3D( '', #6077, #6078, #6079 );
#4461 = CARTESIAN_POINT( '', ( -1.25000000000000, -5.18490935681229, -6.52312025170678 ) );
#4462 = VECTOR( '', #6080, 1000.00000000000 );
#4463 = COLOUR_RGB( '', 0.200000002980232, 0.200000002980232, 0.200000002980232 );
#4464 = CARTESIAN_POINT( '', ( 2.77000000000000, 2.54000000000000, 3.56500000000000 ) );
#4465 = AXIS2_PLACEMENT_3D( '', #6081, #6082, #6083 );
#4466 = COLOUR_RGB( '', 0.899999976158142, 0.899999976158142, 0.899999976158142 );
#4467 = CARTESIAN_POINT( '', ( 4.65000000000000, -4.64854800622355, 1.20083213623678 ) );
#4468 = CARTESIAN_POINT( '', ( 4.65000000000000, -4.64854800622355, 2.68340219775421 ) );
#4469 = CARTESIAN_POINT( '', ( 4.65000000000000, -4.64854800622355, 1.20083213623678 ) );
#4470 = CARTESIAN_POINT( '', ( 4.65000000000000, -4.64854800622355, 1.69502215674260 ) );
#4471 = CARTESIAN_POINT( '', ( 4.65000000000000, -4.64854800622355, 2.18921217724841 ) );
#4472 = CARTESIAN_POINT( '', ( 4.65000000000000, -4.64854800622355, 2.68340219775421 ) );
#4473 = CARTESIAN_POINT( '', ( 4.67000000000000, -4.64854800622355, 1.20083213623678 ) );
#4474 = CARTESIAN_POINT( '', ( 4.67000000000000, -4.64854800622355, 1.20083213623678 ) );
#4475 = VECTOR( '', #6084, 1000.00000000000 );
#4476 = CARTESIAN_POINT( '', ( 4.67000000000000, -4.64854800622355, 2.68340219775421 ) );
#4477 = CARTESIAN_POINT( '', ( 4.67000000000000, -4.64854800622355, 1.20083213623678 ) );
#4478 = CARTESIAN_POINT( '', ( 4.67000000000000, -4.64854800622355, 1.69502215674260 ) );
#4479 = CARTESIAN_POINT( '', ( 4.67000000000000, -4.64854800622355, 2.18921217724841 ) );
#4480 = CARTESIAN_POINT( '', ( 4.67000000000000, -4.64854800622355, 2.68340219775421 ) );
#4481 = CARTESIAN_POINT( '', ( 4.67000000000000, -4.64854800622355, 2.68340219775421 ) );
#4482 = VECTOR( '', #6085, 1000.00000000000 );
#4483 = COLOUR_RGB( '', 0.899999976158142, 0.899999976158142, 0.899999976158142 );
#4484 = CARTESIAN_POINT( '', ( 4.65000000000000, -2.56925887430284, 2.57574669536187 ) );
#4485 = CARTESIAN_POINT( '', ( 4.65000000000000, -2.89837712447373, 2.57574669536187 ) );
#4486 = CARTESIAN_POINT( '', ( 4.65000000000000, -2.56925887430284, 2.57574669536187 ) );
#4487 = CARTESIAN_POINT( '', ( 4.65000000000000, -2.89837712447373, 2.57574669536187 ) );
#4488 = CARTESIAN_POINT( '', ( 4.67000000000000, -2.56925887430284, 2.57574669536187 ) );
#4489 = CARTESIAN_POINT( '', ( 4.67000000000000, -2.56925887430284, 2.57574669536187 ) );
#4490 = VECTOR( '', #6086, 1000.00000000000 );
#4491 = CARTESIAN_POINT( '', ( 4.67000000000000, -2.89837712447373, 2.57574669536187 ) );
#4492 = CARTESIAN_POINT( '', ( 4.67000000000000, -2.56925887430284, 2.57574669536187 ) );
#4493 = CARTESIAN_POINT( '', ( 4.67000000000000, -2.89837712447373, 2.57574669536187 ) );
#4494 = CARTESIAN_POINT( '', ( 4.67000000000000, -2.89837712447373, 2.57574669536187 ) );
#4495 = VECTOR( '', #6087, 1000.00000000000 );
#4496 = COLOUR_RGB( '', 0.899999976158142, 0.899999976158142, 0.899999976158142 );
#4497 = CARTESIAN_POINT( '', ( 4.67000000000000, 3.46457571216333, 2.02516569741245 ) );
#4498 = CARTESIAN_POINT( '', ( 4.67000000000000, 3.65322916397467, 1.63350472680411 ) );
#4499 = CARTESIAN_POINT( '', ( 4.67000000000000, 3.46457571216333, 2.02516569741245 ) );
#4500 = CARTESIAN_POINT( '', ( 4.67000000000000, 3.52814372309975, 1.99748285394014 ) );
#4501 = CARTESIAN_POINT( '', ( 4.67000000000000, 3.57735766705055, 1.94211716699550 ) );
#4502 = CARTESIAN_POINT( '', ( 4.67000000000000, 3.61221754401568, 1.85906863657855 ) );
#4503 = CARTESIAN_POINT( '', ( 4.67000000000000, 3.63999432041307, 1.79289455163183 ) );
#4504 = CARTESIAN_POINT( '', ( 4.67000000000000, 3.65322916397467, 1.71655325722106 ) );
#4505 = CARTESIAN_POINT( '', ( 4.67000000000000, 3.65322916397467, 1.63350472680411 ) );
#4506 = CARTESIAN_POINT( '', ( 4.67000000000000, 3.01959963560830, 2.68340219775421 ) );
#4507 = CARTESIAN_POINT( '', ( 4.67000000000000, 3.01959963560830, 2.68340219775421 ) );
#4508 = CARTESIAN_POINT( '', ( 4.67000000000000, 3.09136997053653, 2.68340219775421 ) );
#4509 = CARTESIAN_POINT( '', ( 4.67000000000000, 3.16314030546476, 2.68340219775421 ) );
#4510 = CARTESIAN_POINT( '', ( 4.67000000000000, 3.23491064039299, 2.68340219775421 ) );
#4511 = CARTESIAN_POINT( '', ( 4.67000000000000, 3.39793182972997, 2.68340219775421 ) );
#4512 = CARTESIAN_POINT( '', ( 4.67000000000000, 3.51173907511616, 2.62188476781573 ) );
#4513 = CARTESIAN_POINT( '', ( 4.67000000000000, 3.57428179555362, 2.49782461743979 ) );
#4514 = CARTESIAN_POINT( '', ( 4.67000000000000, 3.59967082932667, 2.44746276356210 ) );
#4515 = CARTESIAN_POINT( '', ( 4.67000000000000, 3.61324283451466, 2.40042202003720 ) );
#4516 = CARTESIAN_POINT( '', ( 4.67000000000000, 3.61324283451466, 2.28969064614793 ) );
#4517 = CARTESIAN_POINT( '', ( 4.67000000000000, 3.60606580102184, 2.23432495920329 ) );
#4518 = CARTESIAN_POINT( '', ( 4.67000000000000, 3.59273702453516, 2.19126275824635 ) );
#4519 = CARTESIAN_POINT( '', ( 4.67000000000000, 3.57249907368757, 2.12587860935416 ) );
#4520 = CARTESIAN_POINT( '', ( 4.67000000000000, 3.53019430409771, 2.07027847936734 ) );
#4521 = CARTESIAN_POINT( '', ( 4.67000000000000, 3.46457571216333, 2.02516569741245 ) );
#4522 = CARTESIAN_POINT( '', ( 4.67000000000000, 3.01959963560830, 2.57882256685880 ) );
#4523 = CARTESIAN_POINT( '', ( 4.67000000000000, 3.01959963560830, 2.57882256685880 ) );
#4524 = CARTESIAN_POINT( '', ( 4.67000000000000, 3.01959963560830, 2.61368244382394 ) );
#4525 = CARTESIAN_POINT( '', ( 4.67000000000000, 3.01959963560830, 2.64854232078907 ) );
#4526 = CARTESIAN_POINT( '', ( 4.67000000000000, 3.01959963560830, 2.68340219775421 ) );
#4527 = CARTESIAN_POINT( '', ( 4.67000000000000, 3.12110339500679, 2.07232906036529 ) );
#4528 = CARTESIAN_POINT( '', ( 4.67000000000000, 3.12110339500679, 2.07232906036529 ) );
#4529 = CARTESIAN_POINT( '', ( 4.67000000000000, 3.17168439295622, 2.07232906036529 ) );
#4530 = CARTESIAN_POINT( '', ( 4.67000000000000, 3.22226539090563, 2.07232906036529 ) );
#4531 = CARTESIAN_POINT( '', ( 4.67000000000000, 3.27284638885505, 2.07232906036529 ) );
#4532 = CARTESIAN_POINT( '', ( 4.67000000000000, 3.35897079076893, 2.07232906036529 ) );
#4533 = CARTESIAN_POINT( '', ( 4.67000000000000, 3.42561467320228, 2.10821422782940 ) );
#4534 = CARTESIAN_POINT( '', ( 4.67000000000000, 3.47380332665410, 2.18100985325660 ) );
#4535 = CARTESIAN_POINT( '', ( 4.67000000000000, 3.48918381549375, 2.20424420873778 ) );
#4536 = CARTESIAN_POINT( '', ( 4.67000000000000, 3.49943558912846, 2.22919850670842 ) );
#4537 = CARTESIAN_POINT( '', ( 4.67000000000000, 3.50456204162334, 2.25893193117868 ) );
#4538 = CARTESIAN_POINT( '', ( 4.67000000000000, 3.50685296208006, 2.27221926982764 ) );
#4539 = CARTESIAN_POINT( '', ( 4.67000000000000, 3.50763791312026, 2.30507000363255 ) );
#4540 = CARTESIAN_POINT( '', ( 4.67000000000000, 3.50763791312026, 2.42092783001669 ) );
#4541 = CARTESIAN_POINT( '', ( 4.67000000000000, 3.47892977914897, 2.47526822646235 ) );
#4542 = CARTESIAN_POINT( '', ( 4.67000000000000, 3.42048822070741, 2.52038100841723 ) );
#4543 = CARTESIAN_POINT( '', ( 4.67000000000000, 3.36887705463144, 2.56022120679167 ) );
#4544 = CARTESIAN_POINT( '', ( 4.67000000000000, 3.30873155631916, 2.57882256685880 ) );
#4545 = CARTESIAN_POINT( '', ( 4.67000000000000, 3.24003709288786, 2.57882256685880 ) );
#4546 = CARTESIAN_POINT( '', ( 4.67000000000000, 3.16655794046134, 2.57882256685880 ) );
#4547 = CARTESIAN_POINT( '', ( 4.67000000000000, 3.09307878803482, 2.57882256685880 ) );
#4548 = CARTESIAN_POINT( '', ( 4.67000000000000, 3.01959963560830, 2.57882256685880 ) );
#4549 = CARTESIAN_POINT( '', ( 4.67000000000000, 3.12110339500679, 1.96774942946987 ) );
#4550 = CARTESIAN_POINT( '', ( 4.67000000000000, 3.12110339500679, 1.96774942946987 ) );
#4551 = CARTESIAN_POINT( '', ( 4.67000000000000, 3.12110339500679, 2.00260930643501 ) );
#4552 = CARTESIAN_POINT( '', ( 4.67000000000000, 3.12110339500679, 2.03746918340015 ) );
#4553 = CARTESIAN_POINT( '', ( 4.67000000000000, 3.12110339500679, 2.07232906036529 ) );
#4554 = CARTESIAN_POINT( '', ( 4.67000000000000, 3.02165021660625, 1.30951292912810 ) );
#4555 = CARTESIAN_POINT( '', ( 4.67000000000000, 3.02165021660625, 1.30951292912810 ) );
#4556 = CARTESIAN_POINT( '', ( 4.67000000000000, 3.09683818653106, 1.30951292912810 ) );
#4557 = CARTESIAN_POINT( '', ( 4.67000000000000, 3.17202615645587, 1.30951292912810 ) );
#4558 = CARTESIAN_POINT( '', ( 4.67000000000000, 3.24721412638069, 1.30951292912810 ) );
#4559 = CARTESIAN_POINT( '', ( 4.67000000000000, 3.33846498078944, 1.30951292912810 ) );
#4560 = CARTESIAN_POINT( '', ( 4.67000000000000, 3.41126060621664, 1.34232222509529 ) );
#4561 = CARTESIAN_POINT( '', ( 4.67000000000000, 3.46765158366025, 1.40589023603172 ) );
#4562 = CARTESIAN_POINT( '', ( 4.67000000000000, 3.52167001888793, 1.46678374483384 ) );
#4563 = CARTESIAN_POINT( '', ( 4.67000000000000, 3.54762424258027, 1.54430445339331 ) );
#4564 = CARTESIAN_POINT( '', ( 4.67000000000000, 3.54762424258027, 1.73193261470569 ) );
#4565 = CARTESIAN_POINT( '', ( 4.67000000000000, 3.52506785160283, 1.80882940212879 ) );
#4566 = CARTESIAN_POINT( '', ( 4.67000000000000, 3.47995506964795, 1.86829625106932 ) );
#4567 = CARTESIAN_POINT( '', ( 4.67000000000000, 3.43026291473236, 1.93379954618533 ) );
#4568 = CARTESIAN_POINT( '', ( 4.67000000000000, 3.36204666226585, 1.96774942946987 ) );
#4569 = CARTESIAN_POINT( '', ( 4.67000000000000, 3.27079580785710, 1.96774942946987 ) );
#4570 = CARTESIAN_POINT( '', ( 4.67000000000000, 3.22089833690700, 1.96774942946987 ) );
#4571 = CARTESIAN_POINT( '', ( 4.67000000000000, 3.17100086595690, 1.96774942946987 ) );
#4572 = CARTESIAN_POINT( '', ( 4.67000000000000, 3.12110339500679, 1.96774942946987 ) );
#4573 = CARTESIAN_POINT( '', ( 4.67000000000000, 3.02165021660625, 1.20493329823268 ) );
#4574 = CARTESIAN_POINT( '', ( 4.67000000000000, 3.02165021660625, 1.20493329823268 ) );
#4575 = CARTESIAN_POINT( '', ( 4.67000000000000, 3.02165021660625, 1.23979317519782 ) );
#4576 = CARTESIAN_POINT( '', ( 4.67000000000000, 3.02165021660625, 1.27465305216296 ) );
#4577 = CARTESIAN_POINT( '', ( 4.67000000000000, 3.02165021660625, 1.30951292912810 ) );
#4578 = CARTESIAN_POINT( '', ( 4.67000000000000, 3.65322916397467, 1.63350472680411 ) );
#4579 = CARTESIAN_POINT( '', ( 4.67000000000000, 3.65322916397467, 1.50739399543022 ) );
#4580 = CARTESIAN_POINT( '', ( 4.67000000000000, 3.61836928700953, 1.40486494553275 ) );
#4581 = CARTESIAN_POINT( '', ( 4.67000000000000, 3.54864953307925, 1.32694286761067 ) );
#4582 = CARTESIAN_POINT( '', ( 4.67000000000000, 3.47552423732238, 1.24521459588240 ) );
#4583 = CARTESIAN_POINT( '', ( 4.67000000000000, 3.37742601975048, 1.20493329823268 ) );
#4584 = CARTESIAN_POINT( '', ( 4.67000000000000, 3.25336586937453, 1.20493329823268 ) );
#4585 = CARTESIAN_POINT( '', ( 4.67000000000000, 3.17612731845177, 1.20493329823268 ) );
#4586 = CARTESIAN_POINT( '', ( 4.67000000000000, 3.09888876752901, 1.20493329823268 ) );
#4587 = CARTESIAN_POINT( '', ( 4.67000000000000, 3.02165021660625, 1.20493329823268 ) );
#4588 = COLOUR_RGB( '', 0.899999976158142, 0.899999976158142, 0.899999976158142 );
#4589 = CARTESIAN_POINT( '', ( 4.65000000000000, 1.95227222617562, 1.19673097424089 ) );
#4590 = CARTESIAN_POINT( '', ( 4.65000000000000, 1.84461672378328, 1.19775626473986 ) );
#4591 = CARTESIAN_POINT( '', ( 4.65000000000000, 1.95227222617562, 1.19673097424088 ) );
#4592 = CARTESIAN_POINT( '', ( 4.65000000000000, 1.84461672378328, 1.19775626473986 ) );
#4593 = CARTESIAN_POINT( '', ( 4.67000000000000, 1.95227222617562, 1.19673097424088 ) );
#4594 = CARTESIAN_POINT( '', ( 4.67000000000000, 1.95227222617562, 1.19673097424088 ) );
#4595 = VECTOR( '', #6088, 1000.00000000000 );
#4596 = CARTESIAN_POINT( '', ( 4.67000000000000, 1.84461672378328, 1.19775626473986 ) );
#4597 = CARTESIAN_POINT( '', ( 4.67000000000000, 1.95227222617562, 1.19673097424088 ) );
#4598 = CARTESIAN_POINT( '', ( 4.67000000000000, 1.84461672378328, 1.19775626473986 ) );
#4599 = CARTESIAN_POINT( '', ( 4.67000000000000, 1.84461672378328, 1.19775626473986 ) );
#4600 = VECTOR( '', #6089, 1000.00000000000 );
#4601 = COLOUR_RGB( '', 0.899999976158142, 0.899999976158142, 0.899999976158142 );
#4602 = CARTESIAN_POINT( '', ( 4.65000000000000, 3.12110339500679, 2.07232906036529 ) );
#4603 = CARTESIAN_POINT( '', ( 4.65000000000000, 3.01959963560830, 2.57882256685880 ) );
#4604 = CARTESIAN_POINT( '', ( 4.65000000000000, 3.12110339500679, 2.07232906036529 ) );
#4605 = CARTESIAN_POINT( '', ( 4.65000000000000, 3.17168439295622, 2.07232906036529 ) );
#4606 = CARTESIAN_POINT( '', ( 4.65000000000000, 3.22226539090563, 2.07232906036529 ) );
#4607 = CARTESIAN_POINT( '', ( 4.65000000000000, 3.27284638885505, 2.07232906036529 ) );
#4608 = CARTESIAN_POINT( '', ( 4.65000000000000, 3.35897079076893, 2.07232906036529 ) );
#4609 = CARTESIAN_POINT( '', ( 4.65000000000000, 3.42561467320228, 2.10821422782940 ) );
#4610 = CARTESIAN_POINT( '', ( 4.65000000000000, 3.47380332665410, 2.18100985325660 ) );
#4611 = CARTESIAN_POINT( '', ( 4.65000000000000, 3.48918381549375, 2.20424420873778 ) );
#4612 = CARTESIAN_POINT( '', ( 4.65000000000000, 3.49943558912846, 2.22919850670842 ) );
#4613 = CARTESIAN_POINT( '', ( 4.65000000000000, 3.50456204162334, 2.25893193117868 ) );
#4614 = CARTESIAN_POINT( '', ( 4.65000000000000, 3.50685296208006, 2.27221926982764 ) );
#4615 = CARTESIAN_POINT( '', ( 4.65000000000000, 3.50763791312026, 2.30507000363255 ) );
#4616 = CARTESIAN_POINT( '', ( 4.65000000000000, 3.50763791312026, 2.42092783001669 ) );
#4617 = CARTESIAN_POINT( '', ( 4.65000000000000, 3.47892977914897, 2.47526822646235 ) );
#4618 = CARTESIAN_POINT( '', ( 4.65000000000000, 3.42048822070741, 2.52038100841723 ) );
#4619 = CARTESIAN_POINT( '', ( 4.65000000000000, 3.36887705463144, 2.56022120679167 ) );
#4620 = CARTESIAN_POINT( '', ( 4.65000000000000, 3.30873155631916, 2.57882256685880 ) );
#4621 = CARTESIAN_POINT( '', ( 4.65000000000000, 3.24003709288786, 2.57882256685880 ) );
#4622 = CARTESIAN_POINT( '', ( 4.65000000000000, 3.16655794046134, 2.57882256685880 ) );
#4623 = CARTESIAN_POINT( '', ( 4.65000000000000, 3.09307878803482, 2.57882256685880 ) );
#4624 = CARTESIAN_POINT( '', ( 4.65000000000000, 3.01959963560830, 2.57882256685880 ) );
#4625 = CARTESIAN_POINT( '', ( 4.67000000000000, 3.12110339500679, 2.07232906036529 ) );
#4626 = VECTOR( '', #6090, 1000.00000000000 );
#4627 = CARTESIAN_POINT( '', ( 4.67000000000000, 3.01959963560830, 2.57882256685880 ) );
#4628 = VECTOR( '', #6091, 1000.00000000000 );
#4629 = COLOUR_RGB( '', 0.800000011920929, 0.800000011920929, 0.800000011920929 );
#4630 = CARTESIAN_POINT( '', ( 2.32675207226252E-016, 3.80000000000000, -11.9990566037736 ) );
#4631 = CARTESIAN_POINT( '', ( 2.32675207226252E-016, 3.80000000000000, -8.29905660377359 ) );
#4632 = CARTESIAN_POINT( '', ( 2.32675207226252E-016, 3.80000000000000, -13.4490566037736 ) );
#4633 = VECTOR( '', #6092, 1000.00000000000 );
#4634 = CARTESIAN_POINT( '', ( -1.25000000000000, 3.80000000000000, -11.9990566037736 ) );
#4635 = CARTESIAN_POINT( '', ( -1.25000000000000, 3.80000000000000, -11.9990566037736 ) );
#4636 = VECTOR( '', #6093, 1000.00000000000 );
#4637 = CARTESIAN_POINT( '', ( -1.25000000000000, 3.80000000000000, -8.29905660377359 ) );
#4638 = CARTESIAN_POINT( '', ( -1.25000000000000, 3.80000000000000, -13.4490566037736 ) );
#4639 = VECTOR( '', #6094, 1000.00000000000 );
#4640 = CARTESIAN_POINT( '', ( -1.25000000000000, 3.80000000000000, -8.29905660377359 ) );
#4641 = VECTOR( '', #6095, 1000.00000000000 );
#4642 = COLOUR_RGB( '', 0.899999976158142, 0.899999976158142, 0.899999976158142 );
#4643 = CARTESIAN_POINT( '', ( 4.65000000000000, -2.56925887430284, 1.20083213623678 ) );
#4644 = CARTESIAN_POINT( '', ( 4.65000000000000, -2.56925887430284, 1.20083213623678 ) );
#4645 = CARTESIAN_POINT( '', ( 4.65000000000000, -2.56925887430284, 2.57574669536187 ) );
#4646 = CARTESIAN_POINT( '', ( 4.67000000000000, -2.56925887430284, 1.20083213623678 ) );
#4647 = CARTESIAN_POINT( '', ( 4.67000000000000, -2.56925887430284, 1.20083213623678 ) );
#4648 = VECTOR( '', #6096, 1000.00000000000 );
#4649 = CARTESIAN_POINT( '', ( 4.67000000000000, -2.56925887430284, 1.20083213623678 ) );
#4650 = CARTESIAN_POINT( '', ( 4.67000000000000, -2.56925887430284, 2.57574669536187 ) );
#4651 = COLOUR_RGB( '', 0.899999976158142, 0.899999976158142, 0.899999976158142 );
#4652 = CARTESIAN_POINT( '', ( 4.65000000000000, 0.0290124153681845, -3.05089355008528 ) );
#4653 = CARTESIAN_POINT( '', ( 4.65000000000000, -0.761241145647997, -1.72586566147733 ) );
#4654 = CARTESIAN_POINT( '', ( 4.65000000000000, 0.0290124153681845, -3.05089355008528 ) );
#4655 = VECTOR( '', #6097, 1000.00000000000 );
#4656 = CARTESIAN_POINT( '', ( 4.63000000000000, 0.0290124153681845, -3.05089355008528 ) );
#4657 = CARTESIAN_POINT( '', ( 4.63000000000000, 0.0290124153681845, -3.05089355008528 ) );
#4658 = VECTOR( '', #6098, 1000.00000000000 );
#4659 = CARTESIAN_POINT( '', ( 4.63000000000000, -0.761241145647997, -1.72586566147733 ) );
#4660 = CARTESIAN_POINT( '', ( 4.63000000000000, 0.0290124153681845, -3.05089355008528 ) );
#4661 = VECTOR( '', #6099, 1000.00000000000 );
#4662 = CARTESIAN_POINT( '', ( 4.63000000000000, -0.761241145647997, -1.72586566147733 ) );
#4663 = VECTOR( '', #6100, 1000.00000000000 );
#4664 = COLOUR_RGB( '', 0.800000011920929, 0.800000011920929, 0.800000011920929 );
#4665 = CARTESIAN_POINT( '', ( 2.11275559670958, -0.281812900350300, -0.300000000000000 ) );
#4666 = CARTESIAN_POINT( '', ( 3.32359495222288, -0.799999999999991, -0.300000000000000 ) );
#4667 = AXIS2_PLACEMENT_3D( '', #6101, #6102, #6103 );
#4668 = CARTESIAN_POINT( '', ( 2.11421912267973, 0.283338480969100, -0.300000000000000 ) );
#4669 = AXIS2_PLACEMENT_3D( '', #6104, #6105, #6106 );
#4670 = CARTESIAN_POINT( '', ( 3.32359495222288, 0.800000000000009, -0.300000000000000 ) );
#4671 = AXIS2_PLACEMENT_3D( '', #6107, #6108, #6109 );
#4672 = CARTESIAN_POINT( '', ( 5.00000000000000, 0.800000000000009, -0.300000000000005 ) );
#4673 = VECTOR( '', #6110, 1000.00000000000 );
#4674 = CARTESIAN_POINT( '', ( 3.32359495222288, -0.799999999999991, -0.300000000000000 ) );
#4675 = VECTOR( '', #6111, 1000.00000000000 );
#4676 = COLOUR_RGB( '', 0.899999976158142, 0.899999976158142, 0.899999976158142 );
#4677 = CARTESIAN_POINT( '', ( 4.65000000000000, 4.45603162467187, 2.57882256685880 ) );
#4678 = CARTESIAN_POINT( '', ( 4.65000000000000, 3.94543695618246, 2.57882256685880 ) );
#4679 = CARTESIAN_POINT( '', ( 4.65000000000000, 4.45603162467187, 2.57882256685880 ) );
#4680 = CARTESIAN_POINT( '', ( 4.65000000000000, 4.28583340184207, 2.57882256685880 ) );
#4681 = CARTESIAN_POINT( '', ( 4.65000000000000, 4.11563517901226, 2.57882256685880 ) );
#4682 = CARTESIAN_POINT( '', ( 4.65000000000000, 3.94543695618246, 2.57882256685880 ) );
#4683 = CARTESIAN_POINT( '', ( 4.67000000000000, 4.45603162467187, 2.57882256685880 ) );
#4684 = CARTESIAN_POINT( '', ( 4.67000000000000, 4.45603162467187, 2.57882256685880 ) );
#4685 = VECTOR( '', #6112, 1000.00000000000 );
#4686 = CARTESIAN_POINT( '', ( 4.67000000000000, 3.94543695618246, 2.57882256685880 ) );
#4687 = CARTESIAN_POINT( '', ( 4.67000000000000, 4.45603162467187, 2.57882256685880 ) );
#4688 = CARTESIAN_POINT( '', ( 4.67000000000000, 4.28583340184207, 2.57882256685880 ) );
#4689 = CARTESIAN_POINT( '', ( 4.67000000000000, 4.11563517901226, 2.57882256685880 ) );
#4690 = CARTESIAN_POINT( '', ( 4.67000000000000, 3.94543695618246, 2.57882256685880 ) );
#4691 = CARTESIAN_POINT( '', ( 4.67000000000000, 3.94543695618246, 2.57882256685880 ) );
#4692 = VECTOR( '', #6113, 1000.00000000000 );
#4693 = COLOUR_RGB( '', 0.899999976158142, 0.899999976158142, 0.899999976158142 );
#4694 = CARTESIAN_POINT( '', ( 4.65000000000000, -3.97185627690025, 1.34437280609324 ) );
#4695 = CARTESIAN_POINT( '', ( 4.65000000000000, -3.97185627690025, 1.34437280609324 ) );
#4696 = CARTESIAN_POINT( '', ( 4.65000000000000, -3.97185627690025, 1.30131060513630 ) );
#4697 = CARTESIAN_POINT( '', ( 4.65000000000000, -3.99236208687974, 1.26542543767219 ) );
#4698 = CARTESIAN_POINT( '', ( 4.65000000000000, -4.03234841633976, 1.23876788469885 ) );
#4699 = CARTESIAN_POINT( '', ( 4.65000000000000, -4.06831245230379, 1.21479186072282 ) );
#4700 = CARTESIAN_POINT( '', ( 4.65000000000000, -4.10821991326388, 1.20083213623678 ) );
#4701 = CARTESIAN_POINT( '', ( 4.65000000000000, -4.15230740471980, 1.20083213623678 ) );
#4702 = CARTESIAN_POINT( '', ( 4.65000000000000, -4.31772093855438, 1.20083213623678 ) );
#4703 = CARTESIAN_POINT( '', ( 4.65000000000000, -4.48313447238896, 1.20083213623678 ) );
#4704 = CARTESIAN_POINT( '', ( 4.65000000000000, -4.64854800622355, 1.20083213623678 ) );
#4705 = CARTESIAN_POINT( '', ( 4.67000000000000, -3.97185627690025, 1.34437280609324 ) );
#4706 = CARTESIAN_POINT( '', ( 4.67000000000000, -3.97185627690025, 1.34437280609324 ) );
#4707 = VECTOR( '', #6114, 1000.00000000000 );
#4708 = CARTESIAN_POINT( '', ( 4.67000000000000, -3.97185627690025, 1.34437280609324 ) );
#4709 = CARTESIAN_POINT( '', ( 4.67000000000000, -3.97185627690025, 1.30131060513630 ) );
#4710 = CARTESIAN_POINT( '', ( 4.67000000000000, -3.99236208687974, 1.26542543767219 ) );
#4711 = CARTESIAN_POINT( '', ( 4.67000000000000, -4.03234841633976, 1.23876788469885 ) );
#4712 = CARTESIAN_POINT( '', ( 4.67000000000000, -4.06831245230379, 1.21479186072282 ) );
#4713 = CARTESIAN_POINT( '', ( 4.67000000000000, -4.10821991326388, 1.20083213623678 ) );
#4714 = CARTESIAN_POINT( '', ( 4.67000000000000, -4.15230740471980, 1.20083213623678 ) );
#4715 = CARTESIAN_POINT( '', ( 4.67000000000000, -4.31772093855438, 1.20083213623678 ) );
#4716 = CARTESIAN_POINT( '', ( 4.67000000000000, -4.48313447238896, 1.20083213623678 ) );
#4717 = CARTESIAN_POINT( '', ( 4.67000000000000, -4.64854800622355, 1.20083213623678 ) );
#4718 = COLOUR_RGB( '', 0.899999976158142, 0.899999976158142, 0.899999976158142 );
#4719 = CARTESIAN_POINT( '', ( 4.65000000000000, -3.18955962618254, 2.50910281292852 ) );
#4720 = CARTESIAN_POINT( '', ( 4.65000000000000, -3.68887609918322, 2.34608162359154 ) );
#4721 = CARTESIAN_POINT( '', ( 4.65000000000000, -3.18955962618254, 2.50910281292852 ) );
#4722 = CARTESIAN_POINT( '', ( 4.65000000000000, -3.21006543616203, 2.52448217041313 ) );
#4723 = CARTESIAN_POINT( '', ( 4.65000000000000, -3.22749537464461, 2.53678565640083 ) );
#4724 = CARTESIAN_POINT( '', ( 4.65000000000000, -3.24184944163025, 2.54396268989366 ) );
#4725 = CARTESIAN_POINT( '', ( 4.65000000000000, -3.28942292078268, 2.56774942946987 ) );
#4726 = CARTESIAN_POINT( '', ( 4.65000000000000, -3.34847965352362, 2.57882256685880 ) );
#4727 = CARTESIAN_POINT( '', ( 4.65000000000000, -3.55251246281959, 2.57882256685880 ) );
#4728 = CARTESIAN_POINT( '', ( 4.65000000000000, -3.64273802672937, 2.50090048893672 ) );
#4729 = CARTESIAN_POINT( '', ( 4.65000000000000, -3.68887609918322, 2.34608162359154 ) );
#4730 = CARTESIAN_POINT( '', ( 4.67000000000000, -3.18955962618254, 2.50910281292852 ) );
#4731 = CARTESIAN_POINT( '', ( 4.67000000000000, -3.18955962618254, 2.50910281292852 ) );
#4732 = VECTOR( '', #6115, 1000.00000000000 );
#4733 = CARTESIAN_POINT( '', ( 4.67000000000000, -3.68887609918322, 2.34608162359154 ) );
#4734 = CARTESIAN_POINT( '', ( 4.67000000000000, -3.18955962618254, 2.50910281292852 ) );
#4735 = CARTESIAN_POINT( '', ( 4.67000000000000, -3.21006543616203, 2.52448217041313 ) );
#4736 = CARTESIAN_POINT( '', ( 4.67000000000000, -3.22749537464461, 2.53678565640083 ) );
#4737 = CARTESIAN_POINT( '', ( 4.67000000000000, -3.24184944163025, 2.54396268989366 ) );
#4738 = CARTESIAN_POINT( '', ( 4.67000000000000, -3.28942292078268, 2.56774942946987 ) );
#4739 = CARTESIAN_POINT( '', ( 4.67000000000000, -3.34847965352362, 2.57882256685880 ) );
#4740 = CARTESIAN_POINT( '', ( 4.67000000000000, -3.55251246281959, 2.57882256685880 ) );
#4741 = CARTESIAN_POINT( '', ( 4.67000000000000, -3.64273802672937, 2.50090048893672 ) );
#4742 = CARTESIAN_POINT( '', ( 4.67000000000000, -3.68887609918322, 2.34608162359154 ) );
#4743 = CARTESIAN_POINT( '', ( 4.67000000000000, -3.68887609918322, 2.34608162359154 ) );
#4744 = VECTOR( '', #6116, 1000.00000000000 );
#4745 = COLOUR_RGB( '', 0.800000011920929, 0.800000011920929, 0.800000011920929 );
#4746 = CARTESIAN_POINT( '', ( -1.25000000000000, 5.18490935681229, -6.52312025170678 ) );
#4747 = CARTESIAN_POINT( '', ( -1.25000000000000, 3.95729638632727, -5.40141018341572 ) );
#4748 = CARTESIAN_POINT( '', ( -1.25000000000000, 5.25000000000000, -6.58259569842379 ) );
#4749 = VECTOR( '', #6117, 1000.00000000000 );
#4750 = CARTESIAN_POINT( '', ( 2.42306514932735E-016, 3.95729638632727, -5.40141018341572 ) );
#4751 = CARTESIAN_POINT( '', ( -1.25000000000000, 3.95729638632727, -5.40141018341572 ) );
#4752 = VECTOR( '', #6118, 1000.00000000000 );
#4753 = CARTESIAN_POINT( '', ( 3.17473647117272E-016, 5.18490935681229, -6.52312025170678 ) );
#4754 = CARTESIAN_POINT( '', ( 3.21459167878374E-016, 5.25000000000000, -6.58259569842379 ) );
#4755 = VECTOR( '', #6119, 1000.00000000000 );
#4756 = CARTESIAN_POINT( '', ( -1.25000000000000, 5.18490935681229, -6.52312025170678 ) );
#4757 = VECTOR( '', #6120, 1000.00000000000 );
#4758 = COLOUR_RGB( '', 0.899999976158142, 0.899999976158142, 0.899999976158142 );
#4759 = CARTESIAN_POINT( '', ( 4.65000000000000, 2.20039252692751, 2.68340219775421 ) );
#4760 = CARTESIAN_POINT( '', ( 4.65000000000000, 1.84461672378328, 1.19775626473986 ) );
#4761 = CARTESIAN_POINT( '', ( 4.65000000000000, 2.20039252692751, 2.68340219775421 ) );
#4762 = CARTESIAN_POINT( '', ( 4.67000000000000, 2.20039252692751, 2.68340219775421 ) );
#4763 = CARTESIAN_POINT( '', ( 4.67000000000000, 1.84461672378328, 1.19775626473986 ) );
#4764 = CARTESIAN_POINT( '', ( 4.67000000000000, 2.20039252692751, 2.68340219775421 ) );
#4765 = CARTESIAN_POINT( '', ( 4.67000000000000, 2.20039252692751, 2.68340219775421 ) );
#4766 = VECTOR( '', #6121, 1000.00000000000 );
#4767 = COLOUR_RGB( '', 0.800000011920929, 0.800000011920929, 0.800000011920929 );
#4768 = CARTESIAN_POINT( '', ( -1.25000000000000, 3.30000000000000, -12.4990566037736 ) );
#4769 = CARTESIAN_POINT( '', ( 2.02060048380692E-016, 3.30000000000000, -12.4990566037736 ) );
#4770 = CARTESIAN_POINT( '', ( -13.3200037537532, 3.30000000000000, -12.4990566037736 ) );
#4771 = VECTOR( '', #6122, 1000.00000000000 );
#4772 = CARTESIAN_POINT( '', ( 1.86675883164724E-016, 3.04874921777191, -12.4990566037736 ) );
#4773 = CARTESIAN_POINT( '', ( 1.56137310112353E-016, 2.55000000000000, -12.4990566037736 ) );
#4774 = VECTOR( '', #6123, 1000.00000000000 );
#4775 = CARTESIAN_POINT( '', ( -1.05000000000000, 3.04874921777191, -12.4990566037736 ) );
#4776 = CARTESIAN_POINT( '', ( -1.25000000000000, 3.04874921777191, -12.4990566037736 ) );
#4777 = VECTOR( '', #6124, 1000.00000000000 );
#4778 = CARTESIAN_POINT( '', ( -1.05000000000000, -3.04874921777191, -12.4990566037736 ) );
#4779 = CARTESIAN_POINT( '', ( -1.05000000000000, 3.04874921777191, -12.4990566037736 ) );
#4780 = VECTOR( '', #6125, 1000.00000000000 );
#4781 = CARTESIAN_POINT( '', ( 1.86675883164724E-016, -3.04874921777191, -12.4990566037736 ) );
#4782 = CARTESIAN_POINT( '', ( 2.16840434497101E-016, -3.04874921777191, -12.4990566037736 ) );
#4783 = VECTOR( '', #6126, 1000.00000000000 );
#4784 = CARTESIAN_POINT( '', ( 2.02060048380692E-016, -3.30000000000000, -12.4990566037736 ) );
#4785 = CARTESIAN_POINT( '', ( 2.32675207226252E-016, -3.80000000000000, -12.4990566037736 ) );
#4786 = VECTOR( '', #6127, 1000.00000000000 );
#4787 = CARTESIAN_POINT( '', ( -1.25000000000000, -3.30000000000000, -12.4990566037736 ) );
#4788 = CARTESIAN_POINT( '', ( -13.3200037537532, -3.30000000000000, -12.4990566037736 ) );
#4789 = VECTOR( '', #6128, 1000.00000000000 );
#4790 = CARTESIAN_POINT( '', ( -1.25000000000000, -3.80000000000000, -12.4990566037736 ) );
#4791 = VECTOR( '', #6129, 1000.00000000000 );
#4792 = COLOUR_RGB( '', 0.800000011920929, 0.800000011920929, 0.800000011920929 );
#4793 = CARTESIAN_POINT( '', ( 2.64433577707821, -0.655972581774259, -1.13841228110978E-015 ) );
#4794 = CARTESIAN_POINT( '', ( 2.11275559670958, -0.281812900350300, 0.262108159049896 ) );
#4795 = CARTESIAN_POINT( '', ( 2.64433577707821, -0.655972581774259, -1.13841228110978E-015 ) );
#4796 = CARTESIAN_POINT( '', ( 2.53420587333692, -0.607070986423688, -6.55603501174828E-016 ) );
#4797 = CARTESIAN_POINT( '', ( 2.43327023715497, -0.547550238863195, 0.0352972067878422 ) );
#4798 = CARTESIAN_POINT( '', ( 2.30364409005685, -0.454400118442383, 0.113430773641691 ) );
#4799 = CARTESIAN_POINT( '', ( 2.26357596675820, -0.422531044311734, 0.143884864359188 ) );
#4800 = CARTESIAN_POINT( '', ( 2.20660517669822, -0.373014296654206, 0.192203974173410 ) );
#4801 = CARTESIAN_POINT( '', ( 2.18821401166509, -0.356292283441940, 0.208776086003860 ) );
#4802 = CARTESIAN_POINT( '', ( 2.15158589508319, -0.321444508549961, 0.240600493897030 ) );
#4803 = CARTESIAN_POINT( '', ( 2.13351174292327, -0.303561582736180, 0.258849286283296 ) );
#4804 = CARTESIAN_POINT( '', ( 2.11275559669334, -0.281812900333502, 0.262108158948346 ) );
#4805 = CARTESIAN_POINT( '', ( 2.64433732341477, 0.655972005794840, -1.13841228110978E-015 ) );
#4806 = AXIS2_PLACEMENT_3D( '', #6130, #6131, #6132 );
#4807 = CARTESIAN_POINT( '', ( 2.11421912267973, 0.283338480969100, 0.261879086422192 ) );
#4808 = CARTESIAN_POINT( '', ( 2.11421912267973, 0.283338480969101, 0.261879086422192 ) );
#4809 = CARTESIAN_POINT( '', ( 2.13512576973212, 0.305189788825204, 0.257677802061300 ) );
#4810 = CARTESIAN_POINT( '', ( 2.15265058640846, 0.322480110435201, 0.239725181747426 ) );
#4811 = CARTESIAN_POINT( '', ( 2.18916033027655, 0.357158187303758, 0.207934530354869 ) );
#4812 = CARTESIAN_POINT( '', ( 2.20750593269556, 0.373814222302881, 0.191426977412975 ) );
#4813 = CARTESIAN_POINT( '', ( 2.26429628648692, 0.423108555338898, 0.143327678196504 ) );
#4814 = CARTESIAN_POINT( '', ( 2.30466118532889, 0.455176124317651, 0.112726240585630 ) );
#4815 = CARTESIAN_POINT( '', ( 2.43429810835182, 0.548187616787305, 0.0348731454507422 ) );
#4816 = CARTESIAN_POINT( '', ( 2.53462454828642, 0.607255295878775, -6.79583003911598E-013 ) );
#4817 = CARTESIAN_POINT( '', ( 2.64433732341458, 0.655972005794931, -6.74753222046354E-013 ) );
#4818 = CARTESIAN_POINT( '', ( 2.11275559670958, -0.281812900350300, 0.262108159049896 ) );
#4819 = CARTESIAN_POINT( '', ( 2.07653848278761, -0.243863923720310, 0.267794521149650 ) );
#4820 = CARTESIAN_POINT( '', ( 2.04859889927663, -0.200396737621789, 0.273518868393007 ) );
#4821 = CARTESIAN_POINT( '', ( 2.00963600015723, -0.103105097095137, 0.284732833786258 ) );
#4822 = CARTESIAN_POINT( '', ( 1.99974923510927, -0.0514699403203639, 0.290930832819171 ) );
#4823 = CARTESIAN_POINT( '', ( 1.99997395521294, 0.0532222562234466, 0.290782667161697 ) );
#4824 = CARTESIAN_POINT( '', ( 2.01021883075616, 0.105056884724763, 0.284523327071340 ) );
#4825 = CARTESIAN_POINT( '', ( 2.04911696788137, 0.201179614677830, 0.273412727272704 ) );
#4826 = CARTESIAN_POINT( '', ( 2.07785338425801, 0.245626779780700, 0.267553503037903 ) );
#4827 = CARTESIAN_POINT( '', ( 2.11421912268075, 0.283338480970160, 0.261879086435348 ) );
#4828 = CARTESIAN_POINT( '', ( 2.80000000000000, 8.67361737988404E-016, 0.299999999999999 ) );
#4829 = AXIS2_PLACEMENT_3D( '', #6133, #6134, #6135 );
#4830 = COLOUR_RGB( '', 0.800000011920929, 0.800000011920929, 0.800000011920929 );
#4831 = CARTESIAN_POINT( '', ( 3.32359495222288, 0.800000000000000, -2.43945488809239E-015 ) );
#4832 = CARTESIAN_POINT( '', ( 2.64433732341477, 0.655972005794839, -1.19262238973405E-015 ) );
#4833 = AXIS2_PLACEMENT_3D( '', #6136, #6137, #6138 );
#4834 = CARTESIAN_POINT( '', ( 2.64433577707821, -0.655972581774261, -1.19262238973405E-015 ) );
#4835 = AXIS2_PLACEMENT_3D( '', #6139, #6140, #6141 );
#4836 = CARTESIAN_POINT( '', ( 3.32359495222288, -0.800000000000000, -2.43945488809239E-015 ) );
#4837 = AXIS2_PLACEMENT_3D( '', #6142, #6143, #6144 );
#4838 = CARTESIAN_POINT( '', ( 5.00000000000000, -0.800000000000000, -5.31259064517897E-015 ) );
#4839 = CARTESIAN_POINT( '', ( 3.32359495222288, -0.800000000000000, -2.43945488809239E-015 ) );
#4840 = VECTOR( '', #6145, 1000.00000000000 );
#4841 = CARTESIAN_POINT( '', ( 5.00000000000000, 0.800000000000000, -5.36680075380325E-015 ) );
#4842 = CARTESIAN_POINT( '', ( 5.00000000000000, -0.800000000000000, -5.31259064517897E-015 ) );
#4843 = VECTOR( '', #6146, 1000.00000000000 );
#4844 = CARTESIAN_POINT( '', ( 5.00000000000000, 0.800000000000000, -5.36680075380325E-015 ) );
#4845 = VECTOR( '', #6147, 1000.00000000000 );
#4846 = COLOUR_RGB( '', 0.899999976158142, 0.899999976158142, 0.899999976158142 );
#4847 = CARTESIAN_POINT( '', ( 4.65000000000000, -2.46365395290845, 2.57574669536187 ) );
#4848 = CARTESIAN_POINT( '', ( 4.65000000000000, -2.46365395290845, 1.20083213623678 ) );
#4849 = CARTESIAN_POINT( '', ( 4.65000000000000, -2.46365395290845, 2.57574669536187 ) );
#4850 = CARTESIAN_POINT( '', ( 4.65000000000000, -2.46365395290845, 1.20083213623678 ) );
#4851 = CARTESIAN_POINT( '', ( 4.67000000000000, -2.46365395290845, 2.57574669536187 ) );
#4852 = CARTESIAN_POINT( '', ( 4.67000000000000, -2.46365395290845, 2.57574669536187 ) );
#4853 = VECTOR( '', #6148, 1000.00000000000 );
#4854 = CARTESIAN_POINT( '', ( 4.67000000000000, -2.46365395290845, 1.20083213623678 ) );
#4855 = CARTESIAN_POINT( '', ( 4.67000000000000, -2.46365395290845, 2.57574669536187 ) );
#4856 = CARTESIAN_POINT( '', ( 4.67000000000000, -2.46365395290845, 1.20083213623678 ) );
#4857 = CARTESIAN_POINT( '', ( 4.67000000000000, -2.46365395290845, 1.20083213623678 ) );
#4858 = VECTOR( '', #6149, 1000.00000000000 );
#4859 = COLOUR_RGB( '', 0.899999976158142, 0.899999976158142, 0.899999976158142 );
#4860 = CARTESIAN_POINT( '', ( 4.67000000000000, -3.01731082235479, 1.30233589563528 ) );
#4861 = CARTESIAN_POINT( '', ( 4.67000000000000, -3.01731082235479, 1.19775626473986 ) );
#4862 = CARTESIAN_POINT( '', ( 4.67000000000000, -3.01731082235479, 1.30233589563528 ) );
#4863 = CARTESIAN_POINT( '', ( 4.67000000000000, -3.01731082235479, 1.26747601867014 ) );
#4864 = CARTESIAN_POINT( '', ( 4.67000000000000, -3.01731082235479, 1.23261614170500 ) );
#4865 = CARTESIAN_POINT( '', ( 4.67000000000000, -3.01731082235479, 1.19775626473986 ) );
#4866 = CARTESIAN_POINT( '', ( 4.67000000000000, -3.65914267471296, 1.30233589563528 ) );
#4867 = CARTESIAN_POINT( '', ( 4.67000000000000, -3.65914267471296, 1.30233589563528 ) );
#4868 = CARTESIAN_POINT( '', ( 4.67000000000000, -3.44519872392691, 1.30233589563528 ) );
#4869 = CARTESIAN_POINT( '', ( 4.67000000000000, -3.23125477314085, 1.30233589563528 ) );
#4870 = CARTESIAN_POINT( '', ( 4.67000000000000, -3.01731082235479, 1.30233589563528 ) );
#4871 = CARTESIAN_POINT( '', ( 4.67000000000000, -3.79550631107660, 2.34608162359154 ) );
#4872 = CARTESIAN_POINT( '', ( 4.67000000000000, -3.79550631107660, 2.34608162359154 ) );
#4873 = CARTESIAN_POINT( '', ( 4.67000000000000, -3.74424178612786, 2.57164553336597 ) );
#4874 = CARTESIAN_POINT( '', ( 4.67000000000000, -3.61813105475397, 2.68340219775421 ) );
#4875 = CARTESIAN_POINT( '', ( 4.67000000000000, -3.29618983807591, 2.68340219775421 ) );
#4876 = CARTESIAN_POINT( '', ( 4.67000000000000, -3.20288840266922, 2.65469406378292 ) );
#4877 = CARTESIAN_POINT( '', ( 4.67000000000000, -3.13521922973688, 2.59830308633931 ) );
#4878 = CARTESIAN_POINT( '', ( 4.67000000000000, -3.06311273398931, 2.53821433988301 ) );
#4879 = CARTESIAN_POINT( '', ( 4.67000000000000, -3.02858901784351, 2.44963596398798 ) );
#4880 = CARTESIAN_POINT( '', ( 4.67000000000000, -3.02858901784351, 2.27328599816433 ) );
#4881 = CARTESIAN_POINT( '', ( 4.67000000000000, -3.04191779433019, 2.21792031121969 ) );
#4882 = CARTESIAN_POINT( '', ( 4.67000000000000, -3.06960063780250, 2.16973165776788 ) );
#4883 = CARTESIAN_POINT( '', ( 4.67000000000000, -3.24324499530806, 1.86746185025821 ) );
#4884 = CARTESIAN_POINT( '', ( 4.67000000000000, -3.46262866240947, 1.59146781634615 ) );
#4885 = CARTESIAN_POINT( '', ( 4.67000000000000, -3.65914267471296, 1.30233589563528 ) );
#4886 = CARTESIAN_POINT( '', ( 4.67000000000000, -3.68887609918322, 2.34608162359154 ) );
#4887 = CARTESIAN_POINT( '', ( 4.67000000000000, -3.72441950314768, 2.34608162359154 ) );
#4888 = CARTESIAN_POINT( '', ( 4.67000000000000, -3.75996290711214, 2.34608162359154 ) );
#4889 = CARTESIAN_POINT( '', ( 4.67000000000000, -3.79550631107660, 2.34608162359154 ) );
#4890 = CARTESIAN_POINT( '', ( 4.67000000000000, -3.78627869658583, 1.30131060513630 ) );
#4891 = CARTESIAN_POINT( '', ( 4.67000000000000, -3.78627869658583, 1.30131060513630 ) );
#4892 = CARTESIAN_POINT( '', ( 4.67000000000000, -3.58463823178747, 1.59898661333863 ) );
#4893 = CARTESIAN_POINT( '', ( 4.67000000000000, -3.38299776698911, 1.89666262154096 ) );
#4894 = CARTESIAN_POINT( '', ( 4.67000000000000, -3.18135730219075, 2.19433862974328 ) );
#4895 = CARTESIAN_POINT( '', ( 4.67000000000000, -3.14850899715790, 2.24283163598668 ) );
#4896 = CARTESIAN_POINT( '', ( 4.67000000000000, -3.13316864873894, 2.29481709864280 ) );
#4897 = CARTESIAN_POINT( '', ( 4.67000000000000, -3.13316864873894, 2.38914382454847 ) );
#4898 = CARTESIAN_POINT( '', ( 4.67000000000000, -3.14239626322970, 2.42707957301054 ) );
#4899 = CARTESIAN_POINT( '', ( 4.67000000000000, -3.16187678271023, 2.46399003097362 ) );
#4900 = CARTESIAN_POINT( '', ( 4.67000000000000, -3.17009457578016, 2.47956058626403 ) );
#4901 = CARTESIAN_POINT( '', ( 4.67000000000000, -3.18033201169177, 2.49406521894355 ) );
#4902 = CARTESIAN_POINT( '', ( 4.67000000000000, -3.18955962618254, 2.50910281292852 ) );
#4903 = CARTESIAN_POINT( '', ( 4.67000000000000, -3.79140514908070, 1.19775626473986 ) );
#4904 = CARTESIAN_POINT( '', ( 4.67000000000000, -3.79140514908070, 1.19775626473986 ) );
#4905 = CARTESIAN_POINT( '', ( 4.67000000000000, -3.78969633158241, 1.23227437820534 ) );
#4906 = CARTESIAN_POINT( '', ( 4.67000000000000, -3.78798751408412, 1.26679249167082 ) );
#4907 = CARTESIAN_POINT( '', ( 4.67000000000000, -3.78627869658583, 1.30131060513630 ) );
#4908 = CARTESIAN_POINT( '', ( 4.67000000000000, -3.01731082235479, 1.19775626473986 ) );
#4909 = CARTESIAN_POINT( '', ( 4.67000000000000, -3.27534226459676, 1.19775626473986 ) );
#4910 = CARTESIAN_POINT( '', ( 4.67000000000000, -3.53337370683873, 1.19775626473986 ) );
#4911 = CARTESIAN_POINT( '', ( 4.67000000000000, -3.79140514908070, 1.19775626473986 ) );
#4912 = COLOUR_RGB( '', 0.899999976158142, 0.899999976158142, 0.899999976158142 );
#4913 = CARTESIAN_POINT( '', ( 4.65000000000000, 3.02165021660625, 1.20493329823268 ) );
#4914 = CARTESIAN_POINT( '', ( 4.65000000000000, 3.02165021660625, 1.30951292912810 ) );
#4915 = CARTESIAN_POINT( '', ( 4.65000000000000, 3.02165021660625, 1.20493329823268 ) );
#4916 = CARTESIAN_POINT( '', ( 4.65000000000000, 3.02165021660625, 1.23979317519782 ) );
#4917 = CARTESIAN_POINT( '', ( 4.65000000000000, 3.02165021660625, 1.27465305216296 ) );
#4918 = CARTESIAN_POINT( '', ( 4.65000000000000, 3.02165021660625, 1.30951292912810 ) );
#4919 = CARTESIAN_POINT( '', ( 4.67000000000000, 3.02165021660625, 1.20493329823268 ) );
#4920 = VECTOR( '', #6150, 1000.00000000000 );
#4921 = CARTESIAN_POINT( '', ( 4.67000000000000, 3.02165021660625, 1.30951292912810 ) );
#4922 = VECTOR( '', #6151, 1000.00000000000 );
#4923 = COLOUR_RGB( '', 0.800000011920929, 0.800000011920929, 0.800000011920929 );
#4924 = CARTESIAN_POINT( '', ( -1.05000000000000, 2.05000000000000, -13.4490566037736 ) );
#4925 = CARTESIAN_POINT( '', ( -1.05000000000000, -3.80000000000000, -13.4490566037736 ) );
#4926 = VECTOR( '', #6152, 1000.00000000000 );
#4927 = CARTESIAN_POINT( '', ( 1.25522151266794E-016, 2.05000000000000, -13.4490566037736 ) );
#4928 = CARTESIAN_POINT( '', ( -1.25000000000000, 2.05000000000000, -13.4490566037736 ) );
#4929 = VECTOR( '', #6153, 1000.00000000000 );
#4930 = CARTESIAN_POINT( '', ( -2.32675207226252E-016, -3.80000000000000, -13.4490566037736 ) );
#4931 = VECTOR( '', #6154, 1000.00000000000 );
#4932 = COLOUR_RGB( '', 0.899999976158142, 0.899999976158142, 0.899999976158142 );
#4933 = CARTESIAN_POINT( '', ( 4.65000000000000, -2.46365395290845, 1.20083213623678 ) );
#4934 = CARTESIAN_POINT( '', ( 4.65000000000000, -2.56925887430284, 1.20083213623678 ) );
#4935 = CARTESIAN_POINT( '', ( 4.67000000000000, -2.46365395290845, 1.20083213623678 ) );
#4936 = CARTESIAN_POINT( '', ( 4.67000000000000, -2.56925887430284, 1.20083213623678 ) );
#4937 = COLOUR_RGB( '', 0.200000002980232, 0.200000002980232, 0.200000002980232 );
#4938 = CARTESIAN_POINT( '', ( 4.65000000000000, -1.40042770547167, 1.50021696193740 ) );
#4939 = CARTESIAN_POINT( '', ( 4.65000000000000, -1.40042770547167, 1.50021696193740 ) );
#4940 = CARTESIAN_POINT( '', ( 4.65000000000000, -1.40042770547167, 1.79447533514314 ) );
#4941 = CARTESIAN_POINT( '', ( 4.65000000000000, -1.40042770547167, 2.08873370834888 ) );
#4942 = CARTESIAN_POINT( '', ( 4.65000000000000, -1.40042770547167, 2.38299208155463 ) );
#4943 = CARTESIAN_POINT( '', ( 4.65000000000000, -1.40042770547167, 2.44348422099413 ) );
#4944 = CARTESIAN_POINT( '', ( 4.65000000000000, -1.42400938694809, 2.49372345544390 ) );
#4945 = CARTESIAN_POINT( '', ( 4.65000000000000, -1.47014745940195, 2.53165920390596 ) );
#4946 = CARTESIAN_POINT( '', ( 4.65000000000000, -1.51344438361102, 2.56725889714452 ) );
#4947 = CARTESIAN_POINT( '', ( 4.65000000000000, -1.56652476630558, 2.58599960035162 ) );
#4948 = CARTESIAN_POINT( '', ( 4.65000000000000, -1.68853433568356, 2.58599960035162 ) );
#4949 = CARTESIAN_POINT( '', ( 4.65000000000000, -1.73979886063230, 2.57267082386495 ) );
#4950 = CARTESIAN_POINT( '', ( 4.65000000000000, -1.78388635208822, 2.54601327089161 ) );
#4951 = CARTESIAN_POINT( '', ( 4.65000000000000, -1.84648185975928, 2.50816482439282 ) );
#4952 = CARTESIAN_POINT( '', ( 4.65000000000000, -1.87821307799389, 2.45373712598388 ) );
#4953 = CARTESIAN_POINT( '', ( 4.65000000000000, -1.87821307799389, 2.38401737205360 ) );
#4954 = CARTESIAN_POINT( '', ( 4.65000000000000, -1.87821307799389, 2.08941723534820 ) );
#4955 = CARTESIAN_POINT( '', ( 4.65000000000000, -1.87821307799389, 1.79481709864280 ) );
#4956 = CARTESIAN_POINT( '', ( 4.65000000000000, -1.87821307799389, 1.50021696193740 ) );
#4957 = CARTESIAN_POINT( '', ( 4.65000000000000, -1.87821307799389, 1.43664895100097 ) );
#4958 = CARTESIAN_POINT( '', ( 4.65000000000000, -1.84642907252567, 1.38538442605223 ) );
#4959 = CARTESIAN_POINT( '', ( 4.65000000000000, -1.78491164258719, 1.34642338709119 ) );
#4960 = CARTESIAN_POINT( '', ( 4.65000000000000, -1.73468785660648, 1.31461498930341 ) );
#4961 = CARTESIAN_POINT( '', ( 4.65000000000000, -1.68238259268972, 1.29823473363938 ) );
#4962 = CARTESIAN_POINT( '', ( 4.65000000000000, -1.57370179979840, 1.29823473363938 ) );
#4963 = CARTESIAN_POINT( '', ( 4.65000000000000, -1.52448785584761, 1.31361409112400 ) );
#4964 = CARTESIAN_POINT( '', ( 4.65000000000000, -1.47937507389273, 1.34539809659222 ) );
#4965 = CARTESIAN_POINT( '', ( 4.65000000000000, -1.42705234439034, 1.38226183783254 ) );
#4966 = CARTESIAN_POINT( '', ( 4.65000000000000, -1.40042770547167, 1.43357307950404 ) );
#4967 = CARTESIAN_POINT( '', ( 4.65000000000000, -1.40042770547167, 1.50021696193740 ) );
#4968 = COLOUR_RGB( '', 0.800000011920929, 0.800000011920929, 0.800000011920929 );
#4969 = CARTESIAN_POINT( '', ( -3.21459167878374E-016, -5.25000000000000, -7.04905660377359 ) );
#4970 = CARTESIAN_POINT( '', ( -2.66351881956367E-016, -4.35000000000000, -7.04905660377359 ) );
#4971 = CARTESIAN_POINT( '', ( -2.66351881956367E-016, -4.35000000000000, -7.04905660377359 ) );
#4972 = VECTOR( '', #6155, 1000.00000000000 );
#4973 = CARTESIAN_POINT( '', ( -1.25000000000000, -5.25000000000000, -7.04905660377359 ) );
#4974 = CARTESIAN_POINT( '', ( -1.25000000000000, -5.25000000000000, -7.04905660377359 ) );
#4975 = VECTOR( '', #6156, 1000.00000000000 );
#4976 = CARTESIAN_POINT( '', ( -1.25000000000000, -4.35000000000000, -7.04905660377359 ) );
#4977 = CARTESIAN_POINT( '', ( -1.25000000000000, -4.35000000000000, -7.04905660377359 ) );
#4978 = VECTOR( '', #6157, 1000.00000000000 );
#4979 = CARTESIAN_POINT( '', ( -1.25000000000000, -4.35000000000000, -7.04905660377359 ) );
#4980 = VECTOR( '', #6158, 1000.00000000000 );
#4981 = COLOUR_RGB( '', 0.899999976158142, 0.899999976158142, 0.899999976158142 );
#4982 = CARTESIAN_POINT( '', ( 4.65000000000000, 1.18639661796242, -1.11029318847522 ) );
#4983 = CARTESIAN_POINT( '', ( 4.65000000000000, 0.924594824742340, -1.54925948286067 ) );
#4984 = CARTESIAN_POINT( '', ( 4.65000000000000, 1.18639661796242, -1.11029318847522 ) );
#4985 = VECTOR( '', #6159, 1000.00000000000 );
#4986 = CARTESIAN_POINT( '', ( 4.63000000000000, 1.18639661796242, -1.11029318847522 ) );
#4987 = CARTESIAN_POINT( '', ( 4.63000000000000, 1.18639661796242, -1.11029318847522 ) );
#4988 = VECTOR( '', #6160, 1000.00000000000 );
#4989 = CARTESIAN_POINT( '', ( 4.63000000000000, 0.924594824742340, -1.54925948286067 ) );
#4990 = CARTESIAN_POINT( '', ( 4.63000000000000, 1.18639661796242, -1.11029318847522 ) );
#4991 = VECTOR( '', #6161, 1000.00000000000 );
#4992 = CARTESIAN_POINT( '', ( 4.63000000000000, 0.924594824742340, -1.54925948286067 ) );
#4993 = VECTOR( '', #6162, 1000.00000000000 );
#4994 = COLOUR_RGB( '', 0.200000002980232, 0.200000002980232, 0.200000002980232 );
#4995 = CARTESIAN_POINT( '', ( 4.55509784716314, 5.07986997523932, 4.26629180072693 ) );
#4996 = CARTESIAN_POINT( '', ( 4.65000000000000, 4.98000000000000, 4.16642182548761 ) );
#4997 = AXIS2_PLACEMENT_3D( '', #6163, #6164, #6165 );
#4998 = CARTESIAN_POINT( '', ( 4.55509784716314, -5.07986997523931, 4.26629180072693 ) );
#4999 = CARTESIAN_POINT( '', ( 4.55509784716314, 5.08000000000000, 4.26629180072693 ) );
#5000 = VECTOR( '', #6166, 1000.00000000000 );
#5001 = CARTESIAN_POINT( '', ( 4.65000000000000, -4.98000000000000, 4.16642182548761 ) );
#5002 = AXIS2_PLACEMENT_3D( '', #6167, #6168, #6169 );
#5003 = CARTESIAN_POINT( '', ( 4.65000000000000, -5.08000000000000, 4.16642182548761 ) );
#5004 = VECTOR( '', #6170, 1000.00000000000 );
#5005 = COLOUR_RGB( '', 0.200000002980232, 0.200000002980232, 0.200000002980232 );
#5006 = CARTESIAN_POINT( '', ( 1.97000000000004, 2.54000000000000, -4.43500000000000 ) );
#5007 = AXIS2_PLACEMENT_3D( '', #6171, #6172, #6173 );
#5008 = COLOUR_RGB( '', 0.800000011920929, 0.800000011920929, 0.800000011920929 );
#5009 = AXIS2_PLACEMENT_3D( '', #6174, #6175, #6176 );
#5010 = AXIS2_PLACEMENT_3D( '', #6177, #6178, #6179 );
#5011 = COLOUR_RGB( '', 0.800000011920929, 0.800000011920929, 0.800000011920929 );
#5012 = AXIS2_PLACEMENT_3D( '', #6180, #6181, #6182 );
#5013 = AXIS2_PLACEMENT_3D( '', #6183, #6184, #6185 );
#5014 = COLOUR_RGB( '', 0.899999976158142, 0.899999976158142, 0.899999976158142 );
#5015 = CARTESIAN_POINT( '', ( 4.67000000000000, 1.12076163150714, 1.94211716699550 ) );
#5016 = CARTESIAN_POINT( '', ( 4.67000000000000, 1.12076163150714, 1.94211716699550 ) );
#5017 = CARTESIAN_POINT( '', ( 4.67000000000000, 1.12076163150714, 1.76986836316775 ) );
#5018 = CARTESIAN_POINT( '', ( 4.67000000000000, 1.10025582152764, 1.61812536931949 ) );
#5019 = CARTESIAN_POINT( '', ( 4.67000000000000, 1.05924420156865, 1.48688818545073 ) );
#5020 = CARTESIAN_POINT( '', ( 4.67000000000000, 0.997526091995143, 1.28939023481548 ) );
#5021 = CARTESIAN_POINT( '', ( 4.67000000000000, 0.900324174227574, 1.19057923124704 ) );
#5022 = CARTESIAN_POINT( '', ( 4.67000000000000, 0.635799225492100, 1.19057923124704 ) );
#5023 = CARTESIAN_POINT( '', ( 4.67000000000000, 0.539421918588478, 1.29003240964758 ) );
#5024 = CARTESIAN_POINT( '', ( 4.67000000000000, 0.477904488649993, 1.48893876644868 ) );
#5025 = CARTESIAN_POINT( '', ( 4.67000000000000, 0.436610414038071, 1.62245627436055 ) );
#5026 = CARTESIAN_POINT( '', ( 4.67000000000000, 0.415361768212539, 1.77396952516364 ) );
#5027 = CARTESIAN_POINT( '', ( 4.67000000000000, 0.415361768212539, 2.43630718750131 ) );
#5028 = CARTESIAN_POINT( '', ( 4.67000000000000, 0.533270175594628, 2.68340219775421 ) );
#5029 = CARTESIAN_POINT( '', ( 4.67000000000000, 1.00387851462402, 2.68340219775421 ) );
#5030 = CARTESIAN_POINT( '', ( 4.67000000000000, 1.12076163150714, 2.43630718750131 ) );
#5031 = CARTESIAN_POINT( '', ( 4.67000000000000, 1.12076163150714, 1.94211716699550 ) );
#5032 = CARTESIAN_POINT( '', ( 4.65000000000000, 1.12076163150714, 1.94211716699550 ) );
#5033 = CARTESIAN_POINT( '', ( 4.65000000000000, 1.12076163150714, 1.94211716699550 ) );
#5034 = CARTESIAN_POINT( '', ( 4.65000000000000, 1.12076163150714, 1.76986836316775 ) );
#5035 = CARTESIAN_POINT( '', ( 4.65000000000000, 1.10025582152764, 1.61812536931949 ) );
#5036 = CARTESIAN_POINT( '', ( 4.65000000000000, 1.05924420156865, 1.48688818545073 ) );
#5037 = CARTESIAN_POINT( '', ( 4.65000000000000, 0.997526091995143, 1.28939023481548 ) );
#5038 = CARTESIAN_POINT( '', ( 4.65000000000000, 0.900324174227574, 1.19057923124704 ) );
#5039 = CARTESIAN_POINT( '', ( 4.65000000000000, 0.635799225492100, 1.19057923124704 ) );
#5040 = CARTESIAN_POINT( '', ( 4.65000000000000, 0.539421918588478, 1.29003240964758 ) );
#5041 = CARTESIAN_POINT( '', ( 4.65000000000000, 0.477904488649993, 1.48893876644868 ) );
#5042 = CARTESIAN_POINT( '', ( 4.65000000000000, 0.436610414038071, 1.62245627436055 ) );
#5043 = CARTESIAN_POINT( '', ( 4.65000000000000, 0.415361768212539, 1.77396952516364 ) );
#5044 = CARTESIAN_POINT( '', ( 4.65000000000000, 0.415361768212539, 2.43630718750131 ) );
#5045 = CARTESIAN_POINT( '', ( 4.65000000000000, 0.533270175594628, 2.68340219775421 ) );
#5046 = CARTESIAN_POINT( '', ( 4.65000000000000, 1.00387851462402, 2.68340219775421 ) );
#5047 = CARTESIAN_POINT( '', ( 4.65000000000000, 1.12076163150714, 2.43630718750131 ) );
#5048 = CARTESIAN_POINT( '', ( 4.65000000000000, 1.12076163150714, 1.94211716699550 ) );
#5049 = COLOUR_RGB( '', 0.899999976158142, 0.899999976158142, 0.899999976158142 );
#5050 = CARTESIAN_POINT( '', ( 4.65000000000000, -4.54396837532813, 2.57574669536187 ) );
#5051 = CARTESIAN_POINT( '', ( 4.65000000000000, -4.54396837532813, 1.30541176713220 ) );
#5052 = CARTESIAN_POINT( '', ( 4.65000000000000, -4.54396837532813, 2.57574669536187 ) );
#5053 = CARTESIAN_POINT( '', ( 4.65000000000000, -4.54396837532813, 2.15230171928531 ) );
#5054 = CARTESIAN_POINT( '', ( 4.65000000000000, -4.54396837532813, 1.72885674320876 ) );
#5055 = CARTESIAN_POINT( '', ( 4.65000000000000, -4.54396837532813, 1.30541176713220 ) );
#5056 = CARTESIAN_POINT( '', ( 4.67000000000000, -4.54396837532813, 2.57574669536187 ) );
#5057 = CARTESIAN_POINT( '', ( 4.67000000000000, -4.54396837532813, 2.57574669536187 ) );
#5058 = VECTOR( '', #6186, 1000.00000000000 );
#5059 = CARTESIAN_POINT( '', ( 4.67000000000000, -4.54396837532813, 1.30541176713220 ) );
#5060 = CARTESIAN_POINT( '', ( 4.67000000000000, -4.54396837532813, 2.57574669536187 ) );
#5061 = CARTESIAN_POINT( '', ( 4.67000000000000, -4.54396837532813, 2.15230171928531 ) );
#5062 = CARTESIAN_POINT( '', ( 4.67000000000000, -4.54396837532813, 1.72885674320876 ) );
#5063 = CARTESIAN_POINT( '', ( 4.67000000000000, -4.54396837532813, 1.30541176713220 ) );
#5064 = CARTESIAN_POINT( '', ( 4.67000000000000, -4.54396837532813, 1.30541176713220 ) );
#5065 = VECTOR( '', #6187, 1000.00000000000 );
#5066 = COLOUR_RGB( '', 0.899999976158142, 0.899999976158142, 0.899999976158142 );
#5067 = CARTESIAN_POINT( '', ( 4.65000000000000, -0.392567144979535, 1.30233589563528 ) );
#5068 = CARTESIAN_POINT( '', ( 4.65000000000000, -0.528930781343171, 2.34608162359154 ) );
#5069 = CARTESIAN_POINT( '', ( 4.65000000000000, -0.477666256394435, 2.57164553336597 ) );
#5070 = CARTESIAN_POINT( '', ( 4.65000000000000, -0.351555525020546, 2.68340219775421 ) );
#5071 = CARTESIAN_POINT( '', ( 4.65000000000000, -0.0296143083424877, 2.68340219775421 ) );
#5072 = CARTESIAN_POINT( '', ( 4.65000000000000, 0.0636871270642114, 2.65469406378292 ) );
#5073 = CARTESIAN_POINT( '', ( 4.65000000000000, 0.131356299996542, 2.59830308633931 ) );
#5074 = CARTESIAN_POINT( '', ( 4.65000000000000, 0.203462795744108, 2.53821433988301 ) );
#5075 = CARTESIAN_POINT( '', ( 4.65000000000000, 0.237986511889911, 2.44963596398798 ) );
#5076 = CARTESIAN_POINT( '', ( 4.65000000000000, 0.237986511889911, 2.27328599816433 ) );
#5077 = CARTESIAN_POINT( '', ( 4.65000000000000, 0.224657735403242, 2.21792031121969 ) );
#5078 = CARTESIAN_POINT( '', ( 4.65000000000000, 0.196974891930924, 2.16973165776788 ) );
#5079 = CARTESIAN_POINT( '', ( 4.65000000000000, 0.0233305344253627, 1.86746185025821 ) );
#5080 = CARTESIAN_POINT( '', ( 4.65000000000000, -0.196053132676049, 1.59146781634615 ) );
#5081 = CARTESIAN_POINT( '', ( 4.65000000000000, -0.392567144979535, 1.30233589563528 ) );
#5082 = CARTESIAN_POINT( '', ( 4.67000000000000, -0.392567144979535, 1.30233589563528 ) );
#5083 = CARTESIAN_POINT( '', ( 4.67000000000000, -0.528930781343171, 2.34608162359154 ) );
#5084 = CARTESIAN_POINT( '', ( 4.67000000000000, -0.477666256394435, 2.57164553336597 ) );
#5085 = CARTESIAN_POINT( '', ( 4.67000000000000, -0.351555525020546, 2.68340219775421 ) );
#5086 = CARTESIAN_POINT( '', ( 4.67000000000000, -0.0296143083424877, 2.68340219775421 ) );
#5087 = CARTESIAN_POINT( '', ( 4.67000000000000, 0.0636871270642114, 2.65469406378292 ) );
#5088 = CARTESIAN_POINT( '', ( 4.67000000000000, 0.131356299996542, 2.59830308633931 ) );
#5089 = CARTESIAN_POINT( '', ( 4.67000000000000, 0.203462795744108, 2.53821433988301 ) );
#5090 = CARTESIAN_POINT( '', ( 4.67000000000000, 0.237986511889911, 2.44963596398798 ) );
#5091 = CARTESIAN_POINT( '', ( 4.67000000000000, 0.237986511889911, 2.27328599816433 ) );
#5092 = CARTESIAN_POINT( '', ( 4.67000000000000, 0.224657735403242, 2.21792031121969 ) );
#5093 = CARTESIAN_POINT( '', ( 4.67000000000000, 0.196974891930924, 2.16973165776788 ) );
#5094 = CARTESIAN_POINT( '', ( 4.67000000000000, 0.0233305344253627, 1.86746185025821 ) );
#5095 = CARTESIAN_POINT( '', ( 4.67000000000000, -0.196053132676049, 1.59146781634615 ) );
#5096 = CARTESIAN_POINT( '', ( 4.67000000000000, -0.392567144979535, 1.30233589563528 ) );
#5097 = CARTESIAN_POINT( '', ( 4.67000000000000, -0.392567144979535, 1.30233589563528 ) );
#5098 = VECTOR( '', #6188, 1000.00000000000 );
#5099 = COLOUR_RGB( '', 0.200000002980232, 0.200000002980232, 0.200000002980232 );
#5100 = AXIS2_PLACEMENT_3D( '', #6189, #6190, #6191 );
#5101 = CARTESIAN_POINT( '', ( 4.65000000000000, -4.98000000000000, -4.33500000000000 ) );
#5102 = AXIS2_PLACEMENT_3D( '', #6192, #6193, #6194 );
#5103 = CARTESIAN_POINT( '', ( 4.65000000000000, -4.98000000000000, -4.43500000000000 ) );
#5104 = VECTOR( '', #6195, 1000.00000000000 );
#5105 = COLOUR_RGB( '', 0.899999976158142, 0.899999976158142, 0.899999976158142 );
#5106 = CARTESIAN_POINT( '', ( 4.65000000000000, 3.65322916397467, 1.63350472680411 ) );
#5107 = CARTESIAN_POINT( '', ( 4.65000000000000, 3.65322916397467, 1.63350472680411 ) );
#5108 = CARTESIAN_POINT( '', ( 4.65000000000000, 3.65322916397467, 1.50739399543022 ) );
#5109 = CARTESIAN_POINT( '', ( 4.65000000000000, 3.61836928700953, 1.40486494553275 ) );
#5110 = CARTESIAN_POINT( '', ( 4.65000000000000, 3.54864953307925, 1.32694286761067 ) );
#5111 = CARTESIAN_POINT( '', ( 4.65000000000000, 3.47552423732238, 1.24521459588240 ) );
#5112 = CARTESIAN_POINT( '', ( 4.65000000000000, 3.37742601975048, 1.20493329823268 ) );
#5113 = CARTESIAN_POINT( '', ( 4.65000000000000, 3.25336586937453, 1.20493329823268 ) );
#5114 = CARTESIAN_POINT( '', ( 4.65000000000000, 3.17612731845177, 1.20493329823268 ) );
#5115 = CARTESIAN_POINT( '', ( 4.65000000000000, 3.09888876752901, 1.20493329823268 ) );
#5116 = CARTESIAN_POINT( '', ( 4.65000000000000, 3.02165021660625, 1.20493329823268 ) );
#5117 = CARTESIAN_POINT( '', ( 4.67000000000000, 3.65322916397467, 1.63350472680411 ) );
#5118 = VECTOR( '', #6196, 1000.00000000000 );
#5119 = COLOUR_RGB( '', 0.899999976158142, 0.899999976158142, 0.899999976158142 );
#5120 = CARTESIAN_POINT( '', ( 4.67000000000000, -2.13863686473347, 2.68340219775421 ) );
#5121 = CARTESIAN_POINT( '', ( 4.67000000000000, -2.13863686473347, 2.57574669536187 ) );
#5122 = CARTESIAN_POINT( '', ( 4.67000000000000, -2.13863686473347, 2.68340219775421 ) );
#5123 = CARTESIAN_POINT( '', ( 4.67000000000000, -2.13863686473347, 2.57574669536187 ) );
#5124 = CARTESIAN_POINT( '', ( 4.67000000000000, -2.89837712447373, 2.68340219775421 ) );
#5125 = CARTESIAN_POINT( '', ( 4.67000000000000, -2.89837712447373, 2.68340219775421 ) );
#5126 = CARTESIAN_POINT( '', ( 4.67000000000000, -2.13863686473347, 2.68340219775421 ) );
#5127 = CARTESIAN_POINT( '', ( 4.67000000000000, -2.89837712447373, 2.57574669536187 ) );
#5128 = CARTESIAN_POINT( '', ( 4.67000000000000, -2.89837712447373, 2.68340219775421 ) );
#5129 = CARTESIAN_POINT( '', ( 4.67000000000000, -2.13863686473347, 2.57574669536187 ) );
#5130 = CARTESIAN_POINT( '', ( 4.67000000000000, -2.46365395290845, 2.57574669536187 ) );
#5131 = COLOUR_RGB( '', 0.899999976158142, 0.899999976158142, 0.899999976158142 );
#5132 = CARTESIAN_POINT( '', ( 4.65000000000000, -2.13863686473347, 2.68340219775421 ) );
#5133 = CARTESIAN_POINT( '', ( 4.65000000000000, -2.13863686473347, 2.57574669536187 ) );
#5134 = CARTESIAN_POINT( '', ( 4.65000000000000, -2.13863686473347, 2.68340219775421 ) );
#5135 = CARTESIAN_POINT( '', ( 4.65000000000000, -2.13863686473347, 2.57574669536187 ) );
#5136 = CARTESIAN_POINT( '', ( 4.67000000000000, -2.13863686473347, 2.68340219775421 ) );
#5137 = VECTOR( '', #6197, 1000.00000000000 );
#5138 = CARTESIAN_POINT( '', ( 4.67000000000000, -2.13863686473347, 2.57574669536187 ) );
#5139 = VECTOR( '', #6198, 1000.00000000000 );
#5140 = COLOUR_RGB( '', 0.800000011920929, 0.800000011920929, 0.800000011920929 );
#5141 = CARTESIAN_POINT( '', ( 5.00000000000000, 0.800000000000000, -0.300000000000005 ) );
#5142 = CARTESIAN_POINT( '', ( 5.00000000000000, 0.800000000000000, -0.300000000000005 ) );
#5143 = VECTOR( '', #6199, 1000.00000000000 );
#5144 = CARTESIAN_POINT( '', ( 3.32359495222288, 0.800000000000000, -0.300000000000000 ) );
#5145 = CARTESIAN_POINT( '', ( 5.00000000000000, 0.800000000000000, -0.300000000000005 ) );
#5146 = VECTOR( '', #6200, 1000.00000000000 );
#5147 = CARTESIAN_POINT( '', ( 3.32359495222288, 0.800000000000000, -0.300000000000000 ) );
#5148 = VECTOR( '', #6201, 1000.00000000000 );
#5149 = COLOUR_RGB( '', 0.800000011920929, 0.800000011920929, 0.800000011920929 );
#5150 = CARTESIAN_POINT( '', ( 2.66351881956367E-016, 4.35000000000000, -8.29905660377359 ) );
#5151 = CARTESIAN_POINT( '', ( 2.32675207226252E-016, 3.80000000000000, -8.29905660377359 ) );
#5152 = VECTOR( '', #6202, 1000.00000000000 );
#5153 = CARTESIAN_POINT( '', ( -1.25000000000000, 4.35000000000000, -8.29905660377359 ) );
#5154 = CARTESIAN_POINT( '', ( -1.25000000000000, 3.80000000000000, -8.29905660377359 ) );
#5155 = VECTOR( '', #6203, 1000.00000000000 );
#5156 = CARTESIAN_POINT( '', ( -1.25000000000000, 4.35000000000000, -8.29905660377359 ) );
#5157 = VECTOR( '', #6204, 1000.00000000000 );
#5158 = COLOUR_RGB( '', 0.800000011920929, 0.800000011920929, 0.800000011920929 );
#5159 = CARTESIAN_POINT( '', ( 2.00000000000000, -8.67361737988404E-016, 1.67000000000000 ) );
#5160 = AXIS2_PLACEMENT_3D( '', #6205, #6206, #6207 );
#5161 = CARTESIAN_POINT( '', ( -2.62072042025229, -8.67361737988404E-016, 2.47000000000000 ) );
#5162 = AXIS2_PLACEMENT_3D( '', #6208, #6209, #6210 );
#5163 = COLOUR_RGB( '', 0.899999976158142, 0.899999976158142, 0.899999976158142 );
#5164 = CARTESIAN_POINT( '', ( 4.67000000000000, -1.40042770547167, 1.50021696193740 ) );
#5165 = CARTESIAN_POINT( '', ( 4.67000000000000, -1.40042770547167, 1.50021696193740 ) );
#5166 = CARTESIAN_POINT( '', ( 4.67000000000000, -1.40042770547167, 1.79447533514314 ) );
#5167 = CARTESIAN_POINT( '', ( 4.67000000000000, -1.40042770547167, 2.08873370834888 ) );
#5168 = CARTESIAN_POINT( '', ( 4.67000000000000, -1.40042770547167, 2.38299208155463 ) );
#5169 = CARTESIAN_POINT( '', ( 4.67000000000000, -1.40042770547167, 2.44348422099413 ) );
#5170 = CARTESIAN_POINT( '', ( 4.67000000000000, -1.42400938694809, 2.49372345544390 ) );
#5171 = CARTESIAN_POINT( '', ( 4.67000000000000, -1.47014745940195, 2.53165920390596 ) );
#5172 = CARTESIAN_POINT( '', ( 4.67000000000000, -1.51344438361102, 2.56725889714452 ) );
#5173 = CARTESIAN_POINT( '', ( 4.67000000000000, -1.56652476630558, 2.58599960035162 ) );
#5174 = CARTESIAN_POINT( '', ( 4.67000000000000, -1.68853433568356, 2.58599960035162 ) );
#5175 = CARTESIAN_POINT( '', ( 4.67000000000000, -1.73979886063230, 2.57267082386495 ) );
#5176 = CARTESIAN_POINT( '', ( 4.67000000000000, -1.78388635208822, 2.54601327089161 ) );
#5177 = CARTESIAN_POINT( '', ( 4.67000000000000, -1.84648185975928, 2.50816482439282 ) );
#5178 = CARTESIAN_POINT( '', ( 4.67000000000000, -1.87821307799389, 2.45373712598388 ) );
#5179 = CARTESIAN_POINT( '', ( 4.67000000000000, -1.87821307799389, 2.38401737205360 ) );
#5180 = CARTESIAN_POINT( '', ( 4.67000000000000, -1.87821307799389, 2.08941723534820 ) );
#5181 = CARTESIAN_POINT( '', ( 4.67000000000000, -1.87821307799389, 1.79481709864280 ) );
#5182 = CARTESIAN_POINT( '', ( 4.67000000000000, -1.87821307799389, 1.50021696193740 ) );
#5183 = CARTESIAN_POINT( '', ( 4.67000000000000, -1.87821307799389, 1.43664895100097 ) );
#5184 = CARTESIAN_POINT( '', ( 4.67000000000000, -1.84642907252567, 1.38538442605223 ) );
#5185 = CARTESIAN_POINT( '', ( 4.67000000000000, -1.78491164258719, 1.34642338709119 ) );
#5186 = CARTESIAN_POINT( '', ( 4.67000000000000, -1.73468785660648, 1.31461498930341 ) );
#5187 = CARTESIAN_POINT( '', ( 4.67000000000000, -1.68238259268972, 1.29823473363938 ) );
#5188 = CARTESIAN_POINT( '', ( 4.67000000000000, -1.57370179979840, 1.29823473363938 ) );
#5189 = CARTESIAN_POINT( '', ( 4.67000000000000, -1.52448785584761, 1.31361409112400 ) );
#5190 = CARTESIAN_POINT( '', ( 4.67000000000000, -1.47937507389273, 1.34539809659222 ) );
#5191 = CARTESIAN_POINT( '', ( 4.67000000000000, -1.42705234439034, 1.38226183783254 ) );
#5192 = CARTESIAN_POINT( '', ( 4.67000000000000, -1.40042770547167, 1.43357307950404 ) );
#5193 = CARTESIAN_POINT( '', ( 4.67000000000000, -1.40042770547167, 1.50021696193740 ) );
#5194 = CARTESIAN_POINT( '', ( 4.67000000000000, -1.29584807457625, 1.47766057095995 ) );
#5195 = CARTESIAN_POINT( '', ( 4.67000000000000, -1.29584807457625, 1.47766057095995 ) );
#5196 = CARTESIAN_POINT( '', ( 4.67000000000000, -1.29584807457625, 1.39256145954505 ) );
#5197 = CARTESIAN_POINT( '', ( 4.67000000000000, -1.33173324204037, 1.32181641511580 ) );
#5198 = CARTESIAN_POINT( '', ( 4.67000000000000, -1.40350357696860, 1.26645072817116 ) );
#5199 = CARTESIAN_POINT( '', ( 4.67000000000000, -1.47007662305735, 1.21509437833127 ) );
#5200 = CARTESIAN_POINT( '', ( 4.67000000000000, -1.54704424682505, 1.19057923124704 ) );
#5201 = CARTESIAN_POINT( '', ( 4.67000000000000, -1.72236892214973, 1.19057923124704 ) );
#5202 = CARTESIAN_POINT( '', ( 4.67000000000000, -1.80131629057078, 1.21518620322243 ) );
#5203 = CARTESIAN_POINT( '', ( 4.67000000000000, -1.87001075400209, 1.26747601867014 ) );
#5204 = CARTESIAN_POINT( '', ( 4.67000000000000, -1.94457670471681, 1.32423517518433 ) );
#5205 = CARTESIAN_POINT( '', ( 4.67000000000000, -1.98279270888931, 1.39461204054300 ) );
#5206 = CARTESIAN_POINT( '', ( 4.67000000000000, -1.98279270888931, 1.47971115195790 ) );
#5207 = CARTESIAN_POINT( '', ( 4.67000000000000, -1.98279270888931, 1.78729830165032 ) );
#5208 = CARTESIAN_POINT( '', ( 4.67000000000000, -1.98279270888931, 2.09488545134273 ) );
#5209 = CARTESIAN_POINT( '', ( 4.67000000000000, -1.98279270888931, 2.40247260103515 ) );
#5210 = CARTESIAN_POINT( '', ( 4.67000000000000, -1.98279270888931, 2.49474874594286 ) );
#5211 = CARTESIAN_POINT( '', ( 4.67000000000000, -1.94485696042725, 2.56856966186905 ) );
#5212 = CARTESIAN_POINT( '', ( 4.67000000000000, -1.86796017300414, 2.62393534881368 ) );
#5213 = CARTESIAN_POINT( '', ( 4.67000000000000, -1.80586473419637, 2.66864406475528 ) );
#5214 = CARTESIAN_POINT( '', ( 4.67000000000000, -1.72749537464460, 2.69057923124704 ) );
#5215 = CARTESIAN_POINT( '', ( 4.67000000000000, -1.54704424682505, 2.69057923124704 ) );
#5216 = CARTESIAN_POINT( '', ( 4.67000000000000, -1.47014745940195, 2.66494696877267 ) );
#5217 = CARTESIAN_POINT( '', ( 4.67000000000000, -1.40350357696860, 2.61368244382394 ) );
#5218 = CARTESIAN_POINT( '', ( 4.67000000000000, -1.33116151871380, 2.55803470670486 ) );
#5219 = CARTESIAN_POINT( '', ( 4.67000000000000, -1.29584807457625, 2.48757171245004 ) );
#5220 = CARTESIAN_POINT( '', ( 4.67000000000000, -1.29584807457625, 2.40247260103515 ) );
#5221 = CARTESIAN_POINT( '', ( 4.67000000000000, -1.29584807457625, 2.09420192434342 ) );
#5222 = CARTESIAN_POINT( '', ( 4.67000000000000, -1.29584807457625, 1.78593124765169 ) );
#5223 = CARTESIAN_POINT( '', ( 4.67000000000000, -1.29584807457625, 1.47766057095995 ) );
#5224 = COLOUR_RGB( '', 0.800000011920929, 0.800000011920929, 0.800000011920929 );
#5225 = CARTESIAN_POINT( '', ( 2.11275559670958, -0.281812900350300, -0.300000000000000 ) );
#5226 = VECTOR( '', #6211, 1000.00000000000 );
#5227 = CARTESIAN_POINT( '', ( 2.11421912267973, 0.283338480969100, -0.300000000000000 ) );
#5228 = VECTOR( '', #6212, 1000.00000000000 );
#5229 = COLOUR_RGB( '', 0.200000002980232, 0.200000002980232, 0.200000002980232 );
#5230 = CARTESIAN_POINT( '', ( 4.65000000000000, -4.07746119829464, 1.39051087854710 ) );
#5231 = CARTESIAN_POINT( '', ( 4.65000000000000, -4.54396837532813, 1.30541176713220 ) );
#5232 = CARTESIAN_POINT( '', ( 4.65000000000000, -4.42845231244365, 1.30541176713220 ) );
#5233 = CARTESIAN_POINT( '', ( 4.65000000000000, -4.31293624955917, 1.30541176713220 ) );
#5234 = CARTESIAN_POINT( '', ( 4.65000000000000, -4.19742018667468, 1.30541176713220 ) );
#5235 = CARTESIAN_POINT( '', ( 4.65000000000000, -4.11744752775466, 1.30541176713220 ) );
#5236 = CARTESIAN_POINT( '', ( 4.65000000000000, -4.07746119829464, 1.33411990110350 ) );
#5237 = CARTESIAN_POINT( '', ( 4.65000000000000, -4.07746119829464, 1.39051087854710 ) );
#5238 = CARTESIAN_POINT( '', ( 4.65000000000000, -4.07746119829464, 1.39051087854710 ) );
#5239 = CARTESIAN_POINT( '', ( 4.65000000000000, -4.07746119829464, 1.74662844519099 ) );
#5240 = CARTESIAN_POINT( '', ( 4.65000000000000, -4.07746119829464, 2.10274601183487 ) );
#5241 = CARTESIAN_POINT( '', ( 4.65000000000000, -4.07746119829464, 2.45886357847875 ) );
#5242 = CARTESIAN_POINT( '', ( 4.65000000000000, -4.07746119829464, 2.53576036590185 ) );
#5243 = CARTESIAN_POINT( '', ( 4.65000000000000, -4.11949810875261, 2.57472140486290 ) );
#5244 = CARTESIAN_POINT( '', ( 4.65000000000000, -4.20357192966853, 2.57574669536187 ) );
#5245 = CARTESIAN_POINT( '', ( 4.65000000000000, -4.31702053936445, 2.57713021499231 ) );
#5246 = CARTESIAN_POINT( '', ( 4.65000000000000, -4.43050289344160, 2.57574669536187 ) );
#5247 = CARTESIAN_POINT( '', ( 4.65000000000000, -4.54396837532813, 2.57574669536187 ) );
#5248 = COLOUR_RGB( '', 0.800000011920929, 0.800000011920929, 0.800000011920929 );
#5249 = CARTESIAN_POINT( '', ( -1.25000000000000, -3.80000000000000, -11.9990566037736 ) );
#5250 = AXIS2_PLACEMENT_3D( '', #6213, #6214, #6215 );
#5251 = CARTESIAN_POINT( '', ( -1.25000000000000, -3.80000000000000, -8.29905660377359 ) );
#5252 = CARTESIAN_POINT( '', ( -1.25000000000000, -3.80000000000000, -13.4490566037736 ) );
#5253 = VECTOR( '', #6216, 1000.00000000000 );
#5254 = CARTESIAN_POINT( '', ( -1.25000000000000, -4.35000000000000, -8.29905660377359 ) );
#5255 = CARTESIAN_POINT( '', ( -1.25000000000000, -3.80000000000000, -8.29905660377359 ) );
#5256 = VECTOR( '', #6217, 1000.00000000000 );
#5257 = CARTESIAN_POINT( '', ( -1.25000000000000, -4.35000000000000, -8.29905660377359 ) );
#5258 = VECTOR( '', #6218, 1000.00000000000 );
#5259 = CARTESIAN_POINT( '', ( -1.25000000000000, -5.25000000000000, -7.04905660377359 ) );
#5260 = VECTOR( '', #6219, 1000.00000000000 );
#5261 = CARTESIAN_POINT( '', ( -1.25000000000000, -3.95729638632727, -5.40141018341572 ) );
#5262 = CARTESIAN_POINT( '', ( -1.25000000000000, -5.25000000000000, -6.58259569842379 ) );
#5263 = VECTOR( '', #6220, 1000.00000000000 );
#5264 = AXIS2_PLACEMENT_3D( '', #6221, #6222, #6223 );
#5265 = AXIS2_PLACEMENT_3D( '', #6224, #6225, #6226 );
#5266 = CARTESIAN_POINT( '', ( -1.25000000000000, 5.25000000000000, -6.67076667206465 ) );
#5267 = AXIS2_PLACEMENT_3D( '', #6227, #6228, #6229 );
#5268 = CARTESIAN_POINT( '', ( -1.25000000000000, 5.25000000000000, -7.04905660377358 ) );
#5269 = CARTESIAN_POINT( '', ( -1.25000000000000, 5.25000000000000, -7.04905660377358 ) );
#5270 = VECTOR( '', #6230, 1000.00000000000 );
#5271 = CARTESIAN_POINT( '', ( -1.25000000000000, 4.35000000000000, -7.04905660377359 ) );
#5272 = CARTESIAN_POINT( '', ( -1.25000000000000, 4.35000000000000, -7.04905660377358 ) );
#5273 = VECTOR( '', #6231, 1000.00000000000 );
#5274 = CARTESIAN_POINT( '', ( -1.25000000000000, 4.35000000000000, -8.29905660377359 ) );
#5275 = VECTOR( '', #6232, 1000.00000000000 );
#5276 = COLOUR_RGB( '', 0.899999976158142, 0.899999976158142, 0.899999976158142 );
#5277 = CARTESIAN_POINT( '', ( 4.65000000000000, 3.12110339500679, 1.96774942946987 ) );
#5278 = CARTESIAN_POINT( '', ( 4.65000000000000, 3.12110339500679, 1.96774942946987 ) );
#5279 = CARTESIAN_POINT( '', ( 4.65000000000000, 3.12110339500679, 2.00260930643501 ) );
#5280 = CARTESIAN_POINT( '', ( 4.65000000000000, 3.12110339500679, 2.03746918340015 ) );
#5281 = CARTESIAN_POINT( '', ( 4.65000000000000, 3.12110339500679, 2.07232906036529 ) );
#5282 = CARTESIAN_POINT( '', ( 4.67000000000000, 3.12110339500679, 1.96774942946987 ) );
#5283 = VECTOR( '', #6233, 1000.00000000000 );
#5284 = COLOUR_RGB( '', 0.899999976158142, 0.899999976158142, 0.899999976158142 );
#5285 = CARTESIAN_POINT( '', ( 4.63000000000000, 0.819265976384366, -1.72586566147733 ) );
#5286 = CARTESIAN_POINT( '', ( 4.63000000000000, -0.761241145647997, -1.72586566147733 ) );
#5287 = VECTOR( '', #6234, 1000.00000000000 );
#5288 = CARTESIAN_POINT( '', ( 4.63000000000000, 0.819265976384366, -1.72586566147733 ) );
#5289 = VECTOR( '', #6235, 1000.00000000000 );
#5290 = COLOUR_RGB( '', 0.899999976158142, 0.899999976158142, 0.899999976158142 );
#5291 = COLOUR_RGB( '', 0.899999976158142, 0.899999976158142, 0.899999976158142 );
#5292 = CARTESIAN_POINT( '', ( 4.65000000000000, 3.84085732528705, 2.68340219775421 ) );
#5293 = CARTESIAN_POINT( '', ( 4.65000000000000, 4.45603162467187, 2.68340219775421 ) );
#5294 = CARTESIAN_POINT( '', ( 4.65000000000000, 3.84085732528705, 2.68340219775421 ) );
#5295 = CARTESIAN_POINT( '', ( 4.65000000000000, 4.04591542508198, 2.68340219775421 ) );
#5296 = CARTESIAN_POINT( '', ( 4.65000000000000, 4.25097352487693, 2.68340219775421 ) );
#5297 = CARTESIAN_POINT( '', ( 4.65000000000000, 4.45603162467187, 2.68340219775421 ) );
#5298 = CARTESIAN_POINT( '', ( 4.67000000000000, 3.84085732528705, 2.68340219775421 ) );
#5299 = CARTESIAN_POINT( '', ( 4.67000000000000, 3.84085732528705, 2.68340219775421 ) );
#5300 = VECTOR( '', #6236, 1000.00000000000 );
#5301 = CARTESIAN_POINT( '', ( 4.67000000000000, 4.45603162467187, 2.68340219775421 ) );
#5302 = CARTESIAN_POINT( '', ( 4.67000000000000, 3.84085732528705, 2.68340219775421 ) );
#5303 = CARTESIAN_POINT( '', ( 4.67000000000000, 4.04591542508198, 2.68340219775421 ) );
#5304 = CARTESIAN_POINT( '', ( 4.67000000000000, 4.25097352487693, 2.68340219775421 ) );
#5305 = CARTESIAN_POINT( '', ( 4.67000000000000, 4.45603162467187, 2.68340219775421 ) );
#5306 = CARTESIAN_POINT( '', ( 4.67000000000000, 4.45603162467187, 2.68340219775421 ) );
#5307 = VECTOR( '', #6237, 1000.00000000000 );
#5308 = COLOUR_RGB( '', 0.899999976158142, 0.899999976158142, 0.899999976158142 );
#5309 = CARTESIAN_POINT( '', ( 4.65000000000000, -1.12837178722605, -1.11029318847522 ) );
#5310 = CARTESIAN_POINT( '', ( 4.65000000000000, -1.12837178722605, -1.11029318847522 ) );
#5311 = VECTOR( '', #6238, 1000.00000000000 );
#5312 = CARTESIAN_POINT( '', ( 4.63000000000000, -1.12837178722605, -1.11029318847522 ) );
#5313 = CARTESIAN_POINT( '', ( 4.63000000000000, -1.12837178722605, -1.11029318847522 ) );
#5314 = VECTOR( '', #6239, 1000.00000000000 );
#5315 = CARTESIAN_POINT( '', ( 4.63000000000000, -1.12837178722605, -1.11029318847522 ) );
#5316 = VECTOR( '', #6240, 1000.00000000000 );
#5317 = COLOUR_RGB( '', 0.800000011920929, 0.800000011920929, 0.800000011920929 );
#5318 = CARTESIAN_POINT( '', ( -1.05000000000000, 2.54937460888595, -12.9740566037736 ) );
#5319 = AXIS2_PLACEMENT_3D( '', #6241, #6242, #6243 );
#5320 = CARTESIAN_POINT( '', ( 2.47417300446066E-016, 2.54937460888595, -12.9740566037736 ) );
#5321 = AXIS2_PLACEMENT_3D( '', #6244, #6245, #6246 );
#5322 = CARTESIAN_POINT( '', ( -1.25000000000000, 2.54937460888595, -12.9740566037736 ) );
#5323 = VECTOR( '', #6247, 1000.00000000000 );
#5324 = COLOUR_RGB( '', 0.899999976158142, 0.899999976158142, 0.899999976158142 );
#5325 = CARTESIAN_POINT( '', ( 4.65000000000000, -2.89837712447373, 2.68340219775421 ) );
#5326 = CARTESIAN_POINT( '', ( 4.65000000000000, -2.89837712447373, 2.68340219775421 ) );
#5327 = CARTESIAN_POINT( '', ( 4.65000000000000, -2.13863686473347, 2.68340219775421 ) );
#5328 = CARTESIAN_POINT( '', ( 4.67000000000000, -2.89837712447373, 2.68340219775421 ) );
#5329 = VECTOR( '', #6248, 1000.00000000000 );
#5330 = COLOUR_RGB( '', 0.200000002980232, 0.200000002980232, 0.200000002980232 );
#5331 = CARTESIAN_POINT( '', ( -4.33680868994202E-016, 9.18621884032346, -4.33590148741678 ) );
#5332 = VECTOR( '', #6249, 1000.00000000000 );
#5333 = CARTESIAN_POINT( '', ( -4.33680868994202E-016, 9.18621884032346, 4.39134903813533 ) );
#5334 = VECTOR( '', #6250, 1000.00000000000 );
#5335 = COLOUR_RGB( '', 0.800000011920929, 0.800000011920929, 0.800000011920929 );
#5336 = CARTESIAN_POINT( '', ( -3.21459167878374E-016, -5.25000000000000, -7.04905660377359 ) );
#5337 = VECTOR( '', #6251, 1000.00000000000 );
#5338 = COLOUR_RGB( '', 0.800000011920929, 0.800000011920929, 0.800000011920929 );
#5339 = CARTESIAN_POINT( '', ( -2.42306514932735E-016, -3.95729638632727, -5.40141018341572 ) );
#5340 = CARTESIAN_POINT( '', ( -1.25000000000000, -3.95729638632727, -5.40141018341572 ) );
#5341 = VECTOR( '', #6252, 1000.00000000000 );
#5342 = AXIS2_PLACEMENT_3D( '', #6253, #6254, #6255 );
#5343 = COLOUR_RGB( '', 0.899999976158142, 0.899999976158142, 0.899999976158142 );
#5344 = CARTESIAN_POINT( '', ( 4.67000000000000, 0.249264707378634, 1.30233589563528 ) );
#5345 = CARTESIAN_POINT( '', ( 4.67000000000000, 0.249264707378634, 1.19775626473986 ) );
#5346 = CARTESIAN_POINT( '', ( 4.67000000000000, 0.249264707378634, 1.30233589563528 ) );
#5347 = CARTESIAN_POINT( '', ( 4.67000000000000, 0.249264707378634, 1.26747601867014 ) );
#5348 = CARTESIAN_POINT( '', ( 4.67000000000000, 0.249264707378634, 1.23261614170500 ) );
#5349 = CARTESIAN_POINT( '', ( 4.67000000000000, 0.249264707378634, 1.19775626473986 ) );
#5350 = CARTESIAN_POINT( '', ( 4.67000000000000, -0.392567144979535, 1.30233589563528 ) );
#5351 = CARTESIAN_POINT( '', ( 4.67000000000000, -0.178623194193479, 1.30233589563528 ) );
#5352 = CARTESIAN_POINT( '', ( 4.67000000000000, 0.0353207565925778, 1.30233589563528 ) );
#5353 = CARTESIAN_POINT( '', ( 4.67000000000000, 0.249264707378634, 1.30233589563528 ) );
#5354 = CARTESIAN_POINT( '', ( 4.67000000000000, 0.0770159035508831, 2.50910281292852 ) );
#5355 = CARTESIAN_POINT( '', ( 4.67000000000000, 0.0770159035508831, 2.50910281292852 ) );
#5356 = CARTESIAN_POINT( '', ( 4.67000000000000, 0.0565100935713894, 2.52448217041313 ) );
#5357 = CARTESIAN_POINT( '', ( 4.67000000000000, 0.0390801550888189, 2.53678565640083 ) );
#5358 = CARTESIAN_POINT( '', ( 4.67000000000000, 0.0247260881031733, 2.54396268989366 ) );
#5359 = CARTESIAN_POINT( '', ( 4.67000000000000, -0.0236676234484333, 2.56815954566946 ) );
#5360 = CARTESIAN_POINT( '', ( 4.67000000000000, -0.0829294142891714, 2.57882256685880 ) );
#5361 = CARTESIAN_POINT( '', ( 4.67000000000000, -0.285936933086164, 2.57882256685880 ) );
#5362 = CARTESIAN_POINT( '', ( 4.67000000000000, -0.377187787494914, 2.50090048893672 ) );
#5363 = CARTESIAN_POINT( '', ( 4.67000000000000, -0.422300569449801, 2.34608162359154 ) );
#5364 = CARTESIAN_POINT( '', ( 4.67000000000000, -0.520728457351374, 1.30131060513630 ) );
#5365 = CARTESIAN_POINT( '', ( 4.67000000000000, -0.318746229053356, 1.59898661333863 ) );
#5366 = CARTESIAN_POINT( '', ( 4.67000000000000, -0.116764000755338, 1.89666262154096 ) );
#5367 = CARTESIAN_POINT( '', ( 4.67000000000000, 0.0852182275426806, 2.19433862974328 ) );
#5368 = CARTESIAN_POINT( '', ( 4.67000000000000, 0.118104087933570, 2.24280493160531 ) );
#5369 = CARTESIAN_POINT( '', ( 4.67000000000000, 0.133406880994492, 2.29481709864280 ) );
#5370 = CARTESIAN_POINT( '', ( 4.67000000000000, 0.133406880994492, 2.38914382454847 ) );
#5371 = CARTESIAN_POINT( '', ( 4.67000000000000, 0.124179266503720, 2.42707957301054 ) );
#5372 = CARTESIAN_POINT( '', ( 4.67000000000000, 0.104698747023200, 2.46399003097362 ) );
#5373 = CARTESIAN_POINT( '', ( 4.67000000000000, 0.0964809539532648, 2.47956058626403 ) );
#5374 = CARTESIAN_POINT( '', ( 4.67000000000000, 0.0862435180416553, 2.49406521894355 ) );
#5375 = CARTESIAN_POINT( '', ( 4.67000000000000, 0.0770159035508831, 2.50910281292852 ) );
#5376 = CARTESIAN_POINT( '', ( 4.67000000000000, 0.249264707378634, 1.19775626473986 ) );
#5377 = CARTESIAN_POINT( '', ( 4.67000000000000, -0.00876673486333458, 1.19775626473986 ) );
#5378 = CARTESIAN_POINT( '', ( 4.67000000000000, -0.266798177105304, 1.19775626473986 ) );
#5379 = CARTESIAN_POINT( '', ( 4.67000000000000, -0.524829619347272, 1.19775626473986 ) );
#5380 = COLOUR_RGB( '', 0.800000011920929, 0.800000011920929, 0.800000011920929 );
#5381 = CARTESIAN_POINT( '', ( 3.32359495222288, -0.800000000000000, -0.300000000000000 ) );
#5382 = CARTESIAN_POINT( '', ( 3.32359495222288, -0.800000000000000, -0.300000000000000 ) );
#5383 = VECTOR( '', #6256, 1000.00000000000 );
#5384 = CARTESIAN_POINT( '', ( 5.00000000000000, -0.800000000000000, -0.300000000000005 ) );
#5385 = CARTESIAN_POINT( '', ( 3.32359495222288, -0.800000000000000, -0.300000000000000 ) );
#5386 = VECTOR( '', #6257, 1000.00000000000 );
#5387 = CARTESIAN_POINT( '', ( 5.00000000000000, -0.800000000000000, -0.300000000000005 ) );
#5388 = VECTOR( '', #6258, 1000.00000000000 );
#5389 = COLOUR_RGB( '', 0.800000011920929, 0.800000011920929, 0.800000011920929 );
#5390 = CARTESIAN_POINT( '', ( -2.32675207226252E-016, -3.80000000000000, -11.9990566037736 ) );
#5391 = AXIS2_PLACEMENT_3D( '', #6259, #6260, #6261 );
#5392 = CARTESIAN_POINT( '', ( -1.25000000000000, -3.80000000000000, -11.9990566037736 ) );
#5393 = VECTOR( '', #6262, 1000.00000000000 );
#5394 = COLOUR_RGB( '', 0.899999976158142, 0.899999976158142, 0.899999976158142 );
#5395 = CARTESIAN_POINT( '', ( 4.65000000000000, 0.0770159035508831, 2.50910281292852 ) );
#5396 = CARTESIAN_POINT( '', ( 4.65000000000000, 0.0770159035508831, 2.50910281292852 ) );
#5397 = CARTESIAN_POINT( '', ( 4.65000000000000, 0.0565100935713894, 2.52448217041313 ) );
#5398 = CARTESIAN_POINT( '', ( 4.65000000000000, 0.0390801550888189, 2.53678565640083 ) );
#5399 = CARTESIAN_POINT( '', ( 4.65000000000000, 0.0247260881031733, 2.54396268989366 ) );
#5400 = CARTESIAN_POINT( '', ( 4.65000000000000, -0.0236676234484333, 2.56815954566946 ) );
#5401 = CARTESIAN_POINT( '', ( 4.65000000000000, -0.0829294142891714, 2.57882256685880 ) );
#5402 = CARTESIAN_POINT( '', ( 4.65000000000000, -0.285936933086164, 2.57882256685880 ) );
#5403 = CARTESIAN_POINT( '', ( 4.65000000000000, -0.377187787494914, 2.50090048893672 ) );
#5404 = CARTESIAN_POINT( '', ( 4.65000000000000, -0.422300569449801, 2.34608162359154 ) );
#5405 = CARTESIAN_POINT( '', ( 4.67000000000000, 0.0770159035508831, 2.50910281292852 ) );
#5406 = VECTOR( '', #6263, 1000.00000000000 );
#5407 = COLOUR_RGB( '', 0.899999976158142, 0.899999976158142, 0.899999976158142 );
#5408 = CARTESIAN_POINT( '', ( 4.65000000000000, 3.94543695618246, 2.06925318886836 ) );
#5409 = CARTESIAN_POINT( '', ( 4.65000000000000, 3.94543695618246, 2.57882256685880 ) );
#5410 = CARTESIAN_POINT( '', ( 4.65000000000000, 3.94543695618246, 2.40896610752865 ) );
#5411 = CARTESIAN_POINT( '', ( 4.65000000000000, 3.94543695618246, 2.23910964819850 ) );
#5412 = CARTESIAN_POINT( '', ( 4.65000000000000, 3.94543695618246, 2.06925318886837 ) );
#5413 = CARTESIAN_POINT( '', ( 4.67000000000000, 3.94543695618246, 2.06925318886837 ) );
#5414 = CARTESIAN_POINT( '', ( 4.67000000000000, 3.94543695618246, 2.57882256685880 ) );
#5415 = CARTESIAN_POINT( '', ( 4.67000000000000, 3.94543695618246, 2.40896610752865 ) );
#5416 = CARTESIAN_POINT( '', ( 4.67000000000000, 3.94543695618246, 2.23910964819850 ) );
#5417 = CARTESIAN_POINT( '', ( 4.67000000000000, 3.94543695618246, 2.06925318886837 ) );
#5418 = CARTESIAN_POINT( '', ( 4.67000000000000, 3.94543695618246, 2.06925318886837 ) );
#5419 = VECTOR( '', #6264, 1000.00000000000 );
#5420 = COLOUR_RGB( '', 0.200000002980232, 0.200000002980232, 0.200000002980232 );
#5421 = CARTESIAN_POINT( '', ( 4.65000000000000, 4.98000000000000, -4.33500000000000 ) );
#5422 = CARTESIAN_POINT( '', ( 4.65000000000000, 4.98000000000000, 4.26144753527622 ) );
#5423 = VECTOR( '', #6265, 1000.00000000000 );
#5424 = AXIS2_PLACEMENT_3D( '', #6266, #6267, #6268 );
#5425 = AXIS2_PLACEMENT_3D( '', #6269, #6270, #6271 );
#5426 = COLOUR_RGB( '', 0.899999976158142, 0.899999976158142, 0.899999976158142 );
#5427 = CARTESIAN_POINT( '', ( 4.65000000000000, -3.65914267471296, 1.30233589563528 ) );
#5428 = CARTESIAN_POINT( '', ( 4.65000000000000, -3.01731082235479, 1.30233589563528 ) );
#5429 = CARTESIAN_POINT( '', ( 4.65000000000000, -3.65914267471296, 1.30233589563528 ) );
#5430 = CARTESIAN_POINT( '', ( 4.65000000000000, -3.44519872392691, 1.30233589563528 ) );
#5431 = CARTESIAN_POINT( '', ( 4.65000000000000, -3.23125477314085, 1.30233589563528 ) );
#5432 = CARTESIAN_POINT( '', ( 4.65000000000000, -3.01731082235479, 1.30233589563528 ) );
#5433 = CARTESIAN_POINT( '', ( 4.67000000000000, -3.65914267471296, 1.30233589563528 ) );
#5434 = VECTOR( '', #6272, 1000.00000000000 );
#5435 = CARTESIAN_POINT( '', ( 4.67000000000000, -3.01731082235479, 1.30233589563528 ) );
#5436 = VECTOR( '', #6273, 1000.00000000000 );
#5437 = COLOUR_RGB( '', 0.800000011920929, 0.800000011920929, 0.800000011920929 );
#5438 = AXIS2_PLACEMENT_3D( '', #6274, #6275, #6276 );
#5439 = COLOUR_RGB( '', 0.800000011920929, 0.800000011920929, 0.800000011920929 );
#5440 = CARTESIAN_POINT( '', ( 3.21459167878374E-016, 5.25000000000000, -6.67076667206465 ) );
#5441 = CARTESIAN_POINT( '', ( -1.25000000000000, 5.25000000000000, -6.67076667206465 ) );
#5442 = VECTOR( '', #6277, 1000.00000000000 );
#5443 = CARTESIAN_POINT( '', ( 3.21459167878374E-016, 5.25000000000000, -7.04905660377358 ) );
#5444 = CARTESIAN_POINT( '', ( 3.21459167878374E-016, 5.25000000000000, -7.04905660377358 ) );
#5445 = VECTOR( '', #6278, 1000.00000000000 );
#5446 = CARTESIAN_POINT( '', ( -1.25000000000000, 5.25000000000000, -7.04905660377358 ) );
#5447 = VECTOR( '', #6279, 1000.00000000000 );
#5448 = COLOUR_RGB( '', 0.899999976158142, 0.899999976158142, 0.899999976158142 );
#5449 = CARTESIAN_POINT( '', ( 4.65000000000000, 4.48063859664726, 1.66118757027643 ) );
#5450 = CARTESIAN_POINT( '', ( 4.65000000000000, 3.82650325830140, 1.20493329823268 ) );
#5451 = CARTESIAN_POINT( '', ( 4.65000000000000, 4.48063859664726, 1.66118757027643 ) );
#5452 = CARTESIAN_POINT( '', ( 4.65000000000000, 4.48063859664726, 1.45100301798661 ) );
#5453 = CARTESIAN_POINT( '', ( 4.65000000000000, 4.39964064722826, 1.31053821962708 ) );
#5454 = CARTESIAN_POINT( '', ( 4.65000000000000, 4.23764474839026, 1.24081846569680 ) );
#5455 = CARTESIAN_POINT( '', ( 4.65000000000000, 4.18199629916120, 1.21686850020581 ) );
#5456 = CARTESIAN_POINT( '', ( 4.65000000000000, 4.12588808400201, 1.20493329823268 ) );
#5457 = CARTESIAN_POINT( '', ( 4.65000000000000, 4.06949710655840, 1.20493329823268 ) );
#5458 = CARTESIAN_POINT( '', ( 4.65000000000000, 3.98849915713940, 1.20493329823268 ) );
#5459 = CARTESIAN_POINT( '', ( 4.65000000000000, 3.90750120772040, 1.20493329823268 ) );
#5460 = CARTESIAN_POINT( '', ( 4.65000000000000, 3.82650325830140, 1.20493329823268 ) );
#5461 = CARTESIAN_POINT( '', ( 4.67000000000000, 4.48063859664726, 1.66118757027643 ) );
#5462 = CARTESIAN_POINT( '', ( 4.67000000000000, 4.48063859664726, 1.66118757027643 ) );
#5463 = VECTOR( '', #6280, 1000.00000000000 );
#5464 = CARTESIAN_POINT( '', ( 4.67000000000000, 3.82650325830140, 1.20493329823268 ) );
#5465 = CARTESIAN_POINT( '', ( 4.67000000000000, 4.48063859664726, 1.66118757027643 ) );
#5466 = CARTESIAN_POINT( '', ( 4.67000000000000, 4.48063859664726, 1.45100301798661 ) );
#5467 = CARTESIAN_POINT( '', ( 4.67000000000000, 4.39964064722826, 1.31053821962708 ) );
#5468 = CARTESIAN_POINT( '', ( 4.67000000000000, 4.23764474839026, 1.24081846569680 ) );
#5469 = CARTESIAN_POINT( '', ( 4.67000000000000, 4.18199629916120, 1.21686850020581 ) );
#5470 = CARTESIAN_POINT( '', ( 4.67000000000000, 4.12588808400201, 1.20493329823268 ) );
#5471 = CARTESIAN_POINT( '', ( 4.67000000000000, 4.06949710655840, 1.20493329823268 ) );
#5472 = CARTESIAN_POINT( '', ( 4.67000000000000, 3.98849915713940, 1.20493329823268 ) );
#5473 = CARTESIAN_POINT( '', ( 4.67000000000000, 3.90750120772040, 1.20493329823268 ) );
#5474 = CARTESIAN_POINT( '', ( 4.67000000000000, 3.82650325830140, 1.20493329823268 ) );
#5475 = CARTESIAN_POINT( '', ( 4.67000000000000, 3.82650325830140, 1.20493329823268 ) );
#5476 = VECTOR( '', #6281, 1000.00000000000 );
#5477 = COLOUR_RGB( '', 0.899999976158142, 0.899999976158142, 0.899999976158142 );
#5478 = CARTESIAN_POINT( '', ( 4.65000000000000, -0.866569994005971, -1.54925948286067 ) );
#5479 = CARTESIAN_POINT( '', ( 4.65000000000000, -0.866569994005971, -1.54925948286067 ) );
#5480 = VECTOR( '', #6282, 1000.00000000000 );
#5481 = CARTESIAN_POINT( '', ( 4.63000000000000, -0.866569994005971, -1.54925948286067 ) );
#5482 = CARTESIAN_POINT( '', ( 4.63000000000000, -0.866569994005971, -1.54925948286067 ) );
#5483 = VECTOR( '', #6283, 1000.00000000000 );
#5484 = CARTESIAN_POINT( '', ( 4.63000000000000, -0.866569994005971, -1.54925948286067 ) );
#5485 = VECTOR( '', #6284, 1000.00000000000 );
#5486 = COLOUR_RGB( '', 0.899999976158142, 0.899999976158142, 0.899999976158142 );
#5487 = CARTESIAN_POINT( '', ( 4.67000000000000, 3.94543695618246, 2.06925318886837 ) );
#5488 = CARTESIAN_POINT( '', ( 4.67000000000000, 3.99533442713257, 2.06925318886837 ) );
#5489 = CARTESIAN_POINT( '', ( 4.67000000000000, 4.04523189808266, 2.06925318886837 ) );
#5490 = CARTESIAN_POINT( '', ( 4.67000000000000, 4.09512936903277, 2.06925318886837 ) );
#5491 = CARTESIAN_POINT( '', ( 4.67000000000000, 4.21303777641486, 2.06925318886837 ) );
#5492 = CARTESIAN_POINT( '', ( 4.67000000000000, 4.30736450232054, 2.02926685940835 ) );
#5493 = CARTESIAN_POINT( '', ( 4.67000000000000, 4.37810954674979, 1.95031949098730 ) );
#5494 = CARTESIAN_POINT( '', ( 4.67000000000000, 4.44590302056956, 1.87466590426090 ) );
#5495 = CARTESIAN_POINT( '', ( 4.67000000000000, 4.48063859664726, 1.77909597765852 ) );
#5496 = CARTESIAN_POINT( '', ( 4.67000000000000, 4.48063859664726, 1.66118757027643 ) );
#5497 = CARTESIAN_POINT( '', ( 4.67000000000000, 4.45603162467187, 2.68340219775421 ) );
#5498 = CARTESIAN_POINT( '', ( 4.67000000000000, 4.45603162467187, 2.64854232078907 ) );
#5499 = CARTESIAN_POINT( '', ( 4.67000000000000, 4.45603162467187, 2.61368244382394 ) );
#5500 = CARTESIAN_POINT( '', ( 4.67000000000000, 4.45603162467187, 2.57882256685880 ) );
#5501 = CARTESIAN_POINT( '', ( 4.67000000000000, 3.84085732528705, 1.96364826747397 ) );
#5502 = CARTESIAN_POINT( '', ( 4.67000000000000, 3.84085732528705, 1.96364826747397 ) );
#5503 = CARTESIAN_POINT( '', ( 4.67000000000000, 3.84085732528705, 2.20356624423405 ) );
#5504 = CARTESIAN_POINT( '', ( 4.67000000000000, 3.84085732528705, 2.44348422099413 ) );
#5505 = CARTESIAN_POINT( '', ( 4.67000000000000, 3.84085732528705, 2.68340219775421 ) );
#5506 = CARTESIAN_POINT( '', ( 4.67000000000000, 3.82650325830140, 1.30951292912810 ) );
#5507 = CARTESIAN_POINT( '', ( 4.67000000000000, 3.82650325830140, 1.30951292912810 ) );
#5508 = CARTESIAN_POINT( '', ( 4.67000000000000, 3.90613415372177, 1.30951292912810 ) );
#5509 = CARTESIAN_POINT( '', ( 4.67000000000000, 3.98576504914214, 1.30951292912810 ) );
#5510 = CARTESIAN_POINT( '', ( 4.67000000000000, 4.06539594456251, 1.30951292912810 ) );
#5511 = CARTESIAN_POINT( '', ( 4.67000000000000, 4.16382383246407, 1.30951292912810 ) );
#5512 = CARTESIAN_POINT( '', ( 4.67000000000000, 4.24072061988718, 1.34539809659222 ) );
#5513 = CARTESIAN_POINT( '', ( 4.67000000000000, 4.29711159733079, 1.41511785052250 ) );
#5514 = CARTESIAN_POINT( '', ( 4.67000000000000, 4.34987538678875, 1.48035308112506 ) );
#5515 = CARTESIAN_POINT( '', ( 4.67000000000000, 4.37605896575184, 1.56275968237486 ) );
#5516 = CARTESIAN_POINT( '', ( 4.67000000000000, 4.37605896575184, 1.73398319570364 ) );
#5517 = CARTESIAN_POINT( '', ( 4.67000000000000, 4.35760373677030, 1.79652591614109 ) );
#5518 = CARTESIAN_POINT( '', ( 4.67000000000000, 4.31864269780926, 1.84881573158880 ) );
#5519 = CARTESIAN_POINT( '', ( 4.67000000000000, 4.26216123119182, 1.92461980520694 ) );
#5520 = CARTESIAN_POINT( '', ( 4.67000000000000, 4.17510202795279, 1.96262297697499 ) );
#5521 = CARTESIAN_POINT( '', ( 4.67000000000000, 4.05514303957275, 1.96364826747397 ) );
#5522 = CARTESIAN_POINT( '', ( 4.67000000000000, 3.98371968571697, 1.96425872348983 ) );
#5523 = CARTESIAN_POINT( '', ( 4.67000000000000, 3.91228589671561, 1.96364826747397 ) );
#5524 = CARTESIAN_POINT( '', ( 4.67000000000000, 3.84085732528705, 1.96364826747397 ) );
#5525 = CARTESIAN_POINT( '', ( 4.67000000000000, 3.82650325830140, 1.20493329823268 ) );
#5526 = CARTESIAN_POINT( '', ( 4.67000000000000, 3.82650325830140, 1.23979317519782 ) );
#5527 = CARTESIAN_POINT( '', ( 4.67000000000000, 3.82650325830140, 1.27465305216296 ) );
#5528 = CARTESIAN_POINT( '', ( 4.67000000000000, 3.82650325830140, 1.30951292912810 ) );
#5529 = COLOUR_RGB( '', 0.800000011920929, 0.800000011920929, 0.800000011920929 );
#5530 = AXIS2_PLACEMENT_3D( '', #6285, #6286, #6287 );
#5531 = COLOUR_RGB( '', 0.899999976158142, 0.899999976158142, 0.899999976158142 );
#5532 = CARTESIAN_POINT( '', ( 4.65000000000000, 3.94543695618246, 2.06925318886837 ) );
#5533 = CARTESIAN_POINT( '', ( 4.65000000000000, 3.99533442713257, 2.06925318886837 ) );
#5534 = CARTESIAN_POINT( '', ( 4.65000000000000, 4.04523189808266, 2.06925318886837 ) );
#5535 = CARTESIAN_POINT( '', ( 4.65000000000000, 4.09512936903277, 2.06925318886837 ) );
#5536 = CARTESIAN_POINT( '', ( 4.65000000000000, 4.21303777641486, 2.06925318886837 ) );
#5537 = CARTESIAN_POINT( '', ( 4.65000000000000, 4.30736450232054, 2.02926685940835 ) );
#5538 = CARTESIAN_POINT( '', ( 4.65000000000000, 4.37810954674979, 1.95031949098730 ) );
#5539 = CARTESIAN_POINT( '', ( 4.65000000000000, 4.44590302056956, 1.87466590426090 ) );
#5540 = CARTESIAN_POINT( '', ( 4.65000000000000, 4.48063859664726, 1.77909597765852 ) );
#5541 = CARTESIAN_POINT( '', ( 4.65000000000000, 4.48063859664726, 1.66118757027643 ) );
#5542 = COLOUR_RGB( '', 0.899999976158142, 0.899999976158142, 0.899999976158142 );
#5543 = CARTESIAN_POINT( '', ( 4.65000000000000, 2.30804802931985, 2.68340219775421 ) );
#5544 = CARTESIAN_POINT( '', ( 4.65000000000000, 2.20039252692751, 2.68340219775421 ) );
#5545 = CARTESIAN_POINT( '', ( 4.65000000000000, 2.30804802931985, 2.68340219775421 ) );
#5546 = CARTESIAN_POINT( '', ( 4.67000000000000, 2.30804802931985, 2.68340219775421 ) );
#5547 = CARTESIAN_POINT( '', ( 4.67000000000000, 2.20039252692751, 2.68340219775421 ) );
#5548 = CARTESIAN_POINT( '', ( 4.67000000000000, 2.30804802931985, 2.68340219775421 ) );
#5549 = CARTESIAN_POINT( '', ( 4.67000000000000, 2.30804802931985, 2.68340219775421 ) );
#5550 = VECTOR( '', #6288, 1000.00000000000 );
#5551 = COLOUR_RGB( '', 0.899999976158142, 0.899999976158142, 0.899999976158142 );
#5552 = CARTESIAN_POINT( '', ( 4.65000000000000, 2.30804802931985, 2.68340219775421 ) );
#5553 = CARTESIAN_POINT( '', ( 4.65000000000000, 1.95227222617562, 1.19673097424088 ) );
#5554 = CARTESIAN_POINT( '', ( 4.67000000000000, 2.30804802931985, 2.68340219775421 ) );
#5555 = CARTESIAN_POINT( '', ( 4.67000000000000, 1.95227222617562, 1.19673097424088 ) );
#5556 = COLOUR_RGB( '', 0.800000011920929, 0.800000011920929, 0.800000011920929 );
#5557 = CARTESIAN_POINT( '', ( 2.80000000000000, -1.30104260698260E-015, 0.299999999999999 ) );
#5558 = AXIS2_PLACEMENT_3D( '', #6289, #6290, #6291 );
#5559 = AXIS2_PLACEMENT_3D( '', #6292, #6293, #6294 );
#5560 = COLOUR_RGB( '', 0.800000011920929, 0.800000011920929, 0.800000011920929 );
#5561 = CARTESIAN_POINT( '', ( 2.66351881956367E-016, 4.35000000000000, -7.04905660377359 ) );
#5562 = CARTESIAN_POINT( '', ( 2.66351881956367E-016, 4.35000000000000, -8.29905660377359 ) );
#5563 = VECTOR( '', #6295, 1000.00000000000 );
#5564 = CARTESIAN_POINT( '', ( -1.25000000000000, 4.35000000000000, -7.04905660377359 ) );
#5565 = VECTOR( '', #6296, 1000.00000000000 );
#5566 = COLOUR_RGB( '', 0.800000011920929, 0.800000011920929, 0.800000011920929 );
#5567 = CARTESIAN_POINT( '', ( 3.32359495222288, -0.799999999999991, -2.38524477946811E-015 ) );
#5568 = CARTESIAN_POINT( '', ( 3.32359495222288, -0.799999999999991, -2.38524477946811E-015 ) );
#5569 = VECTOR( '', #6297, 1000.00000000000 );
#5570 = CARTESIAN_POINT( '', ( 3.32359495222288, -0.799999999999991, -0.300000000000000 ) );
#5571 = VECTOR( '', #6298, 1000.00000000000 );
#5572 = COLOUR_RGB( '', 0.200000002980232, 0.200000002980232, 0.200000002980232 );
#5573 = CARTESIAN_POINT( '', ( 1.25000000000000, 9.18621884032346, 4.43500000000000 ) );
#5574 = VECTOR( '', #6299, 1000.00000000000 );
#5575 = COLOUR_RGB( '', 0.200000002980232, 0.200000002980232, 0.200000002980232 );
#5576 = CARTESIAN_POINT( '', ( 4.55000000000000, -5.08000000000000, -4.43500000000000 ) );
#5577 = VECTOR( '', #6300, 1000.00000000000 );
#5578 = CARTESIAN_POINT( '', ( 4.65000000000000, 5.08000000000000, -4.33500000000000 ) );
#5579 = VECTOR( '', #6301, 1000.00000000000 );
#5580 = COLOUR_RGB( '', 0.800000011920929, 0.800000011920929, 0.800000011920929 );
#5581 = CARTESIAN_POINT( '', ( 2.11421912267973, 0.283338480969099, -0.300000000000000 ) );
#5582 = AXIS2_PLACEMENT_3D( '', #6302, #6303, #6304 );
#5583 = CARTESIAN_POINT( '', ( 2.11421912267973, 0.283338480969099, 0.261879086422191 ) );
#5584 = CARTESIAN_POINT( '', ( 2.11421912267973, 0.283338480969099, -0.300000000000000 ) );
#5585 = VECTOR( '', #6305, 1000.00000000000 );
#5586 = CARTESIAN_POINT( '', ( 2.11421912267973, 0.283338480969099, 0.261879086422191 ) );
#5587 = CARTESIAN_POINT( '', ( 2.13512576973212, 0.305189788825203, 0.257677802061300 ) );
#5588 = CARTESIAN_POINT( '', ( 2.15265058640846, 0.322480110435199, 0.239725181747426 ) );
#5589 = CARTESIAN_POINT( '', ( 2.18916033027655, 0.357158187303756, 0.207934530354868 ) );
#5590 = CARTESIAN_POINT( '', ( 2.20750593269556, 0.373814222302879, 0.191426977412974 ) );
#5591 = CARTESIAN_POINT( '', ( 2.26429628648692, 0.423108555338896, 0.143327678196503 ) );
#5592 = CARTESIAN_POINT( '', ( 2.30466118532889, 0.455176124317649, 0.112726240585630 ) );
#5593 = CARTESIAN_POINT( '', ( 2.43429810835182, 0.548187616787303, 0.0348731454507419 ) );
#5594 = CARTESIAN_POINT( '', ( 2.53462454828642, 0.607255295878774, -6.79998050055752E-013 ) );
#5595 = CARTESIAN_POINT( '', ( 2.64433732341458, 0.655972005794930, -6.74861642263602E-013 ) );
#5596 = COLOUR_RGB( '', 0.899999976158142, 0.899999976158142, 0.899999976158142 );
#5597 = CARTESIAN_POINT( '', ( 4.65000000000000, -3.01731082235479, 1.19775626473986 ) );
#5598 = CARTESIAN_POINT( '', ( 4.65000000000000, -3.01731082235479, 1.30233589563528 ) );
#5599 = CARTESIAN_POINT( '', ( 4.65000000000000, -3.01731082235479, 1.26747601867014 ) );
#5600 = CARTESIAN_POINT( '', ( 4.65000000000000, -3.01731082235479, 1.23261614170500 ) );
#5601 = CARTESIAN_POINT( '', ( 4.65000000000000, -3.01731082235479, 1.19775626473986 ) );
#5602 = CARTESIAN_POINT( '', ( 4.67000000000000, -3.01731082235479, 1.19775626473986 ) );
#5603 = VECTOR( '', #6306, 1000.00000000000 );
#5604 = COLOUR_RGB( '', 0.899999976158142, 0.899999976158142, 0.899999976158142 );
#5605 = CARTESIAN_POINT( '', ( 4.65000000000000, -0.520728457351374, 1.30131060513630 ) );
#5606 = CARTESIAN_POINT( '', ( 4.65000000000000, -0.318746229053356, 1.59898661333863 ) );
#5607 = CARTESIAN_POINT( '', ( 4.65000000000000, -0.116764000755338, 1.89666262154096 ) );
#5608 = CARTESIAN_POINT( '', ( 4.65000000000000, 0.0852182275426806, 2.19433862974328 ) );
#5609 = CARTESIAN_POINT( '', ( 4.65000000000000, 0.118104087933570, 2.24280493160531 ) );
#5610 = CARTESIAN_POINT( '', ( 4.65000000000000, 0.133406880994492, 2.29481709864280 ) );
#5611 = CARTESIAN_POINT( '', ( 4.65000000000000, 0.133406880994492, 2.38914382454847 ) );
#5612 = CARTESIAN_POINT( '', ( 4.65000000000000, 0.124179266503720, 2.42707957301054 ) );
#5613 = CARTESIAN_POINT( '', ( 4.65000000000000, 0.104698747023200, 2.46399003097362 ) );
#5614 = CARTESIAN_POINT( '', ( 4.65000000000000, 0.0964809539532648, 2.47956058626403 ) );
#5615 = CARTESIAN_POINT( '', ( 4.65000000000000, 0.0862435180416553, 2.49406521894355 ) );
#5616 = CARTESIAN_POINT( '', ( 4.65000000000000, 0.0770159035508831, 2.50910281292852 ) );
#5617 = COLOUR_RGB( '', 0.899999976158142, 0.899999976158142, 0.899999976158142 );
#5618 = CARTESIAN_POINT( '', ( 4.65000000000000, -3.78627869658583, 1.30131060513630 ) );
#5619 = CARTESIAN_POINT( '', ( 4.65000000000000, -3.78627869658583, 1.30131060513630 ) );
#5620 = CARTESIAN_POINT( '', ( 4.65000000000000, -3.58463823178747, 1.59898661333863 ) );
#5621 = CARTESIAN_POINT( '', ( 4.65000000000000, -3.38299776698911, 1.89666262154096 ) );
#5622 = CARTESIAN_POINT( '', ( 4.65000000000000, -3.18135730219075, 2.19433862974328 ) );
#5623 = CARTESIAN_POINT( '', ( 4.65000000000000, -3.14850899715790, 2.24283163598668 ) );
#5624 = CARTESIAN_POINT( '', ( 4.65000000000000, -3.13316864873894, 2.29481709864280 ) );
#5625 = CARTESIAN_POINT( '', ( 4.65000000000000, -3.13316864873894, 2.38914382454847 ) );
#5626 = CARTESIAN_POINT( '', ( 4.65000000000000, -3.14239626322970, 2.42707957301054 ) );
#5627 = CARTESIAN_POINT( '', ( 4.65000000000000, -3.16187678271023, 2.46399003097362 ) );
#5628 = CARTESIAN_POINT( '', ( 4.65000000000000, -3.17009457578016, 2.47956058626403 ) );
#5629 = CARTESIAN_POINT( '', ( 4.65000000000000, -3.18033201169177, 2.49406521894355 ) );
#5630 = CARTESIAN_POINT( '', ( 4.65000000000000, -3.18955962618254, 2.50910281292852 ) );
#5631 = CARTESIAN_POINT( '', ( 4.67000000000000, -3.78627869658583, 1.30131060513630 ) );
#5632 = VECTOR( '', #6307, 1000.00000000000 );
#5633 = COLOUR_RGB( '', 0.800000011920929, 0.800000011920929, 0.800000011920929 );
#5634 = COLOUR_RGB( '', 0.899999976158142, 0.899999976158142, 0.899999976158142 );
#5635 = CARTESIAN_POINT( '', ( 4.65000000000000, 0.249264707378634, 1.30233589563528 ) );
#5636 = CARTESIAN_POINT( '', ( 4.65000000000000, -0.392567144979535, 1.30233589563528 ) );
#5637 = CARTESIAN_POINT( '', ( 4.65000000000000, -0.178623194193479, 1.30233589563528 ) );
#5638 = CARTESIAN_POINT( '', ( 4.65000000000000, 0.0353207565925778, 1.30233589563528 ) );
#5639 = CARTESIAN_POINT( '', ( 4.65000000000000, 0.249264707378634, 1.30233589563528 ) );
#5640 = CARTESIAN_POINT( '', ( 4.67000000000000, 0.249264707378634, 1.30233589563528 ) );
#5641 = VECTOR( '', #6308, 1000.00000000000 );
#5642 = COLOUR_RGB( '', 0.800000011920929, 0.800000011920929, 0.800000011920929 );
#5643 = COLOUR_RGB( '', 0.899999976158142, 0.899999976158142, 0.899999976158142 );
#5644 = CARTESIAN_POINT( '', ( 4.67000000000000, -4.07746119829464, 1.39051087854710 ) );
#5645 = CARTESIAN_POINT( '', ( 4.67000000000000, -4.07746119829464, 1.39051087854710 ) );
#5646 = VECTOR( '', #6309, 1000.00000000000 );
#5647 = CARTESIAN_POINT( '', ( 4.67000000000000, -4.07746119829464, 1.39051087854710 ) );
#5648 = CARTESIAN_POINT( '', ( 4.67000000000000, -4.07746119829464, 1.74662844519099 ) );
#5649 = CARTESIAN_POINT( '', ( 4.67000000000000, -4.07746119829464, 2.10274601183487 ) );
#5650 = CARTESIAN_POINT( '', ( 4.67000000000000, -4.07746119829464, 2.45886357847875 ) );
#5651 = CARTESIAN_POINT( '', ( 4.67000000000000, -4.07746119829464, 2.53576036590185 ) );
#5652 = CARTESIAN_POINT( '', ( 4.67000000000000, -4.11949810875261, 2.57472140486290 ) );
#5653 = CARTESIAN_POINT( '', ( 4.67000000000000, -4.20357192966853, 2.57574669536187 ) );
#5654 = CARTESIAN_POINT( '', ( 4.67000000000000, -4.31702053936445, 2.57713021499231 ) );
#5655 = CARTESIAN_POINT( '', ( 4.67000000000000, -4.43050289344160, 2.57574669536187 ) );
#5656 = CARTESIAN_POINT( '', ( 4.67000000000000, -4.54396837532813, 2.57574669536187 ) );
#5657 = COLOUR_RGB( '', 0.899999976158142, 0.899999976158142, 0.899999976158142 );
#5658 = CARTESIAN_POINT( '', ( 4.65000000000000, 3.84085732528705, 1.96364826747397 ) );
#5659 = CARTESIAN_POINT( '', ( 4.65000000000000, 3.84085732528705, 1.96364826747397 ) );
#5660 = CARTESIAN_POINT( '', ( 4.65000000000000, 3.84085732528705, 2.20356624423405 ) );
#5661 = CARTESIAN_POINT( '', ( 4.65000000000000, 3.84085732528705, 2.44348422099413 ) );
#5662 = CARTESIAN_POINT( '', ( 4.65000000000000, 3.84085732528705, 2.68340219775421 ) );
#5663 = CARTESIAN_POINT( '', ( 4.67000000000000, 3.84085732528705, 1.96364826747397 ) );
#5664 = VECTOR( '', #6310, 1000.00000000000 );
#5665 = COLOUR_RGB( '', 0.899999976158142, 0.899999976158142, 0.899999976158142 );
#5666 = CARTESIAN_POINT( '', ( 4.65000000000000, 3.82650325830140, 1.30951292912810 ) );
#5667 = CARTESIAN_POINT( '', ( 4.65000000000000, 3.82650325830140, 1.20493329823268 ) );
#5668 = CARTESIAN_POINT( '', ( 4.65000000000000, 3.82650325830140, 1.23979317519782 ) );
#5669 = CARTESIAN_POINT( '', ( 4.65000000000000, 3.82650325830140, 1.27465305216296 ) );
#5670 = CARTESIAN_POINT( '', ( 4.65000000000000, 3.82650325830140, 1.30951292912810 ) );
#5671 = CARTESIAN_POINT( '', ( 4.67000000000000, 3.82650325830140, 1.30951292912810 ) );
#5672 = VECTOR( '', #6311, 1000.00000000000 );
#5673 = COLOUR_RGB( '', 0.899999976158142, 0.899999976158142, 0.899999976158142 );
#5674 = CARTESIAN_POINT( '', ( 4.65000000000000, -0.866569994005971, -1.54925948286067 ) );
#5675 = VECTOR( '', #6312, 1000.00000000000 );
#5676 = CARTESIAN_POINT( '', ( 4.63000000000000, -0.866569994005971, -1.54925948286067 ) );
#5677 = VECTOR( '', #6313, 1000.00000000000 );
#5678 = COLOUR_RGB( '', 0.899999976158142, 0.899999976158142, 0.899999976158142 );
#5679 = CARTESIAN_POINT( '', ( 4.65000000000000, -4.10719462276490, 2.67314929276446 ) );
#5680 = CARTESIAN_POINT( '', ( 4.65000000000000, -4.64854800622355, 2.68340219775421 ) );
#5681 = CARTESIAN_POINT( '', ( 4.65000000000000, -4.49988088387222, 2.68340219775421 ) );
#5682 = CARTESIAN_POINT( '', ( 4.65000000000000, -4.35121376152089, 2.68340219775421 ) );
#5683 = CARTESIAN_POINT( '', ( 4.65000000000000, -4.20254663916955, 2.68340219775421 ) );
#5684 = CARTESIAN_POINT( '', ( 4.65000000000000, -4.15333269521877, 2.68340219775421 ) );
#5685 = CARTESIAN_POINT( '', ( 4.65000000000000, -4.12154868975056, 2.68032632625729 ) );
#5686 = CARTESIAN_POINT( '', ( 4.65000000000000, -4.10719462276490, 2.67314929276446 ) );
#5687 = CARTESIAN_POINT( '', ( 4.67000000000000, -4.10719462276490, 2.67314929276446 ) );
#5688 = CARTESIAN_POINT( '', ( 4.67000000000000, -4.64854800622355, 2.68340219775421 ) );
#5689 = CARTESIAN_POINT( '', ( 4.67000000000000, -4.49988088387222, 2.68340219775421 ) );
#5690 = CARTESIAN_POINT( '', ( 4.67000000000000, -4.35121376152089, 2.68340219775421 ) );
#5691 = CARTESIAN_POINT( '', ( 4.67000000000000, -4.20254663916955, 2.68340219775421 ) );
#5692 = CARTESIAN_POINT( '', ( 4.67000000000000, -4.15333269521877, 2.68340219775421 ) );
#5693 = CARTESIAN_POINT( '', ( 4.67000000000000, -4.12154868975056, 2.68032632625729 ) );
#5694 = CARTESIAN_POINT( '', ( 4.67000000000000, -4.10719462276490, 2.67314929276446 ) );
#5695 = CARTESIAN_POINT( '', ( 4.67000000000000, -4.10719462276490, 2.67314929276446 ) );
#5696 = VECTOR( '', #6314, 1000.00000000000 );
#5697 = COLOUR_RGB( '', 0.800000011920929, 0.800000011920929, 0.800000011920929 );
#5698 = CARTESIAN_POINT( '', ( 2.66351881956367E-016, 4.35000000000000, -7.04905660377358 ) );
#5699 = VECTOR( '', #6315, 1000.00000000000 );
#5700 = COLOUR_RGB( '', 0.899999976158142, 0.899999976158142, 0.899999976158142 );
#5701 = CARTESIAN_POINT( '', ( 4.67000000000000, -4.54396837532813, 1.30541176713220 ) );
#5702 = CARTESIAN_POINT( '', ( 4.67000000000000, -4.42845231244365, 1.30541176713220 ) );
#5703 = CARTESIAN_POINT( '', ( 4.67000000000000, -4.31293624955917, 1.30541176713220 ) );
#5704 = CARTESIAN_POINT( '', ( 4.67000000000000, -4.19742018667468, 1.30541176713220 ) );
#5705 = CARTESIAN_POINT( '', ( 4.67000000000000, -4.11744752775466, 1.30541176713220 ) );
#5706 = CARTESIAN_POINT( '', ( 4.67000000000000, -4.07746119829464, 1.33411990110350 ) );
#5707 = CARTESIAN_POINT( '', ( 4.67000000000000, -4.07746119829464, 1.39051087854710 ) );
#5708 = CARTESIAN_POINT( '', ( 4.67000000000000, -4.10719462276490, 2.67314929276446 ) );
#5709 = CARTESIAN_POINT( '', ( 4.67000000000000, -4.01696905885513, 2.64956761128805 ) );
#5710 = CARTESIAN_POINT( '', ( 4.67000000000000, -3.97185627690025, 2.58907547184854 ) );
#5711 = CARTESIAN_POINT( '', ( 4.67000000000000, -3.97185627690025, 2.49372345544390 ) );
#5712 = CARTESIAN_POINT( '', ( 4.67000000000000, -3.97185627690025, 2.11060657232701 ) );
#5713 = CARTESIAN_POINT( '', ( 4.67000000000000, -3.97185627690025, 1.72748968921013 ) );
#5714 = CARTESIAN_POINT( '', ( 4.67000000000000, -3.97185627690025, 1.34437280609324 ) );
#5715 = COLOUR_RGB( '', 0.899999976158142, 0.899999976158142, 0.899999976158142 );
#5716 = COLOUR_RGB( '', 0.200000002980232, 0.200000002980232, 0.200000002980232 );
#5717 = CARTESIAN_POINT( '', ( 2.77000000000000, -2.54000000000000, 3.56500000000000 ) );
#5718 = AXIS2_PLACEMENT_3D( '', #6316, #6317, #6318 );
#5719 = COLOUR_RGB( '', 0.899999976158142, 0.899999976158142, 0.899999976158142 );
#5720 = CARTESIAN_POINT( '', ( 4.65000000000000, 3.01959963560830, 2.68340219775421 ) );
#5721 = CARTESIAN_POINT( '', ( 4.65000000000000, 3.46457571216333, 2.02516569741245 ) );
#5722 = CARTESIAN_POINT( '', ( 4.65000000000000, 3.01959963560830, 2.68340219775421 ) );
#5723 = CARTESIAN_POINT( '', ( 4.65000000000000, 3.09136997053653, 2.68340219775421 ) );
#5724 = CARTESIAN_POINT( '', ( 4.65000000000000, 3.16314030546476, 2.68340219775421 ) );
#5725 = CARTESIAN_POINT( '', ( 4.65000000000000, 3.23491064039299, 2.68340219775421 ) );
#5726 = CARTESIAN_POINT( '', ( 4.65000000000000, 3.39793182972997, 2.68340219775421 ) );
#5727 = CARTESIAN_POINT( '', ( 4.65000000000000, 3.51173907511616, 2.62188476781573 ) );
#5728 = CARTESIAN_POINT( '', ( 4.65000000000000, 3.57428179555362, 2.49782461743979 ) );
#5729 = CARTESIAN_POINT( '', ( 4.65000000000000, 3.59967082932667, 2.44746276356210 ) );
#5730 = CARTESIAN_POINT( '', ( 4.65000000000000, 3.61324283451466, 2.40042202003720 ) );
#5731 = CARTESIAN_POINT( '', ( 4.65000000000000, 3.61324283451466, 2.28969064614793 ) );
#5732 = CARTESIAN_POINT( '', ( 4.65000000000000, 3.60606580102184, 2.23432495920329 ) );
#5733 = CARTESIAN_POINT( '', ( 4.65000000000000, 3.59273702453516, 2.19126275824635 ) );
#5734 = CARTESIAN_POINT( '', ( 4.65000000000000, 3.57249907368757, 2.12587860935416 ) );
#5735 = CARTESIAN_POINT( '', ( 4.65000000000000, 3.53019430409771, 2.07027847936734 ) );
#5736 = CARTESIAN_POINT( '', ( 4.65000000000000, 3.46457571216333, 2.02516569741245 ) );
#5737 = CARTESIAN_POINT( '', ( 4.67000000000000, 3.01959963560830, 2.68340219775421 ) );
#5738 = VECTOR( '', #6319, 1000.00000000000 );
#5739 = CARTESIAN_POINT( '', ( 4.67000000000000, 3.46457571216333, 2.02516569741245 ) );
#5740 = VECTOR( '', #6320, 1000.00000000000 );
#5741 = COLOUR_RGB( '', 0.899999976158142, 0.899999976158142, 0.899999976158142 );
#5742 = COLOUR_RGB( '', 0.800000011920929, 0.800000011920929, 0.800000011920929 );
#5743 = CARTESIAN_POINT( '', ( 2.11275559670958, -0.281812900350301, 0.262108159049896 ) );
#5744 = CARTESIAN_POINT( '', ( 2.64433577707821, -0.655972581774261, -1.19262238973405E-015 ) );
#5745 = CARTESIAN_POINT( '', ( 2.53420587333692, -0.607070986423690, -6.55603501174828E-016 ) );
#5746 = CARTESIAN_POINT( '', ( 2.43327023715497, -0.547550238863197, 0.0352972067878422 ) );
#5747 = CARTESIAN_POINT( '', ( 2.30364409005685, -0.454400118442385, 0.113430773641691 ) );
#5748 = CARTESIAN_POINT( '', ( 2.26357596675820, -0.422531044311737, 0.143884864359189 ) );
#5749 = CARTESIAN_POINT( '', ( 2.20660517669823, -0.373014296654209, 0.192203974173410 ) );
#5750 = CARTESIAN_POINT( '', ( 2.18821401166510, -0.356292283441943, 0.208776086003861 ) );
#5751 = CARTESIAN_POINT( '', ( 2.15158589508319, -0.321444508549965, 0.240600493897032 ) );
#5752 = CARTESIAN_POINT( '', ( 2.13351174292327, -0.303561582736181, 0.258849286283296 ) );
#5753 = CARTESIAN_POINT( '', ( 2.11275559669334, -0.281812900333504, 0.262108158948346 ) );
#5754 = CARTESIAN_POINT( '', ( 2.11275559670958, -0.281812900350301, 0.262108159049896 ) );
#5755 = CARTESIAN_POINT( '', ( 2.07653848278761, -0.243863923720312, 0.267794521149650 ) );
#5756 = CARTESIAN_POINT( '', ( 2.04859889927663, -0.200396737621793, 0.273518868393008 ) );
#5757 = CARTESIAN_POINT( '', ( 2.00963600015723, -0.103105097095140, 0.284732833786260 ) );
#5758 = CARTESIAN_POINT( '', ( 1.99974923510927, -0.0514699403203672, 0.290930832819171 ) );
#5759 = CARTESIAN_POINT( '', ( 1.99997395521294, 0.0532222562234439, 0.290782667161697 ) );
#5760 = CARTESIAN_POINT( '', ( 2.01021883075616, 0.105056884724760, 0.284523327071340 ) );
#5761 = CARTESIAN_POINT( '', ( 2.04911696788137, 0.201179614677828, 0.273412727272704 ) );
#5762 = CARTESIAN_POINT( '', ( 2.07785338425801, 0.245626779780699, 0.267553503037903 ) );
#5763 = CARTESIAN_POINT( '', ( 2.11421912268075, 0.283338480970159, 0.261879086435348 ) );
#5764 = COLOUR_RGB( '', 0.899999976158142, 0.899999976158142, 0.899999976158142 );
#5765 = CARTESIAN_POINT( '', ( 4.65000000000000, -2.13863686473347, 2.57574669536187 ) );
#5766 = CARTESIAN_POINT( '', ( 4.65000000000000, -2.46365395290845, 2.57574669536187 ) );
#5767 = COLOUR_RGB( '', 0.200000002980232, 0.200000002980232, 0.200000002980232 );
#5768 = CARTESIAN_POINT( '', ( 4.65000000000000, 1.01618200061172, 1.94416774799345 ) );
#5769 = CARTESIAN_POINT( '', ( 4.65000000000000, 1.01618200061172, 1.94416774799345 ) );
#5770 = CARTESIAN_POINT( '', ( 4.65000000000000, 1.01618200061172, 2.08360725585401 ) );
#5771 = CARTESIAN_POINT( '', ( 4.65000000000000, 1.00387851462402, 2.20766740622995 ) );
#5772 = CARTESIAN_POINT( '', ( 4.65000000000000, 0.978246252149654, 2.31532290862230 ) );
#5773 = CARTESIAN_POINT( '', ( 4.65000000000000, 0.936541571016468, 2.49048256938169 ) );
#5774 = CARTESIAN_POINT( '', ( 4.65000000000000, 0.868540168759358, 2.57882256685880 ) );
#5775 = CARTESIAN_POINT( '', ( 4.65000000000000, 0.674760264453140, 2.57882256685880 ) );
#5776 = CARTESIAN_POINT( '', ( 4.65000000000000, 0.605040510522858, 2.49064758394697 ) );
#5777 = CARTESIAN_POINT( '', ( 4.65000000000000, 0.560953019066945, 2.31532290862230 ) );
#5778 = CARTESIAN_POINT( '', ( 4.65000000000000, 0.533421380385165, 2.20583662456219 ) );
#5779 = CARTESIAN_POINT( '', ( 4.65000000000000, 0.519941399107958, 2.08155667485606 ) );
#5780 = CARTESIAN_POINT( '', ( 4.65000000000000, 0.519941399107958, 1.81293056412469 ) );
#5781 = CARTESIAN_POINT( '', ( 4.65000000000000, 0.534295466093604, 1.68887041374874 ) );
#5782 = CARTESIAN_POINT( '', ( 4.65000000000000, 0.561978309565921, 1.57096200636666 ) );
#5783 = CARTESIAN_POINT( '', ( 4.65000000000000, 0.603468849080042, 1.39424304176947 ) );
#5784 = CARTESIAN_POINT( '', ( 4.65000000000000, 0.672709683455189, 1.30541176713220 ) );
#5785 = CARTESIAN_POINT( '', ( 4.65000000000000, 0.861363135266536, 1.30541176713220 ) );
#5786 = CARTESIAN_POINT( '', ( 4.65000000000000, 0.931082889196817, 1.39358675004403 ) );
#5787 = CARTESIAN_POINT( '', ( 4.65000000000000, 0.975170380652729, 1.56993671586768 ) );
#5788 = CARTESIAN_POINT( '', ( 4.65000000000000, 1.00279291291922, 1.68042684493366 ) );
#5789 = CARTESIAN_POINT( '', ( 4.65000000000000, 1.01618200061172, 1.80472824013289 ) );
#5790 = CARTESIAN_POINT( '', ( 4.65000000000000, 1.01618200061172, 1.94416774799345 ) );
#5791 = COLOUR_RGB( '', 0.899999976158142, 0.899999976158142, 0.899999976158142 );
#5792 = CARTESIAN_POINT( '', ( 4.65000000000000, -3.79140514908070, 1.19775626473986 ) );
#5793 = CARTESIAN_POINT( '', ( 4.65000000000000, -3.01731082235479, 1.19775626473986 ) );
#5794 = CARTESIAN_POINT( '', ( 4.65000000000000, -3.27534226459676, 1.19775626473986 ) );
#5795 = CARTESIAN_POINT( '', ( 4.65000000000000, -3.53337370683873, 1.19775626473986 ) );
#5796 = CARTESIAN_POINT( '', ( 4.65000000000000, -3.79140514908070, 1.19775626473986 ) );
#5797 = CARTESIAN_POINT( '', ( 4.67000000000000, -3.79140514908070, 1.19775626473986 ) );
#5798 = VECTOR( '', #6321, 1000.00000000000 );
#5799 = COLOUR_RGB( '', 0.200000002980232, 0.200000002980232, 0.200000002980232 );
#5800 = CARTESIAN_POINT( '', ( 1.97000000000003, -2.54000000000000, -4.43500000000000 ) );
#5801 = CARTESIAN_POINT( '', ( 1.97000000000003, -5.08000000000000, -4.43500000000000 ) );
#5802 = VECTOR( '', #6322, 1000.00000000000 );
#5803 = CARTESIAN_POINT( '', ( 1.97000000000003, -5.08000000000000, -4.43500000000000 ) );
#5804 = VECTOR( '', #6323, 1000.00000000000 );
#5805 = CARTESIAN_POINT( '', ( 1.97000000000003, -5.08000000000000, -4.43500000000000 ) );
#5806 = VECTOR( '', #6324, 1000.00000000000 );
#5807 = AXIS2_PLACEMENT_3D( '', #6325, #6326, #6327 );
#5808 = COLOUR_RGB( '', 0.899999976158142, 0.899999976158142, 0.899999976158142 );
#5809 = CARTESIAN_POINT( '', ( 4.65000000000000, -1.29584807457625, 1.47766057095995 ) );
#5810 = CARTESIAN_POINT( '', ( 4.65000000000000, -1.29584807457625, 1.47766057095995 ) );
#5811 = CARTESIAN_POINT( '', ( 4.65000000000000, -1.29584807457625, 1.39256145954505 ) );
#5812 = CARTESIAN_POINT( '', ( 4.65000000000000, -1.33173324204037, 1.32181641511580 ) );
#5813 = CARTESIAN_POINT( '', ( 4.65000000000000, -1.40350357696860, 1.26645072817116 ) );
#5814 = CARTESIAN_POINT( '', ( 4.65000000000000, -1.47007662305735, 1.21509437833127 ) );
#5815 = CARTESIAN_POINT( '', ( 4.65000000000000, -1.54704424682505, 1.19057923124704 ) );
#5816 = CARTESIAN_POINT( '', ( 4.65000000000000, -1.72236892214973, 1.19057923124704 ) );
#5817 = CARTESIAN_POINT( '', ( 4.65000000000000, -1.80131629057078, 1.21518620322243 ) );
#5818 = CARTESIAN_POINT( '', ( 4.65000000000000, -1.87001075400209, 1.26747601867014 ) );
#5819 = CARTESIAN_POINT( '', ( 4.65000000000000, -1.94457670471681, 1.32423517518433 ) );
#5820 = CARTESIAN_POINT( '', ( 4.65000000000000, -1.98279270888931, 1.39461204054300 ) );
#5821 = CARTESIAN_POINT( '', ( 4.65000000000000, -1.98279270888931, 1.47971115195790 ) );
#5822 = CARTESIAN_POINT( '', ( 4.65000000000000, -1.98279270888931, 1.78729830165032 ) );
#5823 = CARTESIAN_POINT( '', ( 4.65000000000000, -1.98279270888931, 2.09488545134273 ) );
#5824 = CARTESIAN_POINT( '', ( 4.65000000000000, -1.98279270888931, 2.40247260103515 ) );
#5825 = CARTESIAN_POINT( '', ( 4.65000000000000, -1.98279270888931, 2.49474874594286 ) );
#5826 = CARTESIAN_POINT( '', ( 4.65000000000000, -1.94485696042725, 2.56856966186905 ) );
#5827 = CARTESIAN_POINT( '', ( 4.65000000000000, -1.86796017300414, 2.62393534881368 ) );
#5828 = CARTESIAN_POINT( '', ( 4.65000000000000, -1.80586473419637, 2.66864406475528 ) );
#5829 = CARTESIAN_POINT( '', ( 4.65000000000000, -1.72749537464460, 2.69057923124704 ) );
#5830 = CARTESIAN_POINT( '', ( 4.65000000000000, -1.54704424682505, 2.69057923124704 ) );
#5831 = CARTESIAN_POINT( '', ( 4.65000000000000, -1.47014745940195, 2.66494696877267 ) );
#5832 = CARTESIAN_POINT( '', ( 4.65000000000000, -1.40350357696860, 2.61368244382394 ) );
#5833 = CARTESIAN_POINT( '', ( 4.65000000000000, -1.33116151871380, 2.55803470670486 ) );
#5834 = CARTESIAN_POINT( '', ( 4.65000000000000, -1.29584807457625, 2.48757171245004 ) );
#5835 = CARTESIAN_POINT( '', ( 4.65000000000000, -1.29584807457625, 2.40247260103515 ) );
#5836 = CARTESIAN_POINT( '', ( 4.65000000000000, -1.29584807457625, 2.09420192434342 ) );
#5837 = CARTESIAN_POINT( '', ( 4.65000000000000, -1.29584807457625, 1.78593124765169 ) );
#5838 = CARTESIAN_POINT( '', ( 4.65000000000000, -1.29584807457625, 1.47766057095995 ) );
#5839 = COLOUR_RGB( '', 0.800000011920929, 0.800000011920929, 0.800000011920929 );
#5840 = AXIS2_PLACEMENT_3D( '', #6328, #6329, #6330 );
#5841 = COLOUR_RGB( '', 0.800000011920929, 0.800000011920929, 0.800000011920929 );
#5842 = CARTESIAN_POINT( '', ( -2.32675207226252E-016, -3.80000000000000, -8.29905660377359 ) );
#5843 = CARTESIAN_POINT( '', ( -2.32675207226252E-016, -3.80000000000000, -13.4490566037736 ) );
#5844 = VECTOR( '', #6331, 1000.00000000000 );
#5845 = AXIS2_PLACEMENT_3D( '', #6332, #6333, #6334 );
#5846 = CARTESIAN_POINT( '', ( -3.21459167878374E-016, -5.25000000000000, -6.58259569842379 ) );
#5847 = VECTOR( '', #6335, 1000.00000000000 );
#5848 = CARTESIAN_POINT( '', ( -2.66351881956367E-016, -4.35000000000000, -8.29905660377359 ) );
#5849 = CARTESIAN_POINT( '', ( -2.66351881956367E-016, -4.35000000000000, -8.29905660377359 ) );
#5850 = VECTOR( '', #6336, 1000.00000000000 );
#5851 = CARTESIAN_POINT( '', ( -2.32675207226252E-016, -3.80000000000000, -8.29905660377359 ) );
#5852 = VECTOR( '', #6337, 1000.00000000000 );
#5853 = COLOUR_RGB( '', 0.899999976158142, 0.899999976158142, 0.899999976158142 );
#5854 = CARTESIAN_POINT( '', ( 4.65000000000000, 3.02165021660625, 1.30951292912810 ) );
#5855 = CARTESIAN_POINT( '', ( 4.65000000000000, 3.09683818653106, 1.30951292912810 ) );
#5856 = CARTESIAN_POINT( '', ( 4.65000000000000, 3.17202615645587, 1.30951292912810 ) );
#5857 = CARTESIAN_POINT( '', ( 4.65000000000000, 3.24721412638069, 1.30951292912810 ) );
#5858 = CARTESIAN_POINT( '', ( 4.65000000000000, 3.33846498078944, 1.30951292912810 ) );
#5859 = CARTESIAN_POINT( '', ( 4.65000000000000, 3.41126060621664, 1.34232222509529 ) );
#5860 = CARTESIAN_POINT( '', ( 4.65000000000000, 3.46765158366025, 1.40589023603172 ) );
#5861 = CARTESIAN_POINT( '', ( 4.65000000000000, 3.52167001888793, 1.46678374483384 ) );
#5862 = CARTESIAN_POINT( '', ( 4.65000000000000, 3.54762424258027, 1.54430445339331 ) );
#5863 = CARTESIAN_POINT( '', ( 4.65000000000000, 3.54762424258027, 1.73193261470569 ) );
#5864 = CARTESIAN_POINT( '', ( 4.65000000000000, 3.52506785160283, 1.80882940212879 ) );
#5865 = CARTESIAN_POINT( '', ( 4.65000000000000, 3.47995506964795, 1.86829625106932 ) );
#5866 = CARTESIAN_POINT( '', ( 4.65000000000000, 3.43026291473236, 1.93379954618533 ) );
#5867 = CARTESIAN_POINT( '', ( 4.65000000000000, 3.36204666226585, 1.96774942946987 ) );
#5868 = CARTESIAN_POINT( '', ( 4.65000000000000, 3.27079580785710, 1.96774942946987 ) );
#5869 = CARTESIAN_POINT( '', ( 4.65000000000000, 3.22089833690700, 1.96774942946987 ) );
#5870 = CARTESIAN_POINT( '', ( 4.65000000000000, 3.17100086595690, 1.96774942946987 ) );
#5871 = CARTESIAN_POINT( '', ( 4.65000000000000, 3.12110339500679, 1.96774942946987 ) );
#5872 = COLOUR_RGB( '', 0.899999976158142, 0.899999976158142, 0.899999976158142 );
#5873 = CARTESIAN_POINT( '', ( 4.65000000000000, 4.45603162467187, 2.68340219775421 ) );
#5874 = CARTESIAN_POINT( '', ( 4.65000000000000, 4.45603162467187, 2.64854232078907 ) );
#5875 = CARTESIAN_POINT( '', ( 4.65000000000000, 4.45603162467187, 2.61368244382394 ) );
#5876 = CARTESIAN_POINT( '', ( 4.65000000000000, 4.45603162467187, 2.57882256685880 ) );
#5877 = COLOUR_RGB( '', 0.800000011920929, 0.800000011920929, 0.800000011920929 );
#5878 = AXIS2_PLACEMENT_3D( '', #6338, #6339, #6340 );
#5879 = COLOUR_RGB( '', 0.800000011920929, 0.800000011920929, 0.800000011920929 );
#5880 = CARTESIAN_POINT( '', ( 2.11275559670958, -0.281812900350301, -0.300000000000000 ) );
#5881 = CARTESIAN_POINT( '', ( 2.11275559670958, -0.281812900350301, -0.300000000000000 ) );
#5882 = VECTOR( '', #6341, 1000.00000000000 );
#5883 = AXIS2_PLACEMENT_3D( '', #6342, #6343, #6344 );
#5884 = COLOUR_RGB( '', 0.800000011920929, 0.800000011920929, 0.800000011920929 );
#5885 = COLOUR_RGB( '', 0.800000011920929, 0.800000011920929, 0.800000011920929 );
#5886 = CARTESIAN_POINT( '', ( -1.25000000000000, -4.35000000000000, -8.29905660377359 ) );
#5887 = VECTOR( '', #6345, 1000.00000000000 );
#5888 = CARTESIAN_POINT( '', ( -1.25000000000000, -3.80000000000000, -8.29905660377359 ) );
#5889 = VECTOR( '', #6346, 1000.00000000000 );
#5890 = COLOUR_RGB( '', 0.899999976158142, 0.899999976158142, 0.899999976158142 );
#5891 = CARTESIAN_POINT( '', ( 4.65000000000000, 0.819265976384366, -1.72586566147733 ) );
#5892 = CARTESIAN_POINT( '', ( 4.65000000000000, -0.761241145647997, -1.72586566147733 ) );
#5893 = VECTOR( '', #6347, 1000.00000000000 );
#5894 = CARTESIAN_POINT( '', ( 4.63000000000000, 0.819265976384366, -1.72586566147733 ) );
#5895 = VECTOR( '', #6348, 1000.00000000000 );
#5896 = COLOUR_RGB( '', 0.200000002980232, 0.200000002980232, 0.200000002980232 );
#5897 = COLOUR_RGB( '', 0.800000011920929, 0.800000011920929, 0.800000011920929 );
#5898 = COLOUR_RGB( '', 0.800000011920929, 0.800000011920929, 0.800000011920929 );
#5899 = COLOUR_RGB( '', 0.800000011920929, 0.800000011920929, 0.800000011920929 );
#5900 = COLOUR_RGB( '', 0.200000002980232, 0.200000002980232, 0.200000002980232 );
#5901 = COLOUR_RGB( '', 0.899999976158142, 0.899999976158142, 0.899999976158142 );
#5902 = CARTESIAN_POINT( '', ( 4.65000000000000, 3.46457571216333, 2.02516569741245 ) );
#5903 = CARTESIAN_POINT( '', ( 4.65000000000000, 3.52814372309975, 1.99748285394014 ) );
#5904 = CARTESIAN_POINT( '', ( 4.65000000000000, 3.57735766705055, 1.94211716699550 ) );
#5905 = CARTESIAN_POINT( '', ( 4.65000000000000, 3.61221754401568, 1.85906863657855 ) );
#5906 = CARTESIAN_POINT( '', ( 4.65000000000000, 3.63999432041307, 1.79289455163183 ) );
#5907 = CARTESIAN_POINT( '', ( 4.65000000000000, 3.65322916397467, 1.71655325722106 ) );
#5908 = CARTESIAN_POINT( '', ( 4.65000000000000, 3.65322916397467, 1.63350472680411 ) );
#5909 = COLOUR_RGB( '', 0.899999976158142, 0.899999976158142, 0.899999976158142 );
#5910 = CARTESIAN_POINT( '', ( 4.65000000000000, -3.79550631107660, 2.34608162359154 ) );
#5911 = CARTESIAN_POINT( '', ( 4.65000000000000, -3.68887609918322, 2.34608162359154 ) );
#5912 = CARTESIAN_POINT( '', ( 4.65000000000000, -3.72441950314768, 2.34608162359154 ) );
#5913 = CARTESIAN_POINT( '', ( 4.65000000000000, -3.75996290711214, 2.34608162359154 ) );
#5914 = CARTESIAN_POINT( '', ( 4.65000000000000, -3.79550631107660, 2.34608162359154 ) );
#5915 = CARTESIAN_POINT( '', ( 4.67000000000000, -3.79550631107660, 2.34608162359154 ) );
#5916 = VECTOR( '', #6349, 1000.00000000000 );
#5917 = COLOUR_RGB( '', 0.899999976158142, 0.899999976158142, 0.899999976158142 );
#5918 = CARTESIAN_POINT( '', ( 4.67000000000000, 1.01618200061172, 1.94416774799345 ) );
#5919 = CARTESIAN_POINT( '', ( 4.67000000000000, 1.01618200061172, 1.94416774799345 ) );
#5920 = CARTESIAN_POINT( '', ( 4.67000000000000, 1.01618200061172, 2.08360725585401 ) );
#5921 = CARTESIAN_POINT( '', ( 4.67000000000000, 1.00387851462402, 2.20766740622995 ) );
#5922 = CARTESIAN_POINT( '', ( 4.67000000000000, 0.978246252149654, 2.31532290862230 ) );
#5923 = CARTESIAN_POINT( '', ( 4.67000000000000, 0.936541571016468, 2.49048256938169 ) );
#5924 = CARTESIAN_POINT( '', ( 4.67000000000000, 0.868540168759358, 2.57882256685880 ) );
#5925 = CARTESIAN_POINT( '', ( 4.67000000000000, 0.674760264453140, 2.57882256685880 ) );
#5926 = CARTESIAN_POINT( '', ( 4.67000000000000, 0.605040510522858, 2.49064758394697 ) );
#5927 = CARTESIAN_POINT( '', ( 4.67000000000000, 0.560953019066945, 2.31532290862230 ) );
#5928 = CARTESIAN_POINT( '', ( 4.67000000000000, 0.533421380385165, 2.20583662456219 ) );
#5929 = CARTESIAN_POINT( '', ( 4.67000000000000, 0.519941399107958, 2.08155667485606 ) );
#5930 = CARTESIAN_POINT( '', ( 4.67000000000000, 0.519941399107958, 1.81293056412469 ) );
#5931 = CARTESIAN_POINT( '', ( 4.67000000000000, 0.534295466093604, 1.68887041374874 ) );
#5932 = CARTESIAN_POINT( '', ( 4.67000000000000, 0.561978309565921, 1.57096200636666 ) );
#5933 = CARTESIAN_POINT( '', ( 4.67000000000000, 0.603468849080042, 1.39424304176947 ) );
#5934 = CARTESIAN_POINT( '', ( 4.67000000000000, 0.672709683455189, 1.30541176713220 ) );
#5935 = CARTESIAN_POINT( '', ( 4.67000000000000, 0.861363135266536, 1.30541176713220 ) );
#5936 = CARTESIAN_POINT( '', ( 4.67000000000000, 0.931082889196817, 1.39358675004403 ) );
#5937 = CARTESIAN_POINT( '', ( 4.67000000000000, 0.975170380652729, 1.56993671586768 ) );
#5938 = CARTESIAN_POINT( '', ( 4.67000000000000, 1.00279291291922, 1.68042684493366 ) );
#5939 = CARTESIAN_POINT( '', ( 4.67000000000000, 1.01618200061172, 1.80472824013289 ) );
#5940 = CARTESIAN_POINT( '', ( 4.67000000000000, 1.01618200061172, 1.94416774799345 ) );
#5941 = COLOUR_RGB( '', 0.800000011920929, 0.800000011920929, 0.800000011920929 );
#5942 = COLOUR_RGB( '', 0.899999976158142, 0.899999976158142, 0.899999976158142 );
#5943 = CARTESIAN_POINT( '', ( 4.65000000000000, 0.249264707378634, 1.19775626473986 ) );
#5944 = CARTESIAN_POINT( '', ( 4.65000000000000, 0.249264707378634, 1.30233589563528 ) );
#5945 = CARTESIAN_POINT( '', ( 4.65000000000000, 0.249264707378634, 1.26747601867014 ) );
#5946 = CARTESIAN_POINT( '', ( 4.65000000000000, 0.249264707378634, 1.23261614170500 ) );
#5947 = CARTESIAN_POINT( '', ( 4.65000000000000, 0.249264707378634, 1.19775626473986 ) );
#5948 = CARTESIAN_POINT( '', ( 4.67000000000000, 0.249264707378634, 1.19775626473986 ) );
#5949 = VECTOR( '', #6350, 1000.00000000000 );
#5950 = COLOUR_RGB( '', 0.899999976158142, 0.899999976158142, 0.899999976158142 );
#5951 = COLOUR_RGB( '', 0.899999976158142, 0.899999976158142, 0.899999976158142 );
#5952 = CARTESIAN_POINT( '', ( 4.65000000000000, -4.10719462276490, 2.67314929276446 ) );
#5953 = CARTESIAN_POINT( '', ( 4.65000000000000, -4.01696905885513, 2.64956761128805 ) );
#5954 = CARTESIAN_POINT( '', ( 4.65000000000000, -3.97185627690025, 2.58907547184854 ) );
#5955 = CARTESIAN_POINT( '', ( 4.65000000000000, -3.97185627690025, 2.49372345544390 ) );
#5956 = CARTESIAN_POINT( '', ( 4.65000000000000, -3.97185627690025, 2.11060657232701 ) );
#5957 = CARTESIAN_POINT( '', ( 4.65000000000000, -3.97185627690025, 1.72748968921013 ) );
#5958 = CARTESIAN_POINT( '', ( 4.65000000000000, -3.97185627690025, 1.34437280609324 ) );
#5959 = COLOUR_RGB( '', 0.200000002980232, 0.200000002980232, 0.200000002980232 );
#5960 = CARTESIAN_POINT( '', ( 4.65000000000000, 3.82650325830140, 1.30951292912810 ) );
#5961 = CARTESIAN_POINT( '', ( 4.65000000000000, 3.90613415372177, 1.30951292912810 ) );
#5962 = CARTESIAN_POINT( '', ( 4.65000000000000, 3.98576504914214, 1.30951292912810 ) );
#5963 = CARTESIAN_POINT( '', ( 4.65000000000000, 4.06539594456251, 1.30951292912810 ) );
#5964 = CARTESIAN_POINT( '', ( 4.65000000000000, 4.16382383246407, 1.30951292912810 ) );
#5965 = CARTESIAN_POINT( '', ( 4.65000000000000, 4.24072061988718, 1.34539809659222 ) );
#5966 = CARTESIAN_POINT( '', ( 4.65000000000000, 4.29711159733079, 1.41511785052250 ) );
#5967 = CARTESIAN_POINT( '', ( 4.65000000000000, 4.34987538678875, 1.48035308112506 ) );
#5968 = CARTESIAN_POINT( '', ( 4.65000000000000, 4.37605896575184, 1.56275968237486 ) );
#5969 = CARTESIAN_POINT( '', ( 4.65000000000000, 4.37605896575184, 1.73398319570364 ) );
#5970 = CARTESIAN_POINT( '', ( 4.65000000000000, 4.35760373677030, 1.79652591614109 ) );
#5971 = CARTESIAN_POINT( '', ( 4.65000000000000, 4.31864269780926, 1.84881573158880 ) );
#5972 = CARTESIAN_POINT( '', ( 4.65000000000000, 4.26216123119182, 1.92461980520694 ) );
#5973 = CARTESIAN_POINT( '', ( 4.65000000000000, 4.17510202795279, 1.96262297697499 ) );
#5974 = CARTESIAN_POINT( '', ( 4.65000000000000, 4.05514303957275, 1.96364826747397 ) );
#5975 = CARTESIAN_POINT( '', ( 4.65000000000000, 3.98371968571697, 1.96425872348983 ) );
#5976 = CARTESIAN_POINT( '', ( 4.65000000000000, 3.91228589671561, 1.96364826747397 ) );
#5977 = CARTESIAN_POINT( '', ( 4.65000000000000, 3.84085732528705, 1.96364826747397 ) );
#5978 = CARTESIAN_POINT( '', ( 4.65000000000000, 3.01959963560830, 2.57882256685880 ) );
#5979 = CARTESIAN_POINT( '', ( 4.65000000000000, 3.01959963560830, 2.61368244382394 ) );
#5980 = CARTESIAN_POINT( '', ( 4.65000000000000, 3.01959963560830, 2.64854232078907 ) );
#5981 = CARTESIAN_POINT( '', ( 4.65000000000000, 3.01959963560830, 2.68340219775421 ) );
#5982 = CARTESIAN_POINT( '', ( 4.65000000000000, 0.249264707378634, 1.19775626473986 ) );
#5983 = CARTESIAN_POINT( '', ( 4.65000000000000, -0.00876673486333458, 1.19775626473986 ) );
#5984 = CARTESIAN_POINT( '', ( 4.65000000000000, -0.266798177105304, 1.19775626473986 ) );
#5985 = CARTESIAN_POINT( '', ( 4.65000000000000, -0.524829619347272, 1.19775626473986 ) );
#5986 = CARTESIAN_POINT( '', ( 4.65000000000000, -2.89837712447373, 2.57574669536187 ) );
#5987 = CARTESIAN_POINT( '', ( 4.65000000000000, -2.89837712447373, 2.68340219775421 ) );
#5988 = CARTESIAN_POINT( '', ( 4.65000000000000, -3.79140514908070, 1.19775626473986 ) );
#5989 = CARTESIAN_POINT( '', ( 4.65000000000000, -3.78969633158241, 1.23227437820534 ) );
#5990 = CARTESIAN_POINT( '', ( 4.65000000000000, -3.78798751408412, 1.26679249167082 ) );
#5991 = CARTESIAN_POINT( '', ( 4.65000000000000, -3.78627869658583, 1.30131060513630 ) );
#5992 = CARTESIAN_POINT( '', ( 4.65000000000000, -3.79550631107660, 2.34608162359154 ) );
#5993 = CARTESIAN_POINT( '', ( 4.65000000000000, -3.74424178612786, 2.57164553336597 ) );
#5994 = CARTESIAN_POINT( '', ( 4.65000000000000, -3.61813105475397, 2.68340219775421 ) );
#5995 = CARTESIAN_POINT( '', ( 4.65000000000000, -3.29618983807591, 2.68340219775421 ) );
#5996 = CARTESIAN_POINT( '', ( 4.65000000000000, -3.20288840266922, 2.65469406378292 ) );
#5997 = CARTESIAN_POINT( '', ( 4.65000000000000, -3.13521922973688, 2.59830308633931 ) );
#5998 = CARTESIAN_POINT( '', ( 4.65000000000000, -3.06311273398931, 2.53821433988301 ) );
#5999 = CARTESIAN_POINT( '', ( 4.65000000000000, -3.02858901784351, 2.44963596398798 ) );
#6000 = CARTESIAN_POINT( '', ( 4.65000000000000, -3.02858901784351, 2.27328599816433 ) );
#6001 = CARTESIAN_POINT( '', ( 4.65000000000000, -3.04191779433019, 2.21792031121969 ) );
#6002 = CARTESIAN_POINT( '', ( 4.65000000000000, -3.06960063780250, 2.16973165776788 ) );
#6003 = CARTESIAN_POINT( '', ( 4.65000000000000, -3.24324499530806, 1.86746185025821 ) );
#6004 = CARTESIAN_POINT( '', ( 4.65000000000000, -3.46262866240947, 1.59146781634615 ) );
#6005 = CARTESIAN_POINT( '', ( 4.65000000000000, -3.65914267471296, 1.30233589563528 ) );
#6006 = CARTESIAN_POINT( '', ( 4.65000000000000, 0.819265976384366, -1.72586566147733 ) );
#6007 = VECTOR( '', #6351, 1000.00000000000 );
#6008 = COLOUR_RGB( '', 0.800000011920929, 0.800000011920929, 0.800000011920929 );
#6009 = AXIS2_PLACEMENT_3D( '', #6352, #6353, #6354 );
#6010 = COLOUR_RGB( '', 0.899999976158142, 0.899999976158142, 0.899999976158142 );
#6011 = COLOUR_RGB( '', 0.899999976158142, 0.899999976158142, 0.899999976158142 );
#6012 = COLOUR_RGB( '', 0.200000002980232, 0.200000002980232, 0.200000002980232 );
#6013 = COLOUR_RGB( '', 0.800000011920929, 0.800000011920929, 0.800000011920929 );
#6014 = CARTESIAN_POINT( '', ( 5.00000000000000, -0.800000000000000, -0.300000000000005 ) );
#6015 = VECTOR( '', #6355, 1000.00000000000 );
#6016 = COLOUR_RGB( '', 0.800000011920929, 0.800000011920929, 0.800000011920929 );
#6017 = COLOUR_RGB( '', 0.899999976158142, 0.899999976158142, 0.899999976158142 );
#6018 = COLOUR_RGB( '', 0.800000011920929, 0.800000011920929, 0.800000011920929 );
#6019 = COLOUR_RGB( '', 0.899999976158142, 0.899999976158142, 0.899999976158142 );
#6020 = COLOUR_RGB( '', 0.800000011920929, 0.800000011920929, 0.800000011920929 );
#6021 = CARTESIAN_POINT( '', ( 3.32359495222288, 0.800000000000009, -2.38524477946811E-015 ) );
#6022 = AXIS2_PLACEMENT_3D( '', #6356, #6357, #6358 );
#6023 = CARTESIAN_POINT( '', ( 3.32359495222288, 0.800000000000009, -0.300000000000000 ) );
#6024 = VECTOR( '', #6359, 1000.00000000000 );
#6025 = COLOUR_RGB( '', 0.800000011920929, 0.800000011920929, 0.800000011920929 );
#6026 = AXIS2_PLACEMENT_3D( '', #6360, #6361, #6362 );
#6027 = COLOUR_RGB( '', 0.899999976158142, 0.899999976158142, 0.899999976158142 );
#6028 = COLOUR_RGB( '', 0.899999976158142, 0.899999976158142, 0.899999976158142 );
#6029 = COLOUR_RGB( '', 0.800000011920929, 0.800000011920929, 0.800000011920929 );
#6030 = CARTESIAN_POINT( '', ( 5.00000000000000, 0.800000000000009, -5.25838053655470E-015 ) );
#6031 = VECTOR( '', #6363, 1000.00000000000 );
#6032 = COLOUR_RGB( '', 0.899999976158142, 0.899999976158142, 0.899999976158142 );
#6033 = COLOUR_RGB( '', 0.899999976158142, 0.899999976158142, 0.899999976158142 );
#6034 = COLOUR_RGB( '', 0.800000011920929, 0.800000011920929, 0.800000011920929 );
#6035 = DIRECTION( '', ( -1.00000000000000, -6.12303176911189E-017, 0.000000000000000 ) );
#6036 = CARTESIAN_POINT( '', ( -1.05000000000000, -2.05000000000000, -12.9490566037736 ) );
#6037 = DIRECTION( '', ( -1.00000000000000, 1.05775821705903E-016, 0.000000000000000 ) );
#6038 = DIRECTION( '', ( -1.05775821705903E-016, -1.00000000000000, 0.000000000000000 ) );
#6039 = DIRECTION( '', ( -1.00000000000000, -6.12303176911189E-017, 0.000000000000000 ) );
#6040 = CARTESIAN_POINT( '', ( -2.16840434497101E-016, -2.05000000000000, -12.9490566037736 ) );
#6041 = DIRECTION( '', ( 1.00000000000000, -6.12303176911189E-017, 0.000000000000000 ) );
#6042 = DIRECTION( '', ( 6.12303176911189E-017, 1.00000000000000, 0.000000000000000 ) );
#6043 = DIRECTION( '', ( -1.00000000000000, 8.70845118462253E-017, 0.000000000000000 ) );
#6044 = DIRECTION( '', ( -1.00000000000000, 8.70845118462253E-017, 0.000000000000000 ) );
#6045 = DIRECTION( '', ( -1.00000000000000, 0.000000000000000, 0.000000000000000 ) );
#6046 = DIRECTION( '', ( -0.998737159357950, -4.91279631769400E-018, 0.0502402877938897 ) );
#6047 = DIRECTION( '', ( -5.98746727961116E-033, -9.77859907540477E-017, 1.00000000000000 ) );
#6048 = DIRECTION( '', ( -0.999390827019096, 3.41268186187166E-018, -0.0348994967025007 ) );
#6049 = DIRECTION( '', ( 0.998699752393142, 4.98498035560672E-018, -0.0509784716314323 ) );
#6050 = DIRECTION( '', ( -5.98746727961116E-033, -9.77859907540478E-017, 1.00000000000000 ) );
#6051 = DIRECTION( '', ( -1.00000000000000, 8.70845118462253E-017, 0.000000000000000 ) );
#6052 = DIRECTION( '', ( -1.00000000000000, 8.70845118462253E-017, 0.000000000000000 ) );
#6053 = CARTESIAN_POINT( '', ( 2.00000000000000, 4.33680868994202E-016, 2.07000000000000 ) );
#6054 = DIRECTION( '', ( 1.00000000000000, 0.000000000000000, 0.000000000000000 ) );
#6055 = DIRECTION( '', ( 0.000000000000000, -1.00000000000000, -2.65051843328986E-033 ) );
#6056 = CARTESIAN_POINT( '', ( -2.62072042025229, 4.33680868994202E-016, 2.07000000000000 ) );
#6057 = DIRECTION( '', ( -1.00000000000000, 2.78164304570879E-016, 1.72655766522567E-015 ) );
#6058 = DIRECTION( '', ( 1.72655766522567E-015, 8.49317953445071E-032, 1.00000000000000 ) );
#6059 = DIRECTION( '', ( 0.000000000000000, 1.00000000000000, 1.99865744738543E-031 ) );
#6060 = DIRECTION( '', ( 1.73472347597681E-015, -1.92592994438724E-031, 1.00000000000000 ) );
#6061 = DIRECTION( '', ( 0.000000000000000, 1.00000000000000, 1.99865744738543E-031 ) );
#6062 = DIRECTION( '', ( 1.73472347597681E-015, -1.92592994438724E-031, 1.00000000000000 ) );
#6063 = DIRECTION( '', ( -6.12303176911189E-017, -1.00000000000000, 0.000000000000000 ) );
#6064 = DIRECTION( '', ( 1.00000000000000, 0.000000000000000, 0.000000000000000 ) );
#6065 = DIRECTION( '', ( -6.12303176911189E-017, -1.00000000000000, 0.000000000000000 ) );
#6066 = DIRECTION( '', ( 1.00000000000000, 0.000000000000000, 0.000000000000000 ) );
#6067 = DIRECTION( '', ( 5.98746727961116E-033, 9.77859907540478E-017, -1.00000000000000 ) );
#6068 = DIRECTION( '', ( -0.998737159357950, -4.91279631769400E-018, 0.0502402877938897 ) );
#6069 = DIRECTION( '', ( -1.00000000000000, 0.000000000000000, 0.000000000000000 ) );
#6070 = DIRECTION( '', ( 5.98746727961116E-033, 9.77859907540478E-017, -1.00000000000000 ) );
#6071 = DIRECTION( '', ( 0.998699752393142, 4.98498035560672E-018, -0.0509784716314323 ) );
#6072 = DIRECTION( '', ( -0.999390827019096, 3.41268186187166E-018, -0.0348994967025007 ) );
#6073 = CARTESIAN_POINT( '', ( -1.25000000000000, -5.05000000000000, -6.67076667206465 ) );
#6074 = DIRECTION( '', ( 1.00000000000000, -6.12303176911189E-017, 0.000000000000000 ) );
#6075 = DIRECTION( '', ( 6.12303176911189E-017, 1.00000000000000, 0.000000000000000 ) );
#6076 = DIRECTION( '', ( 1.00000000000000, 0.000000000000000, 0.000000000000000 ) );
#6077 = CARTESIAN_POINT( '', ( -2.16840434497101E-016, -5.05000000000000, -6.67076667206465 ) );
#6078 = DIRECTION( '', ( 1.00000000000000, -6.12303176911189E-017, 0.000000000000000 ) );
#6079 = DIRECTION( '', ( 6.12303176911189E-017, 1.00000000000000, 0.000000000000000 ) );
#6080 = DIRECTION( '', ( 1.00000000000000, 0.000000000000000, 0.000000000000000 ) );
#6081 = CARTESIAN_POINT( '', ( 2.37000000000000, 2.54000000000000, 3.56500000000000 ) );
#6082 = DIRECTION( '', ( 0.000000000000000, 0.000000000000000, -1.00000000000000 ) );
#6083 = DIRECTION( '', ( 1.00000000000000, 0.000000000000000, 0.000000000000000 ) );
#6084 = DIRECTION( '', ( -1.00000000000000, 8.70845118462253E-017, 0.000000000000000 ) );
#6085 = DIRECTION( '', ( -1.00000000000000, 8.70845118462253E-017, 0.000000000000000 ) );
#6086 = DIRECTION( '', ( -1.00000000000000, 8.70845118462253E-017, 0.000000000000000 ) );
#6087 = DIRECTION( '', ( -1.00000000000000, 8.70845118462253E-017, 0.000000000000000 ) );
#6088 = DIRECTION( '', ( -1.00000000000000, 8.70845118462253E-017, 0.000000000000000 ) );
#6089 = DIRECTION( '', ( -1.00000000000000, 8.70845118462253E-017, 0.000000000000000 ) );
#6090 = DIRECTION( '', ( -1.00000000000000, 8.70845118462253E-017, 0.000000000000000 ) );
#6091 = DIRECTION( '', ( -1.00000000000000, 8.70845118462253E-017, 0.000000000000000 ) );
#6092 = DIRECTION( '', ( 0.000000000000000, 0.000000000000000, 1.00000000000000 ) );
#6093 = DIRECTION( '', ( 1.00000000000000, 0.000000000000000, -2.12435339080604E-032 ) );
#6094 = DIRECTION( '', ( 0.000000000000000, 0.000000000000000, 1.00000000000000 ) );
#6095 = DIRECTION( '', ( 1.00000000000000, 0.000000000000000, 0.000000000000000 ) );
#6096 = DIRECTION( '', ( -1.00000000000000, 8.70845118462253E-017, 0.000000000000000 ) );
#6097 = DIRECTION( '', ( -4.46067615545742E-017, -0.512223822685500, 0.858851998585003 ) );
#6098 = DIRECTION( '', ( 1.00000000000000, -8.70845118462253E-017, 0.000000000000000 ) );
#6099 = DIRECTION( '', ( -4.46067615545742E-017, -0.512223822685500, 0.858851998585003 ) );
#6100 = DIRECTION( '', ( 1.00000000000000, -8.70845118462253E-017, 0.000000000000000 ) );
#6101 = CARTESIAN_POINT( '', ( 3.32359495222288, 0.873767849755332, -0.300000000000000 ) );
#6102 = DIRECTION( '', ( 1.73472347597680E-015, -1.92592994438723E-031, 1.00000000000000 ) );
#6103 = DIRECTION( '', ( 1.00000000000000, 0.000000000000000, -1.73472347597680E-015 ) );
#6104 = CARTESIAN_POINT( '', ( 2.40804448119844, 8.67361737988404E-016, -0.300000000000000 ) );
#6105 = DIRECTION( '', ( 1.73472347597681E-015, -1.92592994438724E-031, 1.00000000000000 ) );
#6106 = DIRECTION( '', ( 1.00000000000000, 0.000000000000000, -1.73472347597681E-015 ) );
#6107 = CARTESIAN_POINT( '', ( 3.32359495222288, -0.873754439438929, -0.300000000000000 ) );
#6108 = DIRECTION( '', ( 1.73472347597681E-015, -1.92592994438723E-031, 1.00000000000000 ) );
#6109 = DIRECTION( '', ( 1.00000000000000, 0.000000000000000, -1.73472347597681E-015 ) );
#6110 = DIRECTION( '', ( -1.00000000000000, -2.58696947715145E-016, 1.73472347597681E-015 ) );
#6111 = DIRECTION( '', ( 1.00000000000000, 0.000000000000000, -1.73472347597681E-015 ) );
#6112 = DIRECTION( '', ( -1.00000000000000, 8.70845118462253E-017, 0.000000000000000 ) );
#6113 = DIRECTION( '', ( -1.00000000000000, 8.70845118462253E-017, 0.000000000000000 ) );
#6114 = DIRECTION( '', ( -1.00000000000000, 8.70845118462253E-017, 0.000000000000000 ) );
#6115 = DIRECTION( '', ( -1.00000000000000, 8.70845118462253E-017, 0.000000000000000 ) );
#6116 = DIRECTION( '', ( -1.00000000000000, 8.70845118462253E-017, 0.000000000000000 ) );
#6117 = DIRECTION( '', ( -4.52021861223453E-017, -0.738232101789366, 0.674546784061457 ) );
#6118 = DIRECTION( '', ( 1.00000000000000, 0.000000000000000, 0.000000000000000 ) );
#6119 = DIRECTION( '', ( -4.52021861223453E-017, -0.738232101789366, 0.674546784061457 ) );
#6120 = DIRECTION( '', ( 1.00000000000000, 0.000000000000000, 0.000000000000000 ) );
#6121 = DIRECTION( '', ( -1.00000000000000, 8.70845118462253E-017, 0.000000000000000 ) );
#6122 = DIRECTION( '', ( 1.00000000000000, 0.000000000000000, -2.12435339080604E-032 ) );
#6123 = DIRECTION( '', ( 6.12303176911189E-017, 1.00000000000000, -3.46944695195362E-016 ) );
#6124 = DIRECTION( '', ( -1.00000000000000, 6.12303176911189E-017, 0.000000000000000 ) );
#6125 = DIRECTION( '', ( -1.03257349760524E-016, -1.00000000000000, 0.000000000000000 ) );
#6126 = DIRECTION( '', ( 1.00000000000000, 6.12303176911189E-017, 0.000000000000000 ) );
#6127 = DIRECTION( '', ( -6.12303176911189E-017, 1.00000000000000, 3.46944695195362E-016 ) );
#6128 = DIRECTION( '', ( -1.00000000000000, 0.000000000000000, 2.12435339080604E-032 ) );
#6129 = DIRECTION( '', ( 6.12303176911189E-017, 1.00000000000000, -3.46944695195362E-016 ) );
#6130 = CARTESIAN_POINT( '', ( 2.40000000000000, 8.67361737988404E-016, -7.58941520739853E-016 ) );
#6131 = DIRECTION( '', ( 1.73472347597681E-015, -1.92592994438724E-031, 1.00000000000000 ) );
#6132 = DIRECTION( '', ( 1.00000000000000, 0.000000000000000, -1.73472347597681E-015 ) );
#6133 = CARTESIAN_POINT( '', ( 2.40000000000000, 8.67361737988404E-016, 0.300000000000000 ) );
#6134 = DIRECTION( '', ( 1.73472347597681E-015, -1.92592994438723E-031, 1.00000000000000 ) );
#6135 = DIRECTION( '', ( 1.00000000000000, 0.000000000000000, -1.73472347597681E-015 ) );
#6136 = CARTESIAN_POINT( '', ( 3.32359495222288, -0.873754439438931, -2.43945488809239E-015 ) );
#6137 = DIRECTION( '', ( 1.73472347597681E-015, -1.92592994438723E-031, 1.00000000000000 ) );
#6138 = DIRECTION( '', ( 1.00000000000000, 0.000000000000000, -1.73472347597681E-015 ) );
#6139 = CARTESIAN_POINT( '', ( 2.40000000000000, -1.30104260698260E-015, -8.13151629364128E-016 ) );
#6140 = DIRECTION( '', ( 1.73472347597681E-015, -1.92592994438724E-031, 1.00000000000000 ) );
#6141 = DIRECTION( '', ( 1.00000000000000, 0.000000000000000, -1.73472347597681E-015 ) );
#6142 = CARTESIAN_POINT( '', ( 3.32359495222288, 0.873767849755331, -2.43945488809239E-015 ) );
#6143 = DIRECTION( '', ( 1.73472347597680E-015, -1.92592994438723E-031, 1.00000000000000 ) );
#6144 = DIRECTION( '', ( 1.00000000000000, 0.000000000000000, -1.73472347597680E-015 ) );
#6145 = DIRECTION( '', ( 1.00000000000000, 0.000000000000000, -1.73472347597681E-015 ) );
#6146 = DIRECTION( '', ( 0.000000000000000, 1.00000000000000, 1.88401732049924E-031 ) );
#6147 = DIRECTION( '', ( -1.00000000000000, -2.58696947715145E-016, 1.73472347597681E-015 ) );
#6148 = DIRECTION( '', ( -1.00000000000000, 8.70845118462253E-017, 0.000000000000000 ) );
#6149 = DIRECTION( '', ( -1.00000000000000, 8.70845118462253E-017, 0.000000000000000 ) );
#6150 = DIRECTION( '', ( -1.00000000000000, 8.70845118462253E-017, 0.000000000000000 ) );
#6151 = DIRECTION( '', ( -1.00000000000000, 8.70845118462253E-017, 0.000000000000000 ) );
#6152 = DIRECTION( '', ( 1.05775821705903E-016, 1.00000000000000, 0.000000000000000 ) );
#6153 = DIRECTION( '', ( 1.00000000000000, -6.12303176911189E-017, 0.000000000000000 ) );
#6154 = DIRECTION( '', ( 6.12303176911189E-017, 1.00000000000000, 0.000000000000000 ) );
#6155 = DIRECTION( '', ( 6.12303176911189E-017, 1.00000000000000, 9.63735264431558E-016 ) );
#6156 = DIRECTION( '', ( 1.00000000000000, 0.000000000000000, 0.000000000000000 ) );
#6157 = DIRECTION( '', ( 6.12303176911189E-017, 1.00000000000000, 9.63735264431558E-016 ) );
#6158 = DIRECTION( '', ( 1.00000000000000, 0.000000000000000, 0.000000000000000 ) );
#6159 = DIRECTION( '', ( -4.46067615545742E-017, -0.512223822685500, -0.858851998585003 ) );
#6160 = DIRECTION( '', ( 1.00000000000000, -8.70845118462253E-017, 0.000000000000000 ) );
#6161 = DIRECTION( '', ( -4.46067615545742E-017, -0.512223822685500, -0.858851998585003 ) );
#6162 = DIRECTION( '', ( 1.00000000000000, -8.70845118462253E-017, 0.000000000000000 ) );
#6163 = CARTESIAN_POINT( '', ( 4.55000000000000, 4.98000000000000, 4.16642182548762 ) );
#6164 = DIRECTION( '', ( -4.32963728535968E-017, -0.707106781186548, 0.707106781186548 ) );
#6165 = DIRECTION( '', ( -4.32963728535968E-017, -0.707106781186547, -0.707106781186547 ) );
#6166 = DIRECTION( '', ( 6.12303176911189E-017, 1.00000000000000, 9.46604988272494E-017 ) );
#6167 = CARTESIAN_POINT( '', ( 4.55000000000000, -4.98000000000000, 4.16642182548761 ) );
#6168 = DIRECTION( '', ( -4.32963728535968E-017, -0.707106781186548, -0.707106781186548 ) );
#6169 = DIRECTION( '', ( -4.32963728535968E-017, -0.707106781186547, 0.707106781186547 ) );
#6170 = DIRECTION( '', ( 6.12303176911189E-017, 1.00000000000000, 9.46604988272494E-017 ) );
#6171 = CARTESIAN_POINT( '', ( 2.37000000000000, 2.54000000000000, -4.43500000000000 ) );
#6172 = DIRECTION( '', ( 0.000000000000000, 0.000000000000000, -1.00000000000000 ) );
#6173 = DIRECTION( '', ( 1.00000000000000, 0.000000000000000, 0.000000000000000 ) );
#6174 = CARTESIAN_POINT( '', ( -1.25000000000000, 3.30000000000000, -11.9990566037736 ) );
#6175 = DIRECTION( '', ( 1.00000000000000, -6.12303176911189E-017, 0.000000000000000 ) );
#6176 = DIRECTION( '', ( 6.12303176911189E-017, 1.00000000000000, 0.000000000000000 ) );
#6177 = CARTESIAN_POINT( '', ( 0.000000000000000, 3.30000000000000, -11.9990566037736 ) );
#6178 = DIRECTION( '', ( 1.00000000000000, -6.12303176911189E-017, 0.000000000000000 ) );
#6179 = DIRECTION( '', ( 6.12303176911189E-017, 1.00000000000000, 0.000000000000000 ) );
#6180 = CARTESIAN_POINT( '', ( -1.05000000000000, -3.04874921777191, -12.9990566037736 ) );
#6181 = DIRECTION( '', ( -1.00000000000000, 1.05775821705903E-016, 0.000000000000000 ) );
#6182 = DIRECTION( '', ( -1.05775821705903E-016, -1.00000000000000, 0.000000000000000 ) );
#6183 = CARTESIAN_POINT( '', ( -2.16840434497101E-016, -3.04874921777191, -12.9990566037736 ) );
#6184 = DIRECTION( '', ( 1.00000000000000, -6.12303176911189E-017, 0.000000000000000 ) );
#6185 = DIRECTION( '', ( 6.12303176911189E-017, 1.00000000000000, 0.000000000000000 ) );
#6186 = DIRECTION( '', ( -1.00000000000000, 8.70845118462253E-017, 0.000000000000000 ) );
#6187 = DIRECTION( '', ( -1.00000000000000, 8.70845118462253E-017, 0.000000000000000 ) );
#6188 = DIRECTION( '', ( -1.00000000000000, 8.70845118462253E-017, 0.000000000000000 ) );
#6189 = CARTESIAN_POINT( '', ( 4.55000000000000, -4.98000000000000, 4.26655201953279 ) );
#6190 = DIRECTION( '', ( -0.0509784716314323, 9.76588447535856E-017, -0.998699752393142 ) );
#6191 = DIRECTION( '', ( -0.998699752393142, -4.98498035560648E-018, 0.0509784716314323 ) );
#6192 = CARTESIAN_POINT( '', ( 4.55000000000000, -4.98000000000000, -4.33500000000000 ) );
#6193 = DIRECTION( '', ( -4.32963728535968E-017, -0.707106781186548, 0.707106781186548 ) );
#6194 = DIRECTION( '', ( 4.32963728535968E-017, 0.707106781186547, 0.707106781186547 ) );
#6195 = DIRECTION( '', ( 5.98746727961116E-033, 9.77859907540478E-017, -1.00000000000000 ) );
#6196 = DIRECTION( '', ( -1.00000000000000, 8.70845118462253E-017, 0.000000000000000 ) );
#6197 = DIRECTION( '', ( -1.00000000000000, 8.70845118462253E-017, 0.000000000000000 ) );
#6198 = DIRECTION( '', ( -1.00000000000000, 8.70845118462253E-017, 0.000000000000000 ) );
#6199 = DIRECTION( '', ( 1.73472347597681E-015, -1.92592994438724E-031, 1.00000000000000 ) );
#6200 = DIRECTION( '', ( -1.00000000000000, -2.58696947715145E-016, 1.73472347597681E-015 ) );
#6201 = DIRECTION( '', ( 1.73472347597681E-015, -1.92592994438724E-031, 1.00000000000000 ) );
#6202 = DIRECTION( '', ( 6.12303176911189E-017, 1.00000000000000, 0.000000000000000 ) );
#6203 = DIRECTION( '', ( 6.12303176911189E-017, 1.00000000000000, 0.000000000000000 ) );
#6204 = DIRECTION( '', ( 1.00000000000000, 0.000000000000000, 0.000000000000000 ) );
#6205 = CARTESIAN_POINT( '', ( 2.00000000000000, -8.67361737988404E-016, 2.07000000000000 ) );
#6206 = DIRECTION( '', ( 1.00000000000000, 0.000000000000000, 0.000000000000000 ) );
#6207 = DIRECTION( '', ( 0.000000000000000, -1.00000000000000, 2.65051843328986E-033 ) );
#6208 = CARTESIAN_POINT( '', ( -2.62072042025229, -8.67361737988404E-016, 2.07000000000000 ) );
#6209 = DIRECTION( '', ( -1.00000000000000, -2.78164304570879E-016, 1.72655766522567E-015 ) );
#6210 = DIRECTION( '', ( 1.72655766522567E-015, -8.49317953445071E-032, 1.00000000000000 ) );
#6211 = DIRECTION( '', ( 1.73472347597681E-015, -1.92592994438724E-031, 1.00000000000000 ) );
#6212 = DIRECTION( '', ( 1.73472347597681E-015, -1.92592994438724E-031, 1.00000000000000 ) );
#6213 = CARTESIAN_POINT( '', ( -1.25000000000000, -3.30000000000000, -11.9990566037736 ) );
#6214 = DIRECTION( '', ( 1.00000000000000, -6.12303176911189E-017, 0.000000000000000 ) );
#6215 = DIRECTION( '', ( 6.12303176911189E-017, 1.00000000000000, 0.000000000000000 ) );
#6216 = DIRECTION( '', ( 0.000000000000000, 0.000000000000000, -1.00000000000000 ) );
#6217 = DIRECTION( '', ( 6.12303176911189E-017, 1.00000000000000, 0.000000000000000 ) );
#6218 = DIRECTION( '', ( 0.000000000000000, 0.000000000000000, -1.00000000000000 ) );
#6219 = DIRECTION( '', ( 0.000000000000000, 0.000000000000000, -1.00000000000000 ) );
#6220 = DIRECTION( '', ( -4.52021861223453E-017, -0.738232101789367, -0.674546784061457 ) );
#6221 = CARTESIAN_POINT( '', ( -1.25000000000000, -3.82238702951498, -5.54905660377359 ) );
#6222 = DIRECTION( '', ( 1.00000000000000, -6.12303176911189E-017, 0.000000000000000 ) );
#6223 = DIRECTION( '', ( 6.12303176911189E-017, 1.00000000000000, 0.000000000000000 ) );
#6224 = CARTESIAN_POINT( '', ( -1.25000000000000, 3.82238702951498, -5.54905660377359 ) );
#6225 = DIRECTION( '', ( 1.00000000000000, -6.12303176911189E-017, 0.000000000000000 ) );
#6226 = DIRECTION( '', ( 6.12303176911189E-017, 1.00000000000000, 0.000000000000000 ) );
#6227 = CARTESIAN_POINT( '', ( -1.25000000000000, 5.05000000000000, -6.67076667206465 ) );
#6228 = DIRECTION( '', ( 1.00000000000000, -6.12303176911189E-017, 0.000000000000000 ) );
#6229 = DIRECTION( '', ( 6.12303176911189E-017, 1.00000000000000, 0.000000000000000 ) );
#6230 = DIRECTION( '', ( 0.000000000000000, 0.000000000000000, 1.00000000000000 ) );
#6231 = DIRECTION( '', ( 6.12303176911189E-017, 1.00000000000000, 0.000000000000000 ) );
#6232 = DIRECTION( '', ( 0.000000000000000, 0.000000000000000, 1.00000000000000 ) );
#6233 = DIRECTION( '', ( -1.00000000000000, 8.70845118462253E-017, 0.000000000000000 ) );
#6234 = DIRECTION( '', ( 8.70845118462253E-017, 1.00000000000000, 0.000000000000000 ) );
#6235 = DIRECTION( '', ( -4.46067615545742E-017, -0.512223822685500, -0.858851998585003 ) );
#6236 = DIRECTION( '', ( -1.00000000000000, 8.70845118462253E-017, 0.000000000000000 ) );
#6237 = DIRECTION( '', ( -1.00000000000000, 8.70845118462253E-017, 0.000000000000000 ) );
#6238 = DIRECTION( '', ( 8.70845118462253E-017, 1.00000000000000, 0.000000000000000 ) );
#6239 = DIRECTION( '', ( 1.00000000000000, -8.70845118462253E-017, 0.000000000000000 ) );
#6240 = DIRECTION( '', ( 8.70845118462253E-017, 1.00000000000000, 0.000000000000000 ) );
#6241 = CARTESIAN_POINT( '', ( -1.05000000000000, 3.04874921777191, -12.9990566037736 ) );
#6242 = DIRECTION( '', ( -1.00000000000000, 1.05775821705903E-016, 0.000000000000000 ) );
#6243 = DIRECTION( '', ( -1.05775821705903E-016, -1.00000000000000, 0.000000000000000 ) );
#6244 = CARTESIAN_POINT( '', ( 2.16840434497101E-016, 3.04874921777191, -12.9990566037736 ) );
#6245 = DIRECTION( '', ( 1.00000000000000, -6.12303176911189E-017, 0.000000000000000 ) );
#6246 = DIRECTION( '', ( 6.12303176911189E-017, 1.00000000000000, 0.000000000000000 ) );
#6247 = DIRECTION( '', ( 1.00000000000000, -6.12303176911189E-017, 0.000000000000000 ) );
#6248 = DIRECTION( '', ( -1.00000000000000, 8.70845118462253E-017, 0.000000000000000 ) );
#6249 = DIRECTION( '', ( 0.000000000000000, -1.00000000000000, -9.77859907540478E-017 ) );
#6250 = DIRECTION( '', ( 0.000000000000000, -1.00000000000000, -9.77859907540478E-017 ) );
#6251 = DIRECTION( '', ( 0.000000000000000, 0.000000000000000, -1.00000000000000 ) );
#6252 = DIRECTION( '', ( 1.00000000000000, 0.000000000000000, 0.000000000000000 ) );
#6253 = CARTESIAN_POINT( '', ( -2.16840434497101E-016, -3.82238702951498, -5.54905660377359 ) );
#6254 = DIRECTION( '', ( 1.00000000000000, -6.12303176911189E-017, 0.000000000000000 ) );
#6255 = DIRECTION( '', ( 6.12303176911189E-017, 1.00000000000000, 0.000000000000000 ) );
#6256 = DIRECTION( '', ( 1.73472347597681E-015, -1.92592994438724E-031, 1.00000000000000 ) );
#6257 = DIRECTION( '', ( 1.00000000000000, 0.000000000000000, -1.73472347597681E-015 ) );
#6258 = DIRECTION( '', ( 1.73472347597681E-015, -1.92592994438724E-031, 1.00000000000000 ) );
#6259 = CARTESIAN_POINT( '', ( 0.000000000000000, -3.30000000000000, -11.9990566037736 ) );
#6260 = DIRECTION( '', ( 1.00000000000000, -6.12303176911189E-017, 0.000000000000000 ) );
#6261 = DIRECTION( '', ( 6.12303176911189E-017, 1.00000000000000, 0.000000000000000 ) );
#6262 = DIRECTION( '', ( -1.00000000000000, 0.000000000000000, 2.12435339080604E-032 ) );
#6263 = DIRECTION( '', ( -1.00000000000000, 8.70845118462253E-017, 0.000000000000000 ) );
#6264 = DIRECTION( '', ( -1.00000000000000, 8.70845118462253E-017, 0.000000000000000 ) );
#6265 = DIRECTION( '', ( -5.98746727961116E-033, -9.77859907540478E-017, 1.00000000000000 ) );
#6266 = CARTESIAN_POINT( '', ( 4.55000000000000, 4.98000000000000, -4.33500000000000 ) );
#6267 = DIRECTION( '', ( -4.32963728535968E-017, -0.707106781186548, -0.707106781186548 ) );
#6268 = DIRECTION( '', ( 4.32963728535968E-017, 0.707106781186547, -0.707106781186547 ) );
#6269 = CARTESIAN_POINT( '', ( 4.55000000000000, 4.98000000000000, 4.26655201953280 ) );
#6270 = DIRECTION( '', ( -0.0509784716314323, 9.76588447535856E-017, -0.998699752393142 ) );
#6271 = DIRECTION( '', ( 0.998699752393142, 4.98498035560624E-018, -0.0509784716314323 ) );
#6272 = DIRECTION( '', ( -1.00000000000000, 8.70845118462253E-017, 0.000000000000000 ) );
#6273 = DIRECTION( '', ( -1.00000000000000, 8.70845118462253E-017, 0.000000000000000 ) );
#6274 = CARTESIAN_POINT( '', ( 2.16840434497101E-016, 3.82238702951498, -5.54905660377359 ) );
#6275 = DIRECTION( '', ( 1.00000000000000, -6.12303176911189E-017, 0.000000000000000 ) );
#6276 = DIRECTION( '', ( 6.12303176911189E-017, 1.00000000000000, 0.000000000000000 ) );
#6277 = DIRECTION( '', ( 1.00000000000000, 0.000000000000000, 0.000000000000000 ) );
#6278 = DIRECTION( '', ( 0.000000000000000, 0.000000000000000, 1.00000000000000 ) );
#6279 = DIRECTION( '', ( 1.00000000000000, 0.000000000000000, 0.000000000000000 ) );
#6280 = DIRECTION( '', ( -1.00000000000000, 8.70845118462253E-017, 0.000000000000000 ) );
#6281 = DIRECTION( '', ( -1.00000000000000, 8.70845118462253E-017, 0.000000000000000 ) );
#6282 = DIRECTION( '', ( -4.46067615545742E-017, -0.512223822685500, 0.858851998585003 ) );
#6283 = DIRECTION( '', ( 1.00000000000000, -8.70845118462253E-017, 0.000000000000000 ) );
#6284 = DIRECTION( '', ( -4.46067615545742E-017, -0.512223822685500, 0.858851998585003 ) );
#6285 = CARTESIAN_POINT( '', ( -1.05000000000000, 2.05000000000000, -12.9490566037736 ) );
#6286 = DIRECTION( '', ( -1.00000000000000, 1.05775821705903E-016, 0.000000000000000 ) );
#6287 = DIRECTION( '', ( -1.05775821705903E-016, -1.00000000000000, 0.000000000000000 ) );
#6288 = DIRECTION( '', ( -1.00000000000000, 8.70845118462253E-017, 0.000000000000000 ) );
#6289 = CARTESIAN_POINT( '', ( 2.40000000000000, -1.30104260698260E-015, 0.300000000000000 ) );
#6290 = DIRECTION( '', ( 1.73472347597681E-015, -1.92592994438723E-031, 1.00000000000000 ) );
#6291 = DIRECTION( '', ( 1.00000000000000, 0.000000000000000, -1.73472347597681E-015 ) );
#6292 = CARTESIAN_POINT( '', ( 2.40000000000000, -1.30104260698260E-015, 1.67000000000000 ) );
#6293 = DIRECTION( '', ( 0.000000000000000, 0.000000000000000, -1.00000000000000 ) );
#6294 = DIRECTION( '', ( 0.000000000000000, -1.00000000000000, 0.000000000000000 ) );
#6295 = DIRECTION( '', ( 0.000000000000000, 0.000000000000000, 1.00000000000000 ) );
#6296 = DIRECTION( '', ( 1.00000000000000, 0.000000000000000, 0.000000000000000 ) );
#6297 = DIRECTION( '', ( 1.00000000000000, 0.000000000000000, -1.73472347597681E-015 ) );
#6298 = DIRECTION( '', ( 1.73472347597681E-015, -1.92592994438724E-031, 1.00000000000000 ) );
#6299 = DIRECTION( '', ( 0.000000000000000, -1.00000000000000, -9.77859907540478E-017 ) );
#6300 = DIRECTION( '', ( 6.12303176911189E-017, 1.00000000000000, 0.000000000000000 ) );
#6301 = DIRECTION( '', ( 6.12303176911189E-017, 1.00000000000000, 0.000000000000000 ) );
#6302 = CARTESIAN_POINT( '', ( 3.32359495222288, -0.873754439438931, -0.300000000000000 ) );
#6303 = DIRECTION( '', ( 1.73472347597681E-015, -1.92592994438723E-031, 1.00000000000000 ) );
#6304 = DIRECTION( '', ( 1.00000000000000, 0.000000000000000, -1.73472347597681E-015 ) );
#6305 = DIRECTION( '', ( 1.73472347597681E-015, -1.92592994438724E-031, 1.00000000000000 ) );
#6306 = DIRECTION( '', ( -1.00000000000000, 8.70845118462253E-017, 0.000000000000000 ) );
#6307 = DIRECTION( '', ( -1.00000000000000, 8.70845118462253E-017, 0.000000000000000 ) );
#6308 = DIRECTION( '', ( -1.00000000000000, 8.70845118462253E-017, 0.000000000000000 ) );
#6309 = DIRECTION( '', ( -1.00000000000000, 8.70845118462253E-017, 0.000000000000000 ) );
#6310 = DIRECTION( '', ( -1.00000000000000, 8.70845118462253E-017, 0.000000000000000 ) );
#6311 = DIRECTION( '', ( -1.00000000000000, 8.70845118462253E-017, 0.000000000000000 ) );
#6312 = DIRECTION( '', ( -8.70845118462253E-017, -1.00000000000000, 0.000000000000000 ) );
#6313 = DIRECTION( '', ( -8.70845118462253E-017, -1.00000000000000, 0.000000000000000 ) );
#6314 = DIRECTION( '', ( -1.00000000000000, 8.70845118462253E-017, 0.000000000000000 ) );
#6315 = DIRECTION( '', ( 6.12303176911189E-017, 1.00000000000000, 0.000000000000000 ) );
#6316 = CARTESIAN_POINT( '', ( 2.37000000000000, -2.54000000000000, 3.56500000000000 ) );
#6317 = DIRECTION( '', ( 0.000000000000000, 0.000000000000000, -1.00000000000000 ) );
#6318 = DIRECTION( '', ( 1.00000000000000, 0.000000000000000, 0.000000000000000 ) );
#6319 = DIRECTION( '', ( -1.00000000000000, 8.70845118462253E-017, 0.000000000000000 ) );
#6320 = DIRECTION( '', ( -1.00000000000000, 8.70845118462253E-017, 0.000000000000000 ) );
#6321 = DIRECTION( '', ( -1.00000000000000, 8.70845118462253E-017, 0.000000000000000 ) );
#6322 = DIRECTION( '', ( 1.94390810481341E-015, 1.00000000000000, 0.000000000000000 ) );
#6323 = DIRECTION( '', ( 1.94390810481341E-015, 1.00000000000000, 0.000000000000000 ) );
#6324 = DIRECTION( '', ( 1.94390810481341E-015, 1.00000000000000, 0.000000000000000 ) );
#6325 = CARTESIAN_POINT( '', ( 2.37000000000000, -2.54000000000000, -4.43500000000000 ) );
#6326 = DIRECTION( '', ( 0.000000000000000, 0.000000000000000, -1.00000000000000 ) );
#6327 = DIRECTION( '', ( 1.00000000000000, 0.000000000000000, 0.000000000000000 ) );
#6328 = CARTESIAN_POINT( '', ( 2.16840434497101E-016, 2.05000000000000, -12.9490566037736 ) );
#6329 = DIRECTION( '', ( 1.00000000000000, -6.12303176911189E-017, 0.000000000000000 ) );
#6330 = DIRECTION( '', ( 6.12303176911189E-017, 1.00000000000000, 0.000000000000000 ) );
#6331 = DIRECTION( '', ( 0.000000000000000, 0.000000000000000, -1.00000000000000 ) );
#6332 = CARTESIAN_POINT( '', ( 2.16840434497101E-016, 5.05000000000000, -6.67076667206465 ) );
#6333 = DIRECTION( '', ( 1.00000000000000, -6.12303176911189E-017, 0.000000000000000 ) );
#6334 = DIRECTION( '', ( 6.12303176911189E-017, 1.00000000000000, 0.000000000000000 ) );
#6335 = DIRECTION( '', ( -4.52021861223453E-017, -0.738232101789367, -0.674546784061457 ) );
#6336 = DIRECTION( '', ( 0.000000000000000, 0.000000000000000, -1.00000000000000 ) );
#6337 = DIRECTION( '', ( 6.12303176911189E-017, 1.00000000000000, 0.000000000000000 ) );
#6338 = CARTESIAN_POINT( '', ( 2.40000000000000, 8.67361737988404E-016, 1.67000000000000 ) );
#6339 = DIRECTION( '', ( 0.000000000000000, 0.000000000000000, -1.00000000000000 ) );
#6340 = DIRECTION( '', ( 0.000000000000000, -1.00000000000000, 0.000000000000000 ) );
#6341 = DIRECTION( '', ( 1.73472347597681E-015, -1.92592994438724E-031, 1.00000000000000 ) );
#6342 = CARTESIAN_POINT( '', ( 3.32359495222288, 0.873767849755331, -0.300000000000000 ) );
#6343 = DIRECTION( '', ( 1.73472347597680E-015, -1.92592994438723E-031, 1.00000000000000 ) );
#6344 = DIRECTION( '', ( 1.00000000000000, 0.000000000000000, -1.73472347597680E-015 ) );
#6345 = DIRECTION( '', ( 1.00000000000000, 0.000000000000000, 0.000000000000000 ) );
#6346 = DIRECTION( '', ( 1.00000000000000, 0.000000000000000, 0.000000000000000 ) );
#6347 = DIRECTION( '', ( 8.70845118462253E-017, 1.00000000000000, 0.000000000000000 ) );
#6348 = DIRECTION( '', ( 1.00000000000000, -8.70845118462253E-017, 0.000000000000000 ) );
#6349 = DIRECTION( '', ( -1.00000000000000, 8.70845118462253E-017, 0.000000000000000 ) );
#6350 = DIRECTION( '', ( -1.00000000000000, 8.70845118462253E-017, 0.000000000000000 ) );
#6351 = DIRECTION( '', ( -4.46067615545742E-017, -0.512223822685500, -0.858851998585003 ) );
#6352 = CARTESIAN_POINT( '', ( 2.40804448119844, -1.30104260698260E-015, -0.300000000000000 ) );
#6353 = DIRECTION( '', ( 1.73472347597681E-015, -1.92592994438724E-031, 1.00000000000000 ) );
#6354 = DIRECTION( '', ( 1.00000000000000, 0.000000000000000, -1.73472347597681E-015 ) );
#6355 = DIRECTION( '', ( 0.000000000000000, 1.00000000000000, 1.88401732049924E-031 ) );
#6356 = CARTESIAN_POINT( '', ( 3.32359495222288, -0.873754439438929, -2.38524477946811E-015 ) );
#6357 = DIRECTION( '', ( 1.73472347597681E-015, -1.92592994438723E-031, 1.00000000000000 ) );
#6358 = DIRECTION( '', ( 1.00000000000000, 0.000000000000000, -1.73472347597681E-015 ) );
#6359 = DIRECTION( '', ( 1.73472347597681E-015, -1.92592994438724E-031, 1.00000000000000 ) );
#6360 = CARTESIAN_POINT( '', ( 3.32359495222288, 0.873767849755332, -2.38524477946811E-015 ) );
#6361 = DIRECTION( '', ( 1.73472347597680E-015, -1.92592994438723E-031, 1.00000000000000 ) );
#6362 = DIRECTION( '', ( 1.00000000000000, 0.000000000000000, -1.73472347597680E-015 ) );
#6363 = DIRECTION( '', ( -1.00000000000000, -2.58696947715145E-016, 1.73472347597681E-015 ) );
ENDSEC;
END-ISO-10303-21;
