ISO-10303-21;
HEADER;
FILE_DESCRIPTION (( 'STEP AP203' ),
    '1' );
FILE_NAME ('90710A037_18-8 Stainless Steel Thin-Profile Hex Nut.STEP',
    '2026-04-07T14:19:10',
    ( 'McMaster Carr Supply' ),
    ( 'McMaster Carr Supply' ),
    'SwSTEP 2.0',
    'SolidWorks 2024',
    '' );
FILE_SCHEMA (( 'CONFIG_CONTROL_DESIGN' ));
ENDSEC;

DATA;
#1 = CARTESIAN_POINT ( 'NONE',  ( -1.980384757729332534, -0.8203022253684469911, 0.4000000000000040745 ) ) ;
#2 = LINE ( 'NONE', #278, #1319 ) ;
#3 = EDGE_CURVE ( 'NONE', #1055, #1059, #1333, .T. ) ;
#4 = CARTESIAN_POINT ( 'NONE',  ( 2.543301270189220809, 1.053469879313094992, -2.024999999999995470 ) ) ;
#5 = CARTESIAN_POINT ( 'NONE',  ( 0.000000000000000000, -2.710505431213761085E-16, 1.350000000000000089 ) ) ;
#6 = CARTESIAN_POINT ( 'NONE',  ( 0.09999999999999892308, -4.561067126598043586, -0.9676998811544209600 ) ) ;
#7 = CARTESIAN_POINT ( 'NONE',  ( 2.500000000000000444, 1.530808498934191817E-16, 0.3500000000000037526 ) ) ;
#8 = DIRECTION ( 'NONE',  ( -0.000000000000000000, -0.000000000000000000, 1.000000000000000000 ) ) ;
#9 = ORIENTED_EDGE ( 'NONE', *, *, #1233, .T. ) ;
#10 = CARTESIAN_POINT ( 'NONE',  ( 1.053469879313095214, -2.543301270189220809, -0.6749999999999968248 ) ) ;
#11 = FACE_OUTER_BOUND ( 'NONE', #936, .T. ) ;
#12 = EDGE_CURVE ( 'NONE', #1689, #794, #289, .T. ) ;
#13 = CARTESIAN_POINT ( 'NONE',  ( 0.000000000000000000, 0.000000000000000000, -1.350000000000000089 ) ) ;
#14 = DIRECTION ( 'NONE',  ( -0.000000000000000000, -0.000000000000000000, 1.000000000000000000 ) ) ;
#15 = CARTESIAN_POINT ( 'NONE',  ( -4.000000000000000000, -2.193931022920593499, 0.9676998811544242907 ) ) ;
#16 = FACE_OUTER_BOUND ( 'NONE', #1790, .T. ) ;
#17 = CONICAL_SURFACE ( 'NONE', #482, 3.899999999999999911, 1.047197551196600074 ) ;
#18 = ORIENTED_EDGE ( 'NONE', *, *, #316, .F. ) ;
#19 = CARTESIAN_POINT ( 'NONE',  ( 2.543301270189221253, 1.557322879902313732E-16, -1.324999999999996847 ) ) ;
#20 = DIRECTION ( 'NONE',  ( -1.000000000000000000, 0.000000000000000000, 0.000000000000000000 ) ) ;
#21 = VERTEX_POINT ( 'NONE', #465 ) ;
#22 = CARTESIAN_POINT ( 'NONE',  ( -2.543301270189221253, -4.671968639706940456E-16, -0.8749999999999955591 ) ) ;
#23 = CARTESIAN_POINT ( 'NONE',  ( -1.012246687755736341, 1.867106537685110368, 0.8328206023398867508 ) ) ;
#24 = EDGE_CURVE ( 'NONE', #849, #1133, #1110, .T. ) ;
#25 = CARTESIAN_POINT ( 'NONE',  ( 2.543301270189220809, 1.053469879313094992, 0.3250000000000034528 ) ) ;
#26 = CARTESIAN_POINT ( 'NONE',  ( 0.6322592171553848006, 2.500000000000000000, -1.180528175539834468 ) ) ;
#27 = CARTESIAN_POINT ( 'NONE',  ( -0.4338683073051547434, 2.416057148871220139, -1.159263742414243126 ) ) ;
#28 = CARTESIAN_POINT ( 'NONE',  ( 1.980384757729333201, 1.212635927316717253E-16, -0.8499999999999962030 ) ) ;
#29 = ORIENTED_EDGE ( 'NONE', *, *, #1846, .F. ) ;
#30 = CARTESIAN_POINT ( 'NONE',  ( 0.000000000000000000, 1.980384757729333201, -0.6499999999999960254 ) ) ;
#31 = CARTESIAN_POINT ( 'NONE',  ( 1.546090959667374420, 1.319432834791868903, -0.7354566416659289452 ) ) ;
#32 = ORIENTED_EDGE ( 'NONE', *, *, #1911, .F. ) ;
#33 = CARTESIAN_POINT ( 'NONE',  ( -1.053469879313094548, -2.543301270189221253, 1.625000000000003553 ) ) ;
#34 = CARTESIAN_POINT ( 'NONE',  ( 2.425271854633434506E-16, -1.980384757729333201, 0.4500000000000040079 ) ) ;
#35 = ADVANCED_FACE ( 'NONE', ( #179 ), #1032, .T. ) ;
#36 = CARTESIAN_POINT ( 'NONE',  ( 2.447419477667426957, 0.4088283174965088862, 1.186097771630750364 ) ) ;
#37 = VERTEX_POINT ( 'NONE', #1060 ) ;
#38 = APPROVAL ( #832, 'UNSPECIFIED' ) ;
#39 = CARTESIAN_POINT ( 'NONE',  ( -3.900000000000101164, -2.367136103677415004, -0.9676998811543897627 ) ) ;
#40 = CARTESIAN_POINT ( 'NONE',  ( 0.8203022253684459919, 1.980384757729333201, 0.1000000000000041689 ) ) ;
#41 = CARTESIAN_POINT ( 'NONE',  ( -3.275733480363586470, 2.727556546835621099, 1.149082568780346092 ) ) ;
#42 = ORIENTED_EDGE ( 'NONE', *, *, #932, .T. ) ;
#43 = DIRECTION ( 'NONE',  ( 1.000000000000000000, 8.881784197001252323E-16, 0.000000000000000000 ) ) ;
#44 = PRODUCT ( '90710A037_18-8 Stainless Steel Thin-Profile Hex Nut', '90710A037_18-8 Stainless Steel Thin-Profile Hex Nut', '', ( #770 ) ) ;
#45 = CARTESIAN_POINT ( 'NONE',  ( 1.987421063975582713, -0.7149645447754412464, -0.8206027444214756272 ) ) ;
#46 = AXIS2_PLACEMENT_3D ( 'NONE', #1077, #328, #485 ) ;
#47 = CARTESIAN_POINT ( 'NONE',  ( 3.999999999999999112, 2.193931022920585061, -0.9676998811544196277 ) ) ;
#48 = ORIENTED_EDGE ( 'NONE', *, *, #839, .F. ) ;
#49 = CARTESIAN_POINT ( 'NONE',  ( 1.400343491548889485, 1.400343491548889485, -0.7499999999999958922 ) ) ;
#50 = CARTESIAN_POINT ( 'NONE',  ( -1.980384757729332978, 0.8203022253684465470, -0.4999999999999961142 ) ) ;
#51 = ADVANCED_FACE ( 'NONE', ( #1483 ), #1668, .T. ) ;
#52 = EDGE_LOOP ( 'NONE', ( #276, #919, #532, #1100 ) ) ;
#53 = CONICAL_SURFACE ( 'NONE', #226, 2.636602540378440107, 0.7853981633974500554 ) ;
#54 = VECTOR ( 'NONE', #1684, 1000.000000000000000 ) ;
#55 = CARTESIAN_POINT ( 'NONE',  ( 0.4207282930739276727, 2.024205071193838634, 0.7762554270622097352 ) ) ;
#56 = DIRECTION ( 'NONE',  ( -0.000000000000000000, -0.000000000000000000, 1.000000000000000000 ) ) ;
#57 = ORIENTED_EDGE ( 'NONE', *, *, #446, .T. ) ;
#58 = DIRECTION ( 'NONE',  ( 0.5000000000000002220, 0.8660254037844385966, -0.000000000000000000 ) ) ;
#59 = CARTESIAN_POINT ( 'NONE',  ( -4.000000000000000000, 4.898587190875583838E-16, -1.292264973081037605 ) ) ;
#60 = CARTESIAN_POINT ( 'NONE',  ( -2.641622056459559165, 3.093660948122827659, 1.261836440997163411 ) ) ;
#61 = ORIENTED_EDGE ( 'NONE', *, *, #602, .T. ) ;
#62 = EDGE_CURVE ( 'NONE', #1467, #1140, #145, .T. ) ;
#63 = CARTESIAN_POINT ( 'NONE',  ( 0.07025778613133118466, 4.578238801781412626, 0.9581645850828289790 ) ) ;
#64 = CARTESIAN_POINT ( 'NONE',  ( -1.053469879313094548, -2.543301270189221253, 0.07500000000000453526 ) ) ;
#65 = CARTESIAN_POINT ( 'NONE',  ( 0.8203022253684463250, -1.980384757729333201, -0.2999999999999959921 ) ) ;
#66 = CARTESIAN_POINT ( 'NONE',  ( 3.899999999999999467, 2.367136103677465631, 0.9676998811544212931 ) ) ;
#67 = VERTEX_POINT ( 'NONE', #288 ) ;
#68 = CARTESIAN_POINT ( 'NONE',  ( 2.148496198979860772, 0.2450425976732238387, 0.8610410080320411996 ) ) ;
#69 = CARTESIAN_POINT ( 'NONE',  ( -2.500000000000000444, -4.592425496802574958E-16, 0.7500000000000035527 ) ) ;
#70 = CARTESIAN_POINT ( 'NONE',  ( 1.400343491548889485, 1.400343491548889485, 1.550000000000004041 ) ) ;
#71 = ORIENTED_EDGE ( 'NONE', *, *, #965, .T. ) ;
#72 = CARTESIAN_POINT ( 'NONE',  ( 0.1000000000003068157, 4.561067126597865062, 0.9676998811545202139 ) ) ;
#73 = ADVANCED_FACE ( 'NONE', ( #909 ), #582, .T. ) ;
#74 = CARTESIAN_POINT ( 'NONE',  ( -0.8203022253684473242, 1.980384757729332978, 0.1000000000000039468 ) ) ;
#75 = CARTESIAN_POINT ( 'NONE',  ( 2.055711471784069211, -0.3063568982001842467, 0.7852011749464401502 ) ) ;
#76 = DIRECTION ( 'NONE',  ( 0.000000000000000000, 0.000000000000000000, 1.000000000000000000 ) ) ;
#77 = FACE_OUTER_BOUND ( 'NONE', #1863, .T. ) ;
#78 = CARTESIAN_POINT ( 'NONE',  ( -1.980384757729332534, -0.8203022253684469911, 0.3000000000000040412 ) ) ;
#79 = VERTEX_POINT ( 'NONE', #1056 ) ;
#80 = CARTESIAN_POINT ( 'NONE',  ( -1.980384757729332534, -0.8203022253684469911, -1.199999999999995737 ) ) ;
#81 = CARTESIAN_POINT ( 'NONE',  ( -2.543301270189220809, -1.053469879313096325, -0.02499999999999551192 ) ) ;
#82 = APPROVAL_STATUS ( 'not_yet_approved' ) ;
#83 = CARTESIAN_POINT ( 'NONE',  ( 2.200396436753097262, -1.029794555167854897, 1.137646254490910058 ) ) ;
#84 = ADVANCED_FACE ( 'NONE', ( #1814 ), #492, .T. ) ;
#85 = CARTESIAN_POINT ( 'NONE',  ( -2.543301270189220809, 1.053469879313095436, 0.6250000000000034417 ) ) ;
#86 = CARTESIAN_POINT ( 'NONE',  ( 2.500000000000000444, 1.530808498934191817E-16, 1.150000000000003686 ) ) ;
#87 = CARTESIAN_POINT ( 'NONE',  ( 0.8203022253684459919, 1.980384757729333201, -0.7999999999999957145 ) ) ;
#88 = ORIENTED_EDGE ( 'NONE', *, *, #1704, .T. ) ;
#89 = CARTESIAN_POINT ( 'NONE',  ( 1.980384757729333201, 0.8203022253684462139, 1.500000000000003997 ) ) ;
#90 = PERSON_AND_ORGANIZATION ( #160, #940 ) ;
#91 = CARTESIAN_POINT ( 'NONE',  ( 3.955467598430235654, -2.324589692650391282, 0.9528802084781636816 ) ) ;
#92 = CARTESIAN_POINT ( 'NONE',  ( -2.543301270189220809, 1.053469879313095436, -0.1749999999999967693 ) ) ;
#93 = CARTESIAN_POINT ( 'NONE',  ( -2.648885197420941306, -3.089467571733610196, -1.291634358863097853 ) ) ;
#94 = CARTESIAN_POINT ( 'NONE',  ( -4.000000000000000000, 0.7458368704200690757, -1.261327239233579256 ) ) ;
#95 = CARTESIAN_POINT ( 'NONE',  ( 0.000000000000000000, 0.000000000000000000, -1.350000000000000089 ) ) ;
#96 = CARTESIAN_POINT ( 'NONE',  ( 1.980384757729333201, 0.8203022253684462139, 1.500000000000003997 ) ) ;
#97 = VERTEX_POINT ( 'NONE', #509 ) ;
#98 = CARTESIAN_POINT ( 'NONE',  ( 0.000000000000000000, 1.980384757729333201, 0.05000000000000403427 ) ) ;
#99 = PERSON_AND_ORGANIZATION_ROLE ( 'design_owner' ) ;
#100 = CARTESIAN_POINT ( 'NONE',  ( 1.944441366644059643, -0.5945761437423220386, 0.7398989630722997424 ) ) ;
#101 = CARTESIAN_POINT ( 'NONE',  ( 0.8203022253684459919, 1.980384757729333201, -1.599999999999996314 ) ) ;
#102 = CARTESIAN_POINT ( 'NONE',  ( 2.201601790890984844, 1.184461715019466288, 1.213158834912272832 ) ) ;
#103 = DIRECTION ( 'NONE',  ( -1.000000000000000000, 0.000000000000000000, 0.000000000000000000 ) ) ;
#104 = CARTESIAN_POINT ( 'NONE',  ( 1.400343491548889485, -1.400343491548889263, -0.2499999999999958922 ) ) ;
#105 = VERTEX_POINT ( 'NONE', #1068 ) ;
#106 = CARTESIAN_POINT ( 'NONE',  ( 1.400343491548889485, -1.400343491548889263, 1.350000000000004086 ) ) ;
#107 = CARTESIAN_POINT ( 'NONE',  ( 4.000000000000000000, -2.193931022920593943, 0.9676998811544241796 ) ) ;
#108 = AXIS2_PLACEMENT_3D ( 'NONE', #5, #713, #133 ) ;
#109 = AXIS2_PLACEMENT_3D ( 'NONE', #1354, #1041, #323 ) ;
#110 = CARTESIAN_POINT ( 'NONE',  ( 1.053469879313095214, -2.543301270189220809, 0.1250000000000033584 ) ) ;
#111 = CARTESIAN_POINT ( 'NONE',  ( 0.03506275471616832062, 4.587893873284779822, -0.9528450881369623371 ) ) ;
#112 = DIRECTION ( 'NONE',  ( 0.000000000000000000, 0.000000000000000000, -1.000000000000000000 ) ) ;
#113 = CARTESIAN_POINT ( 'NONE',  ( 1.359747282713876348, 3.833751693812286199, -1.262023445114486941 ) ) ;
#114 = ORIENTED_EDGE ( 'NONE', *, *, #171, .F. ) ;
#115 = CARTESIAN_POINT ( 'NONE',  ( 0.8203022253684459919, 1.980384757729333201, 1.600000000000004530 ) ) ;
#116 = CARTESIAN_POINT ( 'NONE',  ( -3.900000000000000799, -2.367136103677465631, 0.9676998811544209600 ) ) ;
#117 = EDGE_CURVE ( 'NONE', #794, #501, #772, .T. ) ;
#118 = APPROVAL_DATE_TIME ( #1135, #38 ) ;
#119 = CARTESIAN_POINT ( 'NONE',  ( -0.2441463642529803080, -2.206056909432530855, -0.9281879873505688439 ) ) ;
#120 = DIRECTION ( 'NONE',  ( -0.4999999999999998890, 0.8660254037844387076, 0.000000000000000000 ) ) ;
#121 = DIRECTION ( 'NONE',  ( 0.000000000000000000, 0.000000000000000000, -1.000000000000000000 ) ) ;
#122 = CARTESIAN_POINT ( 'NONE',  ( 0.8203022253684463250, -1.980384757729333201, 1.400000000000004130 ) ) ;
#123 = ORIENTED_EDGE ( 'NONE', *, *, #194, .F. ) ;
#124 = CARTESIAN_POINT ( 'NONE',  ( 1.798385574751158122, -1.798385574751157900, -0.6249999999999966693 ) ) ;
#125 = CARTESIAN_POINT ( 'NONE',  ( 3.955462651350931225, 2.324597296081530651, -0.9528804749504401483 ) ) ;
#126 = CARTESIAN_POINT ( 'NONE',  ( -1.758149771432370834, -1.431524875106887640, 0.9748792392093225123 ) ) ;
#127 = CARTESIAN_POINT ( 'NONE',  ( 2.425271854633434506E-16, -1.980384757729333201, -1.149999999999995914 ) ) ;
#128 = LINE ( 'NONE', #1155, #1286 ) ;
#129 = CARTESIAN_POINT ( 'NONE',  ( 1.400343491548889485, 1.400343491548889485, 1.650000000000004130 ) ) ;
#130 = ORIENTED_EDGE ( 'NONE', *, *, #344, .T. ) ;
#131 = CARTESIAN_POINT ( 'NONE',  ( 2.543301270189220809, -1.053469879313094770, -1.374999999999996891 ) ) ;
#132 = DIRECTION ( 'NONE',  ( -0.000000000000000000, -0.000000000000000000, 1.000000000000000000 ) ) ;
#133 = DIRECTION ( 'NONE',  ( 1.000000000000000000, 0.000000000000000000, 0.000000000000000000 ) ) ;
#134 = CARTESIAN_POINT ( 'NONE',  ( 2.500000000000000444, 1.530808498934191817E-16, -0.4499999999999964029 ) ) ;
#135 = EDGE_CURVE ( 'NONE', #1376, #1467, #212, .T. ) ;
#136 = CARTESIAN_POINT ( 'NONE',  ( 1.400343491548889485, 1.400343491548889485, 0.8500000000000040856 ) ) ;
#137 = ORIENTED_EDGE ( 'NONE', *, *, #207, .F. ) ;
#138 = CARTESIAN_POINT ( 'NONE',  ( 1.980384757729333201, 1.212635927316717253E-16, 1.550000000000004041 ) ) ;
#139 = DIRECTION ( 'NONE',  ( 1.000000000000000000, 0.000000000000000000, 0.000000000000000000 ) ) ;
#140 = CARTESIAN_POINT ( 'NONE',  ( -1.053469879313096769, 2.543301270189220809, -1.824999999999995293 ) ) ;
#141 = CARTESIAN_POINT ( 'NONE',  ( -1.204590906192222421, -1.908172510153449686, -0.9654009808160592954 ) ) ;
#142 = CARTESIAN_POINT ( 'NONE',  ( 2.500000000000000444, 1.530808498934191817E-16, 1.150000000000003686 ) ) ;
#143 = CARTESIAN_POINT ( 'NONE',  ( -1.400343491548889929, 1.400343491548889041, 0.2500000000000041078 ) ) ;
#144 = VERTEX_POINT ( 'NONE', #1686 ) ;
#145 = CIRCLE ( 'NONE', #1283, 2.500000000000000444 ) ;
#146 = CARTESIAN_POINT ( 'NONE',  ( 0.8203022253684459919, 1.980384757729333201, 0.1000000000000041689 ) ) ;
#147 = CARTESIAN_POINT ( 'NONE',  ( 0.000000000000000000, -2.710505431213761085E-16, 1.350000000000000089 ) ) ;
#148 = CC_DESIGN_DATE_AND_TIME_ASSIGNMENT ( #995, #525, ( #382 ) ) ;
#149 = CARTESIAN_POINT ( 'NONE',  ( 0.000000000000000000, 2.543301270189221253, 2.075000000000003286 ) ) ;
#150 = CARTESIAN_POINT ( 'NONE',  ( 1.829466457453421846, -1.117035007584052719, -0.8375217575361312283 ) ) ;
#151 = CARTESIAN_POINT ( 'NONE',  ( 0.000000000000000000, 0.000000000000000000, -1.213397459621561092 ) ) ;
#152 = DIRECTION ( 'NONE',  ( -0.000000000000000000, -0.000000000000000000, -1.000000000000000000 ) ) ;
#153 = CARTESIAN_POINT ( 'NONE',  ( -0.8203022253684473242, 1.980384757729332534, 1.000000000000003997 ) ) ;
#154 = VERTEX_POINT ( 'NONE', #39 ) ;
#155 = CARTESIAN_POINT ( 'NONE',  ( 1.980384757729333201, 0.8203022253684462139, 4.119968255444917638E-15 ) ) ;
#156 = CARTESIAN_POINT ( 'NONE',  ( -0.03541992799557765886, -4.587830270412005085, 0.9528802084781627935 ) ) ;
#157 = CARTESIAN_POINT ( 'NONE',  ( 1.053469879313095214, -2.543301270189220809, -1.424999999999995604 ) ) ;
#158 = ADVANCED_FACE ( 'NONE', ( #195 ), #660, .F. ) ;
#159 = CARTESIAN_POINT ( 'NONE',  ( -0.9014802376879095247, 1.917793514809107647, 0.8280710561486851473 ) ) ;
#160 = PERSON ( 'UNSPECIFIED', 'UNSPECIFIED', 'UNSPECIFIED', ('UNSPECIFIED'), ('UNSPECIFIED'), ('UNSPECIFIED') ) ;
#161 = CARTESIAN_POINT ( 'NONE',  ( 3.061616997868383634E-16, -2.500000000000000444, 0.9500000000000038414 ) ) ;
#162 = CARTESIAN_POINT ( 'NONE',  ( 3.999999999999999112, 0.3704138653252778690, -1.292264973081037605 ) ) ;
#163 = CARTESIAN_POINT ( 'NONE',  ( -0.8203022253684455478, -1.980384757729333645, -1.099999999999995870 ) ) ;
#164 = CONICAL_SURFACE ( 'NONE', #108, 2.636602540378440107, 0.7845254987714529449 ) ;
#165 = ORIENTED_EDGE ( 'NONE', *, *, #1557, .T. ) ;
#166 = CARTESIAN_POINT ( 'NONE',  ( 3.990887526425682896, 2.263240577761940209, 0.9528802084781373694 ) ) ;
#167 = CARTESIAN_POINT ( 'NONE',  ( 0.07024689464291439256, -4.578245089985184535, 0.9581610932905264555 ) ) ;
#168 = CARTESIAN_POINT ( 'NONE',  ( -0.6040898261670681890, 1.890394921667776895, -0.6937822173508955137 ) ) ;
#169 = EDGE_LOOP ( 'NONE', ( #388, #213, #285, #1457 ) ) ;
#170 = CARTESIAN_POINT ( 'NONE',  ( 1.798385574751158122, 1.798385574751158122, 1.975000000000003642 ) ) ;
#171 = EDGE_CURVE ( 'NONE', #350, #726, #730, .T. ) ;
#172 = CARTESIAN_POINT ( 'NONE',  ( 0.000000000000000000, 0.000000000000000000, 1.350000000000000089 ) ) ;
#173 = EDGE_CURVE ( 'NONE', #879, #991, #385, .T. ) ;
#174 = CARTESIAN_POINT ( 'NONE',  ( -1.400343491548889263, -1.400343491548889929, -0.4499999999999961808 ) ) ;
#175 = CARTESIAN_POINT ( 'NONE',  ( 1.188501548626827997, 2.199423576510918910, -1.213397459621650798 ) ) ;
#176 = ORIENTED_EDGE ( 'NONE', *, *, #577, .T. ) ;
#177 = CARTESIAN_POINT ( 'NONE',  ( -4.000000000000266454, 2.228286949693605301, 0.9581610932907461686 ) ) ;
#178 = CARTESIAN_POINT ( 'NONE',  ( 3.899999999999999911, 0.000000000000000000, -1.350000000000000089 ) ) ;
#179 = FACE_OUTER_BOUND ( 'NONE', #1096, .T. ) ;
#180 = ORIENTED_EDGE ( 'NONE', *, *, #1813, .F. ) ;
#181 = CARTESIAN_POINT ( 'NONE',  ( -1.798385574751158567, 1.798385574751157678, 1.375000000000003331 ) ) ;
#182 = CARTESIAN_POINT ( 'NONE',  ( 3.061616997868383634E-16, -2.500000000000000444, -0.7499999999999955591 ) ) ;
#183 = CARTESIAN_POINT ( 'NONE',  ( -2.499999999999998224, -1.035533905932741083, 0.7000000000000042855 ) ) ;
#184 = ADVANCED_FACE ( 'NONE', ( #1126, #952 ), #1097, .T. ) ;
#185 = EDGE_LOOP ( 'NONE', ( #193, #860, #399, #1157 ) ) ;
#186 = CARTESIAN_POINT ( 'NONE',  ( 2.139756558760543381, 0.4978927193797073603, 0.8958946815960177057 ) ) ;
#187 = CARTESIAN_POINT ( 'NONE',  ( -1.400343491548889263, -1.400343491548889929, -0.3499999999999961475 ) ) ;
#188 = EDGE_LOOP ( 'NONE', ( #1735, #71, #504, #1183 ) ) ;
#189 = CARTESIAN_POINT ( 'NONE',  ( 1.797624117803145793, 0.8902102111646259530, 0.7029622119709788564 ) ) ;
#190 = CARTESIAN_POINT ( 'NONE',  ( 1.053469879313095214, -2.543301270189220809, 0.9250000000000034861 ) ) ;
#191 = CARTESIAN_POINT ( 'NONE',  ( 1.053469879313094992, 2.543301270189220809, 0.4250000000000035971 ) ) ;
#192 = CARTESIAN_POINT ( 'NONE',  ( 3.999999999999999112, 2.193931022920585505, 0.9676998811544506029 ) ) ;
#193 = ORIENTED_EDGE ( 'NONE', *, *, #1296, .F. ) ;
#194 = EDGE_CURVE ( 'NONE', #79, #1478, #1137, .T. ) ;
#195 = FACE_OUTER_BOUND ( 'NONE', #608, .T. ) ;
#196 = CARTESIAN_POINT ( 'NONE',  ( 2.425271854633434506E-16, -1.980384757729333201, 0.5500000000000040412 ) ) ;
#197 = ORIENTED_EDGE ( 'NONE', *, *, #1681, .T. ) ;
#198 = AXIS2_PLACEMENT_3D ( 'NONE', #1793, #1340, #20 ) ;
#199 = CARTESIAN_POINT ( 'NONE',  ( 4.000000000000000000, -1.470396133141321116, 1.149610571735698583 ) ) ;
#200 = CARTESIAN_POINT ( 'NONE',  ( 1.980384757729333201, 0.8203022253684462139, -0.09999999999999592548 ) ) ;
#201 = CARTESIAN_POINT ( 'NONE',  ( -2.149649179595204629, 1.016867466831604450, -1.082216131854129904 ) ) ;
#202 = ORIENTED_EDGE ( 'NONE', *, *, #566, .F. ) ;
#203 = CARTESIAN_POINT ( 'NONE',  ( 0.8203022253684459919, 1.980384757729333201, -0.6999999999999957367 ) ) ;
#204 = CARTESIAN_POINT ( 'NONE',  ( 1.400343491548889485, 1.400343491548889485, 0.05000000000000403427 ) ) ;
#205 = CARTESIAN_POINT ( 'NONE',  ( -0.2244814173583201955, 1.971902314065678175, -0.6937822173508959578 ) ) ;
#206 = ORIENTED_EDGE ( 'NONE', *, *, #628, .T. ) ;
#207 = EDGE_CURVE ( 'NONE', #326, #994, #633, .T. ) ;
#208 = CARTESIAN_POINT ( 'NONE',  ( 3.899999999999999467, 2.367136103677465631, 0.9676998811544212931 ) ) ;
#209 = CARTESIAN_POINT ( 'NONE',  ( -0.8203022253684457699, -1.980384757729333645, 0.4000000000000040190 ) ) ;
#210 = B_SPLINE_CURVE_WITH_KNOTS ( 'NONE', 3,
 ( #1303, #554, #796, #1386, #362, #1549 ),
 .UNSPECIFIED., .F., .F.,
 ( 4, 2, 4 ),
 ( 4.104946543707626922E-07, 0.0001059302023942202499, 0.0002114499101340697542 ),
 .UNSPECIFIED. ) ;
#211 = CARTESIAN_POINT ( 'NONE',  ( 1.955718737272849062, -1.415054663762481235, 1.122154883394386626 ) ) ;
#212 = B_SPLINE_CURVE_WITH_KNOTS ( 'NONE', 3,
 ( #348, #68, #186, #905, #764, #1239, #774, #1382, #783, #1366 ),
 .UNSPECIFIED., .F., .F.,
 ( 4, 2, 2, 2, 4 ),
 ( 0.0009348824507608154448, 0.001681864528896492503, 0.002428846607032169452, 0.003175828685167846402, 0.003922810763303523351 ),
 .UNSPECIFIED. ) ;
#213 = ORIENTED_EDGE ( 'NONE', *, *, #1899, .T. ) ;
#214 = CARTESIAN_POINT ( 'NONE',  ( 3.899999999999999911, 0.000000000000000000, 1.350000000000000089 ) ) ;
#215 = CARTESIAN_POINT ( 'NONE',  ( -1.980384757729333201, -3.637907781950151512E-16, -0.4499999999999959588 ) ) ;
#216 = CARTESIAN_POINT ( 'NONE',  ( 1.980384757729333201, 0.8203022253684462139, -0.8999999999999961364 ) ) ;
#217 = ORIENTED_EDGE ( 'NONE', *, *, #405, .F. ) ;
#218 = CARTESIAN_POINT ( 'NONE',  ( -1.053469879313096769, 2.543301270189220809, -0.2249999999999955647 ) ) ;
#219 = CARTESIAN_POINT ( 'NONE',  ( -0.5653229099763840138, 1.956053308175798922, -0.7432269712293402275 ) ) ;
#220 = CARTESIAN_POINT ( 'NONE',  ( -1.798385574751157900, -1.798385574751158567, -0.02499999999999681297 ) ) ;
#221 = CARTESIAN_POINT ( 'NONE',  ( -4.000000000000000000, 2.193931022920585505, -0.9676998811544189616 ) ) ;
#222 = FACE_OUTER_BOUND ( 'NONE', #552, .T. ) ;
#223 = CARTESIAN_POINT ( 'NONE',  ( -1.980384757729332534, -0.8203022253684469911, -1.299999999999995826 ) ) ;
#224 = ORIENTED_EDGE ( 'NONE', *, *, #1773, .F. ) ;
#225 = CARTESIAN_POINT ( 'NONE',  ( -1.400343491548889263, -1.400343491548889929, 1.150000000000004130 ) ) ;
#226 = AXIS2_PLACEMENT_3D ( 'NONE', #13, #1190, #1363 ) ;
#227 = PRODUCT_DEFINITION_FORMATION_WITH_SPECIFIED_SOURCE ( 'ANY', '', #44, .NOT_KNOWN. ) ;
#228 = EDGE_CURVE ( 'NONE', #991, #1107, #1802, .T. ) ;
#229 = CARTESIAN_POINT ( 'NONE',  ( 2.543301270189221253, 1.557322879902313732E-16, -0.4749999999999955924 ) ) ;
#230 = DATE_AND_TIME ( #1878, #853 ) ;
#231 = CARTESIAN_POINT ( 'NONE',  ( -0.2047476837933678018, -2.322627881873270628, 1.039435541671340557 ) ) ;
#232 = EDGE_CURVE ( 'NONE', #1328, #1174, #630, .T. ) ;
#233 = CARTESIAN_POINT ( 'NONE',  ( 0.8203022253684463250, -1.980384757729333201, -1.099999999999996092 ) ) ;
#234 = CARTESIAN_POINT ( 'NONE',  ( 3.999999999999961808, -2.228268985241550482, -0.9581660810503087600 ) ) ;
#235 = LINE ( 'NONE', #1424, #1289 ) ;
#236 = CARTESIAN_POINT ( 'NONE',  ( 1.400343491548889485, -1.400343491548889263, -1.049999999999996048 ) ) ;
#237 = ORIENTED_EDGE ( 'NONE', *, *, #1001, .T. ) ;
#238 = CARTESIAN_POINT ( 'NONE',  ( 0.8203022253684463250, -1.980384757729333201, 1.300000000000003819 ) ) ;
#239 = CARTESIAN_POINT ( 'NONE',  ( 2.543301270189221253, 1.557322879902313732E-16, 0.3250000000000045630 ) ) ;
#240 = APPROVAL_ROLE ( '' ) ;
#241 = CARTESIAN_POINT ( 'NONE',  ( -4.000000000000000000, -4.898587197045708712E-16, 1.292264973081037605 ) ) ;
#242 = CARTESIAN_POINT ( 'NONE',  ( 1.980384757729333201, -0.8203022253684458809, -1.799999999999996048 ) ) ;
#243 = EDGE_CURVE ( 'NONE', #1372, #247, #1687, .T. ) ;
#244 = DIRECTION ( 'NONE',  ( -1.000000000000000000, 0.000000000000000000, 0.000000000000000000 ) ) ;
#245 = DIRECTION ( 'NONE',  ( -0.000000000000000000, -0.000000000000000000, -1.000000000000000000 ) ) ;
#246 = CARTESIAN_POINT ( 'NONE',  ( 1.400343491548889485, -1.400343491548889263, 1.350000000000004086 ) ) ;
#247 = VERTEX_POINT ( 'NONE', #988 ) ;
#248 = CARTESIAN_POINT ( 'NONE',  ( -0.8203022253684455478, -1.980384757729333645, 0.4000000000000040745 ) ) ;
#249 = CARTESIAN_POINT ( 'NONE',  ( -4.000000000000000000, -1.470396133144031836, 1.149610571735158127 ) ) ;
#250 = ORIENTED_EDGE ( 'NONE', *, *, #428, .T. ) ;
#251 = CARTESIAN_POINT ( 'NONE',  ( 2.395624830136307892, 0.7148298211703103533, -1.213397459621559982 ) ) ;
#252 = CARTESIAN_POINT ( 'NONE',  ( -4.000000000000000000, 2.193931022920578844, 1.350000000000000089 ) ) ;
#253 = CARTESIAN_POINT ( 'NONE',  ( 2.079422863405987698, 1.273279276871983136E-16, -0.7928203230275494562 ) ) ;
#254 = PLANE ( 'NONE',  #1919 ) ;
#255 = CARTESIAN_POINT ( 'NONE',  ( -0.8203022253684455478, -1.980384757729333645, -0.3999999999999961364 ) ) ;
#256 = ADVANCED_FACE ( 'NONE', ( #1288 ), #1903, .T. ) ;
#257 = ORIENTED_EDGE ( 'NONE', *, *, #1874, .T. ) ;
#258 = CARTESIAN_POINT ( 'NONE',  ( -0.8203022253684473242, 1.980384757729332534, -1.399999999999995914 ) ) ;
#259 = CARTESIAN_POINT ( 'NONE',  ( 0.4108471253734656825, 4.381599455086851336, 1.067356866583414998 ) ) ;
#260 =( BOUNDED_CURVE ( )  B_SPLINE_CURVE ( 2, ( #458, #448, #1929, #1630, #1203, #26, #733 ),
 .UNSPECIFIED., .F., .T. ) 
 B_SPLINE_CURVE_WITH_KNOTS ( ( 3, 2, 2, 3 ),
 ( 0.7500000000000000000, 0.7750000000000000222, 0.8000000000000000444, 0.8157304011601342886 ),
 .UNSPECIFIED. ) 
 CURVE ( )  GEOMETRIC_REPRESENTATION_ITEM ( )  RATIONAL_B_SPLINE_CURVE ( ( 1.000000000000000000, 0.9238795325112867385, 1.000000000000000000, 0.9238795325112867385, 1.000000000000000000, 0.9521037803962232315, 0.9644817006661503545 ) ) 
 REPRESENTATION_ITEM ( '' )  );
#261 = CIRCLE ( 'NONE', #510, 2.636602540378440107 ) ;
#262 = ORIENTED_EDGE ( 'NONE', *, *, #1023, .T. ) ;
#263 = AXIS2_PLACEMENT_3D ( 'NONE', #151, #1809, #1776 ) ;
#264 = CALENDAR_DATE ( 2026, 7, 4 ) ;
#265 = CARTESIAN_POINT ( 'NONE',  ( 0.09999999999998876454, 4.561067126598049803, -0.9676998811544181844 ) ) ;
#266 = CARTESIAN_POINT ( 'NONE',  ( 1.767766952966369320, 1.767766952966369320, 1.150000000000004352 ) ) ;
#267 = FACE_OUTER_BOUND ( 'NONE', #709, .T. ) ;
#268 = ORIENTED_EDGE ( 'NONE', *, *, #737, .T. ) ;
#269 = CARTESIAN_POINT ( 'NONE',  ( 1.798385574751158122, 1.798385574751158122, -0.4249999999999965472 ) ) ;
#270 = CARTESIAN_POINT ( 'NONE',  ( -0.1000000000003081896, -4.561067126597866839, 0.9676998811545193258 ) ) ;
#271 = EDGE_LOOP ( 'NONE', ( #1381, #1066, #42, #540 ) ) ;
#272 = CARTESIAN_POINT ( 'NONE',  ( -2.201354507101729752, -0.3077875476867112381, 0.9302145263499053129 ) ) ;
#273 = CARTESIAN_POINT ( 'NONE',  ( 2.500000000000000444, 1.530808498934191817E-16, -0.4499999999999964029 ) ) ;
#274 = CYLINDRICAL_SURFACE ( 'NONE', #1048, 0.2000000000000000944 ) ;
#275 = DIRECTION ( 'NONE',  ( -0.8660254037844397068, 1.060575238724908147E-16, 0.4999999999999979461 ) ) ;
#276 = ORIENTED_EDGE ( 'NONE', *, *, #392, .T. ) ;
#277 = CARTESIAN_POINT ( 'NONE',  ( -0.8203022253684473242, 1.980384757729332534, 1.000000000000003997 ) ) ;
#278 = CARTESIAN_POINT ( 'NONE',  ( 3.899999999999999911, 0.000000000000000000, -1.350000000000000089 ) ) ;
#279 = EDGE_CURVE ( 'NONE', #1522, #1372, #1396, .T. ) ;
#280 = CARTESIAN_POINT ( 'NONE',  ( -2.108598266236061836, -0.7547661514151119411, 0.9470075635321386631 ) ) ;
#281 = B_SPLINE_CURVE_WITH_KNOTS ( 'NONE', 3,
 ( #906, #287, #881, #1510, #1359, #31, #1176, #872, #729, #739 ),
 .UNSPECIFIED., .F., .F.,
 ( 4, 2, 2, 2, 4 ),
 ( 0.01323587037113720978, 0.01385408768993860555, 0.01447230500874000132, 0.01509052232754139536, 0.01570873964634279113 ),
 .UNSPECIFIED. ) ;
#282 = CARTESIAN_POINT ( 'NONE',  ( 3.275040504365195559, -2.727956636714833127, -1.149262089918672514 ) ) ;
#283 = CARTESIAN_POINT ( 'NONE',  ( 3.899999999999999023, 2.367136103677465631, 1.350000000000000089 ) ) ;
#284 = DIRECTION ( 'NONE',  ( 1.000000000000000000, 0.000000000000000000, -0.000000000000000000 ) ) ;
#285 = ORIENTED_EDGE ( 'NONE', *, *, #207, .T. ) ;
#286 = CARTESIAN_POINT ( 'NONE',  ( 0.000000000000000000, 1.980384757729333201, 0.1500000000000040745 ) ) ;
#287 = CARTESIAN_POINT ( 'NONE',  ( 2.071782310506718794, 0.2076108546332148808, -0.7851797701282807740 ) ) ;
#288 = CARTESIAN_POINT ( 'NONE',  ( -2.500000000000000444, -4.592425496802574958E-16, 0.7500000000000035527 ) ) ;
#289 = B_SPLINE_CURVE_WITH_KNOTS ( 'NONE', 3,
 ( #1079, #1665, #1538, #792, #60, #41, #330, #1089 ),
 .UNSPECIFIED., .F., .F.,
 ( 4, 2, 2, 4 ),
 ( 0.0001191847836203585191, 0.002332688432427742781, 0.003439440256831434797, 0.004546192081235127247 ),
 .UNSPECIFIED. ) ;
#290 = CARTESIAN_POINT ( 'NONE',  ( -1.443328063359299307, -1.747933112080756191, -0.9756583514010492841 ) ) ;
#291 = DIRECTION ( 'NONE',  ( 1.000000000000000000, 0.000000000000000000, 0.000000000000000000 ) ) ;
#292 = CARTESIAN_POINT ( 'NONE',  ( 2.500000000000000444, -1.035533905932737753, 0.3000000000000035971 ) ) ;
#293 = CARTESIAN_POINT ( 'NONE',  ( 1.980384757729333201, -0.8203022253684458809, -0.09999999999999592548 ) ) ;
#294 = ORIENTED_EDGE ( 'NONE', *, *, #987, .T. ) ;
#295 = CARTESIAN_POINT ( 'NONE',  ( 1.980384757729333201, 1.212635927316717253E-16, 0.7500000000000041078 ) ) ;
#296 = DIRECTION ( 'NONE',  ( -1.000000000000000000, 0.000000000000000000, 0.000000000000000000 ) ) ;
#297 = CARTESIAN_POINT ( 'NONE',  ( 1.798385574751158122, -1.798385574751157900, -1.374999999999995559 ) ) ;
#298 = CARTESIAN_POINT ( 'NONE',  ( 2.079422863405987698, 1.273279276871983136E-16, -0.7928203230275494562 ) ) ;
#299 = CARTESIAN_POINT ( 'NONE',  ( -2.500000000000000444, -4.592425496802574958E-16, -0.1499999999999957756 ) ) ;
#300 = CARTESIAN_POINT ( 'NONE',  ( -2.640252717286115658, 3.094451536463227015, -1.262023445114487830 ) ) ;
#301 = FACE_OUTER_BOUND ( 'NONE', #1002, .T. ) ;
#302 = VERTEX_POINT ( 'NONE', #253 ) ;
#303 = EDGE_CURVE ( 'NONE', #491, #1028, #1433, .T. ) ;
#304 = CARTESIAN_POINT ( 'NONE',  ( 1.798385574751158122, 1.798385574751158122, 1.225000000000004530 ) ) ;
#305 = CARTESIAN_POINT ( 'NONE',  ( -1.400343491548889929, 1.400343491548889041, 1.050000000000004041 ) ) ;
#306 = DIRECTION ( 'NONE',  ( 1.000000000000000000, 0.000000000000000000, 0.000000000000000000 ) ) ;
#307 = CARTESIAN_POINT ( 'NONE',  ( 1.053469879313094992, 2.543301270189220809, -1.924999999999996048 ) ) ;
#308 = B_SPLINE_CURVE_WITH_KNOTS ( 'NONE', 3,
 ( #1754, #1917, #125, #1897, #1746, #1439 ),
 .UNSPECIFIED., .F., .F.,
 ( 4, 2, 4 ),
 ( 4.104946542554745730E-07, 0.0001059302023942664504, 0.0002114499101342774061 ),
 .UNSPECIFIED. ) ;
#309 = CARTESIAN_POINT ( 'NONE',  ( -2.103571812957423237, 0.6015668317335901571, 0.8970876336181806687 ) ) ;
#310 = CARTESIAN_POINT ( 'NONE',  ( -4.000000000000000000, 0.3708273168591804669, 1.292264973081037605 ) ) ;
#311 = LINE ( 'NONE', #1797, #1186 ) ;
#312 = CARTESIAN_POINT ( 'NONE',  ( 2.425271854633434506E-16, -1.980384757729333201, 1.350000000000004086 ) ) ;
#313 = EDGE_LOOP ( 'NONE', ( #1238, #1365, #788, #224, #1779, #776, #1611, #683, #487, #331, #1452, #495, #1518 ) ) ;
#314 = CARTESIAN_POINT ( 'NONE',  ( 3.999999999999999112, 2.193931022920585505, 0.9676998811544506029 ) ) ;
#315 = DIRECTION ( 'NONE',  ( -0.000000000000000000, -0.000000000000000000, 1.000000000000000000 ) ) ;
#316 = EDGE_CURVE ( 'NONE', #1895, #1140, #1531, .T. ) ;
#317 = AXIS2_PLACEMENT_3D ( 'NONE', #1892, #76, #670 ) ;
#318 = CARTESIAN_POINT ( 'NONE',  ( 2.543301270189220809, -1.053469879313094770, -2.124999999999995559 ) ) ;
#319 = VECTOR ( 'NONE', #1269, 1000.000000000000000 ) ;
#320 = CARTESIAN_POINT ( 'NONE',  ( 1.370281394103687544, 1.489041015238189880, 0.7321905639536991917 ) ) ;
#321 =( BOUNDED_CURVE ( )  B_SPLINE_CURVE ( 2, ( #499, #1064, #958, #1711, #1541, #1692, #34, #209, #1388, #1398, #515, #930, #1683, #74, #336, #1074, #625, #200, #1701, #1370, #1838, #65, #1235, #797, #174, #657, #1084, #647, #938, #1673, #779 ),
 .UNSPECIFIED., .F., .T. ) 
 B_SPLINE_CURVE_WITH_KNOTS ( ( 3, 2, 2, 2, 2, 2, 2, 2, 2, 2, 2, 2, 2, 2, 2, 3 ),
 ( 0.2392723637038669526, 0.2500000000000000000, 0.2750000000000000222, 0.2999999999999999889, 0.3250000000000000111, 0.3499999999999999778, 0.3750000000000000000, 0.4000000000000000222, 0.4250000000000000444, 0.4500000000000000666, 0.4749999999999999778, 0.5000000000000000000, 0.5250000000000000222, 0.5500000000000000444, 0.5749999999999999556, 0.5860038693516442798 ),
 .UNSPECIFIED. ) 
 CURVE ( )  GEOMETRIC_REPRESENTATION_ITEM ( )  RATIONAL_B_SPLINE_CURVE ( ( 0.9627049348213689850, 0.9673362924035785460, 1.000000000000000000, 0.9238795325112867385, 1.000000000000000000, 0.9238795325112867385, 1.000000000000000000, 0.9238795325112867385, 1.000000000000000000, 0.9238795325112867385, 1.000000000000000000, 0.9238795325112867385, 1.000000000000000000, 0.9238795325112867385, 1.000000000000000000, 0.9238795325112867385, 1.000000000000000000, 0.9238795325112867385, 1.000000000000000000, 0.9238795325112867385, 1.000000000000000000, 0.9238795325112867385, 1.000000000000000000, 0.9238795325112867385, 1.000000000000000000, 0.9238795325112867385, 1.000000000000000000, 0.9238795325112867385, 1.000000000000000000, 0.9664952128307244816, 0.9624850097146775418 ) ) 
 REPRESENTATION_ITEM ( '' )  );
#322 = CARTESIAN_POINT ( 'NONE',  ( -1.053469879313094548, -2.543301270189221253, 0.8250000000000033973 ) ) ;
#323 = DIRECTION ( 'NONE',  ( 1.000000000000000000, 0.000000000000000000, 0.000000000000000000 ) ) ;
#324 = CARTESIAN_POINT ( 'NONE',  ( 3.061616997868383634E-16, -2.500000000000000444, -0.6499999999999963585 ) ) ;
#325 = CONICAL_SURFACE ( 'NONE', #390, 3.899999999999999911, 1.047197551196600074 ) ;
#326 = VERTEX_POINT ( 'NONE', #697 ) ;
#327 = LOCAL_TIME ( 9, 19, 10.00000000000000000, #1900 ) ;
#328 = DIRECTION ( 'NONE',  ( 0.000000000000000000, 0.000000000000000000, -1.000000000000000000 ) ) ;
#329 = CARTESIAN_POINT ( 'NONE',  ( 3.589152874626532874, -2.546603775188657881, 1.067356866583414776 ) ) ;
#330 = CARTESIAN_POINT ( 'NONE',  ( -3.589152874626533318, 2.546603775188658325, 1.067356866583414554 ) ) ;
#331 = ORIENTED_EDGE ( 'NONE', *, *, #666, .F. ) ;
#332 = CARTESIAN_POINT ( 'NONE',  ( -2.543301270189220809, 1.053469879313095436, -1.724999999999995648 ) ) ;
#333 = CARTESIAN_POINT ( 'NONE',  ( 2.543301270189221253, 1.557322879902313732E-16, -1.274999999999995692 ) ) ;
#334 = EDGE_CURVE ( 'NONE', #491, #144, #371, .T. ) ;
#335 = CARTESIAN_POINT ( 'NONE',  ( -1.835148365054175557, 1.148218166249796557, 0.8738816668941900012 ) ) ;
#336 = CARTESIAN_POINT ( 'NONE',  ( 0.000000000000000000, 1.980384757729333201, 0.05000000000000403427 ) ) ;
#337 = CARTESIAN_POINT ( 'NONE',  ( 1.035533905932738197, -2.500000000000000444, 0.9000000000000044631 ) ) ;
#338 = ORIENTED_EDGE ( 'NONE', *, *, #1035, .T. ) ;
#339 = CARTESIAN_POINT ( 'NONE',  ( 2.543301270189220809, -1.053469879313094770, 1.075000000000004619 ) ) ;
#340 = CARTESIAN_POINT ( 'NONE',  ( -3.899999999999691713, 2.367136103677643710, 0.9676998811545194368 ) ) ;
#341 = CARTESIAN_POINT ( 'NONE',  ( -1.400343491548889929, 1.400343491548889041, 0.2500000000000041078 ) ) ;
#342 = ORIENTED_EDGE ( 'NONE', *, *, #1638, .F. ) ;
#343 = CARTESIAN_POINT ( 'NONE',  ( 2.500000000000000444, 3.061616997868383141E-16, 1.350000000000000089 ) ) ;
#344 = EDGE_CURVE ( 'NONE', #1522, #1086, #705, .T. ) ;
#345 = DIRECTION ( 'NONE',  ( -0.4999999999999998335, -0.8660254037844388186, 0.000000000000000000 ) ) ;
#346 = CARTESIAN_POINT ( 'NONE',  ( 2.466385349288318540, 0.2053836730138422495, 1.179485464309474541 ) ) ;
#347 = ORIENTED_EDGE ( 'NONE', *, *, #1045, .T. ) ;
#348 = CARTESIAN_POINT ( 'NONE',  ( 2.115551018298301500, 8.154237085573849493E-12, 0.8280382769253177289 ) ) ;
#349 = CARTESIAN_POINT ( 'NONE',  ( -0.8203022253684473242, 1.980384757729332978, -0.5999999999999959810 ) ) ;
#350 = VERTEX_POINT ( 'NONE', #537 ) ;
#351 = CARTESIAN_POINT ( 'NONE',  ( 4.000000000000000000, -2.193931022920848850, -0.9676998811546129176 ) ) ;
#352 = CARTESIAN_POINT ( 'NONE',  ( 1.798385574751158122, -1.798385574751157900, -0.5749999999999954037 ) ) ;
#353 = CARTESIAN_POINT ( 'NONE',  ( 3.999999999999999112, 2.193931022920585061, -0.9676998811544196277 ) ) ;
#354 = CARTESIAN_POINT ( 'NONE',  ( -1.767766952966369098, -1.767766952966369765, 0.7500000000000042188 ) ) ;
#355 = ORIENTED_EDGE ( 'NONE', *, *, #875, .F. ) ;
#356 = CARTESIAN_POINT ( 'NONE',  ( 0.000000000000000000, 1.980384757729333201, -1.449999999999995959 ) ) ;
#357 = VECTOR ( 'NONE', #1910, 1000.000000000000000 ) ;
#358 = B_SPLINE_CURVE_WITH_KNOTS ( 'NONE', 3,
 ( #526, #1124, #219, #1729, #394, #1285, #1739, #1859, #1550, #404, #985, #547, #1410, #976, #383, #1590, #807, #251 ),
 .UNSPECIFIED., .F., .F.,
 ( 4, 2, 2, 2, 2, 2, 2, 2, 4 ),
 ( 0.000000000000000000, 0.0004883318268722991982, 0.0009766636537445983965, 0.001464995480616897595, 0.001953327307489196359, 0.002441659134361495124, 0.002929990961233793888, 0.003418322788106092653, 0.003906654614978390984 ),
 .UNSPECIFIED. ) ;
#359 = CARTESIAN_POINT ( 'NONE',  ( -1.035533905932739751, 2.500000000000000444, 0.6000000000000037526 ) ) ;
#360 = ORIENTED_EDGE ( 'NONE', *, *, #987, .F. ) ;
#361 = APPROVAL_PERSON_ORGANIZATION ( #1420, #38, #1577 ) ;
#362 = CARTESIAN_POINT ( 'NONE',  ( -3.999999999999963585, -2.228284789532394061, -0.9581616930511519525 ) ) ;
#363 = CARTESIAN_POINT ( 'NONE',  ( 2.543301270189221253, 1.557322879902313732E-16, 1.075000000000003508 ) ) ;
#364 = CARTESIAN_POINT ( 'NONE',  ( 1.856594847429689166, -1.534771202011249613, 1.116991454165902509 ) ) ;
#365 = VERTEX_POINT ( 'NONE', #809 ) ;
#366 = CARTESIAN_POINT ( 'NONE',  ( 3.899999999999999467, 2.367136103677465631, 0.9676998811544212931 ) ) ;
#367 = CARTESIAN_POINT ( 'NONE',  ( 1.400343491548889485, -1.400343491548889263, -0.1499999999999958311 ) ) ;
#368 = CARTESIAN_POINT ( 'NONE',  ( 0.8203022253684459919, 1.980384757729333201, 1.600000000000004530 ) ) ;
#369 = ADVANCED_FACE ( 'NONE', ( #753 ), #914, .F. ) ;
#370 = ORIENTED_EDGE ( 'NONE', *, *, #965, .F. ) ;
#371 = CIRCLE ( 'NONE', #1460, 3.899999999999999911 ) ;
#372 = CARTESIAN_POINT ( 'NONE',  ( 1.053469879313094992, 2.543301270189220809, 0.4750000000000044742 ) ) ;
#373 = DIRECTION ( 'NONE',  ( 1.000000000000000000, 0.000000000000000000, 0.000000000000000000 ) ) ;
#374 = CARTESIAN_POINT ( 'NONE',  ( 1.784013697371008123, -0.8597784111265498463, 0.6926359006181059819 ) ) ;
#375 = CLOSED_SHELL ( 'NONE', ( #1191, #804, #863, #1620, #1144, #1134, #1306, #1330, #1580, #1204, #1406, #1385, #1565, #184, #1925, #1501, #1208, #158, #1619, #1373, #1436, #381, #1477, #256, #84, #721, #51, #1473, #369, #73, #35, #1610, #1254 ) ) ;
#376 = CARTESIAN_POINT ( 'NONE',  ( -4.000000000000000000, -0.3703196260530101092, -1.292264973081037605 ) ) ;
#377 = PLANE ( 'NONE',  #671 ) ;
#378 = CARTESIAN_POINT ( 'NONE',  ( -0.8203022253684473242, 1.980384757729332534, 0.9000000000000040190 ) ) ;
#379 = ORIENTED_EDGE ( 'NONE', *, *, #1266, .T. ) ;
#380 = CARTESIAN_POINT ( 'NONE',  ( -1.400343491548889929, 1.400343491548889041, -1.349999999999996092 ) ) ;
#381 = ADVANCED_FACE ( 'NONE', ( #723 ), #274, .T. ) ;
#382 = PRODUCT_DEFINITION ( 'UNKNOWN', '', #227, #756 ) ;
#383 = CARTESIAN_POINT ( 'NONE',  ( 2.063565099170665551, 1.272688579187920332, -1.132527421744667473 ) ) ;
#384 = CARTESIAN_POINT ( 'NONE',  ( -3.900000000000101164, -2.367136103677415004, -0.9676998811543897627 ) ) ;
#385 = LINE ( 'NONE', #407, #319 ) ;
#386 = DIRECTION ( 'NONE',  ( 0.000000000000000000, 0.000000000000000000, -1.000000000000000000 ) ) ;
#387 = CARTESIAN_POINT ( 'NONE',  ( 0.000000000000000000, 1.980384757729333201, 0.05000000000000403427 ) ) ;
#388 = ORIENTED_EDGE ( 'NONE', *, *, #749, .T. ) ;
#389 = CARTESIAN_POINT ( 'NONE',  ( 2.425271854633434506E-16, -1.980384757729333201, 1.250000000000004219 ) ) ;
#390 = AXIS2_PLACEMENT_3D ( 'NONE', #95, #989, #1434 ) ;
#391 = CC_DESIGN_APPROVAL ( #38, ( #382 ) ) ;
#392 = EDGE_CURVE ( 'NONE', #726, #1090, #1308, .T. ) ;
#393 = PERSON_AND_ORGANIZATION ( #160, #940 ) ;
#394 = CARTESIAN_POINT ( 'NONE',  ( -0.1009970759904043197, 2.103348223712488529, -0.8130764345946122074 ) ) ;
#395 = CARTESIAN_POINT ( 'NONE',  ( -1.767766952966369765, 1.767766952966368654, -0.1499999999999963030 ) ) ;
#396 = CARTESIAN_POINT ( 'NONE',  ( 0.09999999999999939493, 4.561067126598042698, 1.350000000000000089 ) ) ;
#397 = CARTESIAN_POINT ( 'NONE',  ( -0.07024934021148934726, -4.578243678035510911, -0.9581618773350673024 ) ) ;
#398 = CARTESIAN_POINT ( 'NONE',  ( -1.400343491548889263, -1.400343491548889929, 1.150000000000004130 ) ) ;
#399 = ORIENTED_EDGE ( 'NONE', *, *, #1638, .T. ) ;
#400 = CARTESIAN_POINT ( 'NONE',  ( -0.8203022253684455478, -1.980384757729333645, 1.200000000000004174 ) ) ;
#401 = CARTESIAN_POINT ( 'NONE',  ( 4.000000000000000000, -0.7387730543471651146, 1.262047203348394486 ) ) ;
#402 =( BOUNDED_CURVE ( )  B_SPLINE_CURVE ( 2, ( #415, #1605, #1904, #979, #559, #681, #1116, #972, #1573 ),
 .UNSPECIFIED., .F., .T. ) 
 B_SPLINE_CURVE_WITH_KNOTS ( ( 3, 2, 2, 2, 3 ),
 ( 0.3499999999999999223, 0.3749999999999999445, 0.4000000000000000222, 0.4249999999999999889, 0.4500000000000000111 ),
 .UNSPECIFIED. ) 
 CURVE ( )  GEOMETRIC_REPRESENTATION_ITEM ( )  RATIONAL_B_SPLINE_CURVE ( ( 1.000000000000000222, 0.9238795325112865164, 1.000000000000000000, 0.9238795325112867385, 1.000000000000000000, 0.9238795325112867385, 1.000000000000000000, 0.9238795325112867385, 1.000000000000000000 ) ) 
 REPRESENTATION_ITEM ( '' )  );
#403 = APPROVAL_DATE_TIME ( #230, #873 ) ;
#404 = CARTESIAN_POINT ( 'NONE',  ( 1.170398672674435536, 1.959660693159449796, -0.9902994339827818626 ) ) ;
#405 = EDGE_CURVE ( 'NONE', #37, #1086, #1069, .T. ) ;
#406 = CARTESIAN_POINT ( 'NONE',  ( 0.000000000000000000, 0.000000000000000000, -1.350000000000000089 ) ) ;
#407 = CARTESIAN_POINT ( 'NONE',  ( 4.000000000000000000, -2.193931022920578844, 1.350000000000000089 ) ) ;
#408 = FACE_OUTER_BOUND ( 'NONE', #1685, .T. ) ;
#409 = CARTESIAN_POINT ( 'NONE',  ( 0.8203022253684459919, 1.980384757729333201, 4.119968255444917638E-15 ) ) ;
#410 = ORIENTED_EDGE ( 'NONE', *, *, #1082, .T. ) ;
#411 = CARTESIAN_POINT ( 'NONE',  ( -1.980384757729332534, 0.8203022253684464360, -0.5999999999999962030 ) ) ;
#412 = DIRECTION ( 'NONE',  ( 1.000000000000000000, 0.000000000000000000, 0.000000000000000000 ) ) ;
#413 = CARTESIAN_POINT ( 'NONE',  ( 0.07024934021147774543, 4.578243678035512687, -0.9581618773350670804 ) ) ;
#414 = CARTESIAN_POINT ( 'NONE',  ( -0.7249594956349040276, -4.200246593560621022, -1.149262089918694718 ) ) ;
#415 = CARTESIAN_POINT ( 'NONE',  ( -2.500000000000000444, -4.592425496802574958E-16, 0.6500000000000044631 ) ) ;
#416 = ORIENTED_EDGE ( 'NONE', *, *, #653, .F. ) ;
#417 = CARTESIAN_POINT ( 'NONE',  ( -0.8203022253684473242, 1.980384757729332534, 0.9000000000000040190 ) ) ;
#418 = CARTESIAN_POINT ( 'NONE',  ( 2.636602540378440107, -2.710505431213761085E-16, 1.350000000000000089 ) ) ;
#419 = AXIS2_PLACEMENT_3D ( 'NONE', #959, #1389, #1253 ) ;
#420 = CARTESIAN_POINT ( 'NONE',  ( 2.500000000000000444, 1.530808498934191817E-16, 0.2500000000000041633 ) ) ;
#421 = CARTESIAN_POINT ( 'NONE',  ( -0.4111958460068226850, -4.381398121135311463, -1.067468665742394407 ) ) ;
#422 = CARTESIAN_POINT ( 'NONE',  ( 1.322418246296183320, 2.213115659636555321, 1.180410311885977448 ) ) ;
#423 = CARTESIAN_POINT ( 'NONE',  ( -1.400343491548889929, 1.400343491548889041, -0.5499999999999958256 ) ) ;
#424 = EDGE_LOOP ( 'NONE', ( #1527, #513, #1585, #123 ) ) ;
#425 = B_SPLINE_CURVE_WITH_KNOTS ( 'NONE', 3,
 ( #1442, #845, #1471, #111, #413, #265 ),
 .UNSPECIFIED., .F., .F.,
 ( 4, 2, 4 ),
 ( 2.366362584457205275E-07, 0.0001057557750693861333, 0.0002112749138803265406 ),
 .UNSPECIFIED. ) ;
#426 = CARTESIAN_POINT ( 'NONE',  ( -1.400343491548889263, -1.400343491548889929, 0.4500000000000040079 ) ) ;
#427 = CYLINDRICAL_SURFACE ( 'NONE', #198, 2.500000000000000444 ) ;
#428 = EDGE_CURVE ( 'NONE', #904, #821, #1592, .T. ) ;
#429 = CARTESIAN_POINT ( 'NONE',  ( 0.8802884014691925163, -1.991477294306030155, -0.8859791970660001459 ) ) ;
#430 = CARTESIAN_POINT ( 'NONE',  ( 1.035533905932737975, 2.500000000000000444, -0.3999999999999956368 ) ) ;
#431 = LINE ( 'NONE', #1016, #1710 ) ;
#432 = CARTESIAN_POINT ( 'NONE',  ( 1.980384757729333201, -0.8203022253684458809, 0.7000000000000040634 ) ) ;
#433 = ORIENTED_EDGE ( 'NONE', *, *, #875, .T. ) ;
#434 = CARTESIAN_POINT ( 'NONE',  ( 0.000000000000000000, 2.543301270189221253, -1.124999999999996669 ) ) ;
#435 = DIRECTION ( 'NONE',  ( 1.000000000000000000, 0.000000000000000000, -0.000000000000000000 ) ) ;
#436 = CARTESIAN_POINT ( 'NONE',  ( -1.853234902553483554, -1.339576044549309675, -0.9955440458541517934 ) ) ;
#437 = CARTESIAN_POINT ( 'NONE',  ( -1.351114802579124863, 3.838735658541858164, -1.291634358863104959 ) ) ;
#438 = PLANE ( 'NONE',  #1728 ) ;
#439 = VECTOR ( 'NONE', #152, 1000.000000000000000 ) ;
#440 = ORIENTED_EDGE ( 'NONE', *, *, #942, .T. ) ;
#441 = CARTESIAN_POINT ( 'NONE',  ( 0.8203022253684463250, -1.980384757729333201, -0.1999999999999959865 ) ) ;
#442 = CARTESIAN_POINT ( 'NONE',  ( 4.000000000000000000, -1.470413315910383822, -1.149617722267202380 ) ) ;
#443 = DIRECTION ( 'NONE',  ( -1.000000000000000000, 0.000000000000000000, 0.000000000000000000 ) ) ;
#444 = VECTOR ( 'NONE', #1402, 1000.000000000000000 ) ;
#445 = CARTESIAN_POINT ( 'NONE',  ( -0.3893831895743574689, -2.190383367710046603, -0.9334741002866108195 ) ) ;
#446 = EDGE_CURVE ( 'NONE', #887, #1376, #128, .T. ) ;
#447 = AXIS2_PLACEMENT_3D ( 'NONE', #1017, #724, #1466 ) ;
#448 = CARTESIAN_POINT ( 'NONE',  ( -2.500000000000000444, 1.035533905932738197, -0.9999999999999958922 ) ) ;
#449 = CARTESIAN_POINT ( 'NONE',  ( -1.035533905932737531, -2.500000000000000444, -0.6999999999999964029 ) ) ;
#450 = CIRCLE ( 'NONE', #109, 3.899999999999999911 ) ;
#451 = CARTESIAN_POINT ( 'NONE',  ( 0.000000000000000000, 1.980384757729333201, 0.1500000000000040745 ) ) ;
#452 = VERTEX_POINT ( 'NONE', #7 ) ;
#453 = CARTESIAN_POINT ( 'NONE',  ( 0.8203022253684463250, -1.980384757729333201, 0.6000000000000040856 ) ) ;
#454 = DIRECTION ( 'NONE',  ( 0.8660254037844397068, 0.000000000000000000, 0.4999999999999979461 ) ) ;
#455 = CARTESIAN_POINT ( 'NONE',  ( -2.543301270189220809, -1.053469879313096325, 1.525000000000003464 ) ) ;
#456 = CARTESIAN_POINT ( 'NONE',  ( -2.202462911530437939, 0.1221366592909816778, 0.9151019925549258582 ) ) ;
#457 =( BOUNDED_CURVE ( )  B_SPLINE_CURVE ( 2, ( #1649, #912, #1171, #1920, #1344, #430, #614, #1516, #469 ),
 .UNSPECIFIED., .F., .T. ) 
 B_SPLINE_CURVE_WITH_KNOTS ( ( 3, 2, 2, 2, 3 ),
 ( 0.5499999999999999334, 0.5749999999999998446, 0.5999999999999998668, 0.6249999999999998890, 0.6499999999999999112 ),
 .UNSPECIFIED. ) 
 CURVE ( )  GEOMETRIC_REPRESENTATION_ITEM ( )  RATIONAL_B_SPLINE_CURVE ( ( 1.000000000000000444, 0.9238795325112864054, 1.000000000000000000, 0.9238795325112867385, 1.000000000000000000, 0.9238795325112867385, 1.000000000000000000, 0.9238795325112870716, 0.9999999999999996669 ) ) 
 REPRESENTATION_ITEM ( '' )  );
#458 = CARTESIAN_POINT ( 'NONE',  ( -2.500000000000000444, -4.592425496802574958E-16, -0.9499999999999956257 ) ) ;
#459 = EDGE_CURVE ( 'NONE', #1467, #1656, #1242, .T. ) ;
#460 = CARTESIAN_POINT ( 'NONE',  ( 2.500000000000000888, -1.035533905932736864, 1.000000000000004219 ) ) ;
#461 = CARTESIAN_POINT ( 'NONE',  ( -1.400343491548889263, -1.400343491548889929, -0.3499999999999961475 ) ) ;
#462 = ORIENTED_EDGE ( 'NONE', *, *, #459, .T. ) ;
#463 = CARTESIAN_POINT ( 'NONE',  ( -0.8203022253684473242, 1.980384757729332534, 0.2000000000000039801 ) ) ;
#464 = CARTESIAN_POINT ( 'NONE',  ( 1.869443327966101354, 0.6535330383153534761, 0.6926359006181064260 ) ) ;
#465 = CARTESIAN_POINT ( 'NONE',  ( 2.636602540378440107, 0.000000000000000000, -1.350000000000000089 ) ) ;
#466 = ORIENTED_EDGE ( 'NONE', *, *, #1342, .F. ) ;
#467 = DIRECTION ( 'NONE',  ( 0.000000000000000000, 0.000000000000000000, -1.000000000000000000 ) ) ;
#468 = CARTESIAN_POINT ( 'NONE',  ( -1.515929436111968398, 1.520093767694128406, 0.8558578628044950509 ) ) ;
#469 = CARTESIAN_POINT ( 'NONE',  ( 2.500000000000000444, 1.530808498934191817E-16, -0.5499999999999959366 ) ) ;
#470 = CARTESIAN_POINT ( 'NONE',  ( -2.223267462445598586, 0.8231894110040558488, -1.074964768728403852 ) ) ;
#471 = CARTESIAN_POINT ( 'NONE',  ( 1.980384757729333201, 0.8203022253684462139, -0.7999999999999959366 ) ) ;
#472 = EDGE_LOOP ( 'NONE', ( #1853, #1010, #1915, #1543, #1887, #617, #1118, #588, #347, #1530 ) ) ;
#473 = CARTESIAN_POINT ( 'NONE',  ( -3.990762545105840609, 2.263583829913511369, 0.9528452061906054205 ) ) ;
#474 = CYLINDRICAL_SURFACE ( 'NONE', #1479, 2.500000000000000444 ) ;
#475 = EDGE_CURVE ( 'NONE', #67, #97, #431, .T. ) ;
#476 = ORIENTED_EDGE ( 'NONE', *, *, #232, .F. ) ;
#477 = CARTESIAN_POINT ( 'NONE',  ( -1.798385574751157900, -1.798385574751158567, -1.574999999999995737 ) ) ;
#478 = CARTESIAN_POINT ( 'NONE',  ( -2.543301270189220809, 1.053469879313095436, -0.9249999999999956035 ) ) ;
#479 = CARTESIAN_POINT ( 'NONE',  ( 1.681702921317284716, 1.111303569871311847, 0.7132245366132300424 ) ) ;
#480 = PERSON_AND_ORGANIZATION ( #160, #940 ) ;
#481 = CARTESIAN_POINT ( 'NONE',  ( 2.360793226871537698, 0.8063775771701496842, 1.199547604258013767 ) ) ;
#482 = AXIS2_PLACEMENT_3D ( 'NONE', #889, #897, #306 ) ;
#483 = VERTEX_POINT ( 'NONE', #1495 ) ;
#484 = CC_DESIGN_APPROVAL ( #873, ( #1855 ) ) ;
#485 = DIRECTION ( 'NONE',  ( -1.000000000000000000, 0.000000000000000000, 0.000000000000000000 ) ) ;
#486 = CARTESIAN_POINT ( 'NONE',  ( -2.636602540378440107, -3.228906861698236600E-16, -1.350000000000000089 ) ) ;
#487 = ORIENTED_EDGE ( 'NONE', *, *, #135, .F. ) ;
#488 = EDGE_CURVE ( 'NONE', #1752, #1812, #1614, .T. ) ;
#489 = CARTESIAN_POINT ( 'NONE',  ( 1.980384757729333201, 3.028021235190088611E-11, 0.6926359006181069811 ) ) ;
#490 = LINE ( 'NONE', #1380, #1567 ) ;
#491 = VERTEX_POINT ( 'NONE', #1475 ) ;
#492 = CYLINDRICAL_SURFACE ( 'NONE', #46, 0.2000000000000000944 ) ;
#493 = CARTESIAN_POINT ( 'NONE',  ( 0.000000000000000000, 2.500000000000000444, 0.5500000000000035971 ) ) ;
#494 = CARTESIAN_POINT ( 'NONE',  ( -0.4108471253734666817, -4.381599455086852224, 1.067356866583414332 ) ) ;
#495 = ORIENTED_EDGE ( 'NONE', *, *, #1266, .F. ) ;
#496 = B_SPLINE_CURVE_WITH_KNOTS ( 'NONE', 3,
 ( #6, #1015, #1485, #1637, #892, #282, #584, #1474 ),
 .UNSPECIFIED., .F., .F.,
 ( 4, 2, 2, 4 ),
 ( 2.373017149740424783E-07, 0.002211923152604947963, 0.003317766078049934342, 0.004423609003494921588 ),
 .UNSPECIFIED. ) ;
#497 = CARTESIAN_POINT ( 'NONE',  ( 1.087794013921000058, 1.723403607724756981, 0.7466816984479067720 ) ) ;
#498 = CARTESIAN_POINT ( 'NONE',  ( 1.798385574751158122, 1.798385574751158122, 0.4250000000000044853 ) ) ;
#499 = CARTESIAN_POINT ( 'NONE',  ( 1.869443327966101354, 0.6535330383153534761, 0.6926359006181064260 ) ) ;
#500 = CARTESIAN_POINT ( 'NONE',  ( 0.1886444213755549271, 2.467363251554977488, -1.179098683760471777 ) ) ;
#501 = VERTEX_POINT ( 'NONE', #1146 ) ;
#502 = CARTESIAN_POINT ( 'NONE',  ( -1.980384757729333201, -3.637907781950151512E-16, -1.249999999999996003 ) ) ;
#503 = CARTESIAN_POINT ( 'NONE',  ( -1.767766952966369765, 1.767766952966368654, 0.6500000000000037970 ) ) ;
#504 = ORIENTED_EDGE ( 'NONE', *, *, #592, .T. ) ;
#505 = CARTESIAN_POINT ( 'NONE',  ( -3.899999999999999911, 2.367136103677466075, -0.9676998811544208490 ) ) ;
#506 = CARTESIAN_POINT ( 'NONE',  ( 2.636602540378440107, -2.710505431213761085E-16, 1.350000000000000089 ) ) ;
#507 = EDGE_CURVE ( 'NONE', #1752, #452, #1794, .T. ) ;
#508 = CARTESIAN_POINT ( 'NONE',  ( -3.900000000000000799, -2.367136103677465631, 0.9676998811544209600 ) ) ;
#509 = CARTESIAN_POINT ( 'NONE',  ( -2.500000000000000444, -4.592425496802574958E-16, 0.6500000000000044631 ) ) ;
#510 = AXIS2_PLACEMENT_3D ( 'NONE', #765, #132, #139 ) ;
#511 = CARTESIAN_POINT ( 'NONE',  ( 0.000000000000000000, 0.000000000000000000, 1.350000000000000089 ) ) ;
#512 = CARTESIAN_POINT ( 'NONE',  ( -0.8203022253684455478, -1.980384757729333645, 1.200000000000004174 ) ) ;
#513 = ORIENTED_EDGE ( 'NONE', *, *, #556, .F. ) ;
#514 = VECTOR ( 'NONE', #806, 1000.000000000000000 ) ;
#515 = CARTESIAN_POINT ( 'NONE',  ( -1.980384757729333201, -3.637907781950151512E-16, 0.2500000000000041078 ) ) ;
#516 = DIRECTION ( 'NONE',  ( 0.7064894449438382518, 0.000000000000000000, 0.7077235789366830288 ) ) ;
#517 = B_SPLINE_CURVE_WITH_KNOTS ( 'NONE', 3,
 ( #1047, #580, #156, #1927, #167, #1469 ),
 .UNSPECIFIED., .F., .F.,
 ( 4, 2, 4 ),
 ( 8.056550632251586978E-17, 0.0001055174762720927816, 0.0002110349525441049799 ),
 .UNSPECIFIED. ) ;
#518 = EDGE_CURVE ( 'NONE', #821, #1840, #1441, .T. ) ;
#519 = CARTESIAN_POINT ( 'NONE',  ( 0.000000000000000000, 0.000000000000000000, 1.350000000000000089 ) ) ;
#520 = CARTESIAN_POINT ( 'NONE',  ( 0.1000000000003068157, 4.561067126597865062, 0.9676998811545202139 ) ) ;
#521 = CARTESIAN_POINT ( 'NONE',  ( -1.980384757729332534, 0.8203022253684464360, -0.5999999999999962030 ) ) ;
#522 = ORIENTED_EDGE ( 'NONE', *, *, #884, .F. ) ;
#523 = CARTESIAN_POINT ( 'NONE',  ( 1.400343491548889485, 1.400343491548889485, -0.8499999999999959810 ) ) ;
#524 = CARTESIAN_POINT ( 'NONE',  ( -1.798385574751157900, -1.798385574751158567, 0.8250000000000045075 ) ) ;
#525 = DATE_TIME_ROLE ( 'creation_date' ) ;
#526 = CARTESIAN_POINT ( 'NONE',  ( -0.8440721020321663159, 1.791498276643790133, -0.6937822173508957357 ) ) ;
#527 = CARTESIAN_POINT ( 'NONE',  ( -1.798385574751158567, 1.798385574751157678, 0.5750000000000035083 ) ) ;
#528 = CARTESIAN_POINT ( 'NONE',  ( 1.848851191472293820, -0.7252426097118961357, 0.6926359006181098676 ) ) ;
#529 = CARTESIAN_POINT ( 'NONE',  ( 2.499999999999998224, 0.6298181809621503646, 1.180410311886163299 ) ) ;
#530 = DIRECTION ( 'NONE',  ( 0.4999999999999997224, -0.8660254037844388186, 0.000000000000000000 ) ) ;
#531 = CARTESIAN_POINT ( 'NONE',  ( 1.400343491548889485, -1.400343491548889263, 0.5500000000000040412 ) ) ;
#532 = ORIENTED_EDGE ( 'NONE', *, *, #194, .T. ) ;
#533 = CARTESIAN_POINT ( 'NONE',  ( 0.000000000000000000, 1.980384757729333201, 1.650000000000004130 ) ) ;
#534 = EDGE_CURVE ( 'NONE', #1140, #1744, #864, .T. ) ;
#535 = LINE ( 'NONE', #1095, #1667 ) ;
#536 = CARTESIAN_POINT ( 'NONE',  ( 1.767766952966369320, 1.767766952966369320, -0.3499999999999964251 ) ) ;
#537 = CARTESIAN_POINT ( 'NONE',  ( 3.999999999999999112, 2.193931022920585505, 0.9676998811544506029 ) ) ;
#538 = DIRECTION ( 'NONE',  ( -1.000000000000000000, 0.000000000000000000, 0.000000000000000000 ) ) ;
#539 = CARTESIAN_POINT ( 'NONE',  ( -1.400343491548889929, 1.400343491548889041, -0.6499999999999958034 ) ) ;
#540 = ORIENTED_EDGE ( 'NONE', *, *, #1159, .F. ) ;
#541 = B_SPLINE_CURVE_WITH_KNOTS ( 'NONE', 3,
 ( #1355, #162, #902, #1526, #1506, #47 ),
 .UNSPECIFIED., .F., .F.,
 ( 4, 2, 4 ),
 ( 0.006465866761170177036, 0.007574604941341677757, 0.008683343121513177609 ),
 .UNSPECIFIED. ) ;
#542 = CARTESIAN_POINT ( 'NONE',  ( 1.980384757729333201, -0.8203022253684458809, 1.400000000000004130 ) ) ;
#543 = CARTESIAN_POINT ( 'NONE',  ( -0.09999999999999981126, 4.561067126598041810, 0.9676998811544216261 ) ) ;
#544 = EDGE_CURVE ( 'NONE', #1905, #350, #931, .T. ) ;
#545 = AXIS2_PLACEMENT_3D ( 'NONE', #668, #345, #1216 ) ;
#546 = DATE_AND_TIME ( #1123, #789 ) ;
#547 = CARTESIAN_POINT ( 'NONE',  ( 1.593459507309536560, 1.720283270038943879, -1.052817850415027845 ) ) ;
#548 = CARTESIAN_POINT ( 'NONE',  ( -0.09999999999999981126, 4.561067126598041810, 0.9676998811544216261 ) ) ;
#549 = CARTESIAN_POINT ( 'NONE',  ( 0.000000000000000000, 0.000000000000000000, 1.350000000000000089 ) ) ;
#550 = CARTESIAN_POINT ( 'NONE',  ( 0.09999999999998876454, 4.561067126598049803, -0.9676998811544181844 ) ) ;
#551 = CARTESIAN_POINT ( 'NONE',  ( 1.980384757729333201, 1.212635927316717253E-16, -0.9499999999999961808 ) ) ;
#552 = EDGE_LOOP ( 'NONE', ( #1241, #755, #1769, #176, #1924, #262, #1044, #925, #627, #895 ) ) ;
#553 = CARTESIAN_POINT ( 'NONE',  ( 0.8203022253684459919, 1.980384757729333201, 0.8000000000000040412 ) ) ;
#554 = CARTESIAN_POINT ( 'NONE',  ( -3.929732354119237492, -2.349970121023060798, -0.9581677460971355087 ) ) ;
#555 = CARTESIAN_POINT ( 'NONE',  ( -2.211979851559097376, -0.1525911213966702207, 0.9246355572910275322 ) ) ;
#556 = EDGE_CURVE ( 'NONE', #1689, #37, #311, .T. ) ;
#557 = CARTESIAN_POINT ( 'NONE',  ( -1.400343491548889929, 1.400343491548889041, -1.449999999999996181 ) ) ;
#558 = DIRECTION ( 'NONE',  ( -0.000000000000000000, -0.000000000000000000, -1.000000000000000000 ) ) ;
#559 = CARTESIAN_POINT ( 'NONE',  ( 0.000000000000000000, 2.500000000000000444, 0.4500000000000042855 ) ) ;
#560 = ORIENTED_EDGE ( 'NONE', *, *, #712, .T. ) ;
#561 = CARTESIAN_POINT ( 'NONE',  ( -0.8203022253684473242, 1.980384757729332534, -0.6999999999999959588 ) ) ;
#562 = DIRECTION ( 'NONE',  ( 0.000000000000000000, 0.000000000000000000, 1.000000000000000000 ) ) ;
#563 = PERSON_AND_ORGANIZATION ( #160, #940 ) ;
#564 = CARTESIAN_POINT ( 'NONE',  ( -0.8093797907466150354, -2.089454968601705431, -0.9494068342399082372 ) ) ;
#565 = CARTESIAN_POINT ( 'NONE',  ( 1.980384757729333201, 0.8203022253684462139, -1.699999999999996181 ) ) ;
#566 = EDGE_CURVE ( 'NONE', #1448, #1905, #541, .T. ) ;
#567 = CARTESIAN_POINT ( 'NONE',  ( -2.500000000000000444, 0.000000000000000000, 1.350000000000000089 ) ) ;
#568 = CARTESIAN_POINT ( 'NONE',  ( 1.400343491548889485, -1.400343491548889263, 0.6500000000000041300 ) ) ;
#569 = VERTEX_POINT ( 'NONE', #787 ) ;
#570 = CARTESIAN_POINT ( 'NONE',  ( 2.543301270189220809, -1.053469879313094770, -0.5749999999999966249 ) ) ;
#571 = CARTESIAN_POINT ( 'NONE',  ( 1.980384757725961897, 0.2204853862805357112, 0.6926359006181076472 ) ) ;
#572 = CONICAL_SURFACE ( 'NONE', #1408, 2.636602540378440107, 0.7845254987714529449 ) ;
#573 = CARTESIAN_POINT ( 'NONE',  ( -1.761441702801223030, -1.450336915639949487, -0.9905004949359824673 ) ) ;
#574 = CARTESIAN_POINT ( 'NONE',  ( -4.000000000000000000, 1.838681976063283985, 1.066333380960276633 ) ) ;
#575 = CARTESIAN_POINT ( 'NONE',  ( 1.767766952966369320, 1.767766952966369320, -1.149999999999996358 ) ) ;
#576 = CARTESIAN_POINT ( 'NONE',  ( -1.980384757729333201, -3.637907781950151512E-16, 1.150000000000004130 ) ) ;
#577 = EDGE_CURVE ( 'NONE', #1028, #350, #1588, .T. ) ;
#578 = EDGE_LOOP ( 'NONE', ( #9, #257 ) ) ;
#579 = CARTESIAN_POINT ( 'NONE',  ( -0.8203022253684455478, -1.980384757729333645, 0.5000000000000041078 ) ) ;
#580 = CARTESIAN_POINT ( 'NONE',  ( -0.07025778613133286388, -4.578238801781414402, 0.9581645850828279798 ) ) ;
#581 = CC_DESIGN_PERSON_AND_ORGANIZATION_ASSIGNMENT ( #1568, #1589, ( #382 ) ) ;
#582 =( BOUNDED_SURFACE ( )  B_SPLINE_SURFACE ( 1, 2, ( 
 ( #149, #740, #170, #1331, #920, #1223, #777, #767, #1361, #33, #623, #455, #1212, #1523, #181, #1826, #1039, #1782, #1647, #898, #363, #636, #1201, #190, #1658, #322, #1868, #679, #1113, #85, #527, #1267, #1682, #191, #1837, #25, #1202, #1808, #769, #110, #1158, #1431, #220, #815, #1265, #92, #1323, #1362, #1504, #1339, #269, #1468, #1011, #570, #124, #10, #1347, #1801, #1046, #861, #880, #599, #1458, #1037, #434, #896, #718, #1167, #19, #131, #1490 ),
 ( #757, #1762, #888, #1643, #138, #1312, #1916, #1184, #727, #1792, #738, #1320, #1771, #610, #305, #277, #1480, #747, #1160, #1329, #295, #1020, #1499, #453, #871, #579, #426, #1, #589, #1175, #1196, #463, #286, #146, #1617, #155, #1926, #1626, #1780, #441, #1029, #1634, #1519, #934, #1374, #1087, #1677, #1219, #30, #203, #49, #1230, #650, #1832, #1358, #642, #1663, #1821, #1850, #1544, #502, #1695, #619, #1209, #356, #1528, #943, #1536, #1841, #1652, #800 ) ),
 .UNSPECIFIED., .F., .F., .T. ) 
 B_SPLINE_SURFACE_WITH_KNOTS ( ( 2, 2 ),
 ( 3, 2, 2, 2, 2, 2, 2, 2, 2, 2, 2, 2, 2, 2, 2, 2, 2, 2, 2, 2, 2, 2, 2, 2, 2, 2, 2, 2, 2, 2, 2, 2, 2, 2, 2, 3 ),
 ( 0.000000000000000000, 1.000000000000000000 ),
 ( 0.000000000000000000, 0.02500000000000000139, 0.05000000000000000278, 0.07499999999999999722, 0.1000000000000000056, 0.1250000000000000000, 0.1499999999999999944, 0.1749999999999999889, 0.2000000000000000111, 0.2250000000000000056, 0.2500000000000000000, 0.2750000000000000222, 0.2999999999999999889, 0.3250000000000000111, 0.3499999999999999778, 0.3750000000000000000, 0.4000000000000000222, 0.4249999999999999889, 0.4500000000000000111, 0.4749999999999999778, 0.5000000000000000000, 0.5250000000000000222, 0.5500000000000000444, 0.5749999999999999556, 0.5999999999999999778, 0.6250000000000000000, 0.6500000000000000222, 0.6750000000000000444, 0.6999999999999999556, 0.7249999999999999778, 0.7500000000000000000, 0.7750000000000000222, 0.8000000000000000444, 0.8249999999999999556, 0.8499999999999999778, 0.8750000000000000000 ),
 .UNSPECIFIED. ) 
 GEOMETRIC_REPRESENTATION_ITEM ( )  RATIONAL_B_SPLINE_SURFACE ( (
 ( 1.000000000000000000, 0.9238795325112867385, 1.000000000000000000, 0.9238795325112867385, 1.000000000000000000, 0.9238795325112867385, 1.000000000000000000, 0.9238795325112867385, 1.000000000000000000, 0.9238795325112867385, 1.000000000000000000, 0.9238795325112867385, 1.000000000000000000, 0.9238795325112867385, 1.000000000000000000, 0.9238795325112867385, 1.000000000000000000, 0.9238795325112867385, 1.000000000000000000, 0.9238795325112867385, 1.000000000000000000, 0.9238795325112867385, 1.000000000000000000, 0.9238795325112867385, 1.000000000000000000, 0.9238795325112867385, 1.000000000000000000, 0.9238795325112867385, 1.000000000000000000, 0.9238795325112867385, 1.000000000000000000, 0.9238795325112867385, 1.000000000000000000, 0.9238795325112867385, 1.000000000000000000, 0.9238795325112867385, 1.000000000000000000, 0.9238795325112867385, 1.000000000000000000, 0.9238795325112867385, 1.000000000000000000, 0.9238795325112867385, 1.000000000000000000, 0.9238795325112867385, 1.000000000000000000, 0.9238795325112867385, 1.000000000000000000, 0.9238795325112867385, 1.000000000000000000, 0.9238795325112867385, 1.000000000000000000, 0.9238795325112867385, 1.000000000000000000, 0.9238795325112867385, 1.000000000000000000, 0.9238795325112867385, 1.000000000000000000, 0.9238795325112867385, 1.000000000000000000, 0.9238795325112867385, 1.000000000000000000, 0.9238795325112867385, 1.000000000000000000, 0.9238795325112867385, 1.000000000000000000, 0.9238795325112867385, 1.000000000000000000, 0.9238795325112867385, 1.000000000000000000, 0.9238795325112867385, 1.000000000000000000),
 ( 1.000000000000000000, 0.9238795325112867385, 1.000000000000000000, 0.9238795325112867385, 1.000000000000000000, 0.9238795325112867385, 1.000000000000000000, 0.9238795325112867385, 1.000000000000000000, 0.9238795325112867385, 1.000000000000000000, 0.9238795325112867385, 1.000000000000000000, 0.9238795325112867385, 1.000000000000000000, 0.9238795325112867385, 1.000000000000000000, 0.9238795325112867385, 1.000000000000000000, 0.9238795325112867385, 1.000000000000000000, 0.9238795325112867385, 1.000000000000000000, 0.9238795325112867385, 1.000000000000000000, 0.9238795325112867385, 1.000000000000000000, 0.9238795325112867385, 1.000000000000000000, 0.9238795325112867385, 1.000000000000000000, 0.9238795325112867385, 1.000000000000000000, 0.9238795325112867385, 1.000000000000000000, 0.9238795325112867385, 1.000000000000000000, 0.9238795325112867385, 1.000000000000000000, 0.9238795325112867385, 1.000000000000000000, 0.9238795325112867385, 1.000000000000000000, 0.9238795325112867385, 1.000000000000000000, 0.9238795325112867385, 1.000000000000000000, 0.9238795325112867385, 1.000000000000000000, 0.9238795325112867385, 1.000000000000000000, 0.9238795325112867385, 1.000000000000000000, 0.9238795325112867385, 1.000000000000000000, 0.9238795325112867385, 1.000000000000000000, 0.9238795325112867385, 1.000000000000000000, 0.9238795325112867385, 1.000000000000000000, 0.9238795325112867385, 1.000000000000000000, 0.9238795325112867385, 1.000000000000000000, 0.9238795325112867385, 1.000000000000000000, 0.9238795325112867385, 1.000000000000000000, 0.9238795325112867385, 1.000000000000000000) ) ) 
 REPRESENTATION_ITEM ( '' )  SURFACE ( )  );
#583 = CARTESIAN_POINT ( 'NONE',  ( 3.899999999999691713, -2.367136103677643710, 0.9676998811545197698 ) ) ;
#584 = CARTESIAN_POINT ( 'NONE',  ( 3.588804153993275126, -2.546805109140141354, -1.067468665742366651 ) ) ;
#585 = CARTESIAN_POINT ( 'NONE',  ( 0.000000000000000000, 0.000000000000000000, -1.350000000000000089 ) ) ;
#586 = CARTESIAN_POINT ( 'NONE',  ( -1.980384757729332534, 0.8203022253684464360, 0.3000000000000040412 ) ) ;
#587 = B_SPLINE_CURVE_WITH_KNOTS ( 'NONE', 3,
 ( #655, #1243, #1005, #249, #1609, #711 ),
 .UNSPECIFIED., .F., .F.,
 ( 4, 2, 4 ),
 ( 0.01442935518041283359, 0.01553833727098821380, 0.01664731936156359227 ),
 .UNSPECIFIED. ) ;
#588 = ORIENTED_EDGE ( 'NONE', *, *, #653, .T. ) ;
#589 = CARTESIAN_POINT ( 'NONE',  ( -1.980384757729333201, -3.637907781950151512E-16, 0.3500000000000041966 ) ) ;
#590 = CARTESIAN_POINT ( 'NONE',  ( 2.500000000000000444, 1.530808498934191817E-16, 0.3500000000000037526 ) ) ;
#591 = CARTESIAN_POINT ( 'NONE',  ( 1.798385574751158122, -1.798385574751157900, -2.174999999999995381 ) ) ;
#592 = EDGE_CURVE ( 'NONE', #1656, #97, #1671, .T. ) ;
#593 = CARTESIAN_POINT ( 'NONE',  ( -1.798385574751158567, 1.798385574751157678, -0.9749999999999954259 ) ) ;
#594 = CARTESIAN_POINT ( 'NONE',  ( -1.035533905932737531, -2.500000000000000444, 4.180707661074224706E-15 ) ) ;
#595 = CARTESIAN_POINT ( 'NONE',  ( -1.035533905932737531, -2.500000000000000444, 0.9000000000000036859 ) ) ;
#596 = CARTESIAN_POINT ( 'NONE',  ( -2.316838121536685335, 3.281175040379014085, -1.292576570519389678 ) ) ;
#597 = CARTESIAN_POINT ( 'NONE',  ( -3.899999999999999911, 4.776122516674677286E-16, -1.350000000000000089 ) ) ;
#598 = ORIENTED_EDGE ( 'NONE', *, *, #566, .T. ) ;
#599 = CARTESIAN_POINT ( 'NONE',  ( -2.543301270189220809, 1.053469879313095436, -0.9749999999999967581 ) ) ;
#600 = FACE_OUTER_BOUND ( 'NONE', #188, .T. ) ;
#601 = CARTESIAN_POINT ( 'NONE',  ( 0.000000000000000000, 2.543301270189221253, -1.874999999999995559 ) ) ;
#602 = EDGE_CURVE ( 'NONE', #1086, #794, #490, .T. ) ;
#603 = AXIS2_PLACEMENT_3D ( 'NONE', #172, #929, #768 ) ;
#604 = CARTESIAN_POINT ( 'NONE',  ( 1.666574849595351848, -1.365237374739822540, -0.8485018521027769545 ) ) ;
#605 = CARTESIAN_POINT ( 'NONE',  ( 1.035533905932738197, -2.500000000000000444, 1.000000000000003775 ) ) ;
#606 = CARTESIAN_POINT ( 'NONE',  ( 3.999999999999999112, 2.193931022920578400, 1.350000000000000089 ) ) ;
#607 = CARTESIAN_POINT ( 'NONE',  ( 2.425271854633434506E-16, -1.980384757729333201, -0.2499999999999958922 ) ) ;
#608 = EDGE_LOOP ( 'NONE', ( #237, #1651, #838, #1360 ) ) ;
#609 = CARTESIAN_POINT ( 'NONE',  ( 1.053469879313094992, 2.543301270189220809, 1.275000000000005018 ) ) ;
#610 = CARTESIAN_POINT ( 'NONE',  ( -1.980384757729332534, 0.8203022253684464360, 1.100000000000004086 ) ) ;
#611 = LINE ( 'NONE', #1185, #1601 ) ;
#612 = ORIENTED_EDGE ( 'NONE', *, *, #544, .F. ) ;
#613 = CARTESIAN_POINT ( 'NONE',  ( -0.6713286845721401219, 1.999878488801236198, 0.8184839287842474720 ) ) ;
#614 = CARTESIAN_POINT ( 'NONE',  ( 1.767766952966369320, 1.767766952966369320, -0.4499999999999956812 ) ) ;
#615 = CARTESIAN_POINT ( 'NONE',  ( -0.8321950411292291516, 2.294483215196145398, -1.145246515361543205 ) ) ;
#616 = CARTESIAN_POINT ( 'NONE',  ( -0.8203022253684473242, 1.980384757729332534, -0.5999999999999959810 ) ) ;
#617 = ORIENTED_EDGE ( 'NONE', *, *, #1178, .T. ) ;
#618 = CARTESIAN_POINT ( 'NONE',  ( 1.980384757729333201, 0.8203022253684462139, -1.699999999999996181 ) ) ;
#619 = CARTESIAN_POINT ( 'NONE',  ( -1.400343491548889929, 1.400343491548889041, -1.349999999999996092 ) ) ;
#620 = DIRECTION ( 'NONE',  ( -0.000000000000000000, -0.000000000000000000, -1.000000000000000000 ) ) ;
#621 = CARTESIAN_POINT ( 'NONE',  ( -0.7257971743724958014, 1.847224016438766769, -0.6937822173508959578 ) ) ;
#622 = ORIENTED_EDGE ( 'NONE', *, *, #1351, .F. ) ;
#623 = CARTESIAN_POINT ( 'NONE',  ( -1.798385574751157900, -1.798385574751158567, 1.575000000000003508 ) ) ;
#624 = CARTESIAN_POINT ( 'NONE',  ( 2.500000000000000444, 1.530808498934191817E-16, -0.5499999999999959366 ) ) ;
#625 = CARTESIAN_POINT ( 'NONE',  ( 1.400343491548889485, 1.400343491548889485, -0.04999999999999601291 ) ) ;
#626 = CARTESIAN_POINT ( 'NONE',  ( 3.999999999999999112, 1.838681976065249746, 1.066333380959798127 ) ) ;
#627 = ORIENTED_EDGE ( 'NONE', *, *, #117, .T. ) ;
#628 = EDGE_CURVE ( 'NONE', #365, #483, #795, .T. ) ;
#629 = DIRECTION ( 'NONE',  ( -0.8660254037844385966, 0.5000000000000002220, 0.000000000000000000 ) ) ;
#630 = CIRCLE ( 'NONE', #1720, 3.899999999999999911 ) ;
#631 = CARTESIAN_POINT ( 'NONE',  ( -1.980384757729332978, -0.8203022253684472131, 0.4000000000000040190 ) ) ;
#632 = EDGE_LOOP ( 'NONE', ( #360, #700, #114, #612 ) ) ;
#633 = CIRCLE ( 'NONE', #317, 2.636602540378440107 ) ;
#634 = CARTESIAN_POINT ( 'NONE',  ( -1.053469879313096769, 2.543301270189220809, -1.024999999999995470 ) ) ;
#635 = CARTESIAN_POINT ( 'NONE',  ( -1.035533905932737531, -2.500000000000000444, -0.7999999999999957145 ) ) ;
#636 = CARTESIAN_POINT ( 'NONE',  ( 2.543301270189220809, -1.053469879313094770, 1.025000000000003464 ) ) ;
#637 =( NAMED_UNIT ( * ) PLANE_ANGLE_UNIT ( ) SI_UNIT ( $, .RADIAN. ) );
#638 = CARTESIAN_POINT ( 'NONE',  ( 3.999999999999999112, 0.7464693970018908553, 1.261244812945009786 ) ) ;
#639 = VECTOR ( 'NONE', #275, 1000.000000000000114 ) ;
#640 = ORIENTED_EDGE ( 'NONE', *, *, #173, .T. ) ;
#641 = CC_DESIGN_APPROVAL ( #1447, ( #227 ) ) ;
#642 = CARTESIAN_POINT ( 'NONE',  ( 0.8203022253684463250, -1.980384757729333201, -0.9999999999999961142 ) ) ;
#643 = CARTESIAN_POINT ( 'NONE',  ( -1.400343491548889929, 1.400343491548889041, -0.5499999999999958256 ) ) ;
#644 = ORIENTED_EDGE ( 'NONE', *, *, #825, .T. ) ;
#645 = EDGE_CURVE ( 'NONE', #950, #1055, #1774, .T. ) ;
#646 = CARTESIAN_POINT ( 'NONE',  ( -0.1881480960157804472, 2.082107848620054380, 0.7994524454302146532 ) ) ;
#647 = CARTESIAN_POINT ( 'NONE',  ( -1.980384757729332978, 0.8203022253684465470, -0.5999999999999962030 ) ) ;
#648 = DIRECTION ( 'NONE',  ( 0.000000000000000000, 0.000000000000000000, -1.000000000000000000 ) ) ;
#649 = ORIENTED_EDGE ( 'NONE', *, *, #488, .T. ) ;
#650 = CARTESIAN_POINT ( 'NONE',  ( 1.980384757729333201, 1.212635927316717253E-16, -0.8499999999999962030 ) ) ;
#651 = DIRECTION ( 'NONE',  ( -1.000000000000000000, 0.000000000000000000, 0.000000000000000000 ) ) ;
#652 = VERTEX_POINT ( 'NONE', #241 ) ;
#653 = EDGE_CURVE ( 'NONE', #784, #879, #1709, .T. ) ;
#654 = CARTESIAN_POINT ( 'NONE',  ( 1.798385574751158122, -1.798385574751157900, 1.025000000000004574 ) ) ;
#655 = CARTESIAN_POINT ( 'NONE',  ( -4.000000000000000000, -4.898587197045708712E-16, 1.292264973081037605 ) ) ;
#656 = CARTESIAN_POINT ( 'NONE',  ( -1.798385574751157900, -1.798385574751158567, 0.02500000000000440065 ) ) ;
#657 = CARTESIAN_POINT ( 'NONE',  ( -1.980384757729332978, -0.8203022253684472131, -0.4999999999999958922 ) ) ;
#658 = FACE_OUTER_BOUND ( 'NONE', #632, .T. ) ;
#659 = CARTESIAN_POINT ( 'NONE',  ( -1.681006529744300426, -3.648272581059617270, 1.292496507485845880 ) ) ;
#660 = PLANE ( 'NONE',  #997 ) ;
#661 = DIRECTION ( 'NONE',  ( -0.000000000000000000, -0.000000000000000000, -1.000000000000000000 ) ) ;
#662 = B_SPLINE_CURVE_WITH_KNOTS ( 'NONE', 3,
 ( #1851, #1545, #1057, #1070, #1664, #1240, #329, #1098 ),
 .UNSPECIFIED., .F., .F.,
 ( 4, 2, 2, 4 ),
 ( 0.0001191847836203584649, 0.002332688432427744082, 0.003439440256831436098, 0.004546192081235128114 ),
 .UNSPECIFIED. ) ;
#663 = CARTESIAN_POINT ( 'NONE',  ( 2.425271854633434506E-16, -1.980384757729333201, 1.250000000000004219 ) ) ;
#664 = ORIENTED_EDGE ( 'NONE', *, *, #1749, .F. ) ;
#665 = CARTESIAN_POINT ( 'NONE',  ( 0.03541992799557625027, 4.587830270412004197, 0.9528802084781637927 ) ) ;
#666 = EDGE_CURVE ( 'NONE', #1368, #1376, #1260, .T. ) ;
#667 = CARTESIAN_POINT ( 'NONE',  ( -2.543301270189221253, -4.671968639706940456E-16, 0.7250000000000045297 ) ) ;
#668 = CARTESIAN_POINT ( 'NONE',  ( 3.999999999999999112, 2.309401076758503368, 1.350000000000000089 ) ) ;
#669 = CARTESIAN_POINT ( 'NONE',  ( 2.127025940084720013, -1.163032264586440601, 1.132459055318327135 ) ) ;
#670 = DIRECTION ( 'NONE',  ( 1.000000000000000000, 0.000000000000000000, 0.000000000000000000 ) ) ;
#671 = AXIS2_PLACEMENT_3D ( 'NONE', #1861, #1742, #1147 ) ;
#672 = CARTESIAN_POINT ( 'NONE',  ( -4.016633681979283052E-16, 4.618802153517004960, 1.350000000000000089 ) ) ;
#673 = CARTESIAN_POINT ( 'NONE',  ( -1.400343491548889929, 1.400343491548889041, 0.9500000000000040634 ) ) ;
#674 = ORIENTED_EDGE ( 'NONE', *, *, #645, .F. ) ;
#675 = CARTESIAN_POINT ( 'NONE',  ( -1.980384757729333201, -3.637907781950151512E-16, 0.2500000000000041078 ) ) ;
#676 = CARTESIAN_POINT ( 'NONE',  ( 1.053469879313094992, 2.543301270189220809, -0.3249999999999954037 ) ) ;
#677 = APPLICATION_PROTOCOL_DEFINITION ( 'international standard', 'config_control_design', 1994, #1189 ) ;
#678 = CARTESIAN_POINT ( 'NONE',  ( 2.094934813333203305, -0.1533410445449920056, 0.8073860584571503907 ) ) ;
#679 = CARTESIAN_POINT ( 'NONE',  ( -2.543301270189220809, -1.053469879313096325, 0.7250000000000034195 ) ) ;
#680 = CARTESIAN_POINT ( 'NONE',  ( -4.000000000000000000, 4.898587190875583838E-16, -1.292264973081037605 ) ) ;
#681 = CARTESIAN_POINT ( 'NONE',  ( 1.035533905932737975, 2.500000000000000444, 0.4000000000000044076 ) ) ;
#682 = CARTESIAN_POINT ( 'NONE',  ( 1.980384757729333201, 0.8203022253684462139, 0.7000000000000040634 ) ) ;
#683 = ORIENTED_EDGE ( 'NONE', *, *, #459, .F. ) ;
#684 = CARTESIAN_POINT ( 'NONE',  ( 2.425271854633434506E-16, -1.980384757729333201, 0.4500000000000040079 ) ) ;
#685 = CARTESIAN_POINT ( 'NONE',  ( 1.053469879313095214, -2.543301270189220809, -0.6249999999999955591 ) ) ;
#686 = CARTESIAN_POINT ( 'NONE',  ( -3.929753105357007392, -2.349958140290370423, 0.9581610932905522127 ) ) ;
#687 = CARTESIAN_POINT ( 'NONE',  ( -1.980384757729333201, -3.637907781950151512E-16, -1.349999999999995870 ) ) ;
#688 = CARTESIAN_POINT ( 'NONE',  ( -3.929748607382403502, 2.349960737197219096, -0.9581625353324850769 ) ) ;
#689 = CYLINDRICAL_SURFACE ( 'NONE', #1061, 0.1999999999999999833 ) ;
#690 = CARTESIAN_POINT ( 'NONE',  ( 1.980384757729333201, -0.8203022253684458809, 1.400000000000004130 ) ) ;
#691 = EDGE_CURVE ( 'NONE', #144, #652, #535, .T. ) ;
#692 = VERTEX_POINT ( 'NONE', #695 ) ;
#693 = CARTESIAN_POINT ( 'NONE',  ( 0.000000000000000000, 1.980384757729333201, -1.449999999999995959 ) ) ;
#694 = PERSON_AND_ORGANIZATION ( #160, #940 ) ;
#695 = CARTESIAN_POINT ( 'NONE',  ( -2.636602540378440107, -3.228906861698236600E-16, -1.350000000000000089 ) ) ;
#696 = CARTESIAN_POINT ( 'NONE',  ( 1.784013697371008123, -0.8597784111265498463, 0.6926359006181059819 ) ) ;
#697 = CARTESIAN_POINT ( 'NONE',  ( -2.636602540378440107, 5.184014304844753914E-17, 1.350000000000000089 ) ) ;
#698 = CARTESIAN_POINT ( 'NONE',  ( -0.1000000000000007966, -4.561067126598043586, -0.9676998811544207379 ) ) ;
#699 = CARTESIAN_POINT ( 'NONE',  ( 0.000000000000000000, 1.980384757729333201, -0.7499999999999961142 ) ) ;
#700 = ORIENTED_EDGE ( 'NONE', *, *, #392, .F. ) ;
#701 = VECTOR ( 'NONE', #946, 1000.000000000000000 ) ;
#702 = CARTESIAN_POINT ( 'NONE',  ( 1.400343491548889485, 1.400343491548889485, -1.549999999999995826 ) ) ;
#703 = CARTESIAN_POINT ( 'NONE',  ( 0.1000000000003068157, 4.561067126597865062, 0.9676998811545202139 ) ) ;
#704 = AXIS2_PLACEMENT_3D ( 'NONE', #406, #1125, #1869 ) ;
#705 = B_SPLINE_CURVE_WITH_KNOTS ( 'NONE', 3,
 ( #1722, #1860, #707, #1705, #688, #1881 ),
 .UNSPECIFIED., .F., .F.,
 ( 4, 2, 4 ),
 ( 2.048598285768971277E-07, 0.0001057244226897912964, 0.0002112439855510056975 ),
 .UNSPECIFIED. ) ;
#706 = CARTESIAN_POINT ( 'NONE',  ( 1.980384757731595391, -0.1479611463459416798, 0.6926359006181076472 ) ) ;
#707 = CARTESIAN_POINT ( 'NONE',  ( -3.990889409522345943, 2.263237170170687040, -0.9528802487797134457 ) ) ;
#708 = CARTESIAN_POINT ( 'NONE',  ( 0.4111958460068024790, 4.381398121135321233, -1.067468665742389300 ) ) ;
#709 = EDGE_LOOP ( 'NONE', ( #640, #1166, #598, #1697, #1563, #1222 ) ) ;
#710 = CARTESIAN_POINT ( 'NONE',  ( 2.425271854633434506E-16, -1.980384757729333201, -0.3499999999999959255 ) ) ;
#711 = CARTESIAN_POINT ( 'NONE',  ( -4.000000000000000000, -2.193931022920593499, 0.9676998811544242907 ) ) ;
#712 = EDGE_CURVE ( 'NONE', #1133, #904, #358, .T. ) ;
#713 = DIRECTION ( 'NONE',  ( -0.000000000000000000, -0.000000000000000000, 1.000000000000000000 ) ) ;
#714 = CARTESIAN_POINT ( 'NONE',  ( -3.278656271974142999, -2.725869072312479435, -1.166901475109008324 ) ) ;
#715 = CARTESIAN_POINT ( 'NONE',  ( -3.588804153993185864, 2.546805109140193313, -1.067468665742391742 ) ) ;
#716 = CARTESIAN_POINT ( 'NONE',  ( 1.400343491548889485, -1.400343491548889263, 1.450000000000004174 ) ) ;
#717 = ORIENTED_EDGE ( 'NONE', *, *, #475, .T. ) ;
#718 = CARTESIAN_POINT ( 'NONE',  ( 1.798385574751158122, 1.798385574751158122, -1.224999999999996536 ) ) ;
#719 = CARTESIAN_POINT ( 'NONE',  ( 2.649235378915218320, 3.089265394353623684, 1.291797845905444220 ) ) ;
#720 = CARTESIAN_POINT ( 'NONE',  ( 2.500000000000000444, -1.035533905932737753, 0.2000000000000042855 ) ) ;
#721 = ADVANCED_FACE ( 'NONE', ( #658 ), #1245, .T. ) ;
#722 = CARTESIAN_POINT ( 'NONE',  ( 2.500000000000003997, -1.035533905932734422, 1.100000000000004086 ) ) ;
#723 = FACE_OUTER_BOUND ( 'NONE', #870, .T. ) ;
#724 = DIRECTION ( 'NONE',  ( -0.000000000000000000, -0.000000000000000000, -1.000000000000000000 ) ) ;
#725 = CC_DESIGN_PERSON_AND_ORGANIZATION_ASSIGNMENT ( #480, #99, ( #44 ) ) ;
#726 = VERTEX_POINT ( 'NONE', #66 ) ;
#727 = CARTESIAN_POINT ( 'NONE',  ( 2.425271854633434506E-16, -1.980384757729333201, 1.350000000000004086 ) ) ;
#728 = B_SPLINE_CURVE_WITH_KNOTS ( 'NONE', 3,
 ( #1571, #706, #1731, #1581, #528, #696 ),
 .UNSPECIFIED., .F., .F.,
 ( 4, 2, 4 ),
 ( 0.0006667865526762619018, 0.001114247059696931710, 0.001561707566717601518 ),
 .UNSPECIFIED. ) ;
#729 = CARTESIAN_POINT ( 'NONE',  ( 0.8697232102447193247, 1.801095531368290370, -0.7025210565510310312 ) ) ;
#730 = B_SPLINE_CURVE_WITH_KNOTS ( 'NONE', 3,
 ( #314, #1509, #166, #790, #1741, #366 ),
 .UNSPECIFIED., .F., .F.,
 ( 4, 2, 4 ),
 ( 1.318988870012550679E-18, 0.0001055174762720236230, 0.0002110349525440459451 ),
 .UNSPECIFIED. ) ;
#731 = CIRCLE ( 'NONE', #603, 3.899999999999999911 ) ;
#732 = CARTESIAN_POINT ( 'NONE',  ( 3.061616997868383634E-16, -2.500000000000000444, 0.05000000000000430489 ) ) ;
#733 = CARTESIAN_POINT ( 'NONE',  ( 1.188501548626827997, 2.199423576510918910, -1.213397459621650798 ) ) ;
#734 = CARTESIAN_POINT ( 'NONE',  ( -1.767766952966369098, -1.767766952966369765, 0.05000000000000356243 ) ) ;
#735 = CARTESIAN_POINT ( 'NONE',  ( -1.980384757729332534, -0.8203022253684469911, 0.4000000000000040745 ) ) ;
#736 = ORIENTED_EDGE ( 'NONE', *, *, #666, .T. ) ;
#737 = EDGE_CURVE ( 'NONE', #1744, #994, #1848, .T. ) ;
#738 = CARTESIAN_POINT ( 'NONE',  ( -1.400343491548889263, -1.400343491548889929, 1.250000000000004219 ) ) ;
#739 = CARTESIAN_POINT ( 'NONE',  ( 0.6699314727415168758, 1.863629687056163053, -0.6937822173508961798 ) ) ;
#740 = CARTESIAN_POINT ( 'NONE',  ( 1.053469879313094992, 2.543301270189220809, 2.025000000000003464 ) ) ;
#741 = CARTESIAN_POINT ( 'NONE',  ( 0.04582997026818616537, -2.208858863787193094, -0.9179746102768086002 ) ) ;
#742 = LINE ( 'NONE', #752, #514 ) ;
#743 = CARTESIAN_POINT ( 'NONE',  ( -2.500000000000000444, -4.592425496802574958E-16, -0.8499999999999965361 ) ) ;
#744 = CARTESIAN_POINT ( 'NONE',  ( 1.980384757729333201, 0.8203022253684462139, 1.600000000000004530 ) ) ;
#745 = ORIENTED_EDGE ( 'NONE', *, *, #1835, .F. ) ;
#746 = CARTESIAN_POINT ( 'NONE',  ( 1.400343491548889485, 1.400343491548889485, -1.649999999999995914 ) ) ;
#747 = CARTESIAN_POINT ( 'NONE',  ( 0.8203022253684459919, 1.980384757729333201, 0.9000000000000040190 ) ) ;
#748 = DIRECTION ( 'NONE',  ( 1.000000000000000000, 0.000000000000000000, 0.000000000000000000 ) ) ;
#749 = EDGE_CURVE ( 'NONE', #1744, #569, #816, .T. ) ;
#750 = CARTESIAN_POINT ( 'NONE',  ( -2.543301270189221253, -4.671968639706940456E-16, -1.674999999999995604 ) ) ;
#751 = CARTESIAN_POINT ( 'NONE',  ( 0.1805110563443554361, 2.069062033019156921, 0.7857430111767363945 ) ) ;
#752 = CARTESIAN_POINT ( 'NONE',  ( -2.636602540378440107, 5.184014304844753914E-17, 1.350000000000000089 ) ) ;
#753 = FACE_OUTER_BOUND ( 'NONE', #185, .T. ) ;
#754 = CARTESIAN_POINT ( 'NONE',  ( 1.980384757729333201, 0.8203022253684462139, 0.8000000000000041522 ) ) ;
#755 = ORIENTED_EDGE ( 'NONE', *, *, #334, .F. ) ;
#756 = DESIGN_CONTEXT ( 'detailed design', #1189, 'design' ) ;
#757 = CARTESIAN_POINT ( 'NONE',  ( 0.000000000000000000, 1.980384757729333201, 1.750000000000004219 ) ) ;
#758 = DIRECTION ( 'NONE',  ( -0.000000000000000000, -0.000000000000000000, 1.000000000000000000 ) ) ;
#759 = CARTESIAN_POINT ( 'NONE',  ( -0.3096167486912392297, 2.072226398001483449, 0.8041050992810869769 ) ) ;
#760 = CARTESIAN_POINT ( 'NONE',  ( 2.500000000000000444, 1.530808498934191817E-16, 1.150000000000003686 ) ) ;
#761 = CARTESIAN_POINT ( 'NONE',  ( -0.2297320136312968331, 2.450799537190380573, -1.166030649370840777 ) ) ;
#762 = CARTESIAN_POINT ( 'NONE',  ( 0.8203022253684459919, 1.980384757729333201, -0.6999999999999957367 ) ) ;
#763 = EDGE_LOOP ( 'NONE', ( #476, #664 ) ) ;
#764 = CARTESIAN_POINT ( 'NONE',  ( 1.948955757964325297, 1.217364017820703026, 0.9976268023009196018 ) ) ;
#765 = CARTESIAN_POINT ( 'NONE',  ( 0.000000000000000000, 0.000000000000000000, -1.350000000000000089 ) ) ;
#766 = ORIENTED_EDGE ( 'NONE', *, *, #1547, .T. ) ;
#767 = CARTESIAN_POINT ( 'NONE',  ( 1.053469879313095214, -2.543301270189220809, 1.725000000000003419 ) ) ;
#768 = DIRECTION ( 'NONE',  ( 1.000000000000000000, 0.000000000000000000, 0.000000000000000000 ) ) ;
#769 = CARTESIAN_POINT ( 'NONE',  ( 1.798385574751158122, -1.798385574751157900, 0.1750000000000034861 ) ) ;
#770 = MECHANICAL_CONTEXT ( 'NONE', #1886, 'mechanical' ) ;
#771 = CARTESIAN_POINT ( 'NONE',  ( -3.999999999999999112, -2.228274373287419063, 0.9581645850805236009 ) ) ;
#772 = B_SPLINE_CURVE_WITH_KNOTS ( 'NONE', 3,
 ( #340, #926, #1391, #473, #177, #916 ),
 .UNSPECIFIED., .F., .F.,
 ( 4, 2, 4 ),
 ( 7.994592462731861906E-17, 0.0001055174762730834984, 0.0002110349525460870370 ),
 .UNSPECIFIED. ) ;
#773 = ORIENTED_EDGE ( 'NONE', *, *, #488, .F. ) ;
#774 = CARTESIAN_POINT ( 'NONE',  ( 1.531840970884917219, 1.834047059642409661, 1.089940204537084290 ) ) ;
#775 = CARTESIAN_POINT ( 'NONE',  ( 1.035533905932737975, 2.500000000000000444, 0.5000000000000036637 ) ) ;
#776 = ORIENTED_EDGE ( 'NONE', *, *, #1547, .F. ) ;
#777 = CARTESIAN_POINT ( 'NONE',  ( 1.798385574751158122, -1.798385574751157900, 1.775000000000003464 ) ) ;
#778 = CARTESIAN_POINT ( 'NONE',  ( 1.455721281064950245, 1.398911883261535705, 0.7275630337429324079 ) ) ;
#779 = CARTESIAN_POINT ( 'NONE',  ( -0.8440721020321663159, 1.791498276643790133, -0.6937822173508957357 ) ) ;
#780 = CARTESIAN_POINT ( 'NONE',  ( 3.999999999999999112, -4.563067298637790162E-26, 1.292264973081037827 ) ) ;
#781 =( BOUNDED_CURVE ( )  B_SPLINE_CURVE ( 2, ( #273, #867, #536, #846, #1891, #1602, #395, #986, #977 ),
 .UNSPECIFIED., .F., .T. ) 
 B_SPLINE_CURVE_WITH_KNOTS ( ( 3, 2, 2, 2, 3 ),
 ( 0.4249999999999999334, 0.4499999999999999556, 0.4749999999999998668, 0.4999999999999998890, 0.5249999999999999112 ),
 .UNSPECIFIED. ) 
 CURVE ( )  GEOMETRIC_REPRESENTATION_ITEM ( )  RATIONAL_B_SPLINE_CURVE ( ( 1.000000000000000222, 0.9238795325112865164, 1.000000000000000000, 0.9238795325112867385, 1.000000000000000000, 0.9238795325112867385, 1.000000000000000000, 0.9238795325112870716, 0.9999999999999996669 ) ) 
 REPRESENTATION_ITEM ( '' )  );
#782 = EDGE_LOOP ( 'NONE', ( #1804, #48, #1148, #1641 ) ) ;
#783 = CARTESIAN_POINT ( 'NONE',  ( 0.9461706956479806196, 2.294664417615999596, 1.182964428906301935 ) ) ;
#784 = VERTEX_POINT ( 'NONE', #583 ) ;
#785 = CARTESIAN_POINT ( 'NONE',  ( 2.500000000000003997, -1.035533905932734422, -0.5999999999999955369 ) ) ;
#786 = APPLICATION_PROTOCOL_DEFINITION ( 'international standard', 'config_control_design', 1994, #1886 ) ;
#787 = CARTESIAN_POINT ( 'NONE',  ( -2.206693889770016348, -1.292914677001530002E-11, 0.9193403616969528791 ) ) ;
#788 = ORIENTED_EDGE ( 'NONE', *, *, #932, .F. ) ;
#789 = LOCAL_TIME ( 9, 19, 10.00000000000000000, #1111 ) ;
#790 = CARTESIAN_POINT ( 'NONE',  ( 3.955702372854378535, 2.324309829575411879, 0.9528452061905359205 ) ) ;
#791 = CARTESIAN_POINT ( 'NONE',  ( 0.6699314727415168758, 1.863629687056163053, -0.6937822173508961798 ) ) ;
#792 = CARTESIAN_POINT ( 'NONE',  ( -2.318993470255700462, 3.279930649215892835, 1.292496507485846990 ) ) ;
#793 = EDGE_CURVE ( 'NONE', #37, #79, #425, .T. ) ;
#794 = VERTEX_POINT ( 'NONE', #1600 ) ;
#795 = B_SPLINE_CURVE_WITH_KNOTS ( 'NONE', 3,
 ( #175, #1075, #1236, #1839, #500, #761, #27, #615, #1693, #1205, #1085, #1542, #1810, #201, #470, #1053, #798, #1660 ),
 .UNSPECIFIED., .F., .F.,
 ( 4, 2, 2, 2, 2, 2, 2, 2, 4 ),
 ( 0.001362431734560225682, 0.001984138021989565424, 0.002605844309418905384, 0.003227550596848245343, 0.003849256884277584868, 0.004470963171706925261, 0.005092669459136264787, 0.005714375746565606047, 0.006336082033994947307 ),
 .UNSPECIFIED. ) ;
#796 = CARTESIAN_POINT ( 'NONE',  ( -3.955462651350929004, -2.324597296081519993, -0.9528804749504442562 ) ) ;
#797 = CARTESIAN_POINT ( 'NONE',  ( -0.8203022253684457699, -1.980384757729333645, -0.3999999999999961364 ) ) ;
#798 = CARTESIAN_POINT ( 'NONE',  ( -2.339815670712622975, 0.2073948836025746867, -1.053213130332177228 ) ) ;
#799 = EDGE_LOOP ( 'NONE', ( #1646, #1512, #736 ) ) ;
#800 = CARTESIAN_POINT ( 'NONE',  ( 1.400343491548889485, -1.400343491548889263, -1.749999999999996003 ) ) ;
#801 = CARTESIAN_POINT ( 'NONE',  ( 0.8203022253684463250, -1.980384757729333201, -0.1999999999999959865 ) ) ;
#802 = CARTESIAN_POINT ( 'NONE',  ( 0.03496598457130550147, 1.984330623379011005, -0.6937822173508961798 ) ) ;
#803 = EDGE_LOOP ( 'NONE', ( #1301, #1417, #644, #773 ) ) ;
#804 = ADVANCED_FACE ( 'NONE', ( #856 ), #164, .F. ) ;
#805 = CARTESIAN_POINT ( 'NONE',  ( 3.899999999999999023, 2.367136103677465631, -0.9676998811544217372 ) ) ;
#806 = DIRECTION ( 'NONE',  ( -0.7064894449438382518, 8.652000373818617741E-17, 0.7077235789366830288 ) ) ;
#807 = CARTESIAN_POINT ( 'NONE',  ( 2.330371143639483833, 0.8639988672459000263, -1.193520311981813631 ) ) ;
#808 = CARTESIAN_POINT ( 'NONE',  ( -3.279217687321879016, -2.725544939010336343, 1.166721486436503641 ) ) ;
#809 = CARTESIAN_POINT ( 'NONE',  ( 1.188501548626827997, 2.199423576510918910, -1.213397459621650798 ) ) ;
#810 = CYLINDRICAL_SURFACE ( 'NONE', #1854, 2.500000000000000444 ) ;
#811 = CARTESIAN_POINT ( 'NONE',  ( 1.980384757729333201, -0.8203022253684458809, -0.1999999999999959865 ) ) ;
#812 = ORIENTED_EDGE ( 'NONE', *, *, #839, .T. ) ;
#813 = CARTESIAN_POINT ( 'NONE',  ( 1.980384757729333201, 1.212635927316717253E-16, -1.649999999999996136 ) ) ;
#814 = CARTESIAN_POINT ( 'NONE',  ( 2.322164132268618175, -0.7486265508677747427, 1.148090427328719354 ) ) ;
#815 = CARTESIAN_POINT ( 'NONE',  ( -2.543301270189220809, -1.053469879313096325, -0.07499999999999650002 ) ) ;
#816 = B_SPLINE_CURVE_WITH_KNOTS ( 'NONE', 3,
 ( #824, #1102, #1712, #1702, #814, #83, #669, #211, #364, #948, #1264, #1867, #1112, #1719, #968, #1569, #231, #1636, #1629, #1006, #1484, #1612, #1901, #1755, #126, #866, #1170, #280, #1332, #272, #555, #874 ),
 .UNSPECIFIED., .F., .F.,
 ( 4, 2, 2, 2, 2, 2, 2, 2, 2, 2, 2, 2, 2, 2, 2, 4 ),
 ( 0.002582488072275721837, 0.003038743752479447242, 0.003494999432683172647, 0.003951255112886898485, 0.004407510793090623456, 0.004863766473294349295, 0.005320022153498074266, 0.006232533513905525943, 0.006688789194109250914, 0.007145044874312976753, 0.007601300554516701724, 0.008057556234720427563, 0.008513811914924153401, 0.008970067595127879240, 0.009426323275331603344, 0.009882578955535329182 ),
 .UNSPECIFIED. ) ;
#817 = DIRECTION ( 'NONE',  ( 1.000000000000000000, 0.000000000000000000, -0.000000000000000000 ) ) ;
#818 = AXIS2_PLACEMENT_3D ( 'NONE', #1127, #245, #1561 ) ;
#819 = CARTESIAN_POINT ( 'NONE',  ( 1.683161878463307559, 3.647028189896498240, -1.292576570519390122 ) ) ;
#820 = CARTESIAN_POINT ( 'NONE',  ( -1.980384757729333201, -3.637907781950151512E-16, -1.349999999999995870 ) ) ;
#821 = VERTEX_POINT ( 'NONE', #1305 ) ;
#822 = CARTESIAN_POINT ( 'NONE',  ( 1.980384757729333201, 1.212635927316717253E-16, 0.6500000000000041300 ) ) ;
#823 = CARTESIAN_POINT ( 'NONE',  ( 2.543301270189220809, -1.053469879313094770, 0.2750000000000044076 ) ) ;
#824 = CARTESIAN_POINT ( 'NONE',  ( 2.460003198042738592, -9.495953747547232463E-14, 1.173092164376748014 ) ) ;
#825 = EDGE_CURVE ( 'NONE', #1675, #1812, #1870, .T. ) ;
#826 = CARTESIAN_POINT ( 'NONE',  ( -1.980384757729332534, -0.8203022253684469911, -1.299999999999995826 ) ) ;
#827 = CARTESIAN_POINT ( 'NONE',  ( 3.929748607382443026, -2.349960737197174687, -0.9581625353324788597 ) ) ;
#828 = CYLINDRICAL_SURFACE ( 'NONE', #818, 2.500000000000000444 ) ;
#829 = CARTESIAN_POINT ( 'NONE',  ( 2.425271854633434506E-16, -1.980384757729333201, -1.149999999999995914 ) ) ;
#830 = EDGE_LOOP ( 'NONE', ( #963, #137 ) ) ;
#831 = CARTESIAN_POINT ( 'NONE',  ( -1.980384757729332534, 0.8203022253684464360, 0.2000000000000039801 ) ) ;
#832 = APPROVAL_STATUS ( 'not_yet_approved' ) ;
#833 = CARTESIAN_POINT ( 'NONE',  ( -3.900000000000000799, -2.367136103677465631, 0.9676998811544209600 ) ) ;
#834 = CARTESIAN_POINT ( 'NONE',  ( 1.400343491548889485, 1.400343491548889485, -1.649999999999995914 ) ) ;
#835 = CARTESIAN_POINT ( 'NONE',  ( -4.000000000000000000, 1.478941625031750640, -1.147923810031189262 ) ) ;
#836 = DIRECTION ( 'NONE',  ( -0.000000000000000000, -0.000000000000000000, -1.000000000000000000 ) ) ;
#837 = CARTESIAN_POINT ( 'NONE',  ( -0.8203022253684455478, -1.980384757729333645, 0.4000000000000040745 ) ) ;
#838 = ORIENTED_EDGE ( 'NONE', *, *, #1556, .T. ) ;
#839 = EDGE_CURVE ( 'NONE', #1292, #105, #1621, .T. ) ;
#840 = CARTESIAN_POINT ( 'NONE',  ( 1.980384757729333201, 1.212635927316717253E-16, 1.450000000000003952 ) ) ;
#841 = B_SPLINE_CURVE_WITH_KNOTS ( 'NONE', 3,
 ( #208, #1844, #719, #937, #1150, #1737, #259, #703 ),
 .UNSPECIFIED., .F., .F.,
 ( 4, 2, 2, 4 ),
 ( 0.0001191847836203583158, 0.002332688432427742348, 0.003439440256831434364, 0.004546192081235127247 ),
 .UNSPECIFIED. ) ;
#842 = CARTESIAN_POINT ( 'NONE',  ( -2.500000000000000444, -4.592425496802574958E-16, -0.9499999999999956257 ) ) ;
#843 = ORIENTED_EDGE ( 'NONE', *, *, #1461, .F. ) ;
#844 = COORDINATED_UNIVERSAL_TIME_OFFSET ( 6, 0, .BEHIND. ) ;
#845 = CARTESIAN_POINT ( 'NONE',  ( -0.07026338328412501388, 4.578235570263743170, -0.9581663795169155229 ) ) ;
#846 = CARTESIAN_POINT ( 'NONE',  ( 1.035533905932737975, 2.500000000000000444, -0.2999999999999963252 ) ) ;
#847 = CARTESIAN_POINT ( 'NONE',  ( -3.799999999999999822, -2.193931022920577956, 1.350000000000000089 ) ) ;
#848 = CARTESIAN_POINT ( 'NONE',  ( 3.278656271974058622, 2.725869072312527397, -1.166901475109028308 ) ) ;
#849 = VERTEX_POINT ( 'NONE', #1297 ) ;
#850 = CARTESIAN_POINT ( 'NONE',  ( 0.8203022253684459919, 1.980384757729333201, -1.499999999999996003 ) ) ;
#851 = LINE ( 'NONE', #1132, #1698 ) ;
#852 = EDGE_CURVE ( 'NONE', #483, #302, #1470, .T. ) ;
#853 = LOCAL_TIME ( 9, 19, 10.00000000000000000, #1440 ) ;
#854 = VERTEX_POINT ( 'NONE', #891 ) ;
#855 = PERSON_AND_ORGANIZATION_ROLE ( 'creator' ) ;
#856 = FACE_OUTER_BOUND ( 'NONE', #1820, .T. ) ;
#857 = CARTESIAN_POINT ( 'NONE',  ( -2.500000000000000444, -4.592425496802574958E-16, 0.7500000000000035527 ) ) ;
#858 = CARTESIAN_POINT ( 'NONE',  ( 3.061616997868383634E-16, -2.500000000000000444, 0.1500000000000036027 ) ) ;
#859 = CYLINDRICAL_SURFACE ( 'NONE', #910, 2.500000000000000444 ) ;
#860 = ORIENTED_EDGE ( 'NONE', *, *, #852, .T. ) ;
#861 = CARTESIAN_POINT ( 'NONE',  ( -2.543301270189220809, -1.053469879313096325, -0.8749999999999963363 ) ) ;
#862 = CARTESIAN_POINT ( 'NONE',  ( 1.869443327966101354, 0.6535330383153534761, 0.6926359006181064260 ) ) ;
#863 = ADVANCED_FACE ( 'NONE', ( #1795 ), #53, .F. ) ;
#864 = B_SPLINE_CURVE_WITH_KNOTS ( 'NONE', 3,
 ( #1042, #913, #481, #36, #346, #1371 ),
 .UNSPECIFIED., .F., .F.,
 ( 4, 2, 4 ),
 ( 0.001363885606294328121, 0.001973186839285025196, 0.002582488072275721837 ),
 .UNSPECIFIED. ) ;
#865 = ORIENTED_EDGE ( 'NONE', *, *, #62, .T. ) ;
#866 = CARTESIAN_POINT ( 'NONE',  ( -1.924960181911124613, -1.177215874773850146, 0.9639937014005975913 ) ) ;
#867 = CARTESIAN_POINT ( 'NONE',  ( 2.500000000000002220, 1.035533905932736420, -0.3999999999999964140 ) ) ;
#868 = CARTESIAN_POINT ( 'NONE',  ( -2.500000000000003997, -1.035533905932735976, 3.401277061553110196E-15 ) ) ;
#869 = DIRECTION ( 'NONE',  ( 0.000000000000000000, 0.000000000000000000, 1.000000000000000000 ) ) ;
#870 = EDGE_LOOP ( 'NONE', ( #1318, #1072, #416, #1884 ) ) ;
#871 = CARTESIAN_POINT ( 'NONE',  ( 2.425271854633434506E-16, -1.980384757729333201, 0.5500000000000040412 ) ) ;
#872 = CARTESIAN_POINT ( 'NONE',  ( 1.058678039200816157, 1.706748531780007072, -0.7112305835229724149 ) ) ;
#873 = APPROVAL ( #1718, 'UNSPECIFIED' ) ;
#874 = CARTESIAN_POINT ( 'NONE',  ( -2.206693889770016348, -1.292914677001530002E-11, 0.9193403616969528791 ) ) ;
#875 = EDGE_CURVE ( 'NONE', #569, #1211, #1923, .T. ) ;
#876 = DIRECTION ( 'NONE',  ( -0.000000000000000000, -0.000000000000000000, -1.000000000000000000 ) ) ;
#877 = CARTESIAN_POINT ( 'NONE',  ( 2.500000000000000444, 1.530808498934191817E-16, 1.050000000000004263 ) ) ;
#878 = CARTESIAN_POINT ( 'NONE',  ( 0.8203022253684459919, 1.980384757729333201, 1.700000000000004174 ) ) ;
#879 = VERTEX_POINT ( 'NONE', #1532 ) ;
#880 = CARTESIAN_POINT ( 'NONE',  ( -2.543301270189221253, -4.671968639706940456E-16, -0.9249999999999966027 ) ) ;
#881 = CARTESIAN_POINT ( 'NONE',  ( 2.032349616666276226, 0.4133842769506670400, -0.7770431227426974896 ) ) ;
#882 = CARTESIAN_POINT ( 'NONE',  ( -2.328293929751972691, -0.1438561934678088128, -1.041691389374828081 ) ) ;
#883 = DIRECTION ( 'NONE',  ( -0.000000000000000000, -0.000000000000000000, 1.000000000000000000 ) ) ;
#884 = EDGE_CURVE ( 'NONE', #452, #1675, #1369, .T. ) ;
#885 = CARTESIAN_POINT ( 'NONE',  ( 1.035533905932737975, 2.500000000000000444, -1.099999999999996092 ) ) ;
#886 = CARTESIAN_POINT ( 'NONE',  ( 0.8203022253684463250, -1.980384757729333201, 0.6000000000000040856 ) ) ;
#887 = VERTEX_POINT ( 'NONE', #489 ) ;
#888 = CARTESIAN_POINT ( 'NONE',  ( 1.400343491548889485, 1.400343491548889485, 1.650000000000004130 ) ) ;
#889 = CARTESIAN_POINT ( 'NONE',  ( 0.000000000000000000, 0.000000000000000000, 1.350000000000000089 ) ) ;
#890 = CARTESIAN_POINT ( 'NONE',  ( 3.114645759804627464E-16, -2.543301270189221253, -1.474999999999995426 ) ) ;
#891 = CARTESIAN_POINT ( 'NONE',  ( -0.1000000000000007966, -4.561067126598043586, -0.9676998811544207379 ) ) ;
#892 = CARTESIAN_POINT ( 'NONE',  ( 2.640252717286182715, -3.094451536463187935, -1.262023445114480280 ) ) ;
#893 = CARTESIAN_POINT ( 'NONE',  ( -3.899999999999999911, 2.367136103677466075, -0.9676998811544208490 ) ) ;
#894 = CARTESIAN_POINT ( 'NONE',  ( 1.980384757729333201, 1.212635927316717253E-16, 1.550000000000004041 ) ) ;
#895 = ORIENTED_EDGE ( 'NONE', *, *, #1813, .T. ) ;
#896 = CARTESIAN_POINT ( 'NONE',  ( 1.053469879313094992, 2.543301270189220809, -1.174999999999996714 ) ) ;
#897 = DIRECTION ( 'NONE',  ( 0.000000000000000000, 0.000000000000000000, -1.000000000000000000 ) ) ;
#898 = CARTESIAN_POINT ( 'NONE',  ( 2.543301270189220809, 1.053469879313094992, 1.125000000000003553 ) ) ;
#899 = CARTESIAN_POINT ( 'NONE',  ( -2.188038418097078885, 0.2430107152312444563, 0.9107383734033389633 ) ) ;
#900 = PRODUCT_DEFINITION_SHAPE ( 'NONE', 'NONE',  #382 ) ;
#901 = CARTESIAN_POINT ( 'NONE',  ( 1.767766952966369320, -1.767766952966369098, 1.050000000000003819 ) ) ;
#902 = CARTESIAN_POINT ( 'NONE',  ( 4.000000000000000888, 0.7458368704150204476, -1.261327239234222963 ) ) ;
#903 = CARTESIAN_POINT ( 'NONE',  ( 0.8203022253684463250, -1.980384757729333201, -0.9999999999999961142 ) ) ;
#904 = VERTEX_POINT ( 'NONE', #1073 ) ;
#905 = CARTESIAN_POINT ( 'NONE',  ( 2.040634803986486112, 0.9811966802157336964, 0.9637755587628393794 ) ) ;
#906 = CARTESIAN_POINT ( 'NONE',  ( 2.079422863405987698, 1.273279276871983136E-16, -0.7928203230275494562 ) ) ;
#907 = CARTESIAN_POINT ( 'NONE',  ( 0.1637312411149988434, 1.977831142533077902, -0.6937822173508972901 ) ) ;
#908 = VERTEX_POINT ( 'NONE', #1515 ) ;
#909 = FACE_OUTER_BOUND ( 'NONE', #313, .T. ) ;
#910 = AXIS2_PLACEMENT_3D ( 'NONE', #1751, #836, #103 ) ;
#911 = CARTESIAN_POINT ( 'NONE',  ( 1.869443327966101354, 0.6535330383153534761, 0.6926359006181064260 ) ) ;
#912 = CARTESIAN_POINT ( 'NONE',  ( -2.500000000000003997, 1.035533905932734866, -0.1999999999999956812 ) ) ;
#913 = CARTESIAN_POINT ( 'NONE',  ( 2.291859988028828621, 1.002592220055006811, 1.206465224359453359 ) ) ;
#914 = CONICAL_SURFACE ( 'NONE', #1415, 2.636602540378440107, 0.7853981633974500554 ) ;
#915 = ORIENTED_EDGE ( 'NONE', *, *, #1823, .T. ) ;
#916 = CARTESIAN_POINT ( 'NONE',  ( -4.000000000000000000, 2.193931022918659046, 0.9676998811549850643 ) ) ;
#917 = CARTESIAN_POINT ( 'NONE',  ( 1.400343491548889485, -1.400343491548889263, 0.6500000000000041300 ) ) ;
#918 = CARTESIAN_POINT ( 'NONE',  ( 0.5468944208533508267, 1.907858641953000145, -0.6937822173508960688 ) ) ;
#919 = ORIENTED_EDGE ( 'NONE', *, *, #1461, .T. ) ;
#920 = CARTESIAN_POINT ( 'NONE',  ( 2.543301270189221253, 1.557322879902313732E-16, 1.875000000000003331 ) ) ;
#921 = EDGE_CURVE ( 'NONE', #144, #491, #731, .T. ) ;
#922 = CARTESIAN_POINT ( 'NONE',  ( -1.762332064982459423, 1.249093087790609680, 0.8691986440069124908 ) ) ;
#923 = FACE_OUTER_BOUND ( 'NONE', #52, .T. ) ;
#924 = CARTESIAN_POINT ( 'NONE',  ( 3.061616997868383634E-16, -2.500000000000000444, 0.8500000000000041966 ) ) ;
#925 = ORIENTED_EDGE ( 'NONE', *, *, #12, .T. ) ;
#926 = CARTESIAN_POINT ( 'NONE',  ( -3.929742213868945733, 2.349964428493933610, 0.9581645850827384958 ) ) ;
#927 = CARTESIAN_POINT ( 'NONE',  ( 1.980384757729333201, 1.212635927316717253E-16, -0.04999999999999601291 ) ) ;
#928 = ORIENTED_EDGE ( 'NONE', *, *, #1899, .F. ) ;
#929 = DIRECTION ( 'NONE',  ( 0.000000000000000000, 0.000000000000000000, 1.000000000000000000 ) ) ;
#930 = CARTESIAN_POINT ( 'NONE',  ( -1.980384757729332978, 0.8203022253684465470, 0.2000000000000040079 ) ) ;
#931 = LINE ( 'NONE', #606, #54 ) ;
#932 = EDGE_CURVE ( 'NONE', #1708, #908, #1645, .T. ) ;
#933 = ORIENTED_EDGE ( 'NONE', *, *, #316, .T. ) ;
#934 = CARTESIAN_POINT ( 'NONE',  ( -1.980384757729332534, -0.8203022253684469911, -0.3999999999999958034 ) ) ;
#935 = CARTESIAN_POINT ( 'NONE',  ( 0.000000000000000000, 1.980384757729333201, -0.6499999999999960254 ) ) ;
#936 = EDGE_LOOP ( 'NONE', ( #745, #197, #649, #1606 ) ) ;
#937 = CARTESIAN_POINT ( 'NONE',  ( 1.681006529744298872, 3.648272581059616382, 1.292496507485846990 ) ) ;
#938 = CARTESIAN_POINT ( 'NONE',  ( -1.400343491548889929, 1.400343491548889041, -0.6499999999999958034 ) ) ;
#939 = CARTESIAN_POINT ( 'NONE',  ( -1.035533905932737531, -2.500000000000000444, 0.8000000000000043743 ) ) ;
#940 = ORGANIZATION ( 'UNSPECIFIED', 'UNSPECIFIED', '' ) ;
#941 = ORIENTED_EDGE ( 'NONE', *, *, #117, .F. ) ;
#942 = EDGE_CURVE ( 'NONE', #1211, #887, #1213, .T. ) ;
#943 = CARTESIAN_POINT ( 'NONE',  ( 1.400343491548889485, 1.400343491548889485, -1.549999999999995826 ) ) ;
#944 = FACE_OUTER_BOUND ( 'NONE', #803, .T. ) ;
#945 = ORIENTED_EDGE ( 'NONE', *, *, #62, .F. ) ;
#946 = DIRECTION ( 'NONE',  ( 0.000000000000000000, 0.000000000000000000, -1.000000000000000000 ) ) ;
#947 = CARTESIAN_POINT ( 'NONE',  ( -1.798385574751158567, 1.798385574751157678, -0.1749999999999954647 ) ) ;
#948 = CARTESIAN_POINT ( 'NONE',  ( 1.640634950891923349, -1.750308435662375262, 1.107136251041986874 ) ) ;
#949 = CC_DESIGN_PERSON_AND_ORGANIZATION_ASSIGNMENT ( #694, #855, ( #227 ) ) ;
#950 = VERTEX_POINT ( 'NONE', #1459 ) ;
#951 = CARTESIAN_POINT ( 'NONE',  ( 2.543301270189220809, 1.053469879313094992, 1.175000000000004485 ) ) ;
#952 = FACE_OUTER_BOUND ( 'NONE', #1259, .T. ) ;
#953 = CARTESIAN_POINT ( 'NONE',  ( 2.425271854633434506E-16, -1.980384757729333201, -0.2499999999999958922 ) ) ;
#954 = CARTESIAN_POINT ( 'NONE',  ( 1.980384757729333201, 1.212635927316717253E-16, 1.450000000000003952 ) ) ;
#955 = VECTOR ( 'NONE', #1444, 1000.000000000000114 ) ;
#956 = ORIENTED_EDGE ( 'NONE', *, *, #749, .F. ) ;
#957 = CARTESIAN_POINT ( 'NONE',  ( 1.053469879313095214, -2.543301270189220809, 0.1750000000000045686 ) ) ;
#958 = CARTESIAN_POINT ( 'NONE',  ( 1.980384757729333201, 1.212635927316717253E-16, 0.6500000000000041300 ) ) ;
#959 = CARTESIAN_POINT ( 'NONE',  ( 3.799999999999998934, 2.193931022920578400, 1.350000000000000089 ) ) ;
#960 = CARTESIAN_POINT ( 'NONE',  ( -4.000000000000000000, -0.7383419186455680849, -1.262103664016533955 ) ) ;
#961 = CARTESIAN_POINT ( 'NONE',  ( 2.648885197420869808, 3.089467571733650164, -1.291634358863105847 ) ) ;
#962 = CARTESIAN_POINT ( 'NONE',  ( 1.400343491548889485, 1.400343491548889485, -0.8499999999999959810 ) ) ;
#963 = ORIENTED_EDGE ( 'NONE', *, *, #1035, .F. ) ;
#964 = CARTESIAN_POINT ( 'NONE',  ( 1.400343491548889485, -1.400343491548889263, -1.749999999999996003 ) ) ;
#965 = EDGE_CURVE ( 'NONE', #1895, #1656, #851, .T. ) ;
#966 = AXIS2_PLACEMENT_3D ( 'NONE', #549, #1572, #817 ) ;
#967 = DATE_TIME_ROLE ( 'classification_date' ) ;
#968 = CARTESIAN_POINT ( 'NONE',  ( 0.4051358451964688911, -2.331467452466643664, 1.059686762473607713 ) ) ;
#969 = CARTESIAN_POINT ( 'NONE',  ( -1.683161878463357741, -3.647028189896471595, -1.292576570519392121 ) ) ;
#970 = DIRECTION ( 'NONE',  ( -0.000000000000000000, -0.000000000000000000, 1.000000000000000000 ) ) ;
#971 = CIRCLE ( 'NONE', #1825, 2.636602540378440107 ) ;
#972 = CARTESIAN_POINT ( 'NONE',  ( 2.500000000000000444, 1.035533905932737975, 0.3000000000000043188 ) ) ;
#973 = CARTESIAN_POINT ( 'NONE',  ( -0.8203022253684473242, 1.980384757729332534, -0.6999999999999959588 ) ) ;
#974 = ORIENTED_EDGE ( 'NONE', *, *, #243, .T. ) ;
#975 = CARTESIAN_POINT ( 'NONE',  ( 1.980384757729333201, 0.8203022253684462139, 0.7000000000000040634 ) ) ;
#976 = CARTESIAN_POINT ( 'NONE',  ( 1.958183830693051686, 1.395159737535667244, -1.112332539285135757 ) ) ;
#977 = CARTESIAN_POINT ( 'NONE',  ( -2.500000000000000444, -4.592425496802574958E-16, -0.04999999999999627659 ) ) ;
#978 = CARTESIAN_POINT ( 'NONE',  ( -4.000000000000000000, -1.836127435298140043, -1.067042639150585392 ) ) ;
#979 = CARTESIAN_POINT ( 'NONE',  ( -1.035533905932739751, 2.500000000000000444, 0.5000000000000042188 ) ) ;
#980 = CARTESIAN_POINT ( 'NONE',  ( -1.400343491548889263, -1.400343491548889929, 0.3500000000000039746 ) ) ;
#981 = ORIENTED_EDGE ( 'NONE', *, *, #712, .F. ) ;
#982 = CARTESIAN_POINT ( 'NONE',  ( 0.8203022253684463250, -1.980384757729333201, 0.5000000000000041078 ) ) ;
#983 = CARTESIAN_POINT ( 'NONE',  ( -1.767766952966369098, -1.767766952966369765, -0.8499999999999959810 ) ) ;
#984 = CALENDAR_DATE ( 2026, 7, 4 ) ;
#985 = CARTESIAN_POINT ( 'NONE',  ( 1.318710511140339214, 1.889361997719569253, -1.011893969270450278 ) ) ;
#986 = CARTESIAN_POINT ( 'NONE',  ( -2.499999999999996447, 1.035533905932741749, -0.09999999999999663325 ) ) ;
#987 = EDGE_CURVE ( 'NONE', #1090, #1905, #308, .T. ) ;
#988 = CARTESIAN_POINT ( 'NONE',  ( -4.000000000000000000, -2.193931022920848406, -0.9676998811546132506 ) ) ;
#989 = DIRECTION ( 'NONE',  ( 0.000000000000000000, 0.000000000000000000, 1.000000000000000000 ) ) ;
#990 = CARTESIAN_POINT ( 'NONE',  ( 0.000000000000000000, 1.980384757729333201, -1.549999999999996048 ) ) ;
#991 = VERTEX_POINT ( 'NONE', #351 ) ;
#992 = CARTESIAN_POINT ( 'NONE',  ( 1.980384757729333201, 0.8203022253684462139, -1.599999999999996314 ) ) ;
#993 = LINE ( 'NONE', #1451, #701 ) ;
#994 = VERTEX_POINT ( 'NONE', #418 ) ;
#995 = DATE_AND_TIME ( #1889, #1482 ) ;
#996 = CARTESIAN_POINT ( 'NONE',  ( -2.333012701891507668, -2.150578603278313779E-11, -1.046410161513068759 ) ) ;
#997 = AXIS2_PLACEMENT_3D ( 'NONE', #1247, #58, #629 ) ;
#998 = DIRECTION ( 'NONE',  ( -0.8660254037844387076, -0.4999999999999998890, 0.000000000000000000 ) ) ;
#999 = CARTESIAN_POINT ( 'NONE',  ( -2.500000000000000444, -4.592425496802574958E-16, -0.04999999999999627659 ) ) ;
#1000 = FACE_OUTER_BOUND ( 'NONE', #1834, .T. ) ;
#1001 = EDGE_CURVE ( 'NONE', #1055, #154, #993, .T. ) ;
#1002 = EDGE_LOOP ( 'NONE', ( #522, #1800, #717, #766 ) ) ;
#1003 = AXIS2_PLACEMENT_3D ( 'NONE', #1653, #315, #1627 ) ;
#1004 = CARTESIAN_POINT ( 'NONE',  ( 1.980384757729333201, -0.8203022253684458809, -0.1999999999999959865 ) ) ;
#1005 = CARTESIAN_POINT ( 'NONE',  ( -4.000000000000000000, -0.7387730543496930924, 1.262047203348130253 ) ) ;
#1006 = CARTESIAN_POINT ( 'NONE',  ( -0.9344181811413335703, -2.106752036687223661, 1.012453283347707789 ) ) ;
#1007 = FACE_OUTER_BOUND ( 'NONE', #1694, .T. ) ;
#1008 = CARTESIAN_POINT ( 'NONE',  ( -3.275040504365112515, 2.727956636714880645, -1.149262089918690721 ) ) ;
#1009 = FACE_BOUND ( 'NONE', #578, .T. ) ;
#1010 = ORIENTED_EDGE ( 'NONE', *, *, #691, .T. ) ;
#1011 = CARTESIAN_POINT ( 'NONE',  ( 2.543301270189221253, 1.557322879902313732E-16, -0.5249999999999968026 ) ) ;
#1012 = CARTESIAN_POINT ( 'NONE',  ( 4.000000000000000000, -0.3703196260515464466, -1.292264973081037827 ) ) ;
#1013 = AXIS2_PLACEMENT_3D ( 'NONE', #847, #1278, #244 ) ;
#1014 = CARTESIAN_POINT ( 'NONE',  ( -2.201512934200712479, -0.7080716472503864045, -1.021481149591081161 ) ) ;
#1015 = CARTESIAN_POINT ( 'NONE',  ( 0.7213437280259549222, -4.202334157962972050, -1.166901475109032082 ) ) ;
#1016 = CARTESIAN_POINT ( 'NONE',  ( -2.500000000000000444, 0.000000000000000000, 1.350000000000000089 ) ) ;
#1017 = CARTESIAN_POINT ( 'NONE',  ( 0.000000000000000000, 0.000000000000000000, 1.350000000000000089 ) ) ;
#1018 = EDGE_LOOP ( 'NONE', ( #206, #1725, #1662, #342, #379, #1679, #560, #1508 ) ) ;
#1019 = CARTESIAN_POINT ( 'NONE',  ( 1.980384757729333201, -0.8203022253684458809, -1.799999999999996048 ) ) ;
#1020 = CARTESIAN_POINT ( 'NONE',  ( 1.980384757729333201, -0.8203022253684458809, 0.7000000000000040634 ) ) ;
#1021 = FACE_OUTER_BOUND ( 'NONE', #799, .T. ) ;
#1022 = CARTESIAN_POINT ( 'NONE',  ( -1.053469879313094548, -2.543301270189221253, -1.524999999999995470 ) ) ;
#1023 = EDGE_CURVE ( 'NONE', #726, #1478, #841, .T. ) ;
#1024 = CARTESIAN_POINT ( 'NONE',  ( -1.556387421961618500, -1.654967258752253478, -0.9806210099105830968 ) ) ;
#1025 = CARTESIAN_POINT ( 'NONE',  ( 0.000000000000000000, 0.000000000000000000, -1.350000000000000089 ) ) ;
#1026 = CARTESIAN_POINT ( 'NONE',  ( -2.500000000000000444, -4.592425496802574958E-16, -0.8499999999999965361 ) ) ;
#1027 = CARTESIAN_POINT ( 'NONE',  ( 1.980384757729333201, 0.8203022253684462139, 4.119968255444917638E-15 ) ) ;
#1028 = VERTEX_POINT ( 'NONE', #1856 ) ;
#1029 = CARTESIAN_POINT ( 'NONE',  ( 2.425271854633434506E-16, -1.980384757729333201, -0.2499999999999958922 ) ) ;
#1030 = CARTESIAN_POINT ( 'NONE',  ( 3.999999999999999112, -5.713325106063178001E-25, -1.292264973081037827 ) ) ;
#1031 = CARTESIAN_POINT ( 'NONE',  ( -2.309717717548654292, -0.2894836974469682800, -1.036700458221217813 ) ) ;
#1032 =( BOUNDED_SURFACE ( )  B_SPLINE_SURFACE ( 1, 2, ( 
 ( #1071, #368, #70, #96, #954, #690, #246, #1271, #663, #512, #398, #1862, #1128, #1873, #673, #378, #1894, #1435, #1403, #682, #1883, #1249, #531, #1425, #1562, #837, #980, #78, #1715, #1852, #1117, #1724, #387, #409, #1743, #1416, #1280, #811, #104, #1099, #1707, #255, #1393, #1554, #1258, #521, #539, #973, #699, #87, #962, #216, #551, #1574, #236, #1584, #829, #1105, #1734, #223, #820, #1595, #1291, #1139, #990, #1489, #746, #618, #1642, #1019, #1338 ),
 ( #1498, #609, #304, #951, #1676, #339, #654, #1785, #1865, #1558, #524, #1857, #667, #1407, #1244, #1101, #1092, #372, #498, #1387, #239, #823, #1083, #957, #1847, #64, #656, #81, #1700, #1262, #947, #218, #1691, #676, #1109, #1566, #229, #1419, #352, #685, #1428, #1275, #1877, #1122, #22, #478, #593, #634, #1806, #1050, #1514, #1817, #333, #1502, #297, #157, #890, #1022, #477, #1199, #750, #332, #1187, #140, #601, #307, #1341, #4, #1628, #318, #591 ) ),
 .UNSPECIFIED., .F., .F., .T. ) 
 B_SPLINE_SURFACE_WITH_KNOTS ( ( 2, 2 ),
 ( 3, 2, 2, 2, 2, 2, 2, 2, 2, 2, 2, 2, 2, 2, 2, 2, 2, 2, 2, 2, 2, 2, 2, 2, 2, 2, 2, 2, 2, 2, 2, 2, 2, 2, 2, 3 ),
 ( 0.000000000000000000, 1.000000000000000000 ),
 ( 0.000000000000000000, 0.02500000000000000139, 0.05000000000000000278, 0.07499999999999999722, 0.1000000000000000056, 0.1250000000000000000, 0.1499999999999999944, 0.1749999999999999889, 0.2000000000000000111, 0.2250000000000000056, 0.2500000000000000000, 0.2750000000000000222, 0.2999999999999999889, 0.3250000000000000111, 0.3499999999999999778, 0.3750000000000000000, 0.4000000000000000222, 0.4249999999999999889, 0.4500000000000000111, 0.4749999999999999778, 0.5000000000000000000, 0.5250000000000000222, 0.5500000000000000444, 0.5749999999999999556, 0.5999999999999999778, 0.6250000000000000000, 0.6500000000000000222, 0.6750000000000000444, 0.6999999999999999556, 0.7249999999999999778, 0.7500000000000000000, 0.7750000000000000222, 0.8000000000000000444, 0.8249999999999999556, 0.8499999999999999778, 0.8750000000000000000 ),
 .UNSPECIFIED. ) 
 GEOMETRIC_REPRESENTATION_ITEM ( )  RATIONAL_B_SPLINE_SURFACE ( (
 ( 1.000000000000000000, 0.9238795325112867385, 1.000000000000000000, 0.9238795325112867385, 1.000000000000000000, 0.9238795325112867385, 1.000000000000000000, 0.9238795325112867385, 1.000000000000000000, 0.9238795325112867385, 1.000000000000000000, 0.9238795325112867385, 1.000000000000000000, 0.9238795325112867385, 1.000000000000000000, 0.9238795325112867385, 1.000000000000000000, 0.9238795325112867385, 1.000000000000000000, 0.9238795325112867385, 1.000000000000000000, 0.9238795325112867385, 1.000000000000000000, 0.9238795325112867385, 1.000000000000000000, 0.9238795325112867385, 1.000000000000000000, 0.9238795325112867385, 1.000000000000000000, 0.9238795325112867385, 1.000000000000000000, 0.9238795325112867385, 1.000000000000000000, 0.9238795325112867385, 1.000000000000000000, 0.9238795325112867385, 1.000000000000000000, 0.9238795325112867385, 1.000000000000000000, 0.9238795325112867385, 1.000000000000000000, 0.9238795325112867385, 1.000000000000000000, 0.9238795325112867385, 1.000000000000000000, 0.9238795325112867385, 1.000000000000000000, 0.9238795325112867385, 1.000000000000000000, 0.9238795325112867385, 1.000000000000000000, 0.9238795325112867385, 1.000000000000000000, 0.9238795325112867385, 1.000000000000000000, 0.9238795325112867385, 1.000000000000000000, 0.9238795325112867385, 1.000000000000000000, 0.9238795325112867385, 1.000000000000000000, 0.9238795325112867385, 1.000000000000000000, 0.9238795325112867385, 1.000000000000000000, 0.9238795325112867385, 1.000000000000000000, 0.9238795325112867385, 1.000000000000000000, 0.9238795325112867385, 1.000000000000000000),
 ( 1.000000000000000000, 0.9238795325112867385, 1.000000000000000000, 0.9238795325112867385, 1.000000000000000000, 0.9238795325112867385, 1.000000000000000000, 0.9238795325112867385, 1.000000000000000000, 0.9238795325112867385, 1.000000000000000000, 0.9238795325112867385, 1.000000000000000000, 0.9238795325112867385, 1.000000000000000000, 0.9238795325112867385, 1.000000000000000000, 0.9238795325112867385, 1.000000000000000000, 0.9238795325112867385, 1.000000000000000000, 0.9238795325112867385, 1.000000000000000000, 0.9238795325112867385, 1.000000000000000000, 0.9238795325112867385, 1.000000000000000000, 0.9238795325112867385, 1.000000000000000000, 0.9238795325112867385, 1.000000000000000000, 0.9238795325112867385, 1.000000000000000000, 0.9238795325112867385, 1.000000000000000000, 0.9238795325112867385, 1.000000000000000000, 0.9238795325112867385, 1.000000000000000000, 0.9238795325112867385, 1.000000000000000000, 0.9238795325112867385, 1.000000000000000000, 0.9238795325112867385, 1.000000000000000000, 0.9238795325112867385, 1.000000000000000000, 0.9238795325112867385, 1.000000000000000000, 0.9238795325112867385, 1.000000000000000000, 0.9238795325112867385, 1.000000000000000000, 0.9238795325112867385, 1.000000000000000000, 0.9238795325112867385, 1.000000000000000000, 0.9238795325112867385, 1.000000000000000000, 0.9238795325112867385, 1.000000000000000000, 0.9238795325112867385, 1.000000000000000000, 0.9238795325112867385, 1.000000000000000000, 0.9238795325112867385, 1.000000000000000000, 0.9238795325112867385, 1.000000000000000000, 0.9238795325112867385, 1.000000000000000000) ) ) 
 REPRESENTATION_ITEM ( '' )  SURFACE ( )  );
#1033 = CARTESIAN_POINT ( 'NONE',  ( -1.035533905932739751, 2.500000000000000444, -0.9999999999999964473 ) ) ;
#1034 = CARTESIAN_POINT ( 'NONE',  ( 2.425271854633434506E-16, -1.980384757729333201, 0.5500000000000040412 ) ) ;
#1035 = EDGE_CURVE ( 'NONE', #994, #326, #971, .T. ) ;
#1036 = ORIENTED_EDGE ( 'NONE', *, *, #228, .T. ) ;
#1037 = CARTESIAN_POINT ( 'NONE',  ( -1.053469879313096769, 2.543301270189220809, -1.074999999999996625 ) ) ;
#1038 = CYLINDRICAL_SURFACE ( 'NONE', #1377, 2.500000000000000444 ) ;
#1039 = CARTESIAN_POINT ( 'NONE',  ( 0.000000000000000000, 2.543301270189221253, 1.275000000000003464 ) ) ;
#1040 = CARTESIAN_POINT ( 'NONE',  ( 1.361814832915666962, -1.670820735865808704, -0.8640980565374242195 ) ) ;
#1041 = DIRECTION ( 'NONE',  ( -0.000000000000000000, -0.000000000000000000, 1.000000000000000000 ) ) ;
#1042 = CARTESIAN_POINT ( 'NONE',  ( 2.201601790890984844, 1.184461715019466288, 1.213158834912272832 ) ) ;
#1043 = CARTESIAN_POINT ( 'NONE',  ( -1.980384757729333201, -3.637907781950151512E-16, -0.4499999999999959588 ) ) ;
#1044 = ORIENTED_EDGE ( 'NONE', *, *, #1106, .T. ) ;
#1045 = EDGE_CURVE ( 'NONE', #879, #1028, #1472, .T. ) ;
#1046 = CARTESIAN_POINT ( 'NONE',  ( -1.798385574751157900, -1.798385574751158567, -0.8249999999999967359 ) ) ;
#1047 = CARTESIAN_POINT ( 'NONE',  ( -0.1000000000003081896, -4.561067126597866839, 0.9676998811545193258 ) ) ;
#1048 = AXIS2_PLACEMENT_3D ( 'NONE', #1181, #1757, #1750 ) ;
#1049 = ORIENTED_EDGE ( 'NONE', *, *, #1827, .T. ) ;
#1050 = CARTESIAN_POINT ( 'NONE',  ( 1.053469879313094992, 2.543301270189220809, -1.124999999999995337 ) ) ;
#1051 = CARTESIAN_POINT ( 'NONE',  ( 0.7668044884910342196, 1.904262687259205666, 0.7615781692500179778 ) ) ;
#1052 = CARTESIAN_POINT ( 'NONE',  ( 3.899999999999999467, -2.367136103677466519, 1.350000000000000089 ) ) ;
#1053 = CARTESIAN_POINT ( 'NONE',  ( -2.319125898327819790, 0.4166689683744571604, -1.060395350754974153 ) ) ;
#1054 = CARTESIAN_POINT ( 'NONE',  ( 1.400343491548889485, -1.400343491548889263, -0.9499999999999959588 ) ) ;
#1055 = VERTEX_POINT ( 'NONE', #116 ) ;
#1056 = CARTESIAN_POINT ( 'NONE',  ( 0.09999999999998876454, 4.561067126598049803, -0.9676998811544181844 ) ) ;
#1057 = CARTESIAN_POINT ( 'NONE',  ( 1.350764621084779904, -3.838937835921885533, 1.291797845905443110 ) ) ;
#1058 = EDGE_CURVE ( 'NONE', #652, #950, #587, .T. ) ;
#1059 = VERTEX_POINT ( 'NONE', #270 ) ;
#1060 = CARTESIAN_POINT ( 'NONE',  ( -0.1000000000000002415, 4.561067126598041810, -0.9676998811544216261 ) ) ;
#1061 = AXIS2_PLACEMENT_3D ( 'NONE', #1138, #386, #538 ) ;
#1062 = CARTESIAN_POINT ( 'NONE',  ( -2.014567159093746618, 0.8294729852855841079, 0.8878068681076712876 ) ) ;
#1063 = AXIS2_PLACEMENT_3D ( 'NONE', #1025, #883, #291 ) ;
#1064 = CARTESIAN_POINT ( 'NONE',  ( 1.980384757729333645, 0.3361830292010229981, 0.6704914127259675727 ) ) ;
#1065 = CARTESIAN_POINT ( 'NONE',  ( 2.500000000000000444, 1.530808498934191817E-16, -0.4499999999999964029 ) ) ;
#1066 = ORIENTED_EDGE ( 'NONE', *, *, #1835, .T. ) ;
#1067 = CC_DESIGN_DATE_AND_TIME_ASSIGNMENT ( #546, #967, ( #1855 ) ) ;
#1068 = CARTESIAN_POINT ( 'NONE',  ( 0.09999999999999892308, -4.561067126598043586, -0.9676998811544209600 ) ) ;
#1069 = B_SPLINE_CURVE_WITH_KNOTS ( 'NONE', 3,
 ( #1317, #1777, #437, #596, #300, #1008, #715, #893 ),
 .UNSPECIFIED., .F., .F.,
 ( 4, 2, 2, 4 ),
 ( 2.373017149740540985E-07, 0.002211923152604888549, 0.003317766078049845871, 0.004423609003494803626 ),
 .UNSPECIFIED. ) ;
#1070 = CARTESIAN_POINT ( 'NONE',  ( 2.318993470255698686, -3.279930649215892835, 1.292496507485846324 ) ) ;
#1071 = CARTESIAN_POINT ( 'NONE',  ( 0.000000000000000000, 1.980384757729333201, 1.650000000000004130 ) ) ;
#1072 = ORIENTED_EDGE ( 'NONE', *, *, #173, .F. ) ;
#1073 = CARTESIAN_POINT ( 'NONE',  ( 2.395624830136307892, 0.7148298211703103533, -1.213397459621559982 ) ) ;
#1074 = CARTESIAN_POINT ( 'NONE',  ( 0.8203022253684459919, 1.980384757729333201, 4.119968255444916849E-15 ) ) ;
#1075 = CARTESIAN_POINT ( 'NONE',  ( 1.003100074074290582, 2.291852211405991824, -1.206573371265472039 ) ) ;
#1076 = ORIENTED_EDGE ( 'NONE', *, *, #344, .F. ) ;
#1077 = CARTESIAN_POINT ( 'NONE',  ( -3.799999999999999822, 2.193931022920578844, 1.350000000000000089 ) ) ;
#1078 = CARTESIAN_POINT ( 'NONE',  ( -2.500000000000000444, 1.035533905932738197, 0.7000000000000036193 ) ) ;
#1079 = CARTESIAN_POINT ( 'NONE',  ( -0.09999999999999981126, 4.561067126598041810, 0.9676998811544216261 ) ) ;
#1080 = ORIENTED_EDGE ( 'NONE', *, *, #1704, .F. ) ;
#1081 = CARTESIAN_POINT ( 'NONE',  ( 2.084752522186606782, -0.1448187099723768356, -0.7981499818081687625 ) ) ;
#1082 = EDGE_CURVE ( 'NONE', #154, #247, #210, .T. ) ;
#1083 = CARTESIAN_POINT ( 'NONE',  ( 1.798385574751158122, -1.798385574751157900, 0.2250000000000045020 ) ) ;
#1084 = CARTESIAN_POINT ( 'NONE',  ( -1.980384757729333201, -3.637907781950151512E-16, -0.5499999999999960476 ) ) ;
#1085 = CARTESIAN_POINT ( 'NONE',  ( -1.541853819626187283, 1.855405513564144737, -1.116902210806594242 ) ) ;
#1086 = VERTEX_POINT ( 'NONE', #505 ) ;
#1087 = CARTESIAN_POINT ( 'NONE',  ( -1.980384757729332534, 0.8203022253684464360, -0.4999999999999961142 ) ) ;
#1088 = CARTESIAN_POINT ( 'NONE',  ( -1.980384757729333201, -3.637907781950151512E-16, 0.3500000000000041966 ) ) ;
#1089 = CARTESIAN_POINT ( 'NONE',  ( -3.899999999999691713, 2.367136103677643710, 0.9676998811545194368 ) ) ;
#1090 = VERTEX_POINT ( 'NONE', #805 ) ;
#1091 = CARTESIAN_POINT ( 'NONE',  ( 3.999999999999999112, -4.563067298637790162E-26, 1.292264973081037827 ) ) ;
#1092 = CARTESIAN_POINT ( 'NONE',  ( 0.000000000000000000, 2.543301270189221253, 0.5250000000000045741 ) ) ;
#1093 = AXIS2_PLACEMENT_3D ( 'NONE', #1197, #435, #1803 ) ;
#1094 =( NAMED_UNIT ( * ) SI_UNIT ( $, .STERADIAN. ) SOLID_ANGLE_UNIT ( ) );
#1095 = CARTESIAN_POINT ( 'NONE',  ( -3.899999999999999911, -4.776122516674677286E-16, 1.350000000000000089 ) ) ;
#1096 = EDGE_LOOP ( 'NONE', ( #981, #32, #355, #956, #1246, #18, #1394, #1551, #1357, #1831, #1633, #1384 ) ) ;
#1097 = PLANE ( 'NONE',  #966 ) ;
#1098 = CARTESIAN_POINT ( 'NONE',  ( 3.899999999999691713, -2.367136103677643710, 0.9676998811545197698 ) ) ;
#1099 = CARTESIAN_POINT ( 'NONE',  ( 0.8203022253684463250, -1.980384757729333201, -0.2999999999999959921 ) ) ;
#1100 = ORIENTED_EDGE ( 'NONE', *, *, #1023, .F. ) ;
#1101 = CARTESIAN_POINT ( 'NONE',  ( -1.053469879313096769, 2.543301270189220809, 0.5750000000000046185 ) ) ;
#1102 = CARTESIAN_POINT ( 'NONE',  ( 2.455224128840100217, -0.1537949742425715471, 1.168304746837422137 ) ) ;
#1103 = CARTESIAN_POINT ( 'NONE',  ( 4.000000000000000000, -2.193931022920848850, -0.9676998811546129176 ) ) ;
#1104 = DIRECTION ( 'NONE',  ( 0.8660254037844388186, 0.4999999999999997224, 0.000000000000000000 ) ) ;
#1105 = CARTESIAN_POINT ( 'NONE',  ( -0.8203022253684455478, -1.980384757729333645, -1.199999999999995959 ) ) ;
#1106 = EDGE_CURVE ( 'NONE', #1478, #1689, #1730, .T. ) ;
#1107 = VERTEX_POINT ( 'NONE', #1295 ) ;
#1108 = CARTESIAN_POINT ( 'NONE',  ( 1.400343491548889485, -1.400343491548889263, 0.5500000000000040412 ) ) ;
#1109 = CARTESIAN_POINT ( 'NONE',  ( 1.798385574751158122, 1.798385574751158122, -0.3749999999999955591 ) ) ;
#1110 = B_SPLINE_CURVE_WITH_KNOTS ( 'NONE', 3,
 ( #1546, #918, #1654, #907, #802, #205, #1511, #168, #621, #1521 ),
 .UNSPECIFIED., .F., .F.,
 ( 4, 2, 2, 2, 4 ),
 ( 0.000000000000000000, 0.0003917340486918140631, 0.0007834680973836281263, 0.001175202146075442298, 0.001566936194767256253 ),
 .UNSPECIFIED. ) ;
#1111 = COORDINATED_UNIVERSAL_TIME_OFFSET ( 6, 0, .BEHIND. ) ;
#1112 = CARTESIAN_POINT ( 'NONE',  ( 1.133003571475461824, -2.091287865528070000, 1.086553334250718095 ) ) ;
#1113 = CARTESIAN_POINT ( 'NONE',  ( -2.543301270189221253, -4.671968639706940456E-16, 0.6750000000000034861 ) ) ;
#1114 = CARTESIAN_POINT ( 'NONE',  ( 1.980384757729333201, -0.8203022253684458809, -0.9999999999999958922 ) ) ;
#1115 = CARTESIAN_POINT ( 'NONE',  ( -4.000000000000000000, 4.898587190875583838E-16, -1.292264973081037605 ) ) ;
#1116 = CARTESIAN_POINT ( 'NONE',  ( 1.767766952966369320, 1.767766952966369320, 0.3500000000000042522 ) ) ;
#1117 = CARTESIAN_POINT ( 'NONE',  ( -1.400343491548889929, 1.400343491548889041, 0.1500000000000040745 ) ) ;
#1118 = ORIENTED_EDGE ( 'NONE', *, *, #1342, .T. ) ;
#1119 = CARTESIAN_POINT ( 'NONE',  ( -1.980384757729332534, -0.8203022253684469911, 1.100000000000004086 ) ) ;
#1120 = EDGE_CURVE ( 'NONE', #991, #1448, #1450, .T. ) ;
#1121 =( BOUNDED_CURVE ( )  B_SPLINE_CURVE ( 2, ( #1678, #1842, #917, #1833, #196, #1696, #1375, #631, #1088, #1706, #341, #1520, #1367, #40, #204, #1220, #927, #1529, #367, #801, #953, #1553, #187, #1688, #215, #50, #643, #349, #935, #1537, #791 ),
 .UNSPECIFIED., .F., .T. ) 
 B_SPLINE_CURVE_WITH_KNOTS ( ( 3, 2, 2, 2, 2, 2, 2, 2, 2, 2, 2, 2, 2, 2, 2, 3 ),
 ( 0.2642723637038671969, 0.2750000000000000222, 0.2999999999999999889, 0.3250000000000000111, 0.3499999999999999778, 0.3750000000000000000, 0.4000000000000000222, 0.4249999999999999889, 0.4500000000000000111, 0.4749999999999999778, 0.5000000000000000000, 0.5250000000000000222, 0.5500000000000000444, 0.5749999999999999556, 0.5999999999999999778, 0.6110038693516443020 ),
 .UNSPECIFIED. ) 
 CURVE ( )  GEOMETRIC_REPRESENTATION_ITEM ( )  RATIONAL_B_SPLINE_CURVE ( ( 0.9627049348213692070, 0.9673362924035793231, 1.000000000000000000, 0.9238795325112867385, 1.000000000000000000, 0.9238795325112867385, 1.000000000000000000, 0.9238795325112867385, 1.000000000000000000, 0.9238795325112867385, 1.000000000000000000, 0.9238795325112867385, 1.000000000000000000, 0.9238795325112867385, 1.000000000000000000, 0.9238795325112867385, 1.000000000000000000, 0.9238795325112867385, 1.000000000000000000, 0.9238795325112867385, 1.000000000000000000, 0.9238795325112867385, 1.000000000000000000, 0.9238795325112867385, 1.000000000000000000, 0.9238795325112867385, 1.000000000000000000, 0.9238795325112867385, 1.000000000000000000, 0.9664952128307244816, 0.9624850097146775418 ) ) 
 REPRESENTATION_ITEM ( '' )  );
#1122 = CARTESIAN_POINT ( 'NONE',  ( -2.543301270189220809, -1.053469879313096325, -0.8249999999999956257 ) ) ;
#1123 = CALENDAR_DATE ( 2026, 7, 4 ) ;
#1124 = CARTESIAN_POINT ( 'NONE',  ( -0.7089204072834951464, 1.882968429761380458, -0.7189242239233326615 ) ) ;
#1125 = DIRECTION ( 'NONE',  ( 0.000000000000000000, 0.000000000000000000, 1.000000000000000000 ) ) ;
#1126 = FACE_BOUND ( 'NONE', #830, .T. ) ;
#1127 = CARTESIAN_POINT ( 'NONE',  ( 0.000000000000000000, 0.000000000000000000, 1.350000000000000089 ) ) ;
#1128 = CARTESIAN_POINT ( 'NONE',  ( -1.980384757729333201, -3.637907781950151512E-16, 1.050000000000004041 ) ) ;
#1129 = ORIENTED_EDGE ( 'NONE', *, *, #1911, .T. ) ;
#1130 = CC_DESIGN_PERSON_AND_ORGANIZATION_ASSIGNMENT ( #90, #1263, ( #227 ) ) ;
#1131 = CARTESIAN_POINT ( 'NONE',  ( 1.400343491548889485, -1.400343491548889263, -0.2499999999999958922 ) ) ;
#1132 = CARTESIAN_POINT ( 'NONE',  ( 2.500000000000000444, 3.061616997868383141E-16, 1.350000000000000089 ) ) ;
#1133 = VERTEX_POINT ( 'NONE', #1635 ) ;
#1134 = ADVANCED_FACE ( 'NONE', ( #600 ), #1038, .F. ) ;
#1135 = DATE_AND_TIME ( #984, #327 ) ;
#1136 = CARTESIAN_POINT ( 'NONE',  ( 4.000000000000000000, -2.193931022920593943, 0.9676998811544241796 ) ) ;
#1137 = LINE ( 'NONE', #396, #1221 ) ;
#1138 = CARTESIAN_POINT ( 'NONE',  ( -7.995991022080595201E-16, -4.387862045841156799, 1.350000000000000089 ) ) ;
#1139 = CARTESIAN_POINT ( 'NONE',  ( -0.8203022253684473242, 1.980384757729332534, -1.499999999999995781 ) ) ;
#1140 = VERTEX_POINT ( 'NONE', #1763 ) ;
#1141 = CARTESIAN_POINT ( 'NONE',  ( 1.980384757729333201, 0.8203022253684462139, -0.09999999999999592548 ) ) ;
#1142 = CARTESIAN_POINT ( 'NONE',  ( 4.000000000000000000, -2.193931022920848850, -0.9676998811546129176 ) ) ;
#1143 = CARTESIAN_POINT ( 'NONE',  ( -2.499999999999996447, -1.035533905932742860, -0.09999999999999541200 ) ) ;
#1144 = ADVANCED_FACE ( 'NONE', ( #1481 ), #17, .T. ) ;
#1145 = PLANE ( 'NONE',  #1888 ) ;
#1146 = CARTESIAN_POINT ( 'NONE',  ( -4.000000000000000000, 2.193931022918659046, 0.9676998811549850643 ) ) ;
#1147 = DIRECTION ( 'NONE',  ( 1.877893248421449529E-16, -1.000000000000000000, 0.000000000000000000 ) ) ;
#1148 = ORIENTED_EDGE ( 'NONE', *, *, #1178, .F. ) ;
#1149 = CARTESIAN_POINT ( 'NONE',  ( 0.000000000000000000, 1.980384757729333201, -0.7499999999999961142 ) ) ;
#1150 = CARTESIAN_POINT ( 'NONE',  ( 1.358377943540441279, 3.834542282152681558, 1.261836440997164521 ) ) ;
#1151 = CARTESIAN_POINT ( 'NONE',  ( -0.7242665196364145297, -4.200646683439889451, 1.149082568780345648 ) ) ;
#1152 = SHAPE_DEFINITION_REPRESENTATION ( #900, #1395 ) ;
#1153 = CARTESIAN_POINT ( 'NONE',  ( 0.4721444090604887123, -2.142367464343328365, -0.9024461742791689556 ) ) ;
#1154 = CARTESIAN_POINT ( 'NONE',  ( 2.636602540378440107, 0.000000000000000000, -1.350000000000000089 ) ) ;
#1155 = CARTESIAN_POINT ( 'NONE',  ( 2.636602540378440107, -2.710505431213761085E-16, 1.350000000000000089 ) ) ;
#1156 = CARTESIAN_POINT ( 'NONE',  ( -0.8203022253684473242, 1.980384757729332534, 0.2000000000000039801 ) ) ;
#1157 = ORIENTED_EDGE ( 'NONE', *, *, #1874, .F. ) ;
#1158 = CARTESIAN_POINT ( 'NONE',  ( 3.114645759804627464E-16, -2.543301270189221253, 0.07500000000000345279 ) ) ;
#1159 = EDGE_CURVE ( 'NONE', #821, #908, #611, .T. ) ;
#1160 = CARTESIAN_POINT ( 'NONE',  ( 1.400343491548889485, 1.400343491548889485, 0.8500000000000040856 ) ) ;
#1161 = DIRECTION ( 'NONE',  ( -0.000000000000000000, -0.000000000000000000, -1.000000000000000000 ) ) ;
#1162 = CARTESIAN_POINT ( 'NONE',  ( 0.1891018601638423391, -2.196181663932444739, -0.9129994677972880224 ) ) ;
#1163 = CARTESIAN_POINT ( 'NONE',  ( -4.000000000000000000, 1.478961722020772918, 1.147905268721109096 ) ) ;
#1164 = CARTESIAN_POINT ( 'NONE',  ( 2.499999999999999556, 1.035533905932738641, 1.100000000000004530 ) ) ;
#1165 = CARTESIAN_POINT ( 'NONE',  ( 1.980384757729333201, 1.212635927316717253E-16, 0.7500000000000041078 ) ) ;
#1166 = ORIENTED_EDGE ( 'NONE', *, *, #1120, .T. ) ;
#1167 = CARTESIAN_POINT ( 'NONE',  ( 2.543301270189220809, 1.053469879313094992, -1.274999999999996581 ) ) ;
#1168 = CARTESIAN_POINT ( 'NONE',  ( 4.000000000000000000, -1.836127435296786015, -1.067042639150961758 ) ) ;
#1169 = EDGE_CURVE ( 'NONE', #1328, #1448, #2, .T. ) ;
#1170 = CARTESIAN_POINT ( 'NONE',  ( -1.995557810909283081, -1.041419218348537346, 0.9583993929802496758 ) ) ;
#1171 = CARTESIAN_POINT ( 'NONE',  ( -1.767766952966369765, 1.767766952966368654, -0.2499999999999956146 ) ) ;
#1172 = DIRECTION ( 'NONE',  ( 1.000000000000000000, 0.000000000000000000, 0.000000000000000000 ) ) ;
#1173 = CARTESIAN_POINT ( 'NONE',  ( -1.400343491548889263, -1.400343491548889929, 0.4500000000000040079 ) ) ;
#1174 = VERTEX_POINT ( 'NONE', #1321 ) ;
#1175 = CARTESIAN_POINT ( 'NONE',  ( -1.980384757729332534, 0.8203022253684464360, 0.3000000000000040412 ) ) ;
#1176 = CARTESIAN_POINT ( 'NONE',  ( 1.394770934973853072, 1.467747710314672549, -0.7276508577123210753 ) ) ;
#1177 = DIRECTION ( 'NONE',  ( 0.000000000000000000, 0.000000000000000000, -1.000000000000000000 ) ) ;
#1178 = EDGE_CURVE ( 'NONE', #1059, #1292, #517, .T. ) ;
#1179 = CARTESIAN_POINT ( 'NONE',  ( -2.246153615951803406, -0.5714435656205737457, -1.026597384530546053 ) ) ;
#1180 = CARTESIAN_POINT ( 'NONE',  ( -2.500000000000000444, -4.592425496802574958E-16, -0.04999999999999627659 ) ) ;
#1181 = CARTESIAN_POINT ( 'NONE',  ( 3.799999999999999822, -2.193931022920578844, 1.350000000000000089 ) ) ;
#1182 = CARTESIAN_POINT ( 'NONE',  ( 0.000000000000000000, 1.980384757729333201, 1.750000000000004219 ) ) ;
#1183 = ORIENTED_EDGE ( 'NONE', *, *, #475, .F. ) ;
#1184 = CARTESIAN_POINT ( 'NONE',  ( 0.8203022253684463250, -1.980384757729333201, 1.400000000000004130 ) ) ;
#1185 = CARTESIAN_POINT ( 'NONE',  ( -2.500000000000000444, 0.000000000000000000, 1.350000000000000089 ) ) ;
#1186 = VECTOR ( 'NONE', #648, 1000.000000000000000 ) ;
#1187 = CARTESIAN_POINT ( 'NONE',  ( -1.798385574751158567, 1.798385574751157678, -1.774999999999995692 ) ) ;
#1188 = CIRCLE ( 'NONE', #263, 2.500000000000000444 ) ;
#1189 = APPLICATION_CONTEXT ( 'configuration controlled 3d designs of mechanical parts and assemblies' ) ;
#1190 = DIRECTION ( 'NONE',  ( -0.000000000000000000, -0.000000000000000000, -1.000000000000000000 ) ) ;
#1191 = ADVANCED_FACE ( 'NONE', ( #1491 ), #572, .F. ) ;
#1192 = CARTESIAN_POINT ( 'NONE',  ( 2.500000000000000444, 3.061616997868383141E-16, 1.350000000000000089 ) ) ;
#1193 = CARTESIAN_POINT ( 'NONE',  ( 1.035533905932738197, -2.500000000000000444, -0.5999999999999963141 ) ) ;
#1194 = CARTESIAN_POINT ( 'NONE',  ( -0.8203022253684455478, -1.980384757729333645, -0.2999999999999959921 ) ) ;
#1195 = ORIENTED_EDGE ( 'NONE', *, *, #1058, .F. ) ;
#1196 = CARTESIAN_POINT ( 'NONE',  ( -1.400343491548889929, 1.400343491548889041, 0.2500000000000041078 ) ) ;
#1197 = CARTESIAN_POINT ( 'NONE',  ( -4.000000000000000000, 2.309401076758503368, 1.350000000000000089 ) ) ;
#1198 = CARTESIAN_POINT ( 'NONE',  ( -0.1000000000003081896, -4.561067126597866839, 0.9676998811545193258 ) ) ;
#1199 = CARTESIAN_POINT ( 'NONE',  ( -2.543301270189220809, -1.053469879313096325, -1.624999999999995115 ) ) ;
#1200 = CARTESIAN_POINT ( 'NONE',  ( 0.5379931697227779974, 1.991267860640941967, 0.7714240766621184298 ) ) ;
#1201 = CARTESIAN_POINT ( 'NONE',  ( 1.798385574751158122, -1.798385574751157900, 0.9750000000000034195 ) ) ;
#1202 = CARTESIAN_POINT ( 'NONE',  ( 2.543301270189221253, 1.557322879902313732E-16, 0.2750000000000032974 ) ) ;
#1203 = CARTESIAN_POINT ( 'NONE',  ( 0.000000000000000000, 2.500000000000000444, -1.149999999999995914 ) ) ;
#1204 = ADVANCED_FACE ( 'NONE', ( #11 ), #427, .F. ) ;
#1205 = CARTESIAN_POINT ( 'NONE',  ( -1.377085783223044979, 1.989317143069996296, -1.123968362858409398 ) ) ;
#1206 = CARTESIAN_POINT ( 'NONE',  ( -1.400343491548889263, -1.400343491548889929, -1.149999999999996136 ) ) ;
#1207 = ORIENTED_EDGE ( 'NONE', *, *, #793, .T. ) ;
#1208 = ADVANCED_FACE ( 'NONE', ( #1772 ), #1618, .F. ) ;
#1209 = CARTESIAN_POINT ( 'NONE',  ( -0.8203022253684473242, 1.980384757729332534, -1.399999999999995914 ) ) ;
#1210 = CARTESIAN_POINT ( 'NONE',  ( 0.000000000000000000, 0.000000000000000000, 1.350000000000000089 ) ) ;
#1211 = VERTEX_POINT ( 'NONE', #464 ) ;
#1212 = CARTESIAN_POINT ( 'NONE',  ( -2.543301270189221253, -4.671968639706940456E-16, 1.475000000000003419 ) ) ;
#1213 = B_SPLINE_CURVE_WITH_KNOTS ( 'NONE', 3,
 ( #862, #1313, #571, #1690 ),
 .UNSPECIFIED., .F., .F.,
 ( 4, 4 ),
 ( 3.039674439201235279E-16, 0.0006667865526762619018 ),
 .UNSPECIFIED. ) ;
#1214 = CARTESIAN_POINT ( 'NONE',  ( -2.206693889770016348, -1.292914677001530002E-11, 0.9193403616969528791 ) ) ;
#1215 = CC_DESIGN_PERSON_AND_ORGANIZATION_ASSIGNMENT ( #393, #1284, ( #1855 ) ) ;
#1216 = DIRECTION ( 'NONE',  ( 0.8660254037844387076, -0.4999999999999997780, 0.000000000000000000 ) ) ;
#1217 = CARTESIAN_POINT ( 'NONE',  ( 1.767766952966369320, -1.767766952966369098, -0.5499999999999962697 ) ) ;
#1218 = ORIENTED_EDGE ( 'NONE', *, *, #12, .F. ) ;
#1219 = CARTESIAN_POINT ( 'NONE',  ( -0.8203022253684473242, 1.980384757729332534, -0.5999999999999959810 ) ) ;
#1220 = CARTESIAN_POINT ( 'NONE',  ( 1.980384757729333201, 0.8203022253684462139, 4.119968255444916849E-15 ) ) ;
#1221 = VECTOR ( 'NONE', #970, 1000.000000000000000 ) ;
#1222 = ORIENTED_EDGE ( 'NONE', *, *, #1045, .F. ) ;
#1223 = CARTESIAN_POINT ( 'NONE',  ( 2.543301270189220809, -1.053469879313094770, 1.825000000000003730 ) ) ;
#1224 = AXIS2_PLACEMENT_3D ( 'NONE', #1893, #1714, #1872 ) ;
#1225 = CARTESIAN_POINT ( 'NONE',  ( 0.05648409592990655953, 2.080753732565491454, 0.7903497132687175020 ) ) ;
#1226 =( GEOMETRIC_REPRESENTATION_CONTEXT ( 3 ) GLOBAL_UNCERTAINTY_ASSIGNED_CONTEXT ( ( #1770 ) ) GLOBAL_UNIT_ASSIGNED_CONTEXT ( ( #1533, #637, #1094 ) ) REPRESENTATION_CONTEXT ( 'NONE', 'WORKASPACE' ) );
#1227 = CARTESIAN_POINT ( 'NONE',  ( 0.000000000000000000, 0.000000000000000000, 0.000000000000000000 ) ) ;
#1228 = CARTESIAN_POINT ( 'NONE',  ( 3.999999999999999112, 1.478961722021782776, 1.147905268721025607 ) ) ;
#1229 = EDGE_LOOP ( 'NONE', ( #88, #1843, #974, #1575, #1195, #180 ) ) ;
#1230 = CARTESIAN_POINT ( 'NONE',  ( 1.980384757729333201, 0.8203022253684462139, -0.7999999999999959366 ) ) ;
#1231 = LINE ( 'NONE', #486, #444 ) ;
#1232 = ORIENTED_EDGE ( 'NONE', *, *, #1169, .F. ) ;
#1233 = EDGE_CURVE ( 'NONE', #21, #692, #261, .T. ) ;
#1234 = CARTESIAN_POINT ( 'NONE',  ( 0.8787214525229769535, 1.849704409498832192, 0.7565411950394729246 ) ) ;
#1235 = CARTESIAN_POINT ( 'NONE',  ( 2.425271854633434506E-16, -1.980384757729333201, -0.3499999999999959255 ) ) ;
#1236 = CARTESIAN_POINT ( 'NONE',  ( 0.8027788549356744685, 2.362065936703803715, -1.199516757712025372 ) ) ;
#1237 = AXIS2_PLACEMENT_3D ( 'NONE', #1805, #467, #443 ) ;
#1238 = ORIENTED_EDGE ( 'NONE', *, *, #628, .F. ) ;
#1239 = CARTESIAN_POINT ( 'NONE',  ( 1.696226140478358513, 1.641184599795996180, 1.060396987647169054 ) ) ;
#1240 = CARTESIAN_POINT ( 'NONE',  ( 3.275733480363585137, -2.727556546835619766, 1.149082568780346092 ) ) ;
#1241 = ORIENTED_EDGE ( 'NONE', *, *, #691, .F. ) ;
#1242 =( BOUNDED_CURVE ( )  B_SPLINE_CURVE ( 2, ( #1913, #422, #266, #1164, #877 ),
 .UNSPECIFIED., .F., .T. ) 
 B_SPLINE_CURVE_WITH_KNOTS ( ( 3, 2, 3 ),
 ( 0.2093274328696696496, 0.2250000000000000056, 0.2499999999999999722 ),
 .UNSPECIFIED. ) 
 CURVE ( )  GEOMETRIC_REPRESENTATION_ITEM ( )  RATIONAL_B_SPLINE_CURVE ( ( 0.9643914986529331657, 0.9522798745316405356, 1.000000000000000000, 0.9238795325112868495, 0.9999999999999998890 ) ) 
 REPRESENTATION_ITEM ( '' )  );
#1243 = CARTESIAN_POINT ( 'NONE',  ( -4.000000000000000000, -0.3707004368422086582, 1.292264973081037160 ) ) ;
#1244 = CARTESIAN_POINT ( 'NONE',  ( -1.798385574751158567, 1.798385574751157678, 0.6250000000000045519 ) ) ;
#1245 = CYLINDRICAL_SURFACE ( 'NONE', #419, 0.2000000000000000944 ) ;
#1246 = ORIENTED_EDGE ( 'NONE', *, *, #534, .F. ) ;
#1247 = CARTESIAN_POINT ( 'NONE',  ( -4.000000000000000000, -2.309401076758503368, 1.350000000000000089 ) ) ;
#1248 = DIRECTION ( 'NONE',  ( -1.000000000000000000, 0.000000000000000000, 0.000000000000000000 ) ) ;
#1249 = CARTESIAN_POINT ( 'NONE',  ( 1.980384757729333201, -0.8203022253684458809, 0.6000000000000040856 ) ) ;
#1250 = ORIENTED_EDGE ( 'NONE', *, *, #1120, .F. ) ;
#1251 = CARTESIAN_POINT ( 'NONE',  ( -0.03506017225080721583, 4.587893659490029918, 0.9528452061905102743 ) ) ;
#1252 = CONICAL_SURFACE ( 'NONE', #1003, 2.636602540378440107, 0.7845254987714529449 ) ;
#1253 = DIRECTION ( 'NONE',  ( -1.000000000000000000, 0.000000000000000000, 0.000000000000000000 ) ) ;
#1254 = ADVANCED_FACE ( 'NONE', ( #1021 ), #1252, .F. ) ;
#1255 = CIRCLE ( 'NONE', #1063, 2.636602540378440107 ) ;
#1256 = DIRECTION ( 'NONE',  ( 0.000000000000000000, 0.000000000000000000, 1.000000000000000000 ) ) ;
#1257 = CARTESIAN_POINT ( 'NONE',  ( 3.899999999999999023, 2.367136103677465631, -0.9676998811544217372 ) ) ;
#1258 = CARTESIAN_POINT ( 'NONE',  ( -1.980384757729333201, -3.637907781950151512E-16, -0.5499999999999960476 ) ) ;
#1259 = EDGE_LOOP ( 'NONE', ( #1314, #1761 ) ) ;
#1260 = B_SPLINE_CURVE_WITH_KNOTS ( 'NONE', 3,
 ( #374, #1890, #100, #75, #678, #1879 ),
 .UNSPECIFIED., .F., .F.,
 ( 4, 2, 4 ),
 ( 6.976063798736555278E-18, 0.0004674412253804113545, 0.0009348824507608154448 ),
 .UNSPECIFIED. ) ;
#1261 = CARTESIAN_POINT ( 'NONE',  ( 1.400343491548889485, 1.400343491548889485, -0.04999999999999601291 ) ) ;
#1262 = CARTESIAN_POINT ( 'NONE',  ( -2.543301270189220809, 1.053469879313095436, -0.1249999999999955591 ) ) ;
#1263 = PERSON_AND_ORGANIZATION_ROLE ( 'design_supplier' ) ;
#1264 = CARTESIAN_POINT ( 'NONE',  ( 1.523345928158360341, -1.847008046397004000, 1.102249540676521811 ) ) ;
#1265 = CARTESIAN_POINT ( 'NONE',  ( -2.543301270189221253, -4.671968639706940456E-16, -0.1249999999999966416 ) ) ;
#1266 = EDGE_CURVE ( 'NONE', #302, #849, #281, .T. ) ;
#1267 = CARTESIAN_POINT ( 'NONE',  ( -1.053469879313096769, 2.543301270189220809, 0.5250000000000033529 ) ) ;
#1268 = CARTESIAN_POINT ( 'NONE',  ( -1.400343491548889263, -1.400343491548889929, -1.249999999999996225 ) ) ;
#1269 = DIRECTION ( 'NONE',  ( 0.000000000000000000, 0.000000000000000000, -1.000000000000000000 ) ) ;
#1270 = CARTESIAN_POINT ( 'NONE',  ( 0.09999999999999892308, -4.561067126598043586, -0.9676998811544209600 ) ) ;
#1271 = CARTESIAN_POINT ( 'NONE',  ( 0.8203022253684463250, -1.980384757729333201, 1.300000000000003819 ) ) ;
#1272 = EDGE_LOOP ( 'NONE', ( #1488, #1824, #674, #29 ) ) ;
#1273 = EDGE_CURVE ( 'NONE', #452, #67, #1578, .T. ) ;
#1274 = CARTESIAN_POINT ( 'NONE',  ( -1.400343491548889263, -1.400343491548889929, 0.3500000000000039746 ) ) ;
#1275 = CARTESIAN_POINT ( 'NONE',  ( -1.053469879313094548, -2.543301270189221253, -0.7249999999999957589 ) ) ;
#1276 = CARTESIAN_POINT ( 'NONE',  ( 3.990762545105317916, -2.263583829914767254, 0.9528452061905090531 ) ) ;
#1277 = LINE ( 'NONE', #1154, #1293 ) ;
#1278 = DIRECTION ( 'NONE',  ( 0.000000000000000000, 0.000000000000000000, -1.000000000000000000 ) ) ;
#1279 = CARTESIAN_POINT ( 'NONE',  ( 0.03542491060227000860, -4.587830054451393913, -0.9528803277276607364 ) ) ;
#1280 = CARTESIAN_POINT ( 'NONE',  ( 1.980384757729333201, 1.212635927316717253E-16, -0.1499999999999960532 ) ) ;
#1281 = ORIENTED_EDGE ( 'NONE', *, *, #1169, .T. ) ;
#1282 = CARTESIAN_POINT ( 'NONE',  ( 0.8203022253684459919, 1.980384757729333201, 4.119968255444917638E-15 ) ) ;
#1283 = AXIS2_PLACEMENT_3D ( 'NONE', #1492, #1177, #43 ) ;
#1284 = PERSON_AND_ORGANIZATION_ROLE ( 'classification_officer' ) ;
#1285 = CARTESIAN_POINT ( 'NONE',  ( 0.2202410801811456043, 2.137917509498834967, -0.8566601708195706877 ) ) ;
#1286 = VECTOR ( 'NONE', #1639, 1000.000000000000000 ) ;
#1287 = CARTESIAN_POINT ( 'NONE',  ( -0.1000000000000007966, -4.561067126598043586, -0.9676998811544207379 ) ) ;
#1288 = FACE_OUTER_BOUND ( 'NONE', #1272, .T. ) ;
#1289 = VECTOR ( 'NONE', #8, 1000.000000000000000 ) ;
#1290 = CARTESIAN_POINT ( 'NONE',  ( -0.03506275471617843059, -4.587893873284780710, -0.9528450881369616710 ) ) ;
#1291 = CARTESIAN_POINT ( 'NONE',  ( -1.400343491548889929, 1.400343491548889041, -1.449999999999996181 ) ) ;
#1292 = VERTEX_POINT ( 'NONE', #1815 ) ;
#1293 = VECTOR ( 'NONE', #1748, 1000.000000000000000 ) ;
#1294 = CARTESIAN_POINT ( 'NONE',  ( -0.8203022253684455478, -1.980384757729333645, -0.3999999999999961364 ) ) ;
#1295 = CARTESIAN_POINT ( 'NONE',  ( 3.900000000000100275, -2.367136103677415893, -0.9676998811543897627 ) ) ;
#1296 = EDGE_CURVE ( 'NONE', #483, #692, #1231, .T. ) ;
#1297 = CARTESIAN_POINT ( 'NONE',  ( 0.6699314727415168758, 1.863629687056163053, -0.6937822173508961798 ) ) ;
#1298 = CARTESIAN_POINT ( 'NONE',  ( -0.8203022253684455478, -1.980384757729333645, -1.199999999999995959 ) ) ;
#1299 = DIRECTION ( 'NONE',  ( 1.000000000000000000, 0.000000000000000000, 0.000000000000000000 ) ) ;
#1300 = CARTESIAN_POINT ( 'NONE',  ( 0.7192266450724486004, 2.394308466555190584, 1.213158834912032358 ) ) ;
#1301 = ORIENTED_EDGE ( 'NONE', *, *, #507, .T. ) ;
#1302 = CARTESIAN_POINT ( 'NONE',  ( -1.400343491548889929, 1.400343491548889041, -0.6499999999999958034 ) ) ;
#1303 = CARTESIAN_POINT ( 'NONE',  ( -3.900000000000101164, -2.367136103677415004, -0.9676998811543897627 ) ) ;
#1304 = ORIENTED_EDGE ( 'NONE', *, *, #534, .T. ) ;
#1305 = CARTESIAN_POINT ( 'NONE',  ( -2.500000000000000444, -4.592425496802574958E-16, -0.8499999999999965361 ) ) ;
#1306 = ADVANCED_FACE ( 'NONE', ( #944 ), #474, .F. ) ;
#1307 = CARTESIAN_POINT ( 'NONE',  ( -1.980384757729332534, 0.8203022253684464360, -1.399999999999996581 ) ) ;
#1308 = LINE ( 'NONE', #283, #1463 ) ;
#1309 = LINE ( 'NONE', #597, #639 ) ;
#1310 = B_SPLINE_CURVE_WITH_KNOTS ( 'NONE', 3,
 ( #1316, #574, #1163, #1334, #310, #1765 ),
 .UNSPECIFIED., .F., .F.,
 ( 4, 2, 4 ),
 ( 0.01221063185439744299, 0.01331999351740513829, 0.01442935518041283359 ),
 .UNSPECIFIED. ) ;
#1311 = ORIENTED_EDGE ( 'NONE', *, *, #1412, .T. ) ;
#1312 = CARTESIAN_POINT ( 'NONE',  ( 1.980384757729333201, -0.8203022253684458809, 1.500000000000003997 ) ) ;
#1313 = CARTESIAN_POINT ( 'NONE',  ( 1.942884458798744385, 0.4434533269860560512, 0.6926359006180913269 ) ) ;
#1314 = ORIENTED_EDGE ( 'NONE', *, *, #334, .T. ) ;
#1315 = CARTESIAN_POINT ( 'NONE',  ( -1.767766952966369098, -1.767766952966369765, -0.04999999999999595046 ) ) ;
#1316 = CARTESIAN_POINT ( 'NONE',  ( -4.000000000000000000, 2.193931022918659046, 0.9676998811549850643 ) ) ;
#1317 = CARTESIAN_POINT ( 'NONE',  ( -0.1000000000000002415, 4.561067126598041810, -0.9676998811544216261 ) ) ;
#1318 = ORIENTED_EDGE ( 'NONE', *, *, #228, .F. ) ;
#1319 = VECTOR ( 'NONE', #454, 1000.000000000000114 ) ;
#1320 = CARTESIAN_POINT ( 'NONE',  ( -1.980384757729332534, -0.8203022253684469911, 1.200000000000004174 ) ) ;
#1321 = CARTESIAN_POINT ( 'NONE',  ( -3.899999999999999911, 5.200433432255087238E-16, -1.350000000000000089 ) ) ;
#1322 = APPROVAL_PERSON_ORGANIZATION ( #1738, #873, #240 ) ;
#1323 = CARTESIAN_POINT ( 'NONE',  ( -1.798385574751158567, 1.798385574751157678, -0.2249999999999964806 ) ) ;
#1324 = CARTESIAN_POINT ( 'NONE',  ( -2.500000000000000444, -4.592425496802574958E-16, -0.1499999999999957756 ) ) ;
#1325 = CARTESIAN_POINT ( 'NONE',  ( -4.000000000000000000, -2.193931022920578400, 1.350000000000000089 ) ) ;
#1326 = CARTESIAN_POINT ( 'NONE',  ( -1.035533905932737531, -2.500000000000000444, 0.1000000000000036832 ) ) ;
#1327 = CARTESIAN_POINT ( 'NONE',  ( 1.980384757729333201, 1.212635927316717253E-16, -0.04999999999999601291 ) ) ;
#1328 = VERTEX_POINT ( 'NONE', #178 ) ;
#1329 = CARTESIAN_POINT ( 'NONE',  ( 1.980384757729333201, 0.8203022253684462139, 0.8000000000000041522 ) ) ;
#1330 = ADVANCED_FACE ( 'NONE', ( #1822 ), #810, .F. ) ;
#1331 = CARTESIAN_POINT ( 'NONE',  ( 2.543301270189220809, 1.053469879313094992, 1.925000000000003375 ) ) ;
#1332 = CARTESIAN_POINT ( 'NONE',  ( -2.149547916402809733, -0.6079934253879910599, 0.9413709110657451085 ) ) ;
#1333 = B_SPLINE_CURVE_WITH_KNOTS ( 'NONE', 3,
 ( #508, #808, #1703, #659, #1400, #1151, #494, #1198 ),
 .UNSPECIFIED., .F., .F.,
 ( 4, 2, 2, 4 ),
 ( 0.0001191847836203583023, 0.002332688432427742781, 0.003439440256831434797, 0.004546192081235127247 ),
 .UNSPECIFIED. ) ;
#1334 = CARTESIAN_POINT ( 'NONE',  ( -4.000000000000000000, 0.7464693970059855799, 1.261244812944449345 ) ) ;
#1335 = CARTESIAN_POINT ( 'NONE',  ( -1.767766952966369098, -1.767766952966369765, -0.7499999999999965583 ) ) ;
#1336 = CARTESIAN_POINT ( 'NONE',  ( -1.400343491548889929, 1.400343491548889041, 1.050000000000004041 ) ) ;
#1337 = ORIENTED_EDGE ( 'NONE', *, *, #1783, .T. ) ;
#1338 = CARTESIAN_POINT ( 'NONE',  ( 1.400343491548889485, -1.400343491548889263, -1.849999999999995870 ) ) ;
#1339 = CARTESIAN_POINT ( 'NONE',  ( 1.053469879313094992, 2.543301270189220809, -0.3749999999999964473 ) ) ;
#1340 = DIRECTION ( 'NONE',  ( -0.000000000000000000, -0.000000000000000000, -1.000000000000000000 ) ) ;
#1341 = CARTESIAN_POINT ( 'NONE',  ( 1.798385574751158122, 1.798385574751158122, -1.974999999999995426 ) ) ;
#1342 = EDGE_CURVE ( 'NONE', #1292, #784, #662, .T. ) ;
#1343 = DIRECTION ( 'NONE',  ( -0.000000000000000000, -0.000000000000000000, -1.000000000000000000 ) ) ;
#1344 = CARTESIAN_POINT ( 'NONE',  ( 0.000000000000000000, 2.500000000000000444, -0.3499999999999958700 ) ) ;
#1345 = CARTESIAN_POINT ( 'NONE',  ( 0.8203022253684463250, -1.980384757729333201, -0.1999999999999959865 ) ) ;
#1346 = ORIENTED_EDGE ( 'NONE', *, *, #1557, .F. ) ;
#1347 = CARTESIAN_POINT ( 'NONE',  ( 3.114645759804627464E-16, -2.543301270189221253, -0.7249999999999965361 ) ) ;
#1348 = CARTESIAN_POINT ( 'NONE',  ( 0.000000000000000000, 0.000000000000000000, 1.350000000000000089 ) ) ;
#1349 = VECTOR ( 'NONE', #1343, 1000.000000000000000 ) ;
#1350 = CONICAL_SURFACE ( 'NONE', #704, 3.899999999999999911, 1.047197551196600074 ) ;
#1351 = EDGE_CURVE ( 'NONE', #1368, #849, #1121, .T. ) ;
#1352 = CARTESIAN_POINT ( 'NONE',  ( -2.138844565101979622, 0.4822385122098507559, 0.9017520878401171780 ) ) ;
#1353 = B_SPLINE_CURVE_WITH_KNOTS ( 'NONE', 3,
 ( #1270, #1733, #1279, #1290, #397, #698 ),
 .UNSPECIFIED., .F., .F.,
 ( 4, 2, 4 ),
 ( 2.366362584456711084E-07, 0.0001057557750693926386, 0.0002112749138803396052 ),
 .UNSPECIFIED. ) ;
#1354 = CARTESIAN_POINT ( 'NONE',  ( 0.000000000000000000, 0.000000000000000000, -1.350000000000000089 ) ) ;
#1355 = CARTESIAN_POINT ( 'NONE',  ( 3.999999999999999112, -5.713325106063178001E-25, -1.292264973081037827 ) ) ;
#1356 = CARTESIAN_POINT ( 'NONE',  ( 2.425271854633434506E-16, -1.980384757729333201, -1.049999999999995826 ) ) ;
#1357 = ORIENTED_EDGE ( 'NONE', *, *, #507, .F. ) ;
#1358 = CARTESIAN_POINT ( 'NONE',  ( 1.400343491548889485, -1.400343491548889263, -0.9499999999999959588 ) ) ;
#1359 = CARTESIAN_POINT ( 'NONE',  ( 1.794272175248901924, 0.9893045160870898025, -0.7519163187495760958 ) ) ;
#1360 = ORIENTED_EDGE ( 'NONE', *, *, #3, .F. ) ;
#1361 = CARTESIAN_POINT ( 'NONE',  ( 3.114645759804627464E-16, -2.543301270189221253, 1.675000000000003597 ) ) ;
#1362 = CARTESIAN_POINT ( 'NONE',  ( -1.053469879313096769, 2.543301270189220809, -0.2749999999999966360 ) ) ;
#1363 = DIRECTION ( 'NONE',  ( 1.000000000000000000, 0.000000000000000000, 0.000000000000000000 ) ) ;
#1364 = CARTESIAN_POINT ( 'NONE',  ( -3.990887526425678455, -2.263240577761950423, 0.9528802084781364812 ) ) ;
#1365 = ORIENTED_EDGE ( 'NONE', *, *, #1760, .F. ) ;
#1366 = CARTESIAN_POINT ( 'NONE',  ( 0.7192266450724486004, 2.394308466555190584, 1.213158834912032358 ) ) ;
#1367 = CARTESIAN_POINT ( 'NONE',  ( 0.000000000000000000, 1.980384757729333201, 0.1500000000000040745 ) ) ;
#1368 = VERTEX_POINT ( 'NONE', #1383 ) ;
#1369 = LINE ( 'NONE', #343, #1349 ) ;
#1370 = CARTESIAN_POINT ( 'NONE',  ( 1.980384757729333201, -0.8203022253684458809, -0.1999999999999959865 ) ) ;
#1371 = CARTESIAN_POINT ( 'NONE',  ( 2.460003198042738592, -9.495953747547232463E-14, 1.173092164376748014 ) ) ;
#1372 = VERTEX_POINT ( 'NONE', #59 ) ;
#1373 = ADVANCED_FACE ( 'NONE', ( #267 ), #377, .F. ) ;
#1374 = CARTESIAN_POINT ( 'NONE',  ( -1.980384757729333201, -3.637907781950151512E-16, -0.4499999999999959588 ) ) ;
#1375 = CARTESIAN_POINT ( 'NONE',  ( -1.400343491548889263, -1.400343491548889929, 0.4500000000000040079 ) ) ;
#1376 = VERTEX_POINT ( 'NONE', #1723 ) ;
#1377 = AXIS2_PLACEMENT_3D ( 'NONE', #1348, #1161, #296 ) ;
#1378 = CARTESIAN_POINT ( 'NONE',  ( 2.026881520260802816, -0.5732651940373900690, -0.8148363647030619772 ) ) ;
#1379 = APPROVAL_PERSON_ORGANIZATION ( #563, #1447, #1599 ) ;
#1380 = CARTESIAN_POINT ( 'NONE',  ( -3.899999999999999911, 2.367136103677466075, 1.350000000000000089 ) ) ;
#1381 = ORIENTED_EDGE ( 'NONE', *, *, #518, .T. ) ;
#1382 = CARTESIAN_POINT ( 'NONE',  ( 1.159424580793342985, 2.159164285281877316, 1.151514279462632073 ) ) ;
#1383 = CARTESIAN_POINT ( 'NONE',  ( 1.784013697371008123, -0.8597784111265498463, 0.6926359006181059819 ) ) ;
#1384 = ORIENTED_EDGE ( 'NONE', *, *, #428, .F. ) ;
#1385 = ADVANCED_FACE ( 'NONE', ( #408 ), #828, .F. ) ;
#1386 = CARTESIAN_POINT ( 'NONE',  ( -3.990764795968902767, -2.263580886709190221, -0.9528449424120649658 ) ) ;
#1387 = CARTESIAN_POINT ( 'NONE',  ( 2.543301270189220809, 1.053469879313094992, 0.3750000000000045519 ) ) ;
#1388 = CARTESIAN_POINT ( 'NONE',  ( -1.400343491548889263, -1.400343491548889929, 0.3500000000000039746 ) ) ;
#1389 = DIRECTION ( 'NONE',  ( 0.000000000000000000, 0.000000000000000000, -1.000000000000000000 ) ) ;
#1390 = ORIENTED_EDGE ( 'NONE', *, *, #1749, .T. ) ;
#1391 = CARTESIAN_POINT ( 'NONE',  ( -3.955467598430711718, 2.324589692649916106, 0.9528802084780658710 ) ) ;
#1392 = CARTESIAN_POINT ( 'NONE',  ( 1.767766952966369320, 1.767766952966369320, 0.4500000000000036193 ) ) ;
#1393 = CARTESIAN_POINT ( 'NONE',  ( -1.400343491548889263, -1.400343491548889929, -0.4499999999999961808 ) ) ;
#1394 = ORIENTED_EDGE ( 'NONE', *, *, #1727, .F. ) ;
#1395 = ADVANCED_BREP_SHAPE_REPRESENTATION ( '90710A037_18-8 Stainless Steel Thin-Profile Hex Nut', ( #1607, #1411 ), #1226 ) ;
#1396 = B_SPLINE_CURVE_WITH_KNOTS ( 'NONE', 3,
 ( #221, #1413, #835, #94, #1593, #1115 ),
 .UNSPECIFIED., .F., .F.,
 ( 4, 2, 4 ),
 ( 0.01185843366750441788, 0.01296790895594574465, 0.01407738424438707142 ),
 .UNSPECIFIED. ) ;
#1397 = CARTESIAN_POINT ( 'NONE',  ( 0.000000000000000000, -2.710505431213761085E-16, 1.350000000000000089 ) ) ;
#1398 = CARTESIAN_POINT ( 'NONE',  ( -1.980384757729332978, -0.8203022253684472131, 0.3000000000000040412 ) ) ;
#1399 = CARTESIAN_POINT ( 'NONE',  ( -3.955702372854375870, -2.324309829575416320, 0.9528452061905368087 ) ) ;
#1400 = CARTESIAN_POINT ( 'NONE',  ( -1.358377943540442390, -3.834542282152682002, 1.261836440997162967 ) ) ;
#1401 = DIRECTION ( 'NONE',  ( 1.000000000000000000, 0.000000000000000000, 0.000000000000000000 ) ) ;
#1402 = DIRECTION ( 'NONE',  ( -0.7071067811865487940, -8.659560562354948882E-17, -0.7071067811865463515 ) ) ;
#1403 = CARTESIAN_POINT ( 'NONE',  ( 1.400343491548889485, 1.400343491548889485, 0.7500000000000039968 ) ) ;
#1404 = ORIENTED_EDGE ( 'NONE', *, *, #405, .T. ) ;
#1405 = CARTESIAN_POINT ( 'NONE',  ( 1.980384757729333201, 0.8203022253684462139, -0.8999999999999961364 ) ) ;
#1406 = ADVANCED_FACE ( 'NONE', ( #1000 ), #859, .F. ) ;
#1407 = CARTESIAN_POINT ( 'NONE',  ( -2.543301270189220809, 1.053469879313095436, 0.6750000000000044853 ) ) ;
#1408 = AXIS2_PLACEMENT_3D ( 'NONE', #147, #758, #748 ) ;
#1409 = COORDINATED_UNIVERSAL_TIME_OFFSET ( 6, 0, .BEHIND. ) ;
#1410 = CARTESIAN_POINT ( 'NONE',  ( 1.722512346502187652, 1.619509015794903029, -1.072166872791408210 ) ) ;
#1411 = AXIS2_PLACEMENT_3D ( 'NONE', #1227, #1858, #373 ) ;
#1412 = EDGE_CURVE ( 'NONE', #105, #854, #1353, .T. ) ;
#1413 = CARTESIAN_POINT ( 'NONE',  ( -4.000000000000000000, 1.838742032416990746, -1.066316706550081150 ) ) ;
#1414 = FACE_OUTER_BOUND ( 'NONE', #1548, .T. ) ;
#1415 = AXIS2_PLACEMENT_3D ( 'NONE', #585, #1623, #1172 ) ;
#1416 = CARTESIAN_POINT ( 'NONE',  ( 1.980384757729333201, 0.8203022253684462139, -0.09999999999999592548 ) ) ;
#1417 = ORIENTED_EDGE ( 'NONE', *, *, #884, .T. ) ;
#1418 = CARTESIAN_POINT ( 'NONE',  ( -1.980384757729333201, -3.637907781950151512E-16, 1.050000000000004041 ) ) ;
#1419 = CARTESIAN_POINT ( 'NONE',  ( 2.543301270189220809, -1.053469879313094770, -0.5249999999999955813 ) ) ;
#1420 = PERSON_AND_ORGANIZATION ( #160, #940 ) ;
#1421 = CARTESIAN_POINT ( 'NONE',  ( 3.899999999999691713, -2.367136103677643710, 0.9676998811545197698 ) ) ;
#1422 = CARTESIAN_POINT ( 'NONE',  ( 1.980384757729333201, 1.212635927316717253E-16, -1.749999999999996225 ) ) ;
#1423 = CARTESIAN_POINT ( 'NONE',  ( -4.000000000000000000, -2.193931022920848406, -0.9676998811546132506 ) ) ;
#1424 = CARTESIAN_POINT ( 'NONE',  ( -0.1000000000000006994, -4.561067126598043586, 1.350000000000000089 ) ) ;
#1425 = CARTESIAN_POINT ( 'NONE',  ( 0.8203022253684463250, -1.980384757729333201, 0.5000000000000041078 ) ) ;
#1426 = ORIENTED_EDGE ( 'NONE', *, *, #24, .F. ) ;
#1427 = CARTESIAN_POINT ( 'NONE',  ( -1.400343491548889929, 1.400343491548889041, 0.1500000000000040745 ) ) ;
#1428 = CARTESIAN_POINT ( 'NONE',  ( 3.114645759804627464E-16, -2.543301270189221253, -0.6749999999999954925 ) ) ;
#1429 = DATE_AND_TIME ( #264, #1604 ) ;
#1430 = CARTESIAN_POINT ( 'NONE',  ( 3.999999999999998224, -2.228286949694862962, 0.9581610932905261224 ) ) ;
#1431 = CARTESIAN_POINT ( 'NONE',  ( -1.053469879313094548, -2.543301270189221253, 0.02500000000000332165 ) ) ;
#1432 = FACE_OUTER_BOUND ( 'NONE', #1555, .T. ) ;
#1433 = LINE ( 'NONE', #214, #955 ) ;
#1434 = DIRECTION ( 'NONE',  ( 1.000000000000000000, 0.000000000000000000, 0.000000000000000000 ) ) ;
#1435 = CARTESIAN_POINT ( 'NONE',  ( 0.8203022253684459919, 1.980384757729333201, 0.8000000000000040412 ) ) ;
#1436 = ADVANCED_FACE ( 'NONE', ( #222 ), #1789, .T. ) ;
#1437 = ORIENTED_EDGE ( 'NONE', *, *, #942, .F. ) ;
#1438 = CARTESIAN_POINT ( 'NONE',  ( 1.400343491548889485, 1.400343491548889485, 1.550000000000004041 ) ) ;
#1439 = CARTESIAN_POINT ( 'NONE',  ( 3.999999999999999112, 2.193931022920585061, -0.9676998811544196277 ) ) ;
#1440 = COORDINATED_UNIVERSAL_TIME_OFFSET ( 6, 0, .BEHIND. ) ;
#1441 =( BOUNDED_CURVE ( )  B_SPLINE_CURVE ( 2, ( #743, #1787, #1335, #449, #324, #1193, #1217, #1819, #1065 ),
 .UNSPECIFIED., .F., .T. ) 
 B_SPLINE_CURVE_WITH_KNOTS ( ( 3, 2, 2, 2, 3 ),
 ( 0.3249999999999999001, 0.3499999999999999223, 0.3749999999999999445, 0.3999999999999999667, 0.4249999999999999334 ),
 .UNSPECIFIED. ) 
 CURVE ( )  GEOMETRIC_REPRESENTATION_ITEM ( )  RATIONAL_B_SPLINE_CURVE ( ( 1.000000000000000222, 0.9238795325112865164, 1.000000000000000000, 0.9238795325112867385, 1.000000000000000000, 0.9238795325112867385, 1.000000000000000000, 0.9238795325112869605, 0.9999999999999997780 ) ) 
 REPRESENTATION_ITEM ( '' )  );
#1442 = CARTESIAN_POINT ( 'NONE',  ( -0.1000000000000002415, 4.561067126598041810, -0.9676998811544216261 ) ) ;
#1443 = CARTESIAN_POINT ( 'NONE',  ( -1.359747282713918759, -3.833751693812263106, -1.262023445114491604 ) ) ;
#1444 = DIRECTION ( 'NONE',  ( 0.8660254037844397068, 0.000000000000000000, -0.4999999999999979461 ) ) ;
#1445 = VECTOR ( 'NONE', #112, 1000.000000000000000 ) ;
#1446 = CARTESIAN_POINT ( 'NONE',  ( 3.999999999999999112, -5.713325106063178001E-25, -1.292264973081037827 ) ) ;
#1447 = APPROVAL ( #82, 'UNSPECIFIED' ) ;
#1448 = VERTEX_POINT ( 'NONE', #1446 ) ;
#1449 = CARTESIAN_POINT ( 'NONE',  ( 1.980384757729333201, -0.8203022253684458809, -1.699999999999996403 ) ) ;
#1450 = B_SPLINE_CURVE_WITH_KNOTS ( 'NONE', 3,
 ( #1142, #1168, #442, #1644, #1012, #1030 ),
 .UNSPECIFIED., .F., .F.,
 ( 4, 2, 4 ),
 ( 0.004248954562650686557, 0.005357410661910431797, 0.006465866761170177036 ),
 .UNSPECIFIED. ) ;
#1451 = CARTESIAN_POINT ( 'NONE',  ( -3.900000000000000355, -2.367136103677465631, 1.350000000000000089 ) ) ;
#1452 = ORIENTED_EDGE ( 'NONE', *, *, #1351, .T. ) ;
#1453 = CARTESIAN_POINT ( 'NONE',  ( -0.6710839138947384264, -2.132162565378828312, -0.9440504019803249713 ) ) ;
#1454 = CARTESIAN_POINT ( 'NONE',  ( 2.500000000000000444, 1.530808498934191817E-16, -0.5499999999999959366 ) ) ;
#1455 = CARTESIAN_POINT ( 'NONE',  ( 1.767766952966369320, -1.767766952966369098, 0.2500000000000036637 ) ) ;
#1456 = FACE_OUTER_BOUND ( 'NONE', #763, .T. ) ;
#1457 = ORIENTED_EDGE ( 'NONE', *, *, #737, .F. ) ;
#1458 = CARTESIAN_POINT ( 'NONE',  ( -1.798385574751158567, 1.798385574751157678, -1.024999999999996803 ) ) ;
#1459 = CARTESIAN_POINT ( 'NONE',  ( -4.000000000000000000, -2.193931022920593499, 0.9676998811544242907 ) ) ;
#1460 = AXIS2_PLACEMENT_3D ( 'NONE', #519, #1256, #1401 ) ;
#1461 = EDGE_CURVE ( 'NONE', #1090, #79, #1898, .T. ) ;
#1462 = CARTESIAN_POINT ( 'NONE',  ( 1.767766952966369320, -1.767766952966369098, 0.1500000000000043798 ) ) ;
#1463 = VECTOR ( 'NONE', #121, 1000.000000000000000 ) ;
#1464 = CARTESIAN_POINT ( 'NONE',  ( -2.500000000000000444, -1.035533905932739307, 0.8000000000000037081 ) ) ;
#1465 = CARTESIAN_POINT ( 'NONE',  ( 2.395624830136307892, 0.7148298211703103533, -1.213397459621559982 ) ) ;
#1466 = DIRECTION ( 'NONE',  ( -1.000000000000000000, 0.000000000000000000, 0.000000000000000000 ) ) ;
#1467 = VERTEX_POINT ( 'NONE', #1300 ) ;
#1468 = CARTESIAN_POINT ( 'NONE',  ( 2.543301270189220809, 1.053469879313094992, -0.4749999999999967026 ) ) ;
#1469 = CARTESIAN_POINT ( 'NONE',  ( 0.09999999999999850675, -4.561067126598043586, 0.9676998811544206269 ) ) ;
#1470 = B_SPLINE_CURVE_WITH_KNOTS ( 'NONE', 3,
 ( #996, #882, #1031, #1179, #1014, #1928, #1918, #436, #573, #1024, #290, #141, #1784, #564, #1453, #445, #119, #741, #1162, #1153, #1764, #429, #1807, #1503, #1040, #604, #150, #45, #1378, #1836, #1081, #298 ),
 .UNSPECIFIED., .F., .F.,
 ( 4, 2, 2, 2, 2, 2, 2, 2, 2, 2, 2, 2, 2, 2, 2, 4 ),
 ( 0.006336082033994947307, 0.006767318805066338712, 0.007198555576137730116, 0.007629792347209120654, 0.008061029118280511191, 0.008492265889351903463, 0.008923502660423295735, 0.009354739431494686272, 0.009785976202566076809, 0.01021721297363746908, 0.01064844974470885962, 0.01107968651578025016, 0.01151092328685164243, 0.01237339682899442524, 0.01280463360006581751, 0.01323587037113720978 ),
 .UNSPECIFIED. ) ;
#1471 = CARTESIAN_POINT ( 'NONE',  ( -0.03542491060227557359, 4.587830054451389472, -0.9528803277276621797 ) ) ;
#1472 = B_SPLINE_CURVE_WITH_KNOTS ( 'NONE', 3,
 ( #107, #1540, #199, #401, #1598, #1091 ),
 .UNSPECIFIED., .F., .F.,
 ( 4, 2, 4 ),
 ( 0.004375765240172217393, 0.005484864203471677760, 0.006593963166771138994 ),
 .UNSPECIFIED. ) ;
#1473 = ADVANCED_FACE ( 'NONE', ( #77 ), #325, .T. ) ;
#1474 = CARTESIAN_POINT ( 'NONE',  ( 3.900000000000100275, -2.367136103677415893, -0.9676998811543897627 ) ) ;
#1475 = CARTESIAN_POINT ( 'NONE',  ( 3.899999999999999911, 0.000000000000000000, 1.350000000000000089 ) ) ;
#1476 = CARTESIAN_POINT ( 'NONE',  ( 0.8203022253684459919, 1.980384757729333201, 0.9000000000000040190 ) ) ;
#1477 = ADVANCED_FACE ( 'NONE', ( #1594 ), #689, .T. ) ;
#1478 = VERTEX_POINT ( 'NONE', #520 ) ;
#1479 = AXIS2_PLACEMENT_3D ( 'NONE', #1210, #620, #651 ) ;
#1480 = CARTESIAN_POINT ( 'NONE',  ( 0.000000000000000000, 1.980384757729333201, 0.9500000000000040634 ) ) ;
#1481 = FACE_OUTER_BOUND ( 'NONE', #472, .T. ) ;
#1482 = LOCAL_TIME ( 9, 19, 10.00000000000000000, #1409 ) ;
#1483 = FACE_OUTER_BOUND ( 'NONE', #424, .T. ) ;
#1484 = CARTESIAN_POINT ( 'NONE',  ( -1.071905626096278263, -2.033954258170893592, 1.006852304373849094 ) ) ;
#1485 = CARTESIAN_POINT ( 'NONE',  ( 1.351114802579157503, -3.838735658541842177, -1.291634358863111398 ) ) ;
#1486 = CARTESIAN_POINT ( 'NONE',  ( 2.500000000000000444, 1.530808498934191817E-16, 0.3500000000000037526 ) ) ;
#1487 = CARTESIAN_POINT ( 'NONE',  ( -0.8203022253684455478, -1.980384757729333645, 1.300000000000003819 ) ) ;
#1488 = ORIENTED_EDGE ( 'NONE', *, *, #1082, .F. ) ;
#1489 = CARTESIAN_POINT ( 'NONE',  ( 0.8203022253684459919, 1.980384757729333201, -1.599999999999996314 ) ) ;
#1490 = CARTESIAN_POINT ( 'NONE',  ( 1.798385574751158122, -1.798385574751157900, -1.424999999999996492 ) ) ;
#1491 = FACE_OUTER_BOUND ( 'NONE', #169, .T. ) ;
#1492 = CARTESIAN_POINT ( 'NONE',  ( 0.000000000000000000, -2.710505431213761085E-16, 1.213158834912024808 ) ) ;
#1493 = CARTESIAN_POINT ( 'NONE',  ( -0.5508581691000117297, 2.031330225450629356, 0.8136051626419010807 ) ) ;
#1494 = LINE ( 'NONE', #1325, #1791 ) ;
#1495 = CARTESIAN_POINT ( 'NONE',  ( -2.333012701891507668, -2.150578603278313779E-11, -1.046410161513068759 ) ) ;
#1496 = CARTESIAN_POINT ( 'NONE',  ( -1.980384757729332534, 0.8203022253684464360, 1.100000000000004086 ) ) ;
#1497 = ORIENTED_EDGE ( 'NONE', *, *, #243, .F. ) ;
#1498 = CARTESIAN_POINT ( 'NONE',  ( 0.000000000000000000, 2.543301270189221253, 1.325000000000004619 ) ) ;
#1499 = CARTESIAN_POINT ( 'NONE',  ( 1.400343491548889485, -1.400343491548889263, 0.6500000000000041300 ) ) ;
#1500 = DIRECTION ( 'NONE',  ( -0.000000000000000000, -0.000000000000000000, -1.000000000000000000 ) ) ;
#1501 = ADVANCED_FACE ( 'NONE', ( #1414 ), #254, .F. ) ;
#1502 = CARTESIAN_POINT ( 'NONE',  ( 2.543301270189220809, -1.053469879313094770, -1.324999999999995293 ) ) ;
#1503 = CARTESIAN_POINT ( 'NONE',  ( 1.248711641672635597, -1.763697754250014516, -0.8695393497220995638 ) ) ;
#1504 = CARTESIAN_POINT ( 'NONE',  ( 0.000000000000000000, 2.543301270189221253, -0.3249999999999967359 ) ) ;
#1505 = CARTESIAN_POINT ( 'NONE',  ( -1.767766952966369098, -1.767766952966369765, 0.8500000000000037526 ) ) ;
#1506 = CARTESIAN_POINT ( 'NONE',  ( 3.999999999999999112, 1.838742032417017169, -1.066316706550073823 ) ) ;
#1507 = CARTESIAN_POINT ( 'NONE',  ( 1.400343491548889485, 1.400343491548889485, -0.7499999999999958922 ) ) ;
#1508 = ORIENTED_EDGE ( 'NONE', *, *, #1823, .F. ) ;
#1509 = CARTESIAN_POINT ( 'NONE',  ( 4.000000000000000000, 2.228274373287419508, 0.9581645850805592390 ) ) ;
#1510 = CARTESIAN_POINT ( 'NONE',  ( 1.894195587896344124, 0.8032315732246717577, -0.7604587150694896991 ) ) ;
#1511 = CARTESIAN_POINT ( 'NONE',  ( -0.3541096804344679994, 1.952722154370272634, -0.6937822173508955137 ) ) ;
#1512 = ORIENTED_EDGE ( 'NONE', *, *, #1655, .T. ) ;
#1513 = VECTOR ( 'NONE', #516, 1000.000000000000000 ) ;
#1514 = CARTESIAN_POINT ( 'NONE',  ( 1.798385574751158122, 1.798385574751158122, -1.174999999999995381 ) ) ;
#1515 = CARTESIAN_POINT ( 'NONE',  ( -2.500000000000000444, -4.592425496802574958E-16, -0.9499999999999956257 ) ) ;
#1516 = CARTESIAN_POINT ( 'NONE',  ( 2.499999999999996447, 1.035533905932741527, -0.4999999999999955591 ) ) ;
#1517 = CARTESIAN_POINT ( 'NONE',  ( 2.500000000000000444, 1.530808498934191817E-16, 1.050000000000004263 ) ) ;
#1518 = ORIENTED_EDGE ( 'NONE', *, *, #852, .F. ) ;
#1519 = CARTESIAN_POINT ( 'NONE',  ( -1.400343491548889263, -1.400343491548889929, -0.3499999999999961475 ) ) ;
#1520 = CARTESIAN_POINT ( 'NONE',  ( -0.8203022253684473242, 1.980384757729332978, 0.2000000000000040079 ) ) ;
#1521 = CARTESIAN_POINT ( 'NONE',  ( -0.8440721020321663159, 1.791498276643790133, -0.6937822173508957357 ) ) ;
#1522 = VERTEX_POINT ( 'NONE', #1583 ) ;
#1523 = CARTESIAN_POINT ( 'NONE',  ( -2.543301270189220809, 1.053469879313095436, 1.425000000000003819 ) ) ;
#1524 =( BOUNDED_CURVE ( )  B_SPLINE_CURVE ( 2, ( #857, #1464, #1505, #595, #161, #605, #901, #722, #760 ),
 .UNSPECIFIED., .F., .T. ) 
 B_SPLINE_CURVE_WITH_KNOTS ( ( 3, 2, 2, 2, 3 ),
 ( 0.7249999999999999778, 0.7500000000000000000, 0.7750000000000001332, 0.8000000000000001554, 0.8250000000000000666 ),
 .UNSPECIFIED. ) 
 CURVE ( )  GEOMETRIC_REPRESENTATION_ITEM ( )  RATIONAL_B_SPLINE_CURVE ( ( 1.000000000000000000, 0.9238795325112867385, 1.000000000000000000, 0.9238795325112867385, 1.000000000000000000, 0.9238795325112867385, 1.000000000000000000, 0.9238795325112864054, 1.000000000000000444 ) ) 
 REPRESENTATION_ITEM ( '' )  );
#1525 = CARTESIAN_POINT ( 'NONE',  ( 1.035533905932738197, -2.500000000000000444, -0.6999999999999958478 ) ) ;
#1526 = CARTESIAN_POINT ( 'NONE',  ( 3.999999999999999112, 1.478941625030975704, -1.147923810031447056 ) ) ;
#1527 = ORIENTED_EDGE ( 'NONE', *, *, #793, .F. ) ;
#1528 = CARTESIAN_POINT ( 'NONE',  ( 0.8203022253684459919, 1.980384757729333201, -1.499999999999996003 ) ) ;
#1529 = CARTESIAN_POINT ( 'NONE',  ( 1.980384757729333201, -0.8203022253684458809, -0.09999999999999592548 ) ) ;
#1530 = ORIENTED_EDGE ( 'NONE', *, *, #303, .F. ) ;
#1531 =( BOUNDED_CURVE ( )  B_SPLINE_CURVE ( 2, ( #86, #529, #102 ),
 .UNSPECIFIED., .F., .T. ) 
 B_SPLINE_CURVE_WITH_KNOTS ( ( 3, 3 ),
 ( 0.8250000000000000666, 0.8406725671304215997 ),
 .UNSPECIFIED. ) 
 CURVE ( )  GEOMETRIC_REPRESENTATION_ITEM ( )  RATIONAL_B_SPLINE_CURVE ( ( 0.9999999999999996669, 0.9522798745313626467, 0.9643914986530743860 ) ) 
 REPRESENTATION_ITEM ( '' )  );
#1532 = CARTESIAN_POINT ( 'NONE',  ( 4.000000000000000000, -2.193931022920593943, 0.9676998811544241796 ) ) ;
#1533 =( LENGTH_UNIT ( ) NAMED_UNIT ( * ) SI_UNIT ( .MILLI., .METRE. ) );
#1534 = CARTESIAN_POINT ( 'NONE',  ( 4.000000000000000000, 0.3708273168550729748, 1.292264973081038049 ) ) ;
#1535 = ORIENTED_EDGE ( 'NONE', *, *, #556, .T. ) ;
#1536 = CARTESIAN_POINT ( 'NONE',  ( 1.980384757729333201, 0.8203022253684462139, -1.599999999999996314 ) ) ;
#1537 = CARTESIAN_POINT ( 'NONE',  ( 0.3451397221309047691, 1.980384757729333645, -0.6710373513235207144 ) ) ;
#1538 = CARTESIAN_POINT ( 'NONE',  ( -1.350764621084780792, 3.838937835921883757, 1.291797845905443776 ) ) ;
#1539 = ORIENTED_EDGE ( 'NONE', *, *, #1159, .T. ) ;
#1540 = CARTESIAN_POINT ( 'NONE',  ( 4.000000000000000000, -1.835741744922756435, 1.067149724565444213 ) ) ;
#1541 = CARTESIAN_POINT ( 'NONE',  ( 1.400343491548889485, -1.400343491548889263, 0.5500000000000040412 ) ) ;
#1542 = CARTESIAN_POINT ( 'NONE',  ( -1.827550936106310697, 1.554433229357193857, -1.103627021128535279 ) ) ;
#1543 = ORIENTED_EDGE ( 'NONE', *, *, #645, .T. ) ;
#1544 = CARTESIAN_POINT ( 'NONE',  ( -1.980384757729332534, -0.8203022253684469911, -1.199999999999995737 ) ) ;
#1545 = CARTESIAN_POINT ( 'NONE',  ( 0.7207823126781200962, -4.202658291265172430, 1.166721486436504085 ) ) ;
#1546 = CARTESIAN_POINT ( 'NONE',  ( 0.6699314727415168758, 1.863629687056163053, -0.6937822173508961798 ) ) ;
#1547 = EDGE_CURVE ( 'NONE', #97, #1675, #402, .T. ) ;
#1548 = EDGE_LOOP ( 'NONE', ( #1535, #1404, #61, #1218 ) ) ;
#1549 = CARTESIAN_POINT ( 'NONE',  ( -4.000000000000000000, -2.193931022920848406, -0.9676998811546132506 ) ) ;
#1550 = CARTESIAN_POINT ( 'NONE',  ( 0.8637549443331202781, 2.065404391153927044, -0.9463657572907441251 ) ) ;
#1551 = ORIENTED_EDGE ( 'NONE', *, *, #1273, .F. ) ;
#1552 = CARTESIAN_POINT ( 'NONE',  ( 3.955700883454007499, -2.324312553844551932, -0.9528451662810453193 ) ) ;
#1553 = CARTESIAN_POINT ( 'NONE',  ( -0.8203022253684457699, -1.980384757729333645, -0.2999999999999959921 ) ) ;
#1554 = CARTESIAN_POINT ( 'NONE',  ( -1.980384757729332534, -0.8203022253684469911, -0.4999999999999958922 ) ) ;
#1555 = EDGE_LOOP ( 'NONE', ( #812, #1337, #1049, #466 ) ) ;
#1556 = EDGE_CURVE ( 'NONE', #854, #1059, #235, .T. ) ;
#1557 = EDGE_CURVE ( 'NONE', #1174, #1372, #1309, .T. ) ;
#1558 = CARTESIAN_POINT ( 'NONE',  ( -1.053469879313094548, -2.543301270189221253, 0.8750000000000046629 ) ) ;
#1559 = CARTESIAN_POINT ( 'NONE',  ( 3.929742213868665957, -2.349964428494097035, 0.9581645850828289790 ) ) ;
#1560 = CARTESIAN_POINT ( 'NONE',  ( -4.000000000000000000, -1.470413315912803887, -1.149617722266721209 ) ) ;
#1561 = DIRECTION ( 'NONE',  ( -1.000000000000000000, 0.000000000000000000, 0.000000000000000000 ) ) ;
#1562 = CARTESIAN_POINT ( 'NONE',  ( 2.425271854633434506E-16, -1.980384757729333201, 0.4500000000000040079 ) ) ;
#1563 = ORIENTED_EDGE ( 'NONE', *, *, #577, .F. ) ;
#1564 = CARTESIAN_POINT ( 'NONE',  ( 1.980384757729333201, -0.8203022253684458809, 0.6000000000000040856 ) ) ;
#1565 = ADVANCED_FACE ( 'NONE', ( #1009, #1456 ), #438, .F. ) ;
#1566 = CARTESIAN_POINT ( 'NONE',  ( 2.543301270189220809, 1.053469879313094992, -0.4249999999999954925 ) ) ;
#1567 = VECTOR ( 'NONE', #56, 1000.000000000000000 ) ;
#1568 = PERSON_AND_ORGANIZATION ( #160, #940 ) ;
#1569 = CARTESIAN_POINT ( 'NONE',  ( -0.05111888075631781242, -2.336014473249338863, 1.044488650841810529 ) ) ;
#1570 = CC_DESIGN_SECURITY_CLASSIFICATION ( #1855, ( #227 ) ) ;
#1571 = CARTESIAN_POINT ( 'NONE',  ( 1.980384757729333201, 3.028021235190088611E-11, 0.6926359006181069811 ) ) ;
#1572 = DIRECTION ( 'NONE',  ( 0.000000000000000000, 0.000000000000000000, 1.000000000000000000 ) ) ;
#1573 = CARTESIAN_POINT ( 'NONE',  ( 2.500000000000000444, 1.530808498934191817E-16, 0.2500000000000041633 ) ) ;
#1574 = CARTESIAN_POINT ( 'NONE',  ( 1.980384757729333201, -0.8203022253684458809, -0.9999999999999958922 ) ) ;
#1575 = ORIENTED_EDGE ( 'NONE', *, *, #1846, .T. ) ;
#1576 = CARTESIAN_POINT ( 'NONE',  ( -1.980384757729332534, -0.8203022253684469911, 0.3000000000000040412 ) ) ;
#1577 = APPROVAL_ROLE ( '' ) ;
#1578 =( BOUNDED_CURVE ( )  B_SPLINE_CURVE ( 2, ( #590, #1781, #1392, #775, #493, #359, #503, #1078, #69 ),
 .UNSPECIFIED., .F., .T. ) 
 B_SPLINE_CURVE_WITH_KNOTS ( ( 3, 2, 2, 2, 3 ),
 ( 0.6250000000000000000, 0.6500000000000000222, 0.6750000000000000444, 0.6999999999999999556, 0.7249999999999999778 ),
 .UNSPECIFIED. ) 
 CURVE ( )  GEOMETRIC_REPRESENTATION_ITEM ( )  RATIONAL_B_SPLINE_CURVE ( ( 1.000000000000000000, 0.9238795325112867385, 1.000000000000000000, 0.9238795325112867385, 1.000000000000000000, 0.9238795325112867385, 1.000000000000000000, 0.9238795325112867385, 1.000000000000000000 ) ) 
 REPRESENTATION_ITEM ( '' )  );
#1579 = DIRECTION ( 'NONE',  ( -0.8660254037844397068, -1.060575238724908147E-16, -0.4999999999999979461 ) ) ;
#1580 = ADVANCED_FACE ( 'NONE', ( #301 ), #1624, .F. ) ;
#1581 = CARTESIAN_POINT ( 'NONE',  ( 1.898242127037731652, -0.5836187239118144632, 0.6926359006181060929 ) ) ;
#1582 = CARTESIAN_POINT ( 'NONE',  ( 3.990889409522281550, -2.263237170170824708, -0.9528802487797066734 ) ) ;
#1583 = CARTESIAN_POINT ( 'NONE',  ( -4.000000000000000000, 2.193931022920585505, -0.9676998811544189616 ) ) ;
#1584 = CARTESIAN_POINT ( 'NONE',  ( 0.8203022253684463250, -1.980384757729333201, -1.099999999999996092 ) ) ;
#1585 = ORIENTED_EDGE ( 'NONE', *, *, #1106, .F. ) ;
#1586 = CARTESIAN_POINT ( 'NONE',  ( 0.8203022253684463250, -1.980384757729333201, -0.2999999999999959921 ) ) ;
#1587 = CARTESIAN_POINT ( 'NONE',  ( -2.500000000000000444, -1.035533905932739307, -0.8999999999999955813 ) ) ;
#1588 = B_SPLINE_CURVE_WITH_KNOTS ( 'NONE', 3,
 ( #780, #1534, #638, #1228, #626, #192 ),
 .UNSPECIFIED., .F., .F.,
 ( 4, 2, 4 ),
 ( 0.006593963166771138994, 0.007703441742497882730, 0.008812920318224627333 ),
 .UNSPECIFIED. ) ;
#1589 = PERSON_AND_ORGANIZATION_ROLE ( 'creator' ) ;
#1590 = CARTESIAN_POINT ( 'NONE',  ( 2.249700893059280116, 1.007379712051689413, -1.173096755880395747 ) ) ;
#1591 = CARTESIAN_POINT ( 'NONE',  ( 1.400343491548889485, -1.400343491548889263, -1.049999999999996048 ) ) ;
#1592 =( BOUNDED_CURVE ( )  B_SPLINE_CURVE ( 2, ( #1465, #1766, #575, #885, #1930, #1033, #1921, #1603, #1026 ),
 .UNSPECIFIED., .F., .T. ) 
 B_SPLINE_CURVE_WITH_KNOTS ( ( 3, 2, 2, 2, 3 ),
 ( 0.2342695988399036700, 0.2500000000000000000, 0.2750000000000000222, 0.2999999999999999889, 0.3249999999999999001 ),
 .UNSPECIFIED. ) 
 CURVE ( )  GEOMETRIC_REPRESENTATION_ITEM ( )  RATIONAL_B_SPLINE_CURVE ( ( 0.9644817006660904024, 0.9521037803963388058, 1.000000000000000000, 0.9238795325112867385, 1.000000000000000000, 0.9238795325112867385, 1.000000000000000000, 0.9238795325112869605, 0.9999999999999997780 ) ) 
 REPRESENTATION_ITEM ( '' )  );
#1593 = CARTESIAN_POINT ( 'NONE',  ( -4.000000000000000000, 0.3704138653287792349, -1.292264973081037605 ) ) ;
#1594 = FACE_OUTER_BOUND ( 'NONE', #782, .T. ) ;
#1595 = CARTESIAN_POINT ( 'NONE',  ( -1.980384757729332534, 0.8203022253684464360, -1.399999999999996581 ) ) ;
#1596 = EDGE_LOOP ( 'NONE', ( #1076, #1080, #941, #1666 ) ) ;
#1597 = CARTESIAN_POINT ( 'NONE',  ( -1.980384757729333201, -3.637907781950151512E-16, -1.249999999999996003 ) ) ;
#1598 = CARTESIAN_POINT ( 'NONE',  ( 4.000000000000000000, -0.3707004368405035777, 1.292264973081037382 ) ) ;
#1599 = APPROVAL_ROLE ( '' ) ;
#1600 = CARTESIAN_POINT ( 'NONE',  ( -3.899999999999691713, 2.367136103677643710, 0.9676998811545194368 ) ) ;
#1601 = VECTOR ( 'NONE', #1500, 1000.000000000000000 ) ;
#1602 = CARTESIAN_POINT ( 'NONE',  ( -1.035533905932739751, 2.500000000000000444, -0.1999999999999964306 ) ) ;
#1603 = CARTESIAN_POINT ( 'NONE',  ( -2.499999999999998224, 1.035533905932739973, -0.8999999999999965805 ) ) ;
#1604 = LOCAL_TIME ( 9, 19, 10.00000000000000000, #844 ) ;
#1605 = CARTESIAN_POINT ( 'NONE',  ( -2.500000000000002220, 1.035533905932736864, 0.6000000000000044187 ) ) ;
#1606 = ORIENTED_EDGE ( 'NONE', *, *, #1773, .T. ) ;
#1607 = MANIFOLD_SOLID_BREP ( 'Cut-Extrude3', #375 ) ;
#1608 = CARTESIAN_POINT ( 'NONE',  ( -1.400343491548889929, 1.400343491548889041, 0.9500000000000040634 ) ) ;
#1609 = CARTESIAN_POINT ( 'NONE',  ( -4.000000000000000000, -1.835741744924477059, 1.067149724564966595 ) ) ;
#1610 = ADVANCED_FACE ( 'NONE', ( #16 ), #1845, .T. ) ;
#1611 = ORIENTED_EDGE ( 'NONE', *, *, #592, .F. ) ;
#1612 = CARTESIAN_POINT ( 'NONE',  ( -1.326077613966056390, -1.864836684192947569, 0.9959415236153320583 ) ) ;
#1613 = CARTESIAN_POINT ( 'NONE',  ( 0.000000000000000000, 1.980384757729333201, -1.549999999999996048 ) ) ;
#1614 = LINE ( 'NONE', #567, #439 ) ;
#1615 = CARTESIAN_POINT ( 'NONE',  ( -1.980384757729332534, -0.8203022253684469911, 1.200000000000004174 ) ) ;
#1616 = ORIENTED_EDGE ( 'NONE', *, *, #1655, .F. ) ;
#1617 = CARTESIAN_POINT ( 'NONE',  ( 1.400343491548889485, 1.400343491548889485, 0.05000000000000403427 ) ) ;
#1618 = PLANE ( 'NONE',  #1093 ) ;
#1619 = ADVANCED_FACE ( 'NONE', ( #1432 ), #1145, .F. ) ;
#1620 = ADVANCED_FACE ( 'NONE', ( #1007 ), #1350, .T. ) ;
#1621 = LINE ( 'NONE', #1747, #357 ) ;
#1622 = LINE ( 'NONE', #1052, #1758 ) ;
#1623 = DIRECTION ( 'NONE',  ( -0.000000000000000000, -0.000000000000000000, -1.000000000000000000 ) ) ;
#1624 = CYLINDRICAL_SURFACE ( 'NONE', #447, 2.500000000000000444 ) ;
#1625 = ORIENTED_EDGE ( 'NONE', *, *, #1669, .F. ) ;
#1626 = CARTESIAN_POINT ( 'NONE',  ( 1.980384757729333201, -0.8203022253684458809, -0.09999999999999592548 ) ) ;
#1627 = DIRECTION ( 'NONE',  ( 1.000000000000000000, 0.000000000000000000, 0.000000000000000000 ) ) ;
#1628 = CARTESIAN_POINT ( 'NONE',  ( 2.543301270189221253, 1.557322879902313732E-16, -2.074999999999995737 ) ) ;
#1629 = CARTESIAN_POINT ( 'NONE',  ( -0.6522990869837652639, -2.221798884633991555, 1.023392233336406942 ) ) ;
#1630 = CARTESIAN_POINT ( 'NONE',  ( -1.035533905932739751, 2.500000000000000444, -1.099999999999995426 ) ) ;
#1631 = CARTESIAN_POINT ( 'NONE',  ( 1.035533905932738197, -2.500000000000000444, 0.2000000000000037026 ) ) ;
#1632 = CARTESIAN_POINT ( 'NONE',  ( 0.000000000000000000, 0.000000000000000000, -1.350000000000000089 ) ) ;
#1633 = ORIENTED_EDGE ( 'NONE', *, *, #518, .F. ) ;
#1634 = CARTESIAN_POINT ( 'NONE',  ( -0.8203022253684455478, -1.980384757729333645, -0.2999999999999959921 ) ) ;
#1635 = CARTESIAN_POINT ( 'NONE',  ( -0.8440721020321663159, 1.791498276643790133, -0.6937822173508957357 ) ) ;
#1636 = CARTESIAN_POINT ( 'NONE',  ( -0.5064111226182156367, -2.265110026705022150, 1.028787805885479800 ) ) ;
#1637 = CARTESIAN_POINT ( 'NONE',  ( 2.316838121536743067, -3.281175040378979446, -1.292576570519386348 ) ) ;
#1638 = EDGE_CURVE ( 'NONE', #302, #21, #1277, .T. ) ;
#1639 = DIRECTION ( 'NONE',  ( 0.7064894449438382518, 0.000000000000000000, 0.7077235789366830288 ) ) ;
#1640 = CARTESIAN_POINT ( 'NONE',  ( 1.400343491548889485, -1.400343491548889263, -0.1499999999999958311 ) ) ;
#1641 = ORIENTED_EDGE ( 'NONE', *, *, #1556, .F. ) ;
#1642 = CARTESIAN_POINT ( 'NONE',  ( 1.980384757729333201, 1.212635927316717253E-16, -1.749999999999996225 ) ) ;
#1643 = CARTESIAN_POINT ( 'NONE',  ( 1.980384757729333201, 0.8203022253684462139, 1.600000000000004530 ) ) ;
#1644 = CARTESIAN_POINT ( 'NONE',  ( 4.000000000000000000, -0.7383419186433760606, -1.262103664016761106 ) ) ;
#1645 =( BOUNDED_CURVE ( )  B_SPLINE_CURVE ( 2, ( #624, #785, #1672, #1525, #182, #635, #983, #1587, #842 ),
 .UNSPECIFIED., .F., .T. ) 
 B_SPLINE_CURVE_WITH_KNOTS ( ( 3, 2, 2, 2, 3 ),
 ( 0.6499999999999999112, 0.6749999999999999334, 0.6999999999999999556, 0.7249999999999999778, 0.7500000000000000000 ),
 .UNSPECIFIED. ) 
 CURVE ( )  GEOMETRIC_REPRESENTATION_ITEM ( )  RATIONAL_B_SPLINE_CURVE ( ( 1.000000000000000444, 0.9238795325112864054, 1.000000000000000000, 0.9238795325112867385, 1.000000000000000000, 0.9238795325112867385, 1.000000000000000000, 0.9238795325112867385, 1.000000000000000000 ) ) 
 REPRESENTATION_ITEM ( '' )  );
#1646 = ORIENTED_EDGE ( 'NONE', *, *, #446, .F. ) ;
#1647 = CARTESIAN_POINT ( 'NONE',  ( 1.798385574751158122, 1.798385574751158122, 1.175000000000003375 ) ) ;
#1648 = CARTESIAN_POINT ( 'NONE',  ( -1.225120641320243342, 1.746353784731401682, 0.8422350183603786178 ) ) ;
#1649 = CARTESIAN_POINT ( 'NONE',  ( -2.500000000000000444, -4.592425496802574958E-16, -0.1499999999999957756 ) ) ;
#1650 = CARTESIAN_POINT ( 'NONE',  ( -1.980384757729332534, 0.8203022253684464360, -0.4999999999999961142 ) ) ;
#1651 = ORIENTED_EDGE ( 'NONE', *, *, #1669, .T. ) ;
#1652 = CARTESIAN_POINT ( 'NONE',  ( 1.980384757729333201, -0.8203022253684458809, -1.699999999999996403 ) ) ;
#1653 = CARTESIAN_POINT ( 'NONE',  ( 0.000000000000000000, -2.710505431213761085E-16, 1.350000000000000089 ) ) ;
#1654 = CARTESIAN_POINT ( 'NONE',  ( 0.4193732124387841154, 1.939780929996873127, -0.6937822173508971790 ) ) ;
#1655 = EDGE_CURVE ( 'NONE', #887, #1368, #728, .T. ) ;
#1656 = VERTEX_POINT ( 'NONE', #1756 ) ;
#1657 = CARTESIAN_POINT ( 'NONE',  ( -1.602776180041446619, 1.434666060724166359, 0.8601476714266597101 ) ) ;
#1658 = CARTESIAN_POINT ( 'NONE',  ( 3.114645759804627464E-16, -2.543301270189221253, 0.8750000000000033307 ) ) ;
#1659 = LINE ( 'NONE', #1192, #1670 ) ;
#1660 = CARTESIAN_POINT ( 'NONE',  ( -2.333012701891507668, -2.150578603278313779E-11, -1.046410161513068759 ) ) ;
#1661 = CARTESIAN_POINT ( 'NONE',  ( 1.980384757729333201, -0.8203022253684458809, -0.8999999999999959144 ) ) ;
#1662 = ORIENTED_EDGE ( 'NONE', *, *, #1233, .F. ) ;
#1663 = CARTESIAN_POINT ( 'NONE',  ( 2.425271854633434506E-16, -1.980384757729333201, -1.049999999999995826 ) ) ;
#1664 = CARTESIAN_POINT ( 'NONE',  ( 2.641622056459557388, -3.093660948122827214, 1.261836440997162967 ) ) ;
#1665 = CARTESIAN_POINT ( 'NONE',  ( -0.7207823126781213174, 4.202658291265168877, 1.166721486436504529 ) ) ;
#1666 = ORIENTED_EDGE ( 'NONE', *, *, #602, .F. ) ;
#1667 = VECTOR ( 'NONE', #1579, 1000.000000000000114 ) ;
#1668 = CYLINDRICAL_SURFACE ( 'NONE', #1237, 0.2000000000000000389 ) ;
#1669 = EDGE_CURVE ( 'NONE', #154, #854, #1799, .T. ) ;
#1670 = VECTOR ( 'NONE', #876, 1000.000000000000000 ) ;
#1671 =( BOUNDED_CURVE ( )  B_SPLINE_CURVE ( 2, ( #1517, #460, #1674, #337, #924, #939, #354, #183, #1830 ),
 .UNSPECIFIED., .F., .T. ) 
 B_SPLINE_CURVE_WITH_KNOTS ( ( 3, 2, 2, 2, 3 ),
 ( 0.2499999999999999722, 0.2749999999999999667, 0.2999999999999999334, 0.3249999999999999556, 0.3499999999999999223 ),
 .UNSPECIFIED. ) 
 CURVE ( )  GEOMETRIC_REPRESENTATION_ITEM ( )  RATIONAL_B_SPLINE_CURVE ( ( 1.000000000000000000, 0.9238795325112866275, 1.000000000000000000, 0.9238795325112867385, 1.000000000000000000, 0.9238795325112867385, 1.000000000000000000, 0.9238795325112869605, 0.9999999999999997780 ) ) 
 REPRESENTATION_ITEM ( '' )  );
#1672 = CARTESIAN_POINT ( 'NONE',  ( 1.767766952966369320, -1.767766952966369098, -0.6499999999999956923 ) ) ;
#1673 = CARTESIAN_POINT ( 'NONE',  ( -1.156292853573287038, 1.644394129524492376, -0.6710373513235207144 ) ) ;
#1674 = CARTESIAN_POINT ( 'NONE',  ( 1.767766952966369320, -1.767766952966369098, 0.9500000000000042855 ) ) ;
#1675 = VERTEX_POINT ( 'NONE', #1880 ) ;
#1676 = CARTESIAN_POINT ( 'NONE',  ( 2.543301270189221253, 1.557322879902313732E-16, 1.125000000000004441 ) ) ;
#1677 = CARTESIAN_POINT ( 'NONE',  ( -1.400343491548889929, 1.400343491548889041, -0.5499999999999958256 ) ) ;
#1678 = CARTESIAN_POINT ( 'NONE',  ( 1.784013697371008123, -0.8597784111265498463, 0.6926359006181059819 ) ) ;
#1679 = ORIENTED_EDGE ( 'NONE', *, *, #24, .T. ) ;
#1680 = CARTESIAN_POINT ( 'NONE',  ( 1.186141759003762619, 1.651322617090674738, 0.7418099847614784137 ) ) ;
#1681 = EDGE_CURVE ( 'NONE', #1840, #1752, #781, .T. ) ;
#1682 = CARTESIAN_POINT ( 'NONE',  ( 0.000000000000000000, 2.543301270189221253, 0.4750000000000034195 ) ) ;
#1683 = CARTESIAN_POINT ( 'NONE',  ( -1.400343491548889929, 1.400343491548889041, 0.1500000000000040745 ) ) ;
#1684 = DIRECTION ( 'NONE',  ( -0.000000000000000000, -0.000000000000000000, 1.000000000000000000 ) ) ;
#1685 = EDGE_LOOP ( 'NONE', ( #370, #933, #945, #462 ) ) ;
#1686 = CARTESIAN_POINT ( 'NONE',  ( -3.899999999999999911, -5.200435143280681246E-16, 1.350000000000000089 ) ) ;
#1687 = B_SPLINE_CURVE_WITH_KNOTS ( 'NONE', 3,
 ( #680, #376, #960, #1560, #978, #1423 ),
 .UNSPECIFIED., .F., .F.,
 ( 4, 2, 4 ),
 ( 0.01407738424438707142, 0.01518657726437828981, 0.01629577028436950820 ),
 .UNSPECIFIED. ) ;
#1688 = CARTESIAN_POINT ( 'NONE',  ( -1.980384757729332978, -0.8203022253684472131, -0.3999999999999958034 ) ) ;
#1689 = VERTEX_POINT ( 'NONE', #548 ) ;
#1690 = CARTESIAN_POINT ( 'NONE',  ( 1.980384757729333201, 3.028021235190088611E-11, 0.6926359006181069811 ) ) ;
#1691 = CARTESIAN_POINT ( 'NONE',  ( 0.000000000000000000, 2.543301270189221253, -0.2749999999999955258 ) ) ;
#1692 = CARTESIAN_POINT ( 'NONE',  ( 0.8203022253684463250, -1.980384757729333201, 0.5000000000000041078 ) ) ;
#1693 = CARTESIAN_POINT ( 'NONE',  ( -1.024561639446581074, 2.207281352253227080, -1.138046228102311375 ) ) ;
#1694 = EDGE_LOOP ( 'NONE', ( #1875, #165, #1932, #130, #217, #1207, #843, #294, #202, #1232 ) ) ;
#1695 = CARTESIAN_POINT ( 'NONE',  ( -1.980384757729332534, 0.8203022253684464360, -1.299999999999996048 ) ) ;
#1696 = CARTESIAN_POINT ( 'NONE',  ( -0.8203022253684457699, -1.980384757729333645, 0.5000000000000041078 ) ) ;
#1697 = ORIENTED_EDGE ( 'NONE', *, *, #544, .T. ) ;
#1698 = VECTOR ( 'NONE', #1699, 1000.000000000000000 ) ;
#1699 = DIRECTION ( 'NONE',  ( -0.000000000000000000, -0.000000000000000000, -1.000000000000000000 ) ) ;
#1700 = CARTESIAN_POINT ( 'NONE',  ( -2.543301270189221253, -4.671968639706940456E-16, -0.07499999999999543143 ) ) ;
#1701 = CARTESIAN_POINT ( 'NONE',  ( 1.980384757729333201, 1.212635927316717253E-16, -0.1499999999999960532 ) ) ;
#1702 = CARTESIAN_POINT ( 'NONE',  ( 2.369830791979756324, -0.6015253435618360678, 1.153311003722198302 ) ) ;
#1703 = CARTESIAN_POINT ( 'NONE',  ( -2.649235378915219208, -3.089265394353623684, 1.291797845905442665 ) ) ;
#1704 = EDGE_CURVE ( 'NONE', #501, #1522, #1902, .T. ) ;
#1705 = CARTESIAN_POINT ( 'NONE',  ( -3.955700883454010164, 2.324312553844572360, -0.9528451662810383249 ) ) ;
#1706 = CARTESIAN_POINT ( 'NONE',  ( -1.980384757729332978, 0.8203022253684465470, 0.3000000000000040412 ) ) ;
#1707 = CARTESIAN_POINT ( 'NONE',  ( 2.425271854633434506E-16, -1.980384757729333201, -0.3499999999999959255 ) ) ;
#1708 = VERTEX_POINT ( 'NONE', #1454 ) ;
#1709 = B_SPLINE_CURVE_WITH_KNOTS ( 'NONE', 3,
 ( #1421, #1559, #91, #1276, #1430, #1136 ),
 .UNSPECIFIED., .F., .F.,
 ( 4, 2, 4 ),
 ( 7.994592462731861906E-17, 0.0001055174762720855445, 0.0002110349525440911292 ),
 .UNSPECIFIED. ) ;
#1710 = VECTOR ( 'NONE', #558, 1000.000000000000000 ) ;
#1711 = CARTESIAN_POINT ( 'NONE',  ( 1.980384757729333201, -0.8203022253684458809, 0.6000000000000040856 ) ) ;
#1712 = CARTESIAN_POINT ( 'NONE',  ( 2.436027274589540159, -0.3048194185449904503, 1.163391413056909185 ) ) ;
#1713 = CARTESIAN_POINT ( 'NONE',  ( 0.000000000000000000, 0.000000000000000000, -1.350000000000000089 ) ) ;
#1714 = DIRECTION ( 'NONE',  ( 0.000000000000000000, 0.000000000000000000, -1.000000000000000000 ) ) ;
#1715 = CARTESIAN_POINT ( 'NONE',  ( -1.980384757729333201, -3.637907781950151512E-16, 0.2500000000000041078 ) ) ;
#1716 = ORIENTED_EDGE ( 'NONE', *, *, #1760, .T. ) ;
#1717 = CARTESIAN_POINT ( 'NONE',  ( -1.980384757729332534, 0.8203022253684464360, -1.299999999999996048 ) ) ;
#1718 = APPROVAL_STATUS ( 'not_yet_approved' ) ;
#1719 = CARTESIAN_POINT ( 'NONE',  ( 0.7120624458717877969, -2.268079506413890556, 1.070597099215283565 ) ) ;
#1720 = AXIS2_PLACEMENT_3D ( 'NONE', #1713, #1871, #1299 ) ;
#1721 = CARTESIAN_POINT ( 'NONE',  ( 1.400343491548889485, -1.400343491548889263, -1.849999999999995870 ) ) ;
#1722 = CARTESIAN_POINT ( 'NONE',  ( -4.000000000000000000, 2.193931022920585505, -0.9676998811544189616 ) ) ;
#1723 = CARTESIAN_POINT ( 'NONE',  ( 2.115551018298301500, 8.154237085573849493E-12, 0.8280382769253177289 ) ) ;
#1724 = CARTESIAN_POINT ( 'NONE',  ( -0.8203022253684473242, 1.980384757729332534, 0.1000000000000039468 ) ) ;
#1725 = ORIENTED_EDGE ( 'NONE', *, *, #1296, .T. ) ;
#1726 = CARTESIAN_POINT ( 'NONE',  ( -1.980384757729332534, 0.8203022253684464360, 1.000000000000003775 ) ) ;
#1727 = EDGE_CURVE ( 'NONE', #67, #1895, #1524, .T. ) ;
#1728 = AXIS2_PLACEMENT_3D ( 'NONE', #1632, #869, #284 ) ;
#1729 = CARTESIAN_POINT ( 'NONE',  ( -0.2618443926914486020, 2.066684301426929160, -0.7904674625277435807 ) ) ;
#1730 = B_SPLINE_CURVE_WITH_KNOTS ( 'NONE', 3,
 ( #72, #63, #665, #1251, #1907, #543 ),
 .UNSPECIFIED., .F., .F.,
 ( 4, 2, 4 ),
 ( 8.030557942771905616E-17, 0.0001055174762720924292, 0.0002110349525441045462 ),
 .UNSPECIFIED. ) ;
#1731 = CARTESIAN_POINT ( 'NONE',  ( 1.964009125901391428, -0.2942824173090225481, 0.6926359006181062039 ) ) ;
#1732 = CARTESIAN_POINT ( 'NONE',  ( 3.900000000000100275, -2.367136103677415893, -0.9676998811543897627 ) ) ;
#1733 = CARTESIAN_POINT ( 'NONE',  ( 0.07026338328412171097, -4.578235570263746723, -0.9581663795169144127 ) ) ;
#1734 = CARTESIAN_POINT ( 'NONE',  ( -1.400343491548889263, -1.400343491548889929, -1.249999999999996225 ) ) ;
#1735 = ORIENTED_EDGE ( 'NONE', *, *, #1727, .T. ) ;
#1736 = CARTESIAN_POINT ( 'NONE',  ( 1.400343491548889485, 1.400343491548889485, 0.7500000000000039968 ) ) ;
#1737 = CARTESIAN_POINT ( 'NONE',  ( 0.7242665196364133084, 4.200646683439889451, 1.149082568780346980 ) ) ;
#1738 = PERSON_AND_ORGANIZATION ( #160, #940 ) ;
#1739 = CARTESIAN_POINT ( 'NONE',  ( 0.3840859106555252200, 2.137542687321473345, -0.8792218253806699524 ) ) ;
#1740 = CARTESIAN_POINT ( 'NONE',  ( -8.609857228234749731E-16, -4.618802153517006737, 1.350000000000000089 ) ) ;
#1741 = CARTESIAN_POINT ( 'NONE',  ( 3.929753105357009169, 2.349958140290369535, 0.9581610932905518796 ) ) ;
#1742 = DIRECTION ( 'NONE',  ( -1.000000000000000000, -1.877893248421449529E-16, 0.000000000000000000 ) ) ;
#1743 = CARTESIAN_POINT ( 'NONE',  ( 1.400343491548889485, 1.400343491548889485, -0.04999999999999601291 ) ) ;
#1744 = VERTEX_POINT ( 'NONE', #1786 ) ;
#1745 = CARTESIAN_POINT ( 'NONE',  ( -1.980384757729333201, -3.637907781950151512E-16, -0.5499999999999960476 ) ) ;
#1746 = CARTESIAN_POINT ( 'NONE',  ( 3.999999999999998224, 2.228284789532242627, -0.9581616930511778207 ) ) ;
#1747 = CARTESIAN_POINT ( 'NONE',  ( 0.09999999999999895084, -4.561067126598043586, 1.350000000000000089 ) ) ;
#1748 = DIRECTION ( 'NONE',  ( 0.7071067811865487940, 0.000000000000000000, -0.7071067811865463515 ) ) ;
#1749 = EDGE_CURVE ( 'NONE', #1174, #1328, #450, .T. ) ;
#1750 = DIRECTION ( 'NONE',  ( -1.000000000000000000, 0.000000000000000000, 0.000000000000000000 ) ) ;
#1751 = CARTESIAN_POINT ( 'NONE',  ( 0.000000000000000000, 0.000000000000000000, 1.350000000000000089 ) ) ;
#1752 = VERTEX_POINT ( 'NONE', #1180 ) ;
#1753 = CARTESIAN_POINT ( 'NONE',  ( 0.8203022253684459919, 1.980384757729333201, -0.7999999999999957145 ) ) ;
#1754 = CARTESIAN_POINT ( 'NONE',  ( 3.899999999999999023, 2.367136103677465631, -0.9676998811544217372 ) ) ;
#1755 = CARTESIAN_POINT ( 'NONE',  ( -1.660393025088870100, -1.551639613365098702, 0.9801391517713566870 ) ) ;
#1756 = CARTESIAN_POINT ( 'NONE',  ( 2.500000000000000444, 1.530808498934191817E-16, 1.050000000000004263 ) ) ;
#1757 = DIRECTION ( 'NONE',  ( 0.000000000000000000, 0.000000000000000000, -1.000000000000000000 ) ) ;
#1758 = VECTOR ( 'NONE', #14, 1000.000000000000000 ) ;
#1759 = CARTESIAN_POINT ( 'NONE',  ( -1.980384757729332534, -0.8203022253684469911, -0.3999999999999958034 ) ) ;
#1760 = EDGE_CURVE ( 'NONE', #908, #365, #260, .T. ) ;
#1761 = ORIENTED_EDGE ( 'NONE', *, *, #921, .T. ) ;
#1762 = CARTESIAN_POINT ( 'NONE',  ( 0.8203022253684459919, 1.980384757729333201, 1.700000000000004174 ) ) ;
#1763 = CARTESIAN_POINT ( 'NONE',  ( 2.201601790890984844, 1.184461715019466288, 1.213158834912272832 ) ) ;
#1764 = CARTESIAN_POINT ( 'NONE',  ( 0.6132257347974097161, -2.100609463174168301, -0.8969330881319216298 ) ) ;
#1765 = CARTESIAN_POINT ( 'NONE',  ( -4.000000000000000000, -4.898587197045708712E-16, 1.292264973081037605 ) ) ;
#1766 = CARTESIAN_POINT ( 'NONE',  ( 2.214841732883506165, 1.320692173049232698, -1.180528175539757640 ) ) ;
#1767 = CARTESIAN_POINT ( 'NONE',  ( -0.8203022253684455478, -1.980384757729333645, 0.5000000000000041078 ) ) ;
#1768 = PRODUCT_RELATED_PRODUCT_CATEGORY ( 'detail', '', ( #44 ) ) ;
#1769 = ORIENTED_EDGE ( 'NONE', *, *, #303, .T. ) ;
#1770 = UNCERTAINTY_MEASURE_WITH_UNIT (LENGTH_MEASURE( 1.000000000000000082E-05 ), #1533, 'distance_accuracy_value', 'NONE');
#1771 = CARTESIAN_POINT ( 'NONE',  ( -1.980384757729333201, -3.637907781950151512E-16, 1.150000000000004130 ) ) ;
#1772 = FACE_OUTER_BOUND ( 'NONE', #1229, .T. ) ;
#1773 = EDGE_CURVE ( 'NONE', #1812, #1708, #457, .T. ) ;
#1774 = B_SPLINE_CURVE_WITH_KNOTS ( 'NONE', 3,
 ( #15, #771, #1364, #1399, #686, #833 ),
 .UNSPECIFIED., .F., .F.,
 ( 4, 2, 4 ),
 ( 7.577014193873502035E-18, 0.0001055174762720263742, 0.0002110349525440451861 ),
 .UNSPECIFIED. ) ;
#1775 = CARTESIAN_POINT ( 'NONE',  ( 1.035533905932738197, -2.500000000000000444, 0.1000000000000042383 ) ) ;
#1776 = DIRECTION ( 'NONE',  ( -1.000000000000000000, 0.000000000000000000, 0.000000000000000000 ) ) ;
#1777 = CARTESIAN_POINT ( 'NONE',  ( -0.7213437280259393791, 4.202334157962981820, -1.166901475109027864 ) ) ;
#1778 = CARTESIAN_POINT ( 'NONE',  ( 0.8203022253684459919, 1.980384757729333201, 0.1000000000000041689 ) ) ;
#1779 = ORIENTED_EDGE ( 'NONE', *, *, #825, .F. ) ;
#1780 = CARTESIAN_POINT ( 'NONE',  ( 1.400343491548889485, -1.400343491548889263, -0.1499999999999958311 ) ) ;
#1781 = CARTESIAN_POINT ( 'NONE',  ( 2.500000000000000444, 1.035533905932737975, 0.4000000000000036859 ) ) ;
#1782 = CARTESIAN_POINT ( 'NONE',  ( 1.053469879313094992, 2.543301270189220809, 1.225000000000003642 ) ) ;
#1783 = EDGE_CURVE ( 'NONE', #105, #1107, #496, .T. ) ;
#1784 = CARTESIAN_POINT ( 'NONE',  ( -1.077917020447013430, -1.976661300803775667, -0.9601540581347122183 ) ) ;
#1785 = CARTESIAN_POINT ( 'NONE',  ( 1.053469879313095214, -2.543301270189220809, 0.9750000000000046407 ) ) ;
#1786 = CARTESIAN_POINT ( 'NONE',  ( 2.460003198042738592, -9.495953747547232463E-14, 1.173092164376748014 ) ) ;
#1787 = CARTESIAN_POINT ( 'NONE',  ( -2.500000000000002220, -1.035533905932737753, -0.7999999999999967137 ) ) ;
#1788 = CARTESIAN_POINT ( 'NONE',  ( -1.980384757729333201, -3.637907781950151512E-16, 0.3500000000000041966 ) ) ;
#1789 = CONICAL_SURFACE ( 'NONE', #1224, 3.899999999999999911, 1.047197551196600074 ) ;
#1790 = EDGE_LOOP ( 'NONE', ( #1426, #622, #1616, #1437, #1129 ) ) ;
#1791 = VECTOR ( 'NONE', #1796, 1000.000000000000000 ) ;
#1792 = CARTESIAN_POINT ( 'NONE',  ( -0.8203022253684455478, -1.980384757729333645, 1.300000000000003819 ) ) ;
#1793 = CARTESIAN_POINT ( 'NONE',  ( 0.000000000000000000, 0.000000000000000000, 1.350000000000000089 ) ) ;
#1794 =( BOUNDED_CURVE ( )  B_SPLINE_CURVE ( 2, ( #999, #868, #734, #1326, #858, #1631, #1455, #292, #1486 ),
 .UNSPECIFIED., .F., .T. ) 
 B_SPLINE_CURVE_WITH_KNOTS ( ( 3, 2, 2, 2, 3 ),
 ( 0.5249999999999999112, 0.5499999999999999334, 0.5749999999999999556, 0.5999999999999999778, 0.6250000000000000000 ),
 .UNSPECIFIED. ) 
 CURVE ( )  GEOMETRIC_REPRESENTATION_ITEM ( )  RATIONAL_B_SPLINE_CURVE ( ( 1.000000000000000444, 0.9238795325112864054, 1.000000000000000000, 0.9238795325112867385, 1.000000000000000000, 0.9238795325112867385, 1.000000000000000000, 0.9238795325112867385, 1.000000000000000000 ) ) 
 REPRESENTATION_ITEM ( '' )  );
#1795 = FACE_OUTER_BOUND ( 'NONE', #1018, .T. ) ;
#1796 = DIRECTION ( 'NONE',  ( -0.000000000000000000, -0.000000000000000000, 1.000000000000000000 ) ) ;
#1797 = CARTESIAN_POINT ( 'NONE',  ( -0.1000000000000002415, 4.561067126598041810, 1.350000000000000089 ) ) ;
#1798 = CARTESIAN_POINT ( 'NONE',  ( 0.000000000000000000, 1.980384757729333201, 0.9500000000000040634 ) ) ;
#1799 = B_SPLINE_CURVE_WITH_KNOTS ( 'NONE', 3,
 ( #384, #714, #93, #969, #1443, #414, #421, #1287 ),
 .UNSPECIFIED., .F., .F.,
 ( 4, 2, 2, 4 ),
 ( 2.373017148580966909E-07, 0.002211923152604831737, 0.003317766078049818549, 0.004423609003494805361 ),
 .UNSPECIFIED. ) ;
#1800 = ORIENTED_EDGE ( 'NONE', *, *, #1273, .T. ) ;
#1801 = CARTESIAN_POINT ( 'NONE',  ( -1.053469879313094548, -2.543301270189221253, -0.7749999999999965805 ) ) ;
#1802 = B_SPLINE_CURVE_WITH_KNOTS ( 'NONE', 3,
 ( #1103, #234, #1582, #1552, #827, #1732 ),
 .UNSPECIFIED., .F., .F.,
 ( 4, 2, 4 ),
 ( 2.048598268270705779E-07, 0.0001057244226878684910, 0.0002112439855489099075 ),
 .UNSPECIFIED. ) ;
#1803 = DIRECTION ( 'NONE',  ( -0.000000000000000000, 0.000000000000000000, -1.000000000000000000 ) ) ;
#1804 = ORIENTED_EDGE ( 'NONE', *, *, #1412, .F. ) ;
#1805 = CARTESIAN_POINT ( 'NONE',  ( -5.556536133988210224E-16, 4.387862045841155023, 1.350000000000000089 ) ) ;
#1806 = CARTESIAN_POINT ( 'NONE',  ( 0.000000000000000000, 2.543301270189221253, -1.074999999999995737 ) ) ;
#1807 = CARTESIAN_POINT ( 'NONE',  ( 1.007419685064245396, -1.924162897078126599, -0.8805002707955116303 ) ) ;
#1808 = CARTESIAN_POINT ( 'NONE',  ( 2.543301270189220809, -1.053469879313094770, 0.2250000000000034195 ) ) ;
#1809 = DIRECTION ( 'NONE',  ( -0.000000000000000000, -0.000000000000000000, -1.000000000000000000 ) ) ;
#1810 = CARTESIAN_POINT ( 'NONE',  ( -1.950772392242113629, 1.384961326737852660, -1.096656082678719946 ) ) ;
#1811 = CARTESIAN_POINT ( 'NONE',  ( 0.000000000000000000, 1.980384757729333201, -0.6499999999999960254 ) ) ;
#1812 = VERTEX_POINT ( 'NONE', #299 ) ;
#1813 = EDGE_CURVE ( 'NONE', #501, #652, #1310, .T. ) ;
#1814 = FACE_OUTER_BOUND ( 'NONE', #1596, .T. ) ;
#1815 = CARTESIAN_POINT ( 'NONE',  ( 0.09999999999999850675, -4.561067126598043586, 0.9676998811544206269 ) ) ;
#1816 = ORIENTED_EDGE ( 'NONE', *, *, #135, .T. ) ;
#1817 = CARTESIAN_POINT ( 'NONE',  ( 2.543301270189220809, 1.053469879313094992, -1.224999999999995648 ) ) ;
#1818 = CARTESIAN_POINT ( 'NONE',  ( -1.327630092538285567, 1.675699147403106437, 0.8469221581565361534 ) ) ;
#1819 = CARTESIAN_POINT ( 'NONE',  ( 2.499999999999998224, -1.035533905932739529, -0.4999999999999965583 ) ) ;
#1820 = EDGE_LOOP ( 'NONE', ( #928, #433, #440, #57, #1816, #865, #1304, #268, #338 ) ) ;
#1821 = CARTESIAN_POINT ( 'NONE',  ( -0.8203022253684455478, -1.980384757729333645, -1.099999999999995870 ) ) ;
#1822 = FACE_OUTER_BOUND ( 'NONE', #271, .T. ) ;
#1823 = EDGE_CURVE ( 'NONE', #365, #904, #1188, .T. ) ;
#1824 = ORIENTED_EDGE ( 'NONE', *, *, #1001, .F. ) ;
#1825 = AXIS2_PLACEMENT_3D ( 'NONE', #1397, #562, #412 ) ;
#1826 = CARTESIAN_POINT ( 'NONE',  ( -1.053469879313096769, 2.543301270189220809, 1.325000000000003286 ) ) ;
#1827 = EDGE_CURVE ( 'NONE', #1107, #784, #1622, .T. ) ;
#1828 = CARTESIAN_POINT ( 'NONE',  ( -1.960864061028936733, 0.9387939876188172716, 0.8831657453265822078 ) ) ;
#1829 = PLANE ( 'NONE',  #545 ) ;
#1830 = CARTESIAN_POINT ( 'NONE',  ( -2.500000000000000444, -4.592425496802574958E-16, 0.6500000000000044631 ) ) ;
#1831 = ORIENTED_EDGE ( 'NONE', *, *, #1681, .F. ) ;
#1832 = CARTESIAN_POINT ( 'NONE',  ( 1.980384757729333201, -0.8203022253684458809, -0.8999999999999959144 ) ) ;
#1833 = CARTESIAN_POINT ( 'NONE',  ( 0.8203022253684463250, -1.980384757729333201, 0.6000000000000040856 ) ) ;
#1834 = EDGE_LOOP ( 'NONE', ( #250, #1539, #1716, #915 ) ) ;
#1835 = EDGE_CURVE ( 'NONE', #1840, #1708, #1659, .T. ) ;
#1836 = CARTESIAN_POINT ( 'NONE',  ( 2.075255235201550974, -0.2884309122225663935, -0.8036224413586131599 ) ) ;
#1837 = CARTESIAN_POINT ( 'NONE',  ( 1.798385574751158122, 1.798385574751158122, 0.3750000000000033862 ) ) ;
#1838 = CARTESIAN_POINT ( 'NONE',  ( 1.400343491548889485, -1.400343491548889263, -0.2499999999999958922 ) ) ;
#1839 = CARTESIAN_POINT ( 'NONE',  ( 0.3969615314076664903, 2.449135155241839890, -1.185809490640778119 ) ) ;
#1840 = VERTEX_POINT ( 'NONE', #134 ) ;
#1841 = CARTESIAN_POINT ( 'NONE',  ( 1.980384757729333201, 1.212635927316717253E-16, -1.649999999999996136 ) ) ;
#1842 = CARTESIAN_POINT ( 'NONE',  ( 1.638060791216762402, -1.162626191881016124, 0.6704914127259670176 ) ) ;
#1843 = ORIENTED_EDGE ( 'NONE', *, *, #279, .T. ) ;
#1844 = CARTESIAN_POINT ( 'NONE',  ( 3.279217687321878127, 2.725544939010336343, 1.166721486436504529 ) ) ;
#1845 =( BOUNDED_SURFACE ( )  B_SPLINE_SURFACE ( 1, 2, ( 
 ( #1182, #878, #129, #744, #894, #1922, #716, #122, #312, #1487, #1914, #1615, #576, #1496, #1336, #153, #1798, #1476, #136, #754, #1165, #432, #568, #886, #1034, #1767, #1173, #735, #1788, #586, #143, #1156, #451, #1778, #1931, #1027, #1327, #293, #1640, #1345, #607, #1194, #461, #1759, #1043, #1650, #423, #616, #1811, #762, #1507, #471, #28, #1661, #1054, #903, #1356, #163, #1206, #80, #1597, #1717, #380, #258, #693, #850, #702, #992, #813, #1449, #964 ),
 ( #533, #115, #1438, #89, #840, #542, #106, #238, #389, #400, #225, #1119, #1418, #1726, #1608, #417, #1885, #553, #1736, #975, #822, #1564, #1108, #982, #684, #248, #1274, #1576, #675, #831, #1427, #1876, #98, #1282, #1261, #1141, #1906, #1004, #1131, #1586, #710, #1294, #1864, #1896, #1745, #411, #1302, #561, #1149, #1753, #523, #1405, #1849, #1114, #1591, #233, #127, #1298, #1268, #826, #687, #1307, #557, #1912, #1613, #101, #834, #565, #1422, #242, #1721 ) ),
 .UNSPECIFIED., .F., .F., .T. ) 
 B_SPLINE_SURFACE_WITH_KNOTS ( ( 2, 2 ),
 ( 3, 2, 2, 2, 2, 2, 2, 2, 2, 2, 2, 2, 2, 2, 2, 2, 2, 2, 2, 2, 2, 2, 2, 2, 2, 2, 2, 2, 2, 2, 2, 2, 2, 2, 2, 3 ),
 ( 0.000000000000000000, 1.000000000000000000 ),
 ( 0.000000000000000000, 0.02500000000000000139, 0.05000000000000000278, 0.07499999999999999722, 0.1000000000000000056, 0.1250000000000000000, 0.1499999999999999944, 0.1749999999999999889, 0.2000000000000000111, 0.2250000000000000056, 0.2500000000000000000, 0.2750000000000000222, 0.2999999999999999889, 0.3250000000000000111, 0.3499999999999999778, 0.3750000000000000000, 0.4000000000000000222, 0.4249999999999999889, 0.4500000000000000111, 0.4749999999999999778, 0.5000000000000000000, 0.5250000000000000222, 0.5500000000000000444, 0.5749999999999999556, 0.5999999999999999778, 0.6250000000000000000, 0.6500000000000000222, 0.6750000000000000444, 0.6999999999999999556, 0.7249999999999999778, 0.7500000000000000000, 0.7750000000000000222, 0.8000000000000000444, 0.8249999999999999556, 0.8499999999999999778, 0.8750000000000000000 ),
 .UNSPECIFIED. ) 
 GEOMETRIC_REPRESENTATION_ITEM ( )  RATIONAL_B_SPLINE_SURFACE ( (
 ( 1.000000000000000000, 0.9238795325112867385, 1.000000000000000000, 0.9238795325112867385, 1.000000000000000000, 0.9238795325112867385, 1.000000000000000000, 0.9238795325112867385, 1.000000000000000000, 0.9238795325112867385, 1.000000000000000000, 0.9238795325112867385, 1.000000000000000000, 0.9238795325112867385, 1.000000000000000000, 0.9238795325112867385, 1.000000000000000000, 0.9238795325112867385, 1.000000000000000000, 0.9238795325112867385, 1.000000000000000000, 0.9238795325112867385, 1.000000000000000000, 0.9238795325112867385, 1.000000000000000000, 0.9238795325112867385, 1.000000000000000000, 0.9238795325112867385, 1.000000000000000000, 0.9238795325112867385, 1.000000000000000000, 0.9238795325112867385, 1.000000000000000000, 0.9238795325112867385, 1.000000000000000000, 0.9238795325112867385, 1.000000000000000000, 0.9238795325112867385, 1.000000000000000000, 0.9238795325112867385, 1.000000000000000000, 0.9238795325112867385, 1.000000000000000000, 0.9238795325112867385, 1.000000000000000000, 0.9238795325112867385, 1.000000000000000000, 0.9238795325112867385, 1.000000000000000000, 0.9238795325112867385, 1.000000000000000000, 0.9238795325112867385, 1.000000000000000000, 0.9238795325112867385, 1.000000000000000000, 0.9238795325112867385, 1.000000000000000000, 0.9238795325112867385, 1.000000000000000000, 0.9238795325112867385, 1.000000000000000000, 0.9238795325112867385, 1.000000000000000000, 0.9238795325112867385, 1.000000000000000000, 0.9238795325112867385, 1.000000000000000000, 0.9238795325112867385, 1.000000000000000000, 0.9238795325112867385, 1.000000000000000000),
 ( 1.000000000000000000, 0.9238795325112867385, 1.000000000000000000, 0.9238795325112867385, 1.000000000000000000, 0.9238795325112867385, 1.000000000000000000, 0.9238795325112867385, 1.000000000000000000, 0.9238795325112867385, 1.000000000000000000, 0.9238795325112867385, 1.000000000000000000, 0.9238795325112867385, 1.000000000000000000, 0.9238795325112867385, 1.000000000000000000, 0.9238795325112867385, 1.000000000000000000, 0.9238795325112867385, 1.000000000000000000, 0.9238795325112867385, 1.000000000000000000, 0.9238795325112867385, 1.000000000000000000, 0.9238795325112867385, 1.000000000000000000, 0.9238795325112867385, 1.000000000000000000, 0.9238795325112867385, 1.000000000000000000, 0.9238795325112867385, 1.000000000000000000, 0.9238795325112867385, 1.000000000000000000, 0.9238795325112867385, 1.000000000000000000, 0.9238795325112867385, 1.000000000000000000, 0.9238795325112867385, 1.000000000000000000, 0.9238795325112867385, 1.000000000000000000, 0.9238795325112867385, 1.000000000000000000, 0.9238795325112867385, 1.000000000000000000, 0.9238795325112867385, 1.000000000000000000, 0.9238795325112867385, 1.000000000000000000, 0.9238795325112867385, 1.000000000000000000, 0.9238795325112867385, 1.000000000000000000, 0.9238795325112867385, 1.000000000000000000, 0.9238795325112867385, 1.000000000000000000, 0.9238795325112867385, 1.000000000000000000, 0.9238795325112867385, 1.000000000000000000, 0.9238795325112867385, 1.000000000000000000, 0.9238795325112867385, 1.000000000000000000, 0.9238795325112867385, 1.000000000000000000, 0.9238795325112867385, 1.000000000000000000) ) ) 
 REPRESENTATION_ITEM ( '' )  SURFACE ( )  );
#1846 = EDGE_CURVE ( 'NONE', #247, #950, #1494, .T. ) ;
#1847 = CARTESIAN_POINT ( 'NONE',  ( 3.114645759804627464E-16, -2.543301270189221253, 0.1250000000000044409 ) ) ;
#1848 = LINE ( 'NONE', #506, #1513 ) ;
#1849 = CARTESIAN_POINT ( 'NONE',  ( 1.980384757729333201, 1.212635927316717253E-16, -0.9499999999999961808 ) ) ;
#1850 = CARTESIAN_POINT ( 'NONE',  ( -1.400343491548889263, -1.400343491548889929, -1.149999999999996136 ) ) ;
#1851 = CARTESIAN_POINT ( 'NONE',  ( 0.09999999999999850675, -4.561067126598043586, 0.9676998811544206269 ) ) ;
#1852 = CARTESIAN_POINT ( 'NONE',  ( -1.980384757729332534, 0.8203022253684464360, 0.2000000000000039801 ) ) ;
#1853 = ORIENTED_EDGE ( 'NONE', *, *, #921, .F. ) ;
#1854 = AXIS2_PLACEMENT_3D ( 'NONE', #511, #661, #1248 ) ;
#1855 = SECURITY_CLASSIFICATION ( '', '', #1866 ) ;
#1856 = CARTESIAN_POINT ( 'NONE',  ( 3.999999999999999112, -4.563067298637790162E-26, 1.292264973081037827 ) ) ;
#1857 = CARTESIAN_POINT ( 'NONE',  ( -2.543301270189220809, -1.053469879313096325, 0.7750000000000044631 ) ) ;
#1858 = DIRECTION ( 'NONE',  ( 0.000000000000000000, 0.000000000000000000, 1.000000000000000000 ) ) ;
#1859 = CARTESIAN_POINT ( 'NONE',  ( 0.7064936078778247808, 2.100996898925450829, -0.9241678329748960197 ) ) ;
#1860 = CARTESIAN_POINT ( 'NONE',  ( -3.999999999999998224, 2.228268985241338207, -0.9581660810503499492 ) ) ;
#1861 = CARTESIAN_POINT ( 'NONE',  ( 4.000000000000000000, -2.309401076758503368, 1.350000000000000089 ) ) ;
#1862 = CARTESIAN_POINT ( 'NONE',  ( -1.980384757729332534, -0.8203022253684469911, 1.100000000000004086 ) ) ;
#1863 = EDGE_LOOP ( 'NONE', ( #1346, #1390, #1281, #1250, #1036, #1908, #1311, #1625, #410, #1497 ) ) ;
#1864 = CARTESIAN_POINT ( 'NONE',  ( -1.400343491548889263, -1.400343491548889929, -0.4499999999999961808 ) ) ;
#1865 = CARTESIAN_POINT ( 'NONE',  ( 3.114645759804627464E-16, -2.543301270189221253, 0.9250000000000045963 ) ) ;
#1866 = SECURITY_CLASSIFICATION_LEVEL ( 'unclassified' ) ;
#1867 = CARTESIAN_POINT ( 'NONE',  ( 1.269640986326761034, -2.017630979287251769, 1.091913573108341362 ) ) ;
#1868 = CARTESIAN_POINT ( 'NONE',  ( -1.798385574751157900, -1.798385574751158567, 0.7750000000000033529 ) ) ;
#1869 = DIRECTION ( 'NONE',  ( 1.000000000000000000, 0.000000000000000000, 0.000000000000000000 ) ) ;
#1870 =( BOUNDED_CURVE ( )  B_SPLINE_CURVE ( 2, ( #420, #720, #1462, #1775, #732, #594, #1315, #1143, #1324 ),
 .UNSPECIFIED., .F., .T. ) 
 B_SPLINE_CURVE_WITH_KNOTS ( ( 3, 2, 2, 2, 3 ),
 ( 0.4500000000000000111, 0.4749999999999999778, 0.4999999999999999445, 0.5249999999999999112, 0.5499999999999999334 ),
 .UNSPECIFIED. ) 
 CURVE ( )  GEOMETRIC_REPRESENTATION_ITEM ( )  RATIONAL_B_SPLINE_CURVE ( ( 1.000000000000000000, 0.9238795325112867385, 1.000000000000000000, 0.9238795325112867385, 1.000000000000000000, 0.9238795325112867385, 1.000000000000000000, 0.9238795325112870716, 0.9999999999999996669 ) ) 
 REPRESENTATION_ITEM ( '' )  );
#1871 = DIRECTION ( 'NONE',  ( -0.000000000000000000, -0.000000000000000000, 1.000000000000000000 ) ) ;
#1872 = DIRECTION ( 'NONE',  ( 1.000000000000000000, 0.000000000000000000, 0.000000000000000000 ) ) ;
#1873 = CARTESIAN_POINT ( 'NONE',  ( -1.980384757729332534, 0.8203022253684464360, 1.000000000000003775 ) ) ;
#1874 = EDGE_CURVE ( 'NONE', #692, #21, #1255, .T. ) ;
#1875 = ORIENTED_EDGE ( 'NONE', *, *, #232, .T. ) ;
#1876 = CARTESIAN_POINT ( 'NONE',  ( -0.8203022253684473242, 1.980384757729332534, 0.1000000000000039468 ) ) ;
#1877 = CARTESIAN_POINT ( 'NONE',  ( -1.798385574751157900, -1.798385574751158567, -0.7749999999999956923 ) ) ;
#1878 = CALENDAR_DATE ( 2026, 7, 4 ) ;
#1879 = CARTESIAN_POINT ( 'NONE',  ( 2.115551018298301500, 8.154237085573849493E-12, 0.8280382769253177289 ) ) ;
#1880 = CARTESIAN_POINT ( 'NONE',  ( 2.500000000000000444, 1.530808498934191817E-16, 0.2500000000000041633 ) ) ;
#1881 = CARTESIAN_POINT ( 'NONE',  ( -3.899999999999999911, 2.367136103677466075, -0.9676998811544208490 ) ) ;
#1882 = CARTESIAN_POINT ( 'NONE',  ( 0.7249594956348762720, 4.200246593560635233, -1.149262089918688945 ) ) ;
#1883 = CARTESIAN_POINT ( 'NONE',  ( 1.980384757729333201, 1.212635927316717253E-16, 0.6500000000000041300 ) ) ;
#1884 = ORIENTED_EDGE ( 'NONE', *, *, #1827, .F. ) ;
#1885 = CARTESIAN_POINT ( 'NONE',  ( 0.000000000000000000, 1.980384757729333201, 0.8500000000000040856 ) ) ;
#1886 = APPLICATION_CONTEXT ( 'configuration controlled 3d designs of mechanical parts and assemblies' ) ;
#1887 = ORIENTED_EDGE ( 'NONE', *, *, #3, .T. ) ;
#1888 = AXIS2_PLACEMENT_3D ( 'NONE', #1740, #120, #998 ) ;
#1889 = CALENDAR_DATE ( 2026, 7, 4 ) ;
#1890 = CARTESIAN_POINT ( 'NONE',  ( 1.872620057793606296, -0.7311128351824388583, 0.7166382901226390212 ) ) ;
#1891 = CARTESIAN_POINT ( 'NONE',  ( 0.000000000000000000, 2.500000000000000444, -0.2499999999999963640 ) ) ;
#1892 = CARTESIAN_POINT ( 'NONE',  ( 0.000000000000000000, -2.710505431213761085E-16, 1.350000000000000089 ) ) ;
#1893 = CARTESIAN_POINT ( 'NONE',  ( 0.000000000000000000, 0.000000000000000000, 1.350000000000000089 ) ) ;
#1894 = CARTESIAN_POINT ( 'NONE',  ( 0.000000000000000000, 1.980384757729333201, 0.8500000000000040856 ) ) ;
#1895 = VERTEX_POINT ( 'NONE', #142 ) ;
#1896 = CARTESIAN_POINT ( 'NONE',  ( -1.980384757729332534, -0.8203022253684469911, -0.4999999999999958922 ) ) ;
#1897 = CARTESIAN_POINT ( 'NONE',  ( 3.990764795968946288, 2.263580886709098294, -0.9528449424120698508 ) ) ;
#1898 = B_SPLINE_CURVE_WITH_KNOTS ( 'NONE', 3,
 ( #1257, #848, #961, #819, #113, #1882, #708, #550 ),
 .UNSPECIFIED., .F., .F.,
 ( 4, 2, 2, 4 ),
 ( 2.373017149740718862E-07, 0.002211923152604895488, 0.003317766078049856279, 0.004423609003494817504 ),
 .UNSPECIFIED. ) ;
#1899 = EDGE_CURVE ( 'NONE', #569, #326, #742, .T. ) ;
#1900 = COORDINATED_UNIVERSAL_TIME_OFFSET ( 6, 0, .BEHIND. ) ;
#1901 = CARTESIAN_POINT ( 'NONE',  ( -1.443816451136560985, -1.768426313437247099, 0.9905963018035889300 ) ) ;
#1902 = LINE ( 'NONE', #252, #1445 ) ;
#1903 = CYLINDRICAL_SURFACE ( 'NONE', #1013, 0.2000000000000000944 ) ;
#1904 = CARTESIAN_POINT ( 'NONE',  ( -1.767766952966369765, 1.767766952966368654, 0.5500000000000042633 ) ) ;
#1905 = VERTEX_POINT ( 'NONE', #353 ) ;
#1906 = CARTESIAN_POINT ( 'NONE',  ( 1.980384757729333201, 1.212635927316717253E-16, -0.1499999999999960532 ) ) ;
#1907 = CARTESIAN_POINT ( 'NONE',  ( -0.07024689464291575258, 4.578245089985182759, 0.9581610932905274547 ) ) ;
#1908 = ORIENTED_EDGE ( 'NONE', *, *, #1783, .F. ) ;
#1909 = APPROVAL_DATE_TIME ( #1429, #1447 ) ;
#1910 = DIRECTION ( 'NONE',  ( 0.000000000000000000, 0.000000000000000000, -1.000000000000000000 ) ) ;
#1911 = EDGE_CURVE ( 'NONE', #1211, #1133, #321, .T. ) ;
#1912 = CARTESIAN_POINT ( 'NONE',  ( -0.8203022253684473242, 1.980384757729332534, -1.499999999999995781 ) ) ;
#1913 = CARTESIAN_POINT ( 'NONE',  ( 0.7192266450724484894, 2.394308466555190584, 1.213158834912032358 ) ) ;
#1914 = CARTESIAN_POINT ( 'NONE',  ( -1.400343491548889263, -1.400343491548889929, 1.250000000000004219 ) ) ;
#1915 = ORIENTED_EDGE ( 'NONE', *, *, #1058, .T. ) ;
#1916 = CARTESIAN_POINT ( 'NONE',  ( 1.400343491548889485, -1.400343491548889263, 1.450000000000004174 ) ) ;
#1917 = CARTESIAN_POINT ( 'NONE',  ( 3.929732354119194859, 2.349970121023107428, -0.9581677460971423921 ) ) ;
#1918 = CARTESIAN_POINT ( 'NONE',  ( -2.015661278629485853, -1.101404728862158677, -1.005826787824821933 ) ) ;
#1919 = AXIS2_PLACEMENT_3D ( 'NONE', #672, #530, #1104 ) ;
#1920 = CARTESIAN_POINT ( 'NONE',  ( -1.035533905932739751, 2.500000000000000444, -0.2999999999999957701 ) ) ;
#1921 = CARTESIAN_POINT ( 'NONE',  ( -1.767766952966369765, 1.767766952966368654, -0.9499999999999962919 ) ) ;
#1922 = CARTESIAN_POINT ( 'NONE',  ( 1.980384757729333201, -0.8203022253684458809, 1.500000000000003997 ) ) ;
#1923 = B_SPLINE_CURVE_WITH_KNOTS ( 'NONE', 3,
 ( #1214, #456, #899, #1352, #309, #1062, #1828, #335, #922, #1657, #468, #1818, #1648, #23, #159, #613, #1493, #759, #646, #1225, #751, #55, #1200, #1051, #1234, #497, #1680, #320, #778, #479, #189, #911 ),
 .UNSPECIFIED., .F., .F.,
 ( 4, 2, 2, 2, 2, 2, 2, 2, 2, 2, 2, 2, 2, 2, 2, 4 ),
 ( 0.009882578955535329182, 0.01024777415210476397, 0.01061296934867419703, 0.01097816454524363182, 0.01134335974181306488, 0.01170855493838249967, 0.01207375013495193272, 0.01243894533152136751, 0.01280414052809080230, 0.01316933572466023536, 0.01353453092122966842, 0.01389972611779910321, 0.01426492131436853800, 0.01463011651093797105, 0.01499531170750740584, 0.01572570210064627369 ),
 .UNSPECIFIED. ) ;
#1924 = ORIENTED_EDGE ( 'NONE', *, *, #171, .T. ) ;
#1925 = ADVANCED_FACE ( 'NONE', ( #923 ), #1829, .F. ) ;
#1926 = CARTESIAN_POINT ( 'NONE',  ( 1.980384757729333201, 1.212635927316717253E-16, -0.04999999999999601291 ) ) ;
#1927 = CARTESIAN_POINT ( 'NONE',  ( 0.03506017225080585581, -4.587893659490030807, 0.9528452061905090531 ) ) ;
#1928 = CARTESIAN_POINT ( 'NONE',  ( -2.086667148757755719, -0.9726756211743576852, -1.011114438829869622 ) ) ;
#1929 = CARTESIAN_POINT ( 'NONE',  ( -1.767766952966369765, 1.767766952966368654, -1.049999999999996048 ) ) ;
#1930 = CARTESIAN_POINT ( 'NONE',  ( 0.000000000000000000, 2.500000000000000444, -1.049999999999996492 ) ) ;
#1931 = CARTESIAN_POINT ( 'NONE',  ( 1.400343491548889485, 1.400343491548889485, 0.05000000000000403427 ) ) ;
#1932 = ORIENTED_EDGE ( 'NONE', *, *, #279, .F. ) ;
ENDSEC;
END-ISO-10303-21;
