ISO-10303-21;
HEADER;
FILE_DESCRIPTION (( 'STEP AP203' ),
    '1' );
FILE_NAME ('91292A125_18-8 Stainless Steel Socket Head Screw.STEP',
    '2026-02-05T17:26:05',
    ( 'McMaster Carr Supply' ),
    ( 'McMaster Carr Supply' ),
    'SwSTEP 2.0',
    'SolidWorks 2024',
    '' );
FILE_SCHEMA (( 'CONFIG_CONTROL_DESIGN' ));
ENDSEC;

DATA;
#1 = CARTESIAN_POINT ( 'NONE',  ( 1.400343491548893260, 1.400343491548883490, -1.800000000000001155 ) ) ;
#2 = EDGE_CURVE ( 'NONE', #2751, #1899, #2398, .T. ) ;
#3 = CARTESIAN_POINT ( 'NONE',  ( 0.1708026441855284572, 2.089762231290683836, -8.149397823167365829 ) ) ;
#4 = CARTESIAN_POINT ( 'NONE',  ( -1.400343491548893038, -1.400343491548901920, -1.400000000000001021 ) ) ;
#5 = CARTESIAN_POINT ( 'NONE',  ( -4.250000000000000888, -2.602085213965210642E-15, 3.750000000000000000 ) ) ;
#6 = CARTESIAN_POINT ( 'NONE',  ( -2.500000000000010658, -8.959823386657123714E-15, 1.299999999999999600 ) ) ;
#7 = CARTESIAN_POINT ( 'NONE',  ( -1.980384757729338085, -8.991640643818871886E-15, 0.09999999999999939493 ) ) ;
#8 = DIRECTION ( 'NONE',  ( -0.000000000000000000, -0.000000000000000000, -1.000000000000000000 ) ) ;
#9 = VERTEX_POINT ( 'NONE', #1878 ) ;
#10 = DIRECTION ( 'NONE',  ( -0.000000000000000000, -0.000000000000000000, -1.000000000000000000 ) ) ;
#11 = ORIENTED_EDGE ( 'NONE', *, *, #4036, .T. ) ;
#12 = CARTESIAN_POINT ( 'NONE',  ( 1.980384757729337641, -0.8203022253684580933, 3.749999999999997780 ) ) ;
#13 = B_SPLINE_CURVE_WITH_KNOTS ( 'NONE', 3,
 ( #3705, #4063, #4412, #624, #1339, #1007, #3420, #4390 ),
 .UNSPECIFIED., .F., .F.,
 ( 4, 2, 2, 4 ),
 ( 2.380749485068090773E-07, 0.001166425106128744262, 0.001749518621718863277, 0.002332612137308982293 ),
 .UNSPECIFIED. ) ;
#14 = CARTESIAN_POINT ( 'NONE',  ( 2.500000000000010658, -9.572146786230802611E-15, -4.700000000000000178 ) ) ;
#15 = CARTESIAN_POINT ( 'NONE',  ( -2.500000000000010658, -8.959823386657123714E-15, -2.699999999999999734 ) ) ;
#16 = VERTEX_POINT ( 'NONE', #592 ) ;
#17 =( BOUNDED_CURVE ( )  B_SPLINE_CURVE ( 2, ( #3318, #2621, #1532, #2961, #219, #1894, #4308, #2983, #2324 ),
 .UNSPECIFIED., .F., .F. ) 
 B_SPLINE_CURVE_WITH_KNOTS ( ( 3, 2, 2, 2, 3 ),
 ( 0.6718750000000000000, 0.6796875000000000000, 0.6875000000000000000, 0.6953125000000000000, 0.7031250000000000000 ),
 .UNSPECIFIED. ) 
 CURVE ( )  GEOMETRIC_REPRESENTATION_ITEM ( )  RATIONAL_B_SPLINE_CURVE ( ( 1.000000000000000000, 0.9238795325112867385, 1.000000000000000000, 0.9238795325112867385, 1.000000000000000000, 0.9238795325112867385, 1.000000000000000000, 0.9238795325112867385, 1.000000000000000000 ) ) 
 REPRESENTATION_ITEM ( '' )  );
#18 = CARTESIAN_POINT ( 'NONE',  ( 1.053469879313100543, 2.543301270189220809, 1.074999999999999734 ) ) ;
#19 = CARTESIAN_POINT ( 'NONE',  ( 2.543301270189230578, -1.053469879313109425, -1.475000000000002087 ) ) ;
#20 = CARTESIAN_POINT ( 'NONE',  ( -1.980384757729338085, -0.8203022253684569831, -7.050000000000001599 ) ) ;
#21 = CARTESIAN_POINT ( 'NONE',  ( -0.8203022253684481013, -1.980384757729346967, -4.450000000000002842 ) ) ;
#22 = CARTESIAN_POINT ( 'NONE',  ( -4.000000000000000888, -2.602085213965210642E-15, 3.500000000000001332 ) ) ;
#23 = CIRCLE ( 'NONE', #895, 4.000000000000000888 ) ;
#24 = CARTESIAN_POINT ( 'NONE',  ( 1.980384757729337641, 0.8203022253684393306, 1.349999999999998979 ) ) ;
#25 = CARTESIAN_POINT ( 'NONE',  ( -2.500000000000010658, -1.035533905932751075, -4.150000000000003020 ) ) ;
#26 = CARTESIAN_POINT ( 'NONE',  ( 1.980384757729337641, 0.8203022253684393306, 1.349999999999998979 ) ) ;
#27 = ADVANCED_FACE ( 'NONE', ( #3301 ), #738, .F. ) ;
#28 = CARTESIAN_POINT ( 'NONE',  ( -1.980384757729338085, -0.8203022253684568721, -8.650000000000002132 ) ) ;
#29 = CARTESIAN_POINT ( 'NONE',  ( 2.500000000000009770, -1.035533905932752630, 1.650000000000000799 ) ) ;
#30 = CARTESIAN_POINT ( 'NONE',  ( 1.980384757729337641, 0.8203022253684392195, 1.349999999999998979 ) ) ;
#31 = AXIS2_PLACEMENT_3D ( 'NONE', #33, #3526, #1416 ) ;
#32 = CARTESIAN_POINT ( 'NONE',  ( 4.250000000000000000, -2.081610324327585473E-15, -8.500000000000000000 ) ) ;
#33 = CARTESIAN_POINT ( 'NONE',  ( 0.000000000000000000, 0.000000000000000000, 8.500000000000000000 ) ) ;
#34 = ORIENTED_EDGE ( 'NONE', *, *, #720, .F. ) ;
#35 = CARTESIAN_POINT ( 'NONE',  ( -1.980384757729338085, -8.991640643818871886E-15, -7.100000000000001421 ) ) ;
#36 = APPROVAL_PERSON_ORGANIZATION ( #2494, #2112, #3524 ) ;
#37 = CARTESIAN_POINT ( 'NONE',  ( -1.215546324478816942, 2.019744819986744488, 2.954711002810364029 ) ) ;
#38 = CARTESIAN_POINT ( 'NONE',  ( 2.468665349718473845, -0.1550751300436929714, 3.274336902996719978 ) ) ;
#39 = VERTEX_POINT ( 'NONE', #1307 ) ;
#40 = CARTESIAN_POINT ( 'NONE',  ( -1.798385574751164562, 1.798385574751155458, 0.4249999999999982681 ) ) ;
#41 = CARTESIAN_POINT ( 'NONE',  ( -1.053469879313099211, -2.543301270189239904, -3.275000000000001688 ) ) ;
#42 = CARTESIAN_POINT ( 'NONE',  ( 1.980384757729337641, -0.8203022253684580933, -6.750000000000002665 ) ) ;
#43 =( BOUNDED_CURVE ( )  B_SPLINE_CURVE ( 2, ( #1386, #2766, #1046, #4123, #704, #2084, #3459, #385, #1472 ),
 .UNSPECIFIED., .F., .F. ) 
 B_SPLINE_CURVE_WITH_KNOTS ( ( 3, 2, 2, 2, 3 ),
 ( 0.07812500000000000000, 0.08593750000000002776, 0.09375000000000004163, 0.1015625000000000555, 0.1093750000000000833 ),
 .UNSPECIFIED. ) 
 CURVE ( )  GEOMETRIC_REPRESENTATION_ITEM ( )  RATIONAL_B_SPLINE_CURVE ( ( 1.000000000000000000, 0.9238795325112867385, 1.000000000000000000, 0.9238795325112867385, 1.000000000000000000, 0.9238795325112867385, 1.000000000000000000, 0.9238795325112859613, 1.000000000000000888 ) ) 
 REPRESENTATION_ITEM ( '' )  );
#44 = CARTESIAN_POINT ( 'NONE',  ( -1.980384757729338085, -8.991640643818871886E-15, 0.9999999999999974465 ) ) ;
#45 = CARTESIAN_POINT ( 'NONE',  ( 1.980384757729337641, -0.8203022253684580933, -3.450000000000001510 ) ) ;
#46 = CARTESIAN_POINT ( 'NONE',  ( 0.000000000000000000, 2.543301270189221253, -7.675000000000001599 ) ) ;
#47 = CARTESIAN_POINT ( 'NONE',  ( -1.400343491548893038, -1.400343491548901920, 1.799999999999999600 ) ) ;
#48 = CARTESIAN_POINT ( 'NONE',  ( 0.9846942522185534452, 1.771652168758772961, -8.184969239651120887 ) ) ;
#49 = CARTESIAN_POINT ( 'NONE',  ( 0.8203022253684477683, -1.980384757729347633, 3.550000000000000266 ) ) ;
#50 = CARTESIAN_POINT ( 'NONE',  ( 1.400343491548892816, -1.400343491548902364, -7.600000000000001421 ) ) ;
#51 = CARTESIAN_POINT ( 'NONE',  ( -1.624127174947656682, -1.804598888430776205, 3.150465545183796845 ) ) ;
#52 = CARTESIAN_POINT ( 'NONE',  ( -1.400343491548893038, -1.400343491548901920, 0.1999999999999987899 ) ) ;
#53 = LINE ( 'NONE', #2835, #2918 ) ;
#54 = FACE_OUTER_BOUND ( 'NONE', #317, .T. ) ;
#55 = CARTESIAN_POINT ( 'NONE',  ( -1.980384757729338085, 0.8203022253684389975, -8.750000000000001776 ) ) ;
#56 = CARTESIAN_POINT ( 'NONE',  ( 1.980384757729337641, 0.8203022253684393306, 0.6499999999999978018 ) ) ;
#57 = EDGE_CURVE ( 'NONE', #4438, #1052, #960, .T. ) ;
#58 = CARTESIAN_POINT ( 'NONE',  ( -0.3525139990373759025, 2.330163544803193432, 2.912510921056431279 ) ) ;
#59 = CARTESIAN_POINT ( 'NONE',  ( -2.500000000000010658, 1.035533905932733090, -7.549999999999999822 ) ) ;
#60 = ORIENTED_EDGE ( 'NONE', *, *, #267, .F. ) ;
#61 = CARTESIAN_POINT ( 'NONE',  ( -1.980384757729338085, 0.8203022253684389975, -8.650000000000002132 ) ) ;
#62 = CARTESIAN_POINT ( 'NONE',  ( 1.798385574751164562, -1.798385574751174332, -3.125000000000001776 ) ) ;
#63 = CARTESIAN_POINT ( 'NONE',  ( 1.400343491548893260, 1.400343491548883490, 0.6999999999999975131 ) ) ;
#64 = CARTESIAN_POINT ( 'NONE',  ( -1.980384757729338085, -8.991640643818871886E-15, -1.400000000000001910 ) ) ;
#65 = CARTESIAN_POINT ( 'NONE',  ( -0.8203022253684481013, -1.980384757729346967, -5.250000000000001776 ) ) ;
#66 = CARTESIAN_POINT ( 'NONE',  ( -1.798385574751164562, 1.798385574751155458, -5.175000000000001599 ) ) ;
#67 = EDGE_CURVE ( 'NONE', #3796, #805, #4144, .T. ) ;
#68 =( BOUNDED_CURVE ( )  B_SPLINE_CURVE ( 2, ( #255, #1640, #3022, #2227, #3592, #4037, #1362, #3044, #2729 ),
 .UNSPECIFIED., .F., .F. ) 
 B_SPLINE_CURVE_WITH_KNOTS ( ( 3, 2, 2, 2, 3 ),
 ( 0.6093750000000000000, 0.6171875000000000000, 0.6250000000000000000, 0.6328125000000001110, 0.6406250000000001110 ),
 .UNSPECIFIED. ) 
 CURVE ( )  GEOMETRIC_REPRESENTATION_ITEM ( )  RATIONAL_B_SPLINE_CURVE ( ( 1.000000000000000000, 0.9238795325112867385, 1.000000000000000000, 0.9238795325112867385, 1.000000000000000000, 0.9238795325112867385, 1.000000000000000000, 0.9238795325112856283, 1.000000000000001110 ) ) 
 REPRESENTATION_ITEM ( '' )  );
#69 = CARTESIAN_POINT ( 'NONE',  ( -2.425271854633440422E-16, -1.980384757729347189, 0.2999999999999981570 ) ) ;
#70 = B_SPLINE_CURVE_WITH_KNOTS ( 'NONE', 3,
 ( #2114, #2638, #3924, #2545, #1184, #2569 ),
 .UNSPECIFIED., .F., .F.,
 ( 4, 2, 4 ),
 ( 0.006244554220338018914, 0.006829275472188209642, 0.007413996724038400370 ),
 .UNSPECIFIED. ) ;
#71 = DIRECTION ( 'NONE',  ( -0.000000000000000000, -0.000000000000000000, 1.000000000000000000 ) ) ;
#72 = CARTESIAN_POINT ( 'NONE',  ( -1.400343491548893038, -1.400343491548901920, 1.799999999999999600 ) ) ;
#73 = EDGE_CURVE ( 'NONE', #656, #4288, #3729, .T. ) ;
#74 = CARTESIAN_POINT ( 'NONE',  ( -2.425271854633440422E-16, -1.980384757729347189, -8.500000000000001776 ) ) ;
#75 = CARTESIAN_POINT ( 'NONE',  ( -2.500000000000010658, 1.035533905932733090, 2.850000000000000533 ) ) ;
#76 = PERSON_AND_ORGANIZATION_ROLE ( 'design_owner' ) ;
#77 = CARTESIAN_POINT ( 'NONE',  ( 1.035533905932743748, 2.500000000000001776, -6.150000000000000355 ) ) ;
#78 = CARTESIAN_POINT ( 'NONE',  ( 1.506881570736307241, -1.829979021781465542, -7.834257523455305794 ) ) ;
#79 = CARTESIAN_POINT ( 'NONE',  ( 0.8203022253684477683, -1.980384757729347633, -6.050000000000001599 ) ) ;
#80 = CARTESIAN_POINT ( 'NONE',  ( -1.980384757729338085, 0.8203022253684389975, 1.749999999999998224 ) ) ;
#81 = CARTESIAN_POINT ( 'NONE',  ( 2.260688899610015845, 0.3066395635092684646, 2.745775406036752742 ) ) ;
#82 = CARTESIAN_POINT ( 'NONE',  ( 2.500000000000010658, -9.572146786230802611E-15, -5.500000000000000000 ) ) ;
#83 = ORIENTED_EDGE ( 'NONE', *, *, #1098, .F. ) ;
#84 = CARTESIAN_POINT ( 'NONE',  ( 0.000000000000000000, 2.543301270189221253, 2.724999999999998312 ) ) ;
#85 = CARTESIAN_POINT ( 'NONE',  ( -3.114645759804639297E-16, -2.543301270189239904, -3.225000000000002309 ) ) ;
#86 = CARTESIAN_POINT ( 'NONE',  ( -1.400343491548893038, 1.400343491548883934, -1.500000000000002220 ) ) ;
#87 = CARTESIAN_POINT ( 'NONE',  ( 1.980384757729338085, -9.476695014745558097E-15, -2.600000000000001421 ) ) ;
#88 = CARTESIAN_POINT ( 'NONE',  ( 0.000000000000000000, 1.980384757729328982, -2.400000000000002132 ) ) ;
#89 = CARTESIAN_POINT ( 'NONE',  ( 0.000000000000000000, 2.543301270189221253, -4.475000000000001421 ) ) ;
#90 = CARTESIAN_POINT ( 'NONE',  ( -1.980384757729338085, -8.991640643818871886E-15, 2.499999999999998668 ) ) ;
#91 = CARTESIAN_POINT ( 'NONE',  ( -1.035533905932742416, -2.500000000000019540, 3.149999999999996358 ) ) ;
#92 = CARTESIAN_POINT ( 'NONE',  ( 1.980384757729337641, 0.8203022253684393306, 2.149999999999999467 ) ) ;
#93 = EDGE_LOOP ( 'NONE', ( #1071, #2593, #1368, #518 ) ) ;
#94 = FACE_OUTER_BOUND ( 'NONE', #4001, .T. ) ;
#95 = CARTESIAN_POINT ( 'NONE',  ( 1.640555198395083902, 1.555323091992526940, -7.944289078108363711 ) ) ;
#96 = AXIS2_PLACEMENT_3D ( 'NONE', #3814, #777, #2159 ) ;
#97 =( NAMED_UNIT ( * ) SI_UNIT ( $, .STERADIAN. ) SOLID_ANGLE_UNIT ( ) );
#98 = CARTESIAN_POINT ( 'NONE',  ( -9.396518926769048671E-16, -2.309401076758500260, 6.000000000000000000 ) ) ;
#99 = CARTESIAN_POINT ( 'NONE',  ( -2.500000000000010658, -8.959823386657123714E-15, 1.299999999999999600 ) ) ;
#100 = CARTESIAN_POINT ( 'NONE',  ( 1.400343491548892816, -1.400343491548902364, -8.400000000000000355 ) ) ;
#101 = CARTESIAN_POINT ( 'NONE',  ( 1.400343491548892816, -1.400343491548902364, 0.4999999999999987232 ) ) ;
#102 = CARTESIAN_POINT ( 'NONE',  ( -2.500000000000010658, -1.035533905932750853, -5.050000000000000711 ) ) ;
#103 = CARTESIAN_POINT ( 'NONE',  ( 1.522052251648188470, -1.887873624810574524, 3.140767952804137675 ) ) ;
#104 = ORIENTED_EDGE ( 'NONE', *, *, #2380, .F. ) ;
#105 = CARTESIAN_POINT ( 'NONE',  ( -1.980384757729338085, -8.991640643818871886E-15, -8.600000000000001421 ) ) ;
#106 = AXIS2_PLACEMENT_3D ( 'NONE', #551, #3895, #500 ) ;
#107 = CARTESIAN_POINT ( 'NONE',  ( -1.053469879313098989, 2.543301270189221253, 1.224999999999998535 ) ) ;
#108 = CARTESIAN_POINT ( 'NONE',  ( 1.980384757729337641, 0.8203022253684392195, -0.1500000000000026035 ) ) ;
#109 = EDGE_CURVE ( 'NONE', #1153, #2921, #358, .T. ) ;
#110 = CARTESIAN_POINT ( 'NONE',  ( -0.8203022253684478793, 1.980384757729328982, -1.550000000000001821 ) ) ;
#111 = CARTESIAN_POINT ( 'NONE',  ( 1.400343491548893260, 1.400343491548883490, -1.700000000000001954 ) ) ;
#112 = CARTESIAN_POINT ( 'NONE',  ( 0.000000000000000000, 2.543301270189221253, -5.275000000000002132 ) ) ;
#113 = EDGE_LOOP ( 'NONE', ( #1324, #628, #237, #852 ) ) ;
#114 = CARTESIAN_POINT ( 'NONE',  ( -2.425271854633440422E-16, -1.980384757729347189, 2.699999999999999289 ) ) ;
#115 = EDGE_CURVE ( 'NONE', #713, #471, #657, .T. ) ;
#116 = CARTESIAN_POINT ( 'NONE',  ( -3.061616997868395960E-16, -2.500000000000019540, 0.7999999999999967137 ) ) ;
#117 = ORIENTED_EDGE ( 'NONE', *, *, #831, .F. ) ;
#118 = CARTESIAN_POINT ( 'NONE',  ( -2.287833562178371860, -8.972814834105361399E-15, 2.777505650010674287 ) ) ;
#119 = CARTESIAN_POINT ( 'NONE',  ( -1.980384757729338085, -8.991640643818871886E-15, -7.900000000000000355 ) ) ;
#120 = CARTESIAN_POINT ( 'NONE',  ( 1.767766952966376426, 1.767766952966366656, -0.5999999999999994227 ) ) ;
#121 =( LENGTH_UNIT ( ) NAMED_UNIT ( * ) SI_UNIT ( .MILLI., .METRE. ) );
#122 = CARTESIAN_POINT ( 'NONE',  ( -1.980384757729338085, -8.991640643818871886E-15, -7.000000000000001776 ) ) ;
#123 = CARTESIAN_POINT ( 'NONE',  ( 0.2008267180210916436, -2.014740088191698586, 2.033197646733532427 ) ) ;
#124 = CARTESIAN_POINT ( 'NONE',  ( -0.8203022253684481013, -1.980384757729346967, -6.150000000000000355 ) ) ;
#125 = CARTESIAN_POINT ( 'NONE',  ( -0.8203022253684478793, 1.980384757729328982, 1.649999999999998801 ) ) ;
#126 = CARTESIAN_POINT ( 'NONE',  ( -1.400343491548893038, 1.400343491548883934, -6.400000000000001243 ) ) ;
#127 = CARTESIAN_POINT ( 'NONE',  ( 1.767766952966375982, -1.767766952966385752, 1.699999999999996403 ) ) ;
#128 = CARTESIAN_POINT ( 'NONE',  ( -2.287833562178371860, -8.972814834105361399E-15, 2.777505650010674287 ) ) ;
#129 = ORIENTED_EDGE ( 'NONE', *, *, #3046, .T. ) ;
#130 = CARTESIAN_POINT ( 'NONE',  ( 1.053469879313100543, 2.543301270189220809, 2.674999999999998934 ) ) ;
#131 = CARTESIAN_POINT ( 'NONE',  ( -0.8203022253684481013, -1.980384757729347189, 0.3499999999999978684 ) ) ;
#132 = CARTESIAN_POINT ( 'NONE',  ( -1.400343491548893038, 1.400343491548883934, -0.7000000000000027311 ) ) ;
#133 = CARTESIAN_POINT ( 'NONE',  ( 1.980384757729337641, 0.8203022253684393306, 0.6499999999999978018 ) ) ;
#134 = CARTESIAN_POINT ( 'NONE',  ( -1.053469879313098545, 2.543301270189220809, -6.025000000000002132 ) ) ;
#135 = CARTESIAN_POINT ( 'NONE',  ( 1.053469879313098323, -2.543301270189240348, -7.975000000000002309 ) ) ;
#136 = PLANE ( 'NONE',  #2781 ) ;
#137 = CARTESIAN_POINT ( 'NONE',  ( -1.767766952966376426, 1.767766952966367100, -7.500000000000003553 ) ) ;
#138 = CARTESIAN_POINT ( 'NONE',  ( 2.500000000000010658, -9.572146786230802611E-15, -3.100000000000000089 ) ) ;
#139 = CARTESIAN_POINT ( 'NONE',  ( -1.980384757729338085, 0.8203022253684389975, -3.150000000000001688 ) ) ;
#140 = CARTESIAN_POINT ( 'NONE',  ( 0.8203022253684492116, 1.980384757729328538, -6.450000000000002842 ) ) ;
#141 = CARTESIAN_POINT ( 'NONE',  ( 1.400343491548892816, -1.400343491548902364, -3.600000000000001421 ) ) ;
#142 = CARTESIAN_POINT ( 'NONE',  ( -1.980384757729338085, -8.991640643818871886E-15, 0.9999999999999974465 ) ) ;
#143 = CARTESIAN_POINT ( 'NONE',  ( 0.000000000000000000, 1.980384757729328982, -5.700000000000001954 ) ) ;
#144 = CARTESIAN_POINT ( 'NONE',  ( 0.000000000000000000, 2.500000000000001332, -5.200000000000002842 ) ) ;
#145 = PRODUCT_DEFINITION_SHAPE ( 'NONE', 'NONE',  #1530 ) ;
#146 = CARTESIAN_POINT ( 'NONE',  ( 1.999999999999997113, 1.154700538379250796, 6.000000000000000000 ) ) ;
#147 = ORIENTED_EDGE ( 'NONE', *, *, #4424, .F. ) ;
#148 = CARTESIAN_POINT ( 'NONE',  ( 0.000000000000000000, 2.543301270189221253, 4.324999999999999289 ) ) ;
#149 = ORIENTED_EDGE ( 'NONE', *, *, #4225, .F. ) ;
#150 = CARTESIAN_POINT ( 'NONE',  ( 1.980384757729338085, -9.476695014745558097E-15, -7.500000000000001776 ) ) ;
#151 = CARTESIAN_POINT ( 'NONE',  ( 2.500000000000010658, -9.572146786230802611E-15, -3.900000000000000355 ) ) ;
#152 = ORIENTED_EDGE ( 'NONE', *, *, #516, .T. ) ;
#153 = CARTESIAN_POINT ( 'NONE',  ( -1.980384757729338085, -8.991640643818871886E-15, -1.400000000000001910 ) ) ;
#154 = CARTESIAN_POINT ( 'NONE',  ( -1.053469879313098989, -2.543301270189239460, -6.525000000000001243 ) ) ;
#155 = CARTESIAN_POINT ( 'NONE',  ( -2.543301270189231023, -1.053469879313107871, -8.175000000000002487 ) ) ;
#156 = CYLINDRICAL_SURFACE ( 'NONE', #2418, 2.500000000000003997 ) ;
#157 = ORIENTED_EDGE ( 'NONE', *, *, #3078, .F. ) ;
#158 = LINE ( 'NONE', #1001, #464 ) ;
#159 = CARTESIAN_POINT ( 'NONE',  ( -0.8203022253684481013, -1.980384757729346967, -6.150000000000000355 ) ) ;
#160 = PERSON_AND_ORGANIZATION_ROLE ( 'creator' ) ;
#161 = CARTESIAN_POINT ( 'NONE',  ( -1.400343491548893038, 1.400343491548883934, -7.900000000000002132 ) ) ;
#162 = CARTESIAN_POINT ( 'NONE',  ( -1.738648948809772277, -1.418246014481696626, -7.961411025547540987 ) ) ;
#163 = ADVANCED_FACE ( 'NONE', ( #2650 ), #4007, .T. ) ;
#164 = CARTESIAN_POINT ( 'NONE',  ( -1.980384757729338085, -0.8203022253684568721, -3.850000000000000977 ) ) ;
#165 = VECTOR ( 'NONE', #3087, 1000.000000000000000 ) ;
#166 = CARTESIAN_POINT ( 'NONE',  ( -3.061616997868395960E-16, -2.500000000000019540, -6.500000000000000000 ) ) ;
#167 = CARTESIAN_POINT ( 'NONE',  ( 1.400343491548893260, 1.400343491548883490, -4.200000000000001066 ) ) ;
#168 = CARTESIAN_POINT ( 'NONE',  ( 2.500000000000010658, -9.572146786230802611E-15, -5.400000000000004796 ) ) ;
#169 = CARTESIAN_POINT ( 'NONE',  ( 1.767766952966375982, -1.767766952966385530, 2.399999999999999911 ) ) ;
#170 = EDGE_LOOP ( 'NONE', ( #397, #3034, #1736, #3649 ) ) ;
#171 = VECTOR ( 'NONE', #282, 999.9999999999998863 ) ;
#172 = CARTESIAN_POINT ( 'NONE',  ( -0.8203022253684481013, -1.980384757729346967, -6.050000000000001599 ) ) ;
#173 = CARTESIAN_POINT ( 'NONE',  ( 1.400343491548893260, 1.400343491548883490, -7.400000000000002132 ) ) ;
#174 = CARTESIAN_POINT ( 'NONE',  ( 0.2256513836831063324, 2.092486242498133642, 2.225368948530364044 ) ) ;
#175 = AXIS2_PLACEMENT_3D ( 'NONE', #3438, #1764, #342 ) ;
#176 = ORIENTED_EDGE ( 'NONE', *, *, #1576, .F. ) ;
#177 = CARTESIAN_POINT ( 'NONE',  ( -2.543301270189230578, 1.053469879313089663, -2.725000000000002309 ) ) ;
#178 = VECTOR ( 'NONE', #2360, 999.9999999999998863 ) ;
#179 = CARTESIAN_POINT ( 'NONE',  ( 2.543301270189230578, -9.580101100521239259E-15, -7.025000000000002132 ) ) ;
#180 = FACE_OUTER_BOUND ( 'NONE', #3293, .T. ) ;
#181 = ORIENTED_EDGE ( 'NONE', *, *, #437, .T. ) ;
#182 = DIRECTION ( 'NONE',  ( 1.000000000000000000, 0.000000000000000000, 0.000000000000000000 ) ) ;
#183 = ADVANCED_FACE ( 'NONE', ( #1284 ), #2536, .T. ) ;
#184 = CARTESIAN_POINT ( 'NONE',  ( -1.980384757729338085, -8.991640643818871886E-15, -5.500000000000001776 ) ) ;
#185 = LINE ( 'NONE', #3017, #1541 ) ;
#186 = CARTESIAN_POINT ( 'NONE',  ( 1.400343491548893260, 1.400343491548883490, -5.700000000000001954 ) ) ;
#187 = CARTESIAN_POINT ( 'NONE',  ( 0.2525742637506526722, -2.309509325975569460, -7.881723556308476653 ) ) ;
#188 = CARTESIAN_POINT ( 'NONE',  ( 0.000000000000000000, 1.980384757729328982, -4.900000000000001243 ) ) ;
#189 = CARTESIAN_POINT ( 'NONE',  ( -2.425271854633440422E-16, -1.980384757729347189, 3.599999999999999201 ) ) ;
#190 = CARTESIAN_POINT ( 'NONE',  ( -2.543301270189231023, -1.053469879313107871, 2.224999999999997424 ) ) ;
#191 = CARTESIAN_POINT ( 'NONE',  ( 1.980384757729337641, 0.8203022253684392195, -1.050000000000000488 ) ) ;
#192 = CARTESIAN_POINT ( 'NONE',  ( 1.035533905932741749, -2.500000000000019984, 0.7500000000000009992 ) ) ;
#193 = CARTESIAN_POINT ( 'NONE',  ( -2.500000000000010658, -1.035533905932750853, 2.149999999999999467 ) ) ;
#194 = ORIENTED_EDGE ( 'NONE', *, *, #1604, .F. ) ;
#195 = CARTESIAN_POINT ( 'NONE',  ( 1.400343491548893260, 1.400343491548883490, -7.300000000000002487 ) ) ;
#196 = ADVANCED_FACE ( 'NONE', ( #4054 ), #723, .T. ) ;
#197 = CARTESIAN_POINT ( 'NONE',  ( -9.396518926769048671E-16, -2.309401076758500260, 6.000000000000000000 ) ) ;
#198 = DIRECTION ( 'NONE',  ( -0.000000000000000000, -0.000000000000000000, 1.000000000000000000 ) ) ;
#199 = ORIENTED_EDGE ( 'NONE', *, *, #537, .T. ) ;
#200 = CARTESIAN_POINT ( 'NONE',  ( -3.114645759804638804E-16, -2.543301270189239460, -1.675000000000001155 ) ) ;
#201 = CARTESIAN_POINT ( 'NONE',  ( -1.798385574751164784, -1.798385574751173666, -8.125000000000001776 ) ) ;
#202 = DIRECTION ( 'NONE',  ( 0.000000000000000000, 0.000000000000000000, 1.000000000000000000 ) ) ;
#203 = DIRECTION ( 'NONE',  ( -1.000000000000000000, 0.000000000000000000, 0.000000000000000000 ) ) ;
#204 = CARTESIAN_POINT ( 'NONE',  ( 1.899583764936434882, 0.9775920774615447506, 2.348088248983339899 ) ) ;
#205 = CARTESIAN_POINT ( 'NONE',  ( -1.400343491548893038, 1.400343491548883934, -4.000000000000001776 ) ) ;
#206 = CARTESIAN_POINT ( 'NONE',  ( 0.6574124651219057647, -2.376918576219585688, 3.255926889103472277 ) ) ;
#207 = CARTESIAN_POINT ( 'NONE',  ( 1.980384757729337641, 0.8203022253684392195, -4.950000000000001954 ) ) ;
#208 = CARTESIAN_POINT ( 'NONE',  ( -1.430315521664936806, -1.748760573630044224, -7.945845967566299350 ) ) ;
#209 = EDGE_CURVE ( 'NONE', #3464, #2887, #224, .T. ) ;
#210 = CARTESIAN_POINT ( 'NONE',  ( -0.8203022253684481013, -1.980384757729346967, -3.750000000000002220 ) ) ;
#211 = CARTESIAN_POINT ( 'NONE',  ( -0.8203022253684481013, -1.980384757729346967, 3.549999999999997602 ) ) ;
#212 = CARTESIAN_POINT ( 'NONE',  ( -1.798385574751164784, -1.798385574751173666, 0.6749999999999984901 ) ) ;
#213 = CARTESIAN_POINT ( 'NONE',  ( 1.400343491548893260, 1.400343491548883490, -1.800000000000001155 ) ) ;
#214 = CARTESIAN_POINT ( 'NONE',  ( -9.010267893458648583E-16, 2.309401076758501148, 8.337322042762473018 ) ) ;
#215 = CARTESIAN_POINT ( 'NONE',  ( 2.499999999999998668, -1.035533905932763954, -4.650000000000003908 ) ) ;
#216 = ORIENTED_EDGE ( 'NONE', *, *, #3724, .F. ) ;
#217 = CARTESIAN_POINT ( 'NONE',  ( -1.400343491548893038, 1.400343491548883934, -5.500000000000002665 ) ) ;
#218 = CARTESIAN_POINT ( 'NONE',  ( 1.603230164106422162, 1.162573365231615030, -8.219615242270668531 ) ) ;
#219 = CARTESIAN_POINT ( 'NONE',  ( 0.000000000000000000, 2.500000000000001332, 0.3000000000000003775 ) ) ;
#220 = ORIENTED_EDGE ( 'NONE', *, *, #2342, .F. ) ;
#221 = CARTESIAN_POINT ( 'NONE',  ( -3.114645759804638804E-16, -2.543301270189239460, -2.475000000000001421 ) ) ;
#222 = CARTESIAN_POINT ( 'NONE',  ( -1.798385574751164784, 1.798385574751155680, -6.725000000000001421 ) ) ;
#223 = CARTESIAN_POINT ( 'NONE',  ( 1.980384757729337641, 0.8203022253684393306, -8.150000000000002132 ) ) ;
#224 = LINE ( 'NONE', #3436, #3620 ) ;
#225 = CARTESIAN_POINT ( 'NONE',  ( 0.2141661696650282720, 2.184442176169086647, 2.509205687639988192 ) ) ;
#226 = CARTESIAN_POINT ( 'NONE',  ( -0.8203022253684478793, 1.980384757729328982, -4.050000000000001599 ) ) ;
#227 = CYLINDRICAL_SURFACE ( 'NONE', #2550, 2.500000000000003997 ) ;
#228 = CARTESIAN_POINT ( 'NONE',  ( -2.425271854633440422E-16, -1.980384757729347189, -2.800000000000002043 ) ) ;
#229 = DIRECTION ( 'NONE',  ( 0.000000000000000000, 0.000000000000000000, -1.000000000000000000 ) ) ;
#230 = CARTESIAN_POINT ( 'NONE',  ( -1.400343491548893038, 1.400343491548883934, -2.400000000000001243 ) ) ;
#231 = CARTESIAN_POINT ( 'NONE',  ( 2.500000000000003997, -2.295923514178371982E-15, -8.500000000000000000 ) ) ;
#232 = CARTESIAN_POINT ( 'NONE',  ( 0.000000000000000000, 2.543301270189221697, 1.174999999999998934 ) ) ;
#233 = CARTESIAN_POINT ( 'NONE',  ( -0.8203022253684478793, 1.980384757729328982, -3.250000000000001776 ) ) ;
#234 = CARTESIAN_POINT ( 'NONE',  ( -2.500000000000003997, -2.602085213965210642E-15, -8.500000000000000000 ) ) ;
#235 = ORIENTED_EDGE ( 'NONE', *, *, #115, .F. ) ;
#236 = DIRECTION ( 'NONE',  ( -0.000000000000000000, -0.000000000000000000, -1.000000000000000000 ) ) ;
#237 = ORIENTED_EDGE ( 'NONE', *, *, #2216, .T. ) ;
#238 = CARTESIAN_POINT ( 'NONE',  ( -1.980384757729338085, -8.991640643818871886E-15, -2.200000000000002398 ) ) ;
#239 = CARTESIAN_POINT ( 'NONE',  ( -1.980384757729338085, -8.991640643818871886E-15, -5.400000000000002132 ) ) ;
#240 = CARTESIAN_POINT ( 'NONE',  ( 1.767766952966375982, -1.767766952966385752, -1.500000000000003331 ) ) ;
#241 = AXIS2_PLACEMENT_3D ( 'NONE', #4088, #3731, #964 ) ;
#242 = CARTESIAN_POINT ( 'NONE',  ( 2.030673979761034698, -9.485932994964468277E-15, 2.070965504122662892 ) ) ;
#243 = ORIENTED_EDGE ( 'NONE', *, *, #3269, .T. ) ;
#244 = CARTESIAN_POINT ( 'NONE',  ( -2.543301270189230578, -1.053469879313107649, -3.425000000000000711 ) ) ;
#245 = CARTESIAN_POINT ( 'NONE',  ( -2.543301270189231023, 1.053469879313089885, -5.875000000000003553 ) ) ;
#246 = ADVANCED_FACE ( 'NONE', ( #2080 ), #3971, .T. ) ;
#247 = CARTESIAN_POINT ( 'NONE',  ( -1.400343491548893038, 1.400343491548883934, -7.100000000000002309 ) ) ;
#248 = CARTESIAN_POINT ( 'NONE',  ( -3.061616997868395960E-16, -2.500000000000019540, -3.679511122872680673E-15 ) ) ;
#249 = CARTESIAN_POINT ( 'NONE',  ( 1.400343491548893260, 1.400343491548883490, -0.2000000000000005107 ) ) ;
#250 = ADVANCED_FACE ( 'NONE', ( #2784 ), #2392, .T. ) ;
#251 = DIRECTION ( 'NONE',  ( -0.000000000000000000, -0.000000000000000000, -1.000000000000000000 ) ) ;
#252 = CARTESIAN_POINT ( 'NONE',  ( 1.400343491548893260, 1.400343491548883490, -1.700000000000001954 ) ) ;
#253 = CARTESIAN_POINT ( 'NONE',  ( -1.767766952966376204, 1.767766952966367322, -2.799999999999999822 ) ) ;
#254 = CARTESIAN_POINT ( 'NONE',  ( 0.8203022253684493226, 1.980384757729328538, 0.6499999999999995781 ) ) ;
#255 = CARTESIAN_POINT ( 'NONE',  ( -2.500000000000010658, -8.959823386657123714E-15, -4.200000000000002842 ) ) ;
#256 = CARTESIAN_POINT ( 'NONE',  ( -1.798385574751164784, 1.798385574751155680, 1.274999999999998357 ) ) ;
#257 = CARTESIAN_POINT ( 'NONE',  ( 0.000000000000000000, 1.980384757729328982, -3.300000000000001599 ) ) ;
#258 = CARTESIAN_POINT ( 'NONE',  ( 2.500000000000010658, -9.572146786230802611E-15, -4.600000000000004086 ) ) ;
#259 = CYLINDRICAL_SURFACE ( 'NONE', #1986, 2.500000000000003997 ) ;
#260 = ORIENTED_EDGE ( 'NONE', *, *, #1242, .F. ) ;
#261 = CARTESIAN_POINT ( 'NONE',  ( 1.400343491548892816, -1.400343491548902364, 3.699999999999998401 ) ) ;
#262 = CARTESIAN_POINT ( 'NONE',  ( 0.8203022253684493226, 1.980384757729328538, -4.850000000000002309 ) ) ;
#263 = CARTESIAN_POINT ( 'NONE',  ( -1.767766952966376426, 1.767766952966367100, -3.500000000000003109 ) ) ;
#264 = CARTESIAN_POINT ( 'NONE',  ( -3.061616997868395960E-16, -2.500000000000019540, -5.700000000000000178 ) ) ;
#265 = ORIENTED_EDGE ( 'NONE', *, *, #1335, .F. ) ;
#266 = CARTESIAN_POINT ( 'NONE',  ( 1.053469879313098323, -2.543301270189239904, -2.425000000000001155 ) ) ;
#267 = EDGE_CURVE ( 'NONE', #1710, #1013, #3782, .T. ) ;
#268 = CARTESIAN_POINT ( 'NONE',  ( 1.053469879313100765, 2.543301270189220809, -3.675000000000002043 ) ) ;
#269 = CARTESIAN_POINT ( 'NONE',  ( 1.400343491548893260, 1.400343491548883490, -5.700000000000001954 ) ) ;
#270 = CARTESIAN_POINT ( 'NONE',  ( -1.767766952966376204, 1.767766952966367322, -3.600000000000000533 ) ) ;
#271 = LINE ( 'NONE', #3697, #2779 ) ;
#272 = CARTESIAN_POINT ( 'NONE',  ( 0.8203022253684493226, 1.980384757729328538, -0.1500000000000008271 ) ) ;
#273 = CYLINDRICAL_SURFACE ( 'NONE', #4187, 2.500000000000003997 ) ;
#274 = APPROVAL_DATE_TIME ( #3986, #871 ) ;
#275 = CARTESIAN_POINT ( 'NONE',  ( 1.400343491548893260, 1.400343491548883490, -4.100000000000002309 ) ) ;
#276 = CARTESIAN_POINT ( 'NONE',  ( -2.500000000000010658, -8.959823386657123714E-15, 2.199999999999996625 ) ) ;
#277 = CARTESIAN_POINT ( 'NONE',  ( -1.980384757729338085, 0.8203022253684389975, -0.7500000000000006661 ) ) ;
#278 = ADVANCED_FACE ( 'NONE', ( #340 ), #1676, .F. ) ;
#279 = CARTESIAN_POINT ( 'NONE',  ( 0.000000000000000000, -2.602085213965210642E-15, -8.499999999999996447 ) ) ;
#280 = CARTESIAN_POINT ( 'NONE',  ( -2.543301270189230578, -8.957171948560311498E-15, 2.974999999999998312 ) ) ;
#281 = CARTESIAN_POINT ( 'NONE',  ( -0.8203022253684478793, 1.980384757729328982, -0.8500000000000017542 ) ) ;
#282 = DIRECTION ( 'NONE',  ( 0.3420201433256694901, -4.188538737677001009E-17, 0.9396926207859082059 ) ) ;
#283 = ORIENTED_EDGE ( 'NONE', *, *, #1908, .T. ) ;
#284 = DIRECTION ( 'NONE',  ( 0.000000000000000000, 0.000000000000000000, 1.000000000000000000 ) ) ;
#285 = VERTEX_POINT ( 'NONE', #22 ) ;
#286 = CARTESIAN_POINT ( 'NONE',  ( 1.980384757729337641, -0.8203022253684580933, 1.349999999999998979 ) ) ;
#287 =( BOUNDED_CURVE ( )  B_SPLINE_CURVE ( 2, ( #2318, #943, #1012, #629, #1318, #3049, #3685, #349, #3754 ),
 .UNSPECIFIED., .F., .F. ) 
 B_SPLINE_CURVE_WITH_KNOTS ( ( 3, 2, 2, 2, 3 ),
 ( 0.7968750000000000000, 0.8046875000000000000, 0.8125000000000000000, 0.8203125000000000000, 0.8281250000000000000 ),
 .UNSPECIFIED. ) 
 CURVE ( )  GEOMETRIC_REPRESENTATION_ITEM ( )  RATIONAL_B_SPLINE_CURVE ( ( 1.000000000000000000, 0.9238795325112867385, 1.000000000000000000, 0.9238795325112867385, 1.000000000000000000, 0.9238795325112867385, 1.000000000000000000, 0.9238795325112867385, 1.000000000000000000 ) ) 
 REPRESENTATION_ITEM ( '' )  );
#288 = CYLINDRICAL_SURFACE ( 'NONE', #379, 2.500000000000003997 ) ;
#289 = CARTESIAN_POINT ( 'NONE',  ( 0.6197763753858442914, -2.138499575926892771, 2.596159011985804455 ) ) ;
#290 = ORIENTED_EDGE ( 'NONE', *, *, #4285, .F. ) ;
#291 = CARTESIAN_POINT ( 'NONE',  ( 1.053469879313098323, -2.543301270189239904, 1.574999999999998401 ) ) ;
#292 = ORIENTED_EDGE ( 'NONE', *, *, #1808, .T. ) ;
#293 = CARTESIAN_POINT ( 'NONE',  ( -1.053469879313099211, -2.543301270189239904, -5.675000000000001599 ) ) ;
#294 = CARTESIAN_POINT ( 'NONE',  ( -1.400343491548893038, 1.400343491548883934, -7.900000000000002132 ) ) ;
#295 = CARTESIAN_POINT ( 'NONE',  ( 1.798385574751164340, -1.798385574751173888, -7.975000000000001421 ) ) ;
#296 = CARTESIAN_POINT ( 'NONE',  ( 2.500000000000010214, 1.035533905932733534, 0.2499999999999965583 ) ) ;
#297 = CARTESIAN_POINT ( 'NONE',  ( -1.980384757729338085, 0.8203022253684389975, -0.7500000000000006661 ) ) ;
#298 = CARTESIAN_POINT ( 'NONE',  ( 0.000000000000000000, 1.980384757729328982, -3.200000000000002398 ) ) ;
#299 = CARTESIAN_POINT ( 'NONE',  ( -2.500000000000010658, -8.959823386657123714E-15, -2.699999999999999734 ) ) ;
#300 = CARTESIAN_POINT ( 'NONE',  ( 0.8203022253684493226, 1.980384757729328538, -0.1500000000000008271 ) ) ;
#301 = DIRECTION ( 'NONE',  ( -0.000000000000000000, -0.000000000000000000, -1.000000000000000000 ) ) ;
#302 = CARTESIAN_POINT ( 'NONE',  ( -3.114645759804639297E-16, -2.543301270189239904, 3.174999999999998934 ) ) ;
#303 = ADVANCED_FACE ( 'NONE', ( #4446 ), #1377, .T. ) ;
#304 = CARTESIAN_POINT ( 'NONE',  ( -1.980384757729338085, -0.8203022253684569831, -0.6500000000000012434 ) ) ;
#305 = CARTESIAN_POINT ( 'NONE',  ( -1.035533905932742194, -2.500000000000019540, -0.1500000000000003830 ) ) ;
#306 = CARTESIAN_POINT ( 'NONE',  ( 2.500000000000010658, -9.572146786230802611E-15, 0.9000000000000002442 ) ) ;
#307 = ORIENTED_EDGE ( 'NONE', *, *, #4005, .F. ) ;
#308 = CARTESIAN_POINT ( 'NONE',  ( -2.425271854633440422E-16, -1.980384757729347189, 1.199999999999997957 ) ) ;
#309 = CARTESIAN_POINT ( 'NONE',  ( -1.035533905932742194, 2.500000000000001776, -3.550000000000002931 ) ) ;
#310 = CARTESIAN_POINT ( 'NONE',  ( 1.508622798188798519, -1.661329704152411102, 2.644571183552221427 ) ) ;
#311 = VERTEX_POINT ( 'NONE', #1041 ) ;
#312 = CARTESIAN_POINT ( 'NONE',  ( 0.000000000000000000, 2.543301270189221253, 1.124999999999999334 ) ) ;
#313 = AXIS2_PLACEMENT_3D ( 'NONE', #4065, #705, #986 ) ;
#314 = CARTESIAN_POINT ( 'NONE',  ( -1.798385574751164784, 1.798385574751155680, -4.325000000000002842 ) ) ;
#315 = CARTESIAN_POINT ( 'NONE',  ( -1.980384757729338085, -0.8203022253684568721, -7.750000000000001776 ) ) ;
#316 = CARTESIAN_POINT ( 'NONE',  ( 2.550799999999995293, -9.419681154404743553E-15, 3.500000000000001332 ) ) ;
#317 = EDGE_LOOP ( 'NONE', ( #4236, #4024, #2571, #1216 ) ) ;
#318 =( BOUNDED_CURVE ( )  B_SPLINE_CURVE ( 2, ( #306, #3070, #2389, #3483, #4127, #2449, #3463, #1051, #99 ),
 .UNSPECIFIED., .F., .F. ) 
 B_SPLINE_CURVE_WITH_KNOTS ( ( 3, 2, 2, 2, 3 ),
 ( 0.7343750000000000000, 0.7421875000000000000, 0.7500000000000000000, 0.7578124999999998890, 0.7656249999999998890 ),
 .UNSPECIFIED. ) 
 CURVE ( )  GEOMETRIC_REPRESENTATION_ITEM ( )  RATIONAL_B_SPLINE_CURVE ( ( 1.000000000000000000, 0.9238795325112867385, 1.000000000000000000, 0.9238795325112867385, 1.000000000000000000, 0.9238795325112867385, 1.000000000000000000, 0.9238795325112878487, 0.9999999999999988898 ) ) 
 REPRESENTATION_ITEM ( '' )  );
#319 = CARTESIAN_POINT ( 'NONE',  ( 1.400343491548893260, 1.400343491548883490, -2.600000000000001421 ) ) ;
#320 = LINE ( 'NONE', #1289, #3840 ) ;
#321 = VECTOR ( 'NONE', #1791, 1000.000000000000000 ) ;
#322 = CARTESIAN_POINT ( 'NONE',  ( 1.980384757729337641, -0.8203022253684580933, -1.950000000000001288 ) ) ;
#323 = EDGE_CURVE ( 'NONE', #311, #3076, #2280, .T. ) ;
#324 = DIRECTION ( 'NONE',  ( -0.000000000000000000, -0.000000000000000000, -1.000000000000000000 ) ) ;
#325 = AXIS2_PLACEMENT_3D ( 'NONE', #2620, #2301, #881 ) ;
#326 = DIRECTION ( 'NONE',  ( -0.000000000000000000, -0.000000000000000000, -1.000000000000000000 ) ) ;
#327 = CARTESIAN_POINT ( 'NONE',  ( 2.457970363989868012, 0.3911928259029707200, 3.308634541668784124 ) ) ;
#328 = CARTESIAN_POINT ( 'NONE',  ( 1.035533905932741749, -2.500000000000019984, -0.04999999999999926725 ) ) ;
#329 = VERTEX_POINT ( 'NONE', #316 ) ;
#330 = CARTESIAN_POINT ( 'NONE',  ( 1.035533905932743970, 2.500000000000000444, -1.250000000000003109 ) ) ;
#331 = EDGE_LOOP ( 'NONE', ( #152, #650, #2185, #1417, #4133 ) ) ;
#332 = CARTESIAN_POINT ( 'NONE',  ( 1.400343491548892816, -1.400343491548902364, 2.099999999999997868 ) ) ;
#333 = CARTESIAN_POINT ( 'NONE',  ( -9.396518926769048671E-16, -2.309401076758500260, 6.000000000000000000 ) ) ;
#334 = CARTESIAN_POINT ( 'NONE',  ( 1.767766952966375982, -1.767766952966385530, -2.399999999999999911 ) ) ;
#335 = ORIENTED_EDGE ( 'NONE', *, *, #922, .T. ) ;
#336 = CARTESIAN_POINT ( 'NONE',  ( -1.798385574751164562, 1.798385574751155458, 2.024999999999999023 ) ) ;
#337 = ADVANCED_FACE ( 'NONE', ( #682 ), #4038, .T. ) ;
#338 = CARTESIAN_POINT ( 'NONE',  ( 1.053469879313098323, -2.543301270189240348, -3.975000000000001865 ) ) ;
#339 = CARTESIAN_POINT ( 'NONE',  ( -0.8203022253684481013, -1.980384757729346967, -2.850000000000002309 ) ) ;
#340 = FACE_OUTER_BOUND ( 'NONE', #1297, .T. ) ;
#341 = CARTESIAN_POINT ( 'NONE',  ( 0.8203022253684493226, 1.980384757729328538, -1.750000000000001332 ) ) ;
#342 = DIRECTION ( 'NONE',  ( 0.000000000000000000, 0.000000000000000000, -1.000000000000000000 ) ) ;
#343 = CARTESIAN_POINT ( 'NONE',  ( -0.8203022253684481013, -1.980384757729346967, 0.2499999999999984734 ) ) ;
#344 = CARTESIAN_POINT ( 'NONE',  ( 2.378688786274538725, -0.7693111581485274630, 3.360428147091744755 ) ) ;
#345 = CARTESIAN_POINT ( 'NONE',  ( -1.035533905932742194, -2.500000000000019540, 1.450000000000000400 ) ) ;
#346 = CARTESIAN_POINT ( 'NONE',  ( 0.8203022253684492116, 1.980384757729328538, 0.6499999999999995781 ) ) ;
#347 = ADVANCED_FACE ( 'NONE', ( #2976 ), #1182, .T. ) ;
#348 = DIRECTION ( 'NONE',  ( -1.000000000000000000, 0.000000000000000000, -0.000000000000000000 ) ) ;
#349 = CARTESIAN_POINT ( 'NONE',  ( -2.500000000000010658, 1.035533905932733090, 2.050000000000000266 ) ) ;
#350 = VERTEX_POINT ( 'NONE', #4279 ) ;
#351 = CARTESIAN_POINT ( 'NONE',  ( -0.8203022253684481013, -1.980384757729346967, 1.949999999999998623 ) ) ;
#352 = LINE ( 'NONE', #1734, #4120 ) ;
#353 = CARTESIAN_POINT ( 'NONE',  ( 1.980493047004596274, -1.109207802119980268, 2.677963097752743327 ) ) ;
#354 = ORIENTED_EDGE ( 'NONE', *, *, #2657, .F. ) ;
#355 = CARTESIAN_POINT ( 'NONE',  ( -3.114645759804638804E-16, -2.543301270189239460, 0.7249999999999982014 ) ) ;
#356 = CARTESIAN_POINT ( 'NONE',  ( 2.543301270189230578, 1.053469879313090551, -1.375000000000001110 ) ) ;
#357 = CARTESIAN_POINT ( 'NONE',  ( -0.8203022253684478793, 1.980384757729328982, -4.050000000000001599 ) ) ;
#358 =( BOUNDED_CURVE ( )  B_SPLINE_CURVE ( 2, ( #4382, #1240, #1630, #1219, #3696, #2697, #270, #3956, #569 ),
 .UNSPECIFIED., .F., .T. ) 
 B_SPLINE_CURVE_WITH_KNOTS ( ( 3, 2, 2, 2, 3 ),
 ( 0.3593750000000000000, 0.3671875000000000000, 0.3750000000000000000, 0.3828125000000000555, 0.3906250000000000555 ),
 .UNSPECIFIED. ) 
 CURVE ( )  GEOMETRIC_REPRESENTATION_ITEM ( )  RATIONAL_B_SPLINE_CURVE ( ( 1.000000000000000000, 0.9238795325112867385, 1.000000000000000000, 0.9238795325112867385, 1.000000000000000000, 0.9238795325112867385, 1.000000000000000000, 0.9238795325112861834, 1.000000000000000444 ) ) 
 REPRESENTATION_ITEM ( '' )  );
#359 = CARTESIAN_POINT ( 'NONE',  ( -1.400343491548893038, -1.400343491548901920, -4.500000000000002665 ) ) ;
#360 = DIRECTION ( 'NONE',  ( -0.000000000000000000, -0.000000000000000000, -1.000000000000000000 ) ) ;
#361 = CARTESIAN_POINT ( 'NONE',  ( 0.8203022253684493226, 1.980384757729328538, 1.449999999999998179 ) ) ;
#362 = CARTESIAN_POINT ( 'NONE',  ( 1.767766952966375982, -1.767766952966385752, 3.299999999999997158 ) ) ;
#363 = CARTESIAN_POINT ( 'NONE',  ( 0.8203022253684477683, -1.980384757729347633, 2.749999999999999112 ) ) ;
#364 = CARTESIAN_POINT ( 'NONE',  ( -1.767766952966376426, 1.767766952966367100, 2.899999999999997691 ) ) ;
#365 = CARTESIAN_POINT ( 'NONE',  ( 2.500000000000010658, -9.572146786230802611E-15, -7.000000000000003553 ) ) ;
#366 = CARTESIAN_POINT ( 'NONE',  ( 1.980384757729337641, -0.8203022253684580933, 0.4499999999999990674 ) ) ;
#367 = PLANE ( 'NONE',  #2774 ) ;
#368 = CARTESIAN_POINT ( 'NONE',  ( 2.500000000000004441, -1.035533905932758181, -2.250000000000003109 ) ) ;
#369 = EDGE_LOOP ( 'NONE', ( #4258, #900 ) ) ;
#370 = CARTESIAN_POINT ( 'NONE',  ( -1.400343491548893038, 1.400343491548883934, -5.600000000000001421 ) ) ;
#371 = DIRECTION ( 'NONE',  ( -0.000000000000000000, -0.000000000000000000, -1.000000000000000000 ) ) ;
#372 = EDGE_LOOP ( 'NONE', ( #1346, #176, #1149, #1011, #2980, #4173, #1210 ) ) ;
#373 = CARTESIAN_POINT ( 'NONE',  ( 0.000000000000000000, 2.543301270189221253, 1.924999999999999600 ) ) ;
#374 = CARTESIAN_POINT ( 'NONE',  ( -1.053469879313098989, 2.543301270189221253, -0.3750000000000020539 ) ) ;
#375 = CARTESIAN_POINT ( 'NONE',  ( 0.000000000000000000, 1.980384757729328982, -4.900000000000001243 ) ) ;
#376 = CARTESIAN_POINT ( 'NONE',  ( 0.000000000000000000, 1.980384757729328982, -4.000000000000001776 ) ) ;
#377 = CARTESIAN_POINT ( 'NONE',  ( 1.980384757729337641, -0.8203022253684580933, -4.250000000000001776 ) ) ;
#378 = CARTESIAN_POINT ( 'NONE',  ( 2.543301270189230134, 1.053469879313090329, -7.825000000000001954 ) ) ;
#379 = AXIS2_PLACEMENT_3D ( 'NONE', #1668, #694, #1370 ) ;
#380 = CARTESIAN_POINT ( 'NONE',  ( 1.980384757729338085, -9.476695014745558097E-15, 2.899999999999998135 ) ) ;
#381 = VECTOR ( 'NONE', #2732, 1000.000000000000000 ) ;
#382 = DIRECTION ( 'NONE',  ( -1.000000000000000000, 0.000000000000000000, 0.000000000000000000 ) ) ;
#383 = CARTESIAN_POINT ( 'NONE',  ( 1.400343491548892816, -1.400343491548902364, 2.799999999999998490 ) ) ;
#384 = ADVANCED_FACE ( 'NONE', ( #3331 ), #3992, .T. ) ;
#385 = CARTESIAN_POINT ( 'NONE',  ( 2.500000000000018208, -1.035533905932744192, -7.149999999999998579 ) ) ;
#386 = CARTESIAN_POINT ( 'NONE',  ( -2.500000000000010658, -8.959823386657123714E-15, 2.900000000000000355 ) ) ;
#387 = CARTESIAN_POINT ( 'NONE',  ( 0.000000000000000000, 1.980384757729328982, 1.499999999999999556 ) ) ;
#388 = VECTOR ( 'NONE', #1005, 1000.000000000000000 ) ;
#389 = CARTESIAN_POINT ( 'NONE',  ( 2.500000000000007105, 1.035533905932736642, -6.249999999999999112 ) ) ;
#390 = CARTESIAN_POINT ( 'NONE',  ( 0.000000000000000000, 2.500000000000001332, -6.000000000000003553 ) ) ;
#391 = VERTEX_POINT ( 'NONE', #1205 ) ;
#392 = CARTESIAN_POINT ( 'NONE',  ( 0.8203022253684493226, 1.980384757729328538, -7.350000000000001421 ) ) ;
#393 = APPROVAL_PERSON_ORGANIZATION ( #2678, #871, #1905 ) ;
#394 = CARTESIAN_POINT ( 'NONE',  ( -0.8203022253684481013, -1.980384757729346967, 1.149999999999998357 ) ) ;
#395 = CARTESIAN_POINT ( 'NONE',  ( 1.710928392565380873, 1.544050391503786868, 2.809532317419016323 ) ) ;
#396 = CARTESIAN_POINT ( 'NONE',  ( 2.500000000000010658, -9.572146786230802611E-15, -0.6000000000000035305 ) ) ;
#397 = ORIENTED_EDGE ( 'NONE', *, *, #1908, .F. ) ;
#398 = EDGE_CURVE ( 'NONE', #3645, #3432, #1548, .T. ) ;
#399 = CARTESIAN_POINT ( 'NONE',  ( -2.543301270189230134, -8.957171948560311498E-15, 2.924999999999998934 ) ) ;
#400 = CARTESIAN_POINT ( 'NONE',  ( -3.114645759804639297E-16, -2.543301270189239904, -0.8250000000000010658 ) ) ;
#401 = CARTESIAN_POINT ( 'NONE',  ( 1.400343491548892816, -1.400343491548902364, -0.3000000000000016542 ) ) ;
#402 = EDGE_CURVE ( 'NONE', #863, #1352, #1723, .T. ) ;
#403 = CARTESIAN_POINT ( 'NONE',  ( 1.400343491548892816, -1.400343491548902364, -1.100000000000002087 ) ) ;
#404 = CARTESIAN_POINT ( 'NONE',  ( 1.980384757729338085, -9.476695014745558097E-15, -4.200000000000001954 ) ) ;
#405 = CARTESIAN_POINT ( 'NONE',  ( 2.543301270189230134, 1.053469879313090329, -3.825000000000001066 ) ) ;
#406 = CARTESIAN_POINT ( 'NONE',  ( -1.980384757729338085, -8.991640643818871886E-15, 3.299999999999998934 ) ) ;
#407 = FACE_OUTER_BOUND ( 'NONE', #4283, .T. ) ;
#408 = CARTESIAN_POINT ( 'NONE',  ( 1.980384757729338085, -9.476695014745558097E-15, 1.299999999999999156 ) ) ;
#409 = CARTESIAN_POINT ( 'NONE',  ( 1.980384757729338085, -9.476695014745558097E-15, -8.300000000000002487 ) ) ;
#410 = CARTESIAN_POINT ( 'NONE',  ( -1.913656106584680217, -1.483500117153791154, 3.132421607592673851 ) ) ;
#411 = CARTESIAN_POINT ( 'NONE',  ( -2.500000000000010658, -8.959823386657123714E-15, -4.299999999999998934 ) ) ;
#412 = CARTESIAN_POINT ( 'NONE',  ( 1.767766952966376426, 1.767766952966366656, -6.200000000000000178 ) ) ;
#413 = CARTESIAN_POINT ( 'NONE',  ( -2.499999999999999112, 1.035533905932744636, -5.850000000000004086 ) ) ;
#414 = CARTESIAN_POINT ( 'NONE',  ( -0.8203022253684481013, -1.980384757729346967, -8.550000000000002487 ) ) ;
#415 = CARTESIAN_POINT ( 'NONE',  ( -1.980384757729338085, 0.8203022253684389975, 2.549999999999998490 ) ) ;
#416 = CARTESIAN_POINT ( 'NONE',  ( -2.372155731935122969, 0.3050729774174691378, 3.049590692881674503 ) ) ;
#417 = CARTESIAN_POINT ( 'NONE',  ( 0.000000000000000000, -2.602085213965210642E-15, -8.500000000000000000 ) ) ;
#418 = ORIENTED_EDGE ( 'NONE', *, *, #2904, .T. ) ;
#419 = CARTESIAN_POINT ( 'NONE',  ( 1.053469879313098323, -2.543301270189239904, 3.974999999999999201 ) ) ;
#420 = CARTESIAN_POINT ( 'NONE',  ( -2.543301270189230578, -8.957171948560311498E-15, -1.825000000000001954 ) ) ;
#421 = CARTESIAN_POINT ( 'NONE',  ( 0.000000000000000000, 1.980384757729328982, 1.599999999999998979 ) ) ;
#422 = CARTESIAN_POINT ( 'NONE',  ( 0.000000000000000000, 1.980384757729328982, -0.8000000000000020428 ) ) ;
#423 = CARTESIAN_POINT ( 'NONE',  ( -1.400343491548893038, -1.400343491548901920, -5.300000000000002487 ) ) ;
#424 = CARTESIAN_POINT ( 'NONE',  ( -3.114645759804638804E-16, -2.543301270189239460, -4.875000000000000888 ) ) ;
#425 = CARTESIAN_POINT ( 'NONE',  ( -0.8203022253684478793, 1.980384757729328982, 0.7499999999999990008 ) ) ;
#426 = FACE_OUTER_BOUND ( 'NONE', #2219, .T. ) ;
#427 = CARTESIAN_POINT ( 'NONE',  ( 1.400343491548893260, 1.400343491548883490, 3.799999999999999378 ) ) ;
#428 = ORIENTED_EDGE ( 'NONE', *, *, #2180, .F. ) ;
#429 = EDGE_CURVE ( 'NONE', #1710, #3645, #1892, .T. ) ;
#430 = CARTESIAN_POINT ( 'NONE',  ( -0.8203022253684478793, 1.980384757729328982, -8.050000000000002487 ) ) ;
#431 = CARTESIAN_POINT ( 'NONE',  ( 1.035533905932743748, 2.500000000000001776, 2.650000000000000355 ) ) ;
#432 = CALENDAR_DATE ( 2026, 5, 2 ) ;
#433 = CARTESIAN_POINT ( 'NONE',  ( -1.035533905932741972, 2.500000000000001776, -6.050000000000001599 ) ) ;
#434 = CARTESIAN_POINT ( 'NONE',  ( -3.061616997868395960E-16, -2.500000000000019540, 2.399999999999997691 ) ) ;
#435 = CARTESIAN_POINT ( 'NONE',  ( 1.980384757729337641, 0.8203022253684393306, -5.850000000000001421 ) ) ;
#436 = CARTESIAN_POINT ( 'NONE',  ( 1.980384757729338085, -9.476695014745558097E-15, 1.399999999999998579 ) ) ;
#437 = EDGE_CURVE ( 'NONE', #3816, #1895, #68, .T. ) ;
#438 = CARTESIAN_POINT ( 'NONE',  ( -2.391594939394081187, -8.966461282181244507E-15, 3.062587690922347505 ) ) ;
#439 = CARTESIAN_POINT ( 'NONE',  ( -1.121271408023486016, -2.071965664019606468, 2.950330170762598403 ) ) ;
#440 = EDGE_LOOP ( 'NONE', ( #3740, #652, #260, #149 ) ) ;
#441 = CARTESIAN_POINT ( 'NONE',  ( -1.980384757729338085, -0.8203022253684568721, -7.750000000000001776 ) ) ;
#442 = EDGE_CURVE ( 'NONE', #854, #4019, #13, .T. ) ;
#443 = CARTESIAN_POINT ( 'NONE',  ( 0.000000000000000000, 2.543301270189221697, -1.225000000000002087 ) ) ;
#444 = CARTESIAN_POINT ( 'NONE',  ( 0.8203022253684492116, 1.980384757729328538, -0.8500000000000017542 ) ) ;
#445 = CARTESIAN_POINT ( 'NONE',  ( 1.980384757729337641, -0.8203022253684580933, -3.450000000000001510 ) ) ;
#446 = CARTESIAN_POINT ( 'NONE',  ( -1.980384757729338085, 0.8203022253684389975, 0.1499999999999973577 ) ) ;
#447 = CARTESIAN_POINT ( 'NONE',  ( 2.543301270189230134, 1.053469879313090329, -5.425000000000000711 ) ) ;
#448 = CARTESIAN_POINT ( 'NONE',  ( -1.980384757729338085, -0.8203022253684568721, 2.549999999999998490 ) ) ;
#449 = CARTESIAN_POINT ( 'NONE',  ( -2.500000000000010658, -8.959823386657123714E-15, 2.199999999999996625 ) ) ;
#450 = CARTESIAN_POINT ( 'NONE',  ( -2.425271854633440422E-16, -1.980384757729347189, 1.899999999999999023 ) ) ;
#451 =( BOUNDED_CURVE ( )  B_SPLINE_CURVE ( 2, ( #3875, #4147, #1837, #1813, #434, #708, #2792, #1112, #2816 ),
 .UNSPECIFIED., .F., .F. ) 
 B_SPLINE_CURVE_WITH_KNOTS ( ( 3, 2, 2, 2, 3 ),
 ( 0.07812500000000009714, 0.08593750000000008327, 0.09375000000000006939, 0.1015625000000000555, 0.1093750000000000416 ),
 .UNSPECIFIED. ) 
 CURVE ( )  GEOMETRIC_REPRESENTATION_ITEM ( )  RATIONAL_B_SPLINE_CURVE ( ( 0.9999999999999990008, 0.9238795325112877377, 1.000000000000000000, 0.9238795325112867385, 1.000000000000000000, 0.9238795325112867385, 1.000000000000000000, 0.9238795325112862944, 1.000000000000000444 ) ) 
 REPRESENTATION_ITEM ( '' )  );
#452 = CARTESIAN_POINT ( 'NONE',  ( -1.980384757729338085, 0.8203022253684389975, -8.750000000000001776 ) ) ;
#453 = CARTESIAN_POINT ( 'NONE',  ( 0.1500170527559724909, 2.482861780006056840, -7.717138219993953108 ) ) ;
#454 = VECTOR ( 'NONE', #3406, 1000.000000000000000 ) ;
#455 = CARTESIAN_POINT ( 'NONE',  ( -1.980384757729338085, -0.8203022253684569831, -6.950000000000001954 ) ) ;
#456 = EDGE_CURVE ( 'NONE', #2962, #4080, #4331, .T. ) ;
#457 = CARTESIAN_POINT ( 'NONE',  ( -1.400343491548893038, -1.400343491548901920, -7.000000000000001776 ) ) ;
#458 = CARTESIAN_POINT ( 'NONE',  ( 0.8203022253684477683, -1.980384757729347633, 0.4499999999999990119 ) ) ;
#459 = CARTESIAN_POINT ( 'NONE',  ( 0.8203022253684492116, 1.980384757729328538, -6.550000000000000711 ) ) ;
#460 = FACE_OUTER_BOUND ( 'NONE', #1192, .T. ) ;
#461 = CARTESIAN_POINT ( 'NONE',  ( -3.061616997868395960E-16, -2.500000000000019540, -6.400000000000003020 ) ) ;
#462 = ORIENTED_EDGE ( 'NONE', *, *, #323, .F. ) ;
#463 = CARTESIAN_POINT ( 'NONE',  ( 0.8203022253684477683, -1.980384757729347633, -8.350000000000001421 ) ) ;
#464 = VECTOR ( 'NONE', #2675, 999.9999999999998863 ) ;
#465 = CARTESIAN_POINT ( 'NONE',  ( -2.425271854633440422E-16, -1.980384757729347189, 0.3999999999999975797 ) ) ;
#466 = CARTESIAN_POINT ( 'NONE',  ( -2.425271854633440422E-16, -1.980384757729347189, -1.200000000000002176 ) ) ;
#467 = CARTESIAN_POINT ( 'NONE',  ( 1.400343491548892816, -1.400343491548902364, 0.4999999999999987232 ) ) ;
#468 = CARTESIAN_POINT ( 'NONE',  ( 1.053469879313100543, 2.543301270189220809, -6.125000000000003553 ) ) ;
#469 = CARTESIAN_POINT ( 'NONE',  ( -1.053469879313099211, -2.543301270189239904, -8.875000000000001776 ) ) ;
#470 = CARTESIAN_POINT ( 'NONE',  ( -1.035533905932742416, -2.500000000000019540, -5.650000000000003020 ) ) ;
#471 = VERTEX_POINT ( 'NONE', #2426 ) ;
#472 = CARTESIAN_POINT ( 'NONE',  ( -2.162023712733673442, 0.7049483726863200461, 2.727055522032182822 ) ) ;
#473 = DIRECTION ( 'NONE',  ( -1.000000000000000000, 0.000000000000000000, 0.000000000000000000 ) ) ;
#474 = CARTESIAN_POINT ( 'NONE',  ( 1.922627289919873972, 1.029538648759530384, -8.024092993034676269 ) ) ;
#475 = CARTESIAN_POINT ( 'NONE',  ( 1.400343491548892816, -1.400343491548902364, -7.500000000000002665 ) ) ;
#476 = LINE ( 'NONE', #1951, #1256 ) ;
#477 = CARTESIAN_POINT ( 'NONE',  ( -0.8203022253684478793, 1.980384757729328982, -4.850000000000002309 ) ) ;
#478 = CARTESIAN_POINT ( 'NONE',  ( -0.8203022253684478793, 1.980384757729328982, 0.04999999999999796274 ) ) ;
#479 = CARTESIAN_POINT ( 'NONE',  ( -1.980384757729338085, 0.8203022253684388865, -6.350000000000001421 ) ) ;
#480 = CARTESIAN_POINT ( 'NONE',  ( -2.500000000000010658, 1.035533905932733312, -5.050000000000002487 ) ) ;
#481 = CARTESIAN_POINT ( 'NONE',  ( -2.500000000000010658, -8.959823386657123714E-15, -1.000000000000002887 ) ) ;
#482 = EDGE_LOOP ( 'NONE', ( #2822, #3734, #929, #3094 ) ) ;
#483 = CARTESIAN_POINT ( 'NONE',  ( -2.543301270189230578, -1.053469879313107649, 3.774999999999998579 ) ) ;
#484 = VERTEX_POINT ( 'NONE', #344 ) ;
#485 = EDGE_CURVE ( 'NONE', #2352, #3625, #4071, .T. ) ;
#486 = CARTESIAN_POINT ( 'NONE',  ( -1.035533905932742416, -2.500000000000019540, -1.650000000000003242 ) ) ;
#487 = CARTESIAN_POINT ( 'NONE',  ( -1.980384757729338085, 0.8203022253684388865, 0.9499999999999977351 ) ) ;
#488 = CARTESIAN_POINT ( 'NONE',  ( -2.425271854633440422E-16, -1.980384757729347189, -0.4000000000000010214 ) ) ;
#489 = CARTESIAN_POINT ( 'NONE',  ( 0.8203022253684493226, 1.980384757729328538, -1.650000000000002576 ) ) ;
#490 = CARTESIAN_POINT ( 'NONE',  ( -3.114645759804638804E-16, -2.543301270189239460, -5.675000000000001599 ) ) ;
#491 = CARTESIAN_POINT ( 'NONE',  ( -1.798385574751164784, -1.798385574751173666, -7.325000000000002842 ) ) ;
#492 = EDGE_CURVE ( 'NONE', #878, #285, #3623, .T. ) ;
#493 = CARTESIAN_POINT ( 'NONE',  ( 1.035533905932741749, -2.500000000000019984, -5.550000000000003375 ) ) ;
#494 = ORIENTED_EDGE ( 'NONE', *, *, #2409, .F. ) ;
#495 = CARTESIAN_POINT ( 'NONE',  ( 1.999999999999997113, -0.3888971377316700062, 8.175446395698608981 ) ) ;
#496 = CARTESIAN_POINT ( 'NONE',  ( -1.400343491548893038, 1.400343491548883934, -5.600000000000001421 ) ) ;
#497 = CARTESIAN_POINT ( 'NONE',  ( 1.063957180443253936, -2.232472768437775645, 3.274807158853811018 ) ) ;
#498 = PERSON_AND_ORGANIZATION ( #3541, #4267 ) ;
#499 = CARTESIAN_POINT ( 'NONE',  ( 0.8203022253684477683, -1.980384757729347633, -5.950000000000001954 ) ) ;
#500 = DIRECTION ( 'NONE',  ( -1.000000000000000000, 0.000000000000000000, 0.000000000000000000 ) ) ;
#501 = CARTESIAN_POINT ( 'NONE',  ( -1.980384757729338085, -8.991640643818871886E-15, -4.700000000000001066 ) ) ;
#502 = CARTESIAN_POINT ( 'NONE',  ( 1.980384757729337641, -0.8203022253684580933, 3.749999999999997780 ) ) ;
#503 = CARTESIAN_POINT ( 'NONE',  ( 1.980384757729338085, -9.476695014745558097E-15, -5.100000000000002309 ) ) ;
#504 = CARTESIAN_POINT ( 'NONE',  ( 2.500000000000010658, -9.572146786230802611E-15, -0.6000000000000035305 ) ) ;
#505 = CARTESIAN_POINT ( 'NONE',  ( 2.500000000000009770, -1.035533905932752630, 2.449999999999999289 ) ) ;
#506 = EDGE_LOOP ( 'NONE', ( #3859, #3337, #3113, #2093 ) ) ;
#507 = CARTESIAN_POINT ( 'NONE',  ( -1.400343491548893038, 1.400343491548883934, -6.300000000000001599 ) ) ;
#508 = CC_DESIGN_PERSON_AND_ORGANIZATION_ASSIGNMENT ( #4228, #3194, ( #1410 ) ) ;
#509 = DIRECTION ( 'NONE',  ( 0.000000000000000000, 0.000000000000000000, -1.000000000000000000 ) ) ;
#510 = CARTESIAN_POINT ( 'NONE',  ( 0.8790407853800741300, 1.883497371339189597, 2.190172006216013489 ) ) ;
#511 = ORIENTED_EDGE ( 'NONE', *, *, #2, .F. ) ;
#512 = CARTESIAN_POINT ( 'NONE',  ( -0.8203022253684481013, -1.980384757729346967, -0.4500000000000025646 ) ) ;
#513 = CARTESIAN_POINT ( 'NONE',  ( -2.543301270189230578, 1.053469879313089663, -1.125000000000000888 ) ) ;
#514 = ORIENTED_EDGE ( 'NONE', *, *, #1721, .F. ) ;
#515 = CARTESIAN_POINT ( 'NONE',  ( 1.053469879313098323, -2.543301270189240348, -7.175000000000002487 ) ) ;
#516 = EDGE_CURVE ( 'NONE', #484, #2751, #4253, .T. ) ;
#517 = CARTESIAN_POINT ( 'NONE',  ( -1.980384757729338085, 0.8203022253684389975, -8.650000000000002132 ) ) ;
#518 = ORIENTED_EDGE ( 'NONE', *, *, #2601, .F. ) ;
#519 = CARTESIAN_POINT ( 'NONE',  ( 1.999999999999997113, -1.154700538379248576, 8.337322042762471241 ) ) ;
#520 = CARTESIAN_POINT ( 'NONE',  ( 1.980384757729337641, -0.8203022253684580933, -5.950000000000002842 ) ) ;
#521 = LINE ( 'NONE', #1904, #1399 ) ;
#522 = CALENDAR_DATE ( 2026, 5, 2 ) ;
#523 = CARTESIAN_POINT ( 'NONE',  ( 1.980384757729338085, -9.476695014745558097E-15, -5.800000000000002487 ) ) ;
#524 = CARTESIAN_POINT ( 'NONE',  ( 0.8916866194721511096, -1.841307209038610893, 2.090891485040004216 ) ) ;
#525 = CARTESIAN_POINT ( 'NONE',  ( -1.980384757729338085, -8.991640643818871886E-15, -5.500000000000001776 ) ) ;
#526 = EDGE_CURVE ( 'NONE', #3947, #854, #3751, .T. ) ;
#527 = CARTESIAN_POINT ( 'NONE',  ( -1.400343491548893038, 1.400343491548883934, 3.299999999999998934 ) ) ;
#528 = CARTESIAN_POINT ( 'NONE',  ( 2.543301270189230578, 1.053469879313090551, 0.2249999999999977573 ) ) ;
#529 = CARTESIAN_POINT ( 'NONE',  ( 1.400343491548892816, -1.400343491548902364, -2.000000000000000888 ) ) ;
#530 = CARTESIAN_POINT ( 'NONE',  ( -3.061616997868395960E-16, -2.500000000000019540, 1.599999999999996980 ) ) ;
#531 = B_SPLINE_CURVE_WITH_KNOTS ( 'NONE', 3,
 ( #1245, #3258, #3988, #3590, #1860, #846, #1519, #2903, #2632, #524, #1907, #914, #123, #1638, #3748, #622, #2702, #1703 ),
 .UNSPECIFIED., .F., .F.,
 ( 4, 2, 2, 2, 2, 2, 2, 2, 4 ),
 ( 0.01557695210197098529, 0.01611259184593782923, 0.01664823158990467664, 0.01718387133387152405, 0.01771951107783836799, 0.01825515082180521539, 0.01879079056577205933, 0.01932643030973890674, 0.01986207005370575068 ),
 .UNSPECIFIED. ) ;
#532 = CARTESIAN_POINT ( 'NONE',  ( -1.035533905932742194, -2.500000000000019540, 2.250000000000001332 ) ) ;
#533 = ORIENTED_EDGE ( 'NONE', *, *, #4050, .T. ) ;
#534 = CIRCLE ( 'NONE', #3065, 4.000000000000000000 ) ;
#535 = CARTESIAN_POINT ( 'NONE',  ( 0.8203022253684493226, 1.980384757729328538, -5.650000000000002132 ) ) ;
#536 = DIRECTION ( 'NONE',  ( 0.000000000000000000, -1.000000000000000000, 0.000000000000000000 ) ) ;
#537 = EDGE_CURVE ( 'NONE', #3510, #3448, #1901, .T. ) ;
#538 = CARTESIAN_POINT ( 'NONE',  ( -0.8203022253684478793, 1.980384757729328982, 1.649999999999998579 ) ) ;
#539 = AXIS2_PLACEMENT_3D ( 'NONE', #1709, #2663, #965 ) ;
#540 = VERTEX_POINT ( 'NONE', #2339 ) ;
#541 = CARTESIAN_POINT ( 'NONE',  ( -3.114645759804638804E-16, -2.543301270189239460, -0.8750000000000016653 ) ) ;
#542 = VECTOR ( 'NONE', #819, 1000.000000000000000 ) ;
#543 = CARTESIAN_POINT ( 'NONE',  ( -3.114645759804639297E-16, -2.543301270189239904, -8.825000000000002842 ) ) ;
#544 = EDGE_CURVE ( 'NONE', #1595, #2644, #668, .T. ) ;
#545 = CARTESIAN_POINT ( 'NONE',  ( 1.035533905932741749, -2.500000000000019984, 0.8499999999999964251 ) ) ;
#546 = CARTESIAN_POINT ( 'NONE',  ( -2.500000000000010658, -8.959823386657123714E-15, -0.2000000000000024813 ) ) ;
#547 = CARTESIAN_POINT ( 'NONE',  ( 0.07163918381599167218, 2.197338839577923419, 2.519221836084725830 ) ) ;
#548 = CARTESIAN_POINT ( 'NONE',  ( 0.8203022253684493226, 1.980384757729328538, -4.950000000000001066 ) ) ;
#549 = CARTESIAN_POINT ( 'NONE',  ( 1.440519025919748675, -2.018508902919853742, 3.293534879174520480 ) ) ;
#550 = CARTESIAN_POINT ( 'NONE',  ( 1.400343491548892816, -1.400343491548902364, -5.100000000000002309 ) ) ;
#551 = CARTESIAN_POINT ( 'NONE',  ( 0.000000000000000000, -2.602085213965210642E-15, -8.500000000000000000 ) ) ;
#552 = CARTESIAN_POINT ( 'NONE',  ( -1.980384757729338085, -8.991640643818871886E-15, -3.100000000000000977 ) ) ;
#553 = DIRECTION ( 'NONE',  ( -1.000000000000000000, 0.000000000000000000, 0.000000000000000000 ) ) ;
#554 = CARTESIAN_POINT ( 'NONE',  ( -3.114645759804639297E-16, -2.543301270189239904, 1.574999999999998179 ) ) ;
#555 = EDGE_CURVE ( 'NONE', #2328, #863, #3399, .T. ) ;
#556 = CARTESIAN_POINT ( 'NONE',  ( -0.8203022253684481013, -1.980384757729347189, -2.150000000000001688 ) ) ;
#557 = CARTESIAN_POINT ( 'NONE',  ( 1.035533905932741749, -2.500000000000019984, 1.649999999999997247 ) ) ;
#558 = CARTESIAN_POINT ( 'NONE',  ( 1.035533905932741749, -2.500000000000019984, -1.649999999999999911 ) ) ;
#559 = ORIENTED_EDGE ( 'NONE', *, *, #588, .T. ) ;
#560 = CARTESIAN_POINT ( 'NONE',  ( -1.980384757729338085, -0.8203022253684568721, -5.350000000000002309 ) ) ;
#561 = CARTESIAN_POINT ( 'NONE',  ( -4.000000000000000888, -2.602085213965210642E-15, 3.750000000000000888 ) ) ;
#562 = DESIGN_CONTEXT ( 'detailed design', #3165, 'design' ) ;
#563 = CARTESIAN_POINT ( 'NONE',  ( -0.9921636629475671931, -1.713923876539790614, 1.932797002148630705 ) ) ;
#564 = VERTEX_POINT ( 'NONE', #5 ) ;
#565 = CARTESIAN_POINT ( 'NONE',  ( 2.543301270189230134, 1.053469879313090329, -0.6250000000000005551 ) ) ;
#566 = VERTEX_POINT ( 'NONE', #2044 ) ;
#567 = CARTESIAN_POINT ( 'NONE',  ( 0.000000000000000000, 2.543301270189221697, -6.825000000000001954 ) ) ;
#568 = CARTESIAN_POINT ( 'NONE',  ( -1.980384757729338085, 0.8203022253684389975, -7.850000000000002309 ) ) ;
#569 = CARTESIAN_POINT ( 'NONE',  ( -2.500000000000010658, -8.959823386657123714E-15, -3.500000000000000000 ) ) ;
#570 = CARTESIAN_POINT ( 'NONE',  ( 1.833433105983789169, 1.104418624815466154, 2.359098231514275668 ) ) ;
#571 = CARTESIAN_POINT ( 'NONE',  ( 1.980384757729337641, -0.8203022253684580933, -5.150000000000001243 ) ) ;
#572 = CARTESIAN_POINT ( 'NONE',  ( 0.7951401250123979469, -2.336884640653384970, 3.262185617469917087 ) ) ;
#573 = CARTESIAN_POINT ( 'NONE',  ( -0.8203022253684481013, -1.980384757729347189, -2.850000000000002753 ) ) ;
#574 = CARTESIAN_POINT ( 'NONE',  ( -2.183012701892221852, -8.979233260657028811E-15, -8.016987298107780546 ) ) ;
#575 = CARTESIAN_POINT ( 'NONE',  ( 1.400343491548893260, 1.400343491548883490, -2.600000000000001421 ) ) ;
#576 = CARTESIAN_POINT ( 'NONE',  ( 0.8203022253684493226, 1.980384757729328538, 3.949999999999998845 ) ) ;
#577 = CARTESIAN_POINT ( 'NONE',  ( 2.543301270189230578, -1.053469879313109425, 0.1249999999999983763 ) ) ;
#578 = CARTESIAN_POINT ( 'NONE',  ( -1.980384757729338085, 0.8203022253684388865, -3.950000000000001066 ) ) ;
#579 = CARTESIAN_POINT ( 'NONE',  ( -3.061616997868395960E-16, -2.500000000000019540, -7.200000000000002842 ) ) ;
#580 = CARTESIAN_POINT ( 'NONE',  ( 1.767766952966375982, -1.767766952966385530, -1.599999999999999423 ) ) ;
#581 = ORIENTED_EDGE ( 'NONE', *, *, #2342, .T. ) ;
#582 = CARTESIAN_POINT ( 'NONE',  ( -2.425271854633440422E-16, -1.980384757729347189, -6.800000000000002487 ) ) ;
#583 = ADVANCED_FACE ( 'NONE', ( #4433 ), #2747, .T. ) ;
#584 = CARTESIAN_POINT ( 'NONE',  ( -1.700000000000003730, -2.393895258110160022E-15, -8.499999999999996447 ) ) ;
#585 = CARTESIAN_POINT ( 'NONE',  ( -1.999999999999997335, 2.449293584981933658E-16, 8.158689247808391443 ) ) ;
#586 = ORIENTED_EDGE ( 'NONE', *, *, #3769, .F. ) ;
#587 = CARTESIAN_POINT ( 'NONE',  ( -3.114645759804638804E-16, -2.543301270189239460, -3.275000000000000799 ) ) ;
#588 = EDGE_CURVE ( 'NONE', #1937, #3319, #43, .T. ) ;
#589 = CARTESIAN_POINT ( 'NONE',  ( 2.543301270189230578, -9.580101100521239259E-15, -4.625000000000002665 ) ) ;
#591 = B_SPLINE_CURVE_WITH_KNOTS ( 'NONE', 3,
 ( #1084, #3785, #1125, #2103, #2150, #3804, #3105, #1448, #746, #2127, #3150, #1429, #3, #2830, #48, #2511, #1409, #3499 ),
 .UNSPECIFIED., .F., .F.,
 ( 4, 2, 2, 2, 2, 2, 2, 2, 4 ),
 ( 0.009196244948316141879, 0.009850130150492306461, 0.01050401535266847104, 0.01115790055484463736, 0.01148484315593271965, 0.01181178575702080194, 0.01311955616137313457, 0.01377344136354929915, 0.01442732656572546547 ),
 .UNSPECIFIED. ) ;
#590 = CARTESIAN_POINT ( 'NONE',  ( -1.980384757729338085, 0.8203022253684389975, -7.050000000000002487 ) ) ;
#592 = CARTESIAN_POINT ( 'NONE',  ( 2.500000000000010658, -9.572146786230802611E-15, 0.09999999999999982514 ) ) ;
#593 = CARTESIAN_POINT ( 'NONE',  ( -1.999999999999997335, -1.154700538379250796, 6.000000000000000000 ) ) ;
#594 = CARTESIAN_POINT ( 'NONE',  ( 0.8203022253684477683, -1.980384757729347633, -0.4500000000000007883 ) ) ;
#595 = LINE ( 'NONE', #2971, #3830 ) ;
#596 = PERSON_AND_ORGANIZATION_ROLE ( 'classification_officer' ) ;
#597 = CARTESIAN_POINT ( 'NONE',  ( 1.400343491548893260, 1.400343491548883490, -3.300000000000001599 ) ) ;
#598 = CARTESIAN_POINT ( 'NONE',  ( -1.035533905932742194, 2.500000000000001776, 2.049999999999998046 ) ) ;
#599 = CARTESIAN_POINT ( 'NONE',  ( -2.425271854633440422E-16, -1.980384757729347189, -2.100000000000000977 ) ) ;
#600 = CARTESIAN_POINT ( 'NONE',  ( 1.400343491548893260, 1.400343491548883490, 3.899999999999999023 ) ) ;
#601 = CARTESIAN_POINT ( 'NONE',  ( 2.543301270189230578, -1.053469879313109425, 0.9249999999999987121 ) ) ;
#602 = CARTESIAN_POINT ( 'NONE',  ( 1.980384757729337641, 0.8203022253684392195, -2.650000000000001243 ) ) ;
#603 = FACE_OUTER_BOUND ( 'NONE', #1818, .T. ) ;
#604 = CARTESIAN_POINT ( 'NONE',  ( 2.500000000000010214, 1.035533905932733534, -1.350000000000002531 ) ) ;
#605 = VERTEX_POINT ( 'NONE', #1768 ) ;
#606 = CARTESIAN_POINT ( 'NONE',  ( -0.8203022253684478793, 1.980384757729328982, -0.7500000000000023315 ) ) ;
#607 = CARTESIAN_POINT ( 'NONE',  ( -0.8203022253684478793, 1.980384757729328982, -4.750000000000002665 ) ) ;
#608 = VECTOR ( 'NONE', #1833, 1000.000000000000000 ) ;
#609 = DIRECTION ( 'NONE',  ( -0.000000000000000000, -0.000000000000000000, -1.000000000000000000 ) ) ;
#610 = CARTESIAN_POINT ( 'NONE',  ( -1.999999999999997780, -0.1950254575430659942, 8.158689247808393219 ) ) ;
#611 = EDGE_LOOP ( 'NONE', ( #2599, #4425, #2163, #2257 ) ) ;
#612 = CARTESIAN_POINT ( 'NONE',  ( 0.000000000000000000, 2.543301270189221253, -2.875000000000001776 ) ) ;
#613 = CARTESIAN_POINT ( 'NONE',  ( 1.798385574751164562, -1.798385574751174332, -4.725000000000001421 ) ) ;
#614 = CONICAL_SURFACE ( 'NONE', #3279, 2.550799999999995293, 0.3490658503988666728 ) ;
#615 = ADVANCED_FACE ( 'NONE', ( #3545 ), #2152, .T. ) ;
#616 = CARTESIAN_POINT ( 'NONE',  ( -1.400343491548893038, -1.400343491548901920, -8.500000000000001776 ) ) ;
#617 = CARTESIAN_POINT ( 'NONE',  ( 1.767766952966375982, -1.767766952966385752, -3.100000000000002753 ) ) ;
#618 = LOCAL_TIME ( 11, 26, 5.000000000000000000, #2311 ) ;
#619 = CARTESIAN_POINT ( 'NONE',  ( -1.980384757729338085, -0.8203022253684568721, -2.250000000000000888 ) ) ;
#620 = CARTESIAN_POINT ( 'NONE',  ( -2.500000000000010658, 1.035533905932733312, -7.450000000000003730 ) ) ;
#621 = CARTESIAN_POINT ( 'NONE',  ( 1.400343491548892816, -1.400343491548902364, -3.500000000000002220 ) ) ;
#622 = CARTESIAN_POINT ( 'NONE',  ( -0.6754423697574122309, -1.881579783566950770, 1.962592437869345785 ) ) ;
#623 = CARTESIAN_POINT ( 'NONE',  ( -1.400343491548893038, 1.400343491548883934, 0.7999999999999986011 ) ) ;
#624 = CARTESIAN_POINT ( 'NONE',  ( -1.168129447852714220, 1.634981225592406551, 8.158565048741834858 ) ) ;
#625 = CARTESIAN_POINT ( 'NONE',  ( 1.798385574751164562, -1.798385574751174332, 2.474999999999997868 ) ) ;
#626 = CARTESIAN_POINT ( 'NONE',  ( 1.980384757729337641, -0.8203022253684580933, -1.150000000000002132 ) ) ;
#627 = DIRECTION ( 'NONE',  ( -0.000000000000000000, -0.000000000000000000, -1.000000000000000000 ) ) ;
#628 = ORIENTED_EDGE ( 'NONE', *, *, #4232, .T. ) ;
#629 = CARTESIAN_POINT ( 'NONE',  ( 1.035533905932743748, 2.500000000000001776, 1.849999999999999867 ) ) ;
#630 = ORIENTED_EDGE ( 'NONE', *, *, #3821, .T. ) ;
#631 = CARTESIAN_POINT ( 'NONE',  ( -0.8203022253684478793, 1.980384757729328982, 3.249999999999997780 ) ) ;
#632 = CARTESIAN_POINT ( 'NONE',  ( -1.400343491548893038, -1.400343491548901920, -3.700000000000001954 ) ) ;
#633 = CARTESIAN_POINT ( 'NONE',  ( 1.767766952966376870, 1.767766952966366656, -3.700000000000002842 ) ) ;
#634 = CARTESIAN_POINT ( 'NONE',  ( -0.09866393566877311450, -2.212122067242439094, 2.562280541052309069 ) ) ;
#635 = VERTEX_POINT ( 'NONE', #1431 ) ;
#636 = CARTESIAN_POINT ( 'NONE',  ( -1.053469879313098989, -2.543301270189239460, 0.6749999999999984901 ) ) ;
#637 = CARTESIAN_POINT ( 'NONE',  ( -2.543301270189231023, -1.053469879313107871, -5.775000000000002132 ) ) ;
#638 = CARTESIAN_POINT ( 'NONE',  ( 1.400343491548893260, 1.400343491548883490, -7.300000000000002487 ) ) ;
#639 = CARTESIAN_POINT ( 'NONE',  ( 0.7251172078765707463, -1.860715045146523083, 1.944746319874942619 ) ) ;
#640 = ADVANCED_FACE ( 'NONE', ( #94 ), #998, .T. ) ;
#641 =( BOUNDED_CURVE ( )  B_SPLINE_CURVE ( 2, ( #1239, #4292, #3542, #493, #2195, #470, #3955, #1853, #1218 ),
 .UNSPECIFIED., .F., .F. ) 
 B_SPLINE_CURVE_WITH_KNOTS ( ( 3, 2, 2, 2, 3 ),
 ( 0.7031250000000000000, 0.7109375000000000000, 0.7187500000000000000, 0.7265625000000001110, 0.7343750000000001110 ),
 .UNSPECIFIED. ) 
 CURVE ( )  GEOMETRIC_REPRESENTATION_ITEM ( )  RATIONAL_B_SPLINE_CURVE ( ( 1.000000000000000000, 0.9238795325112867385, 1.000000000000000000, 0.9238795325112867385, 1.000000000000000000, 0.9238795325112867385, 1.000000000000000000, 0.9238795325112856283, 1.000000000000001110 ) ) 
 REPRESENTATION_ITEM ( '' )  );
#642 = CARTESIAN_POINT ( 'NONE',  ( -1.400343491548893038, -1.400343491548901920, -3.000000000000001776 ) ) ;
#643 = CARTESIAN_POINT ( 'NONE',  ( -0.8203022253684478793, 1.980384757729328982, -4.750000000000002665 ) ) ;
#644 = LINE ( 'NONE', #4410, #388 ) ;
#645 = CARTESIAN_POINT ( 'NONE',  ( 0.8203022253684477683, -1.980384757729347633, 0.3499999999999995892 ) ) ;
#646 = DIRECTION ( 'NONE',  ( 1.000000000000000000, 0.000000000000000000, 0.000000000000000000 ) ) ;
#647 = CARTESIAN_POINT ( 'NONE',  ( -3.061616997868395960E-16, -2.500000000000019540, 1.500000000000000000 ) ) ;
#648 = CARTESIAN_POINT ( 'NONE',  ( -1.980384757729338085, 0.8203022253684388865, 0.8499999999999983125 ) ) ;
#649 = CARTESIAN_POINT ( 'NONE',  ( 1.972174415997402397, -0.2083046318395820884, -8.219615242270666755 ) ) ;
#650 = ORIENTED_EDGE ( 'NONE', *, *, #4005, .T. ) ;
#651 = CARTESIAN_POINT ( 'NONE',  ( 1.767766952966376426, 1.767766952966366656, -7.000000000000000888 ) ) ;
#652 = ORIENTED_EDGE ( 'NONE', *, *, #1521, .T. ) ;
#653 = CARTESIAN_POINT ( 'NONE',  ( -0.8203022253684478793, 1.980384757729328982, 2.449999999999998845 ) ) ;
#654 = CYLINDRICAL_SURFACE ( 'NONE', #1754, 2.500000000000003997 ) ;
#655 = CARTESIAN_POINT ( 'NONE',  ( -1.035533905932742194, -2.500000000000019540, -5.749999999999999112 ) ) ;
#656 = VERTEX_POINT ( 'NONE', #4391 ) ;
#657 =( BOUNDED_CURVE ( )  B_SPLINE_CURVE ( 2, ( #1995, #3632, #2627, #1968, #248, #3721, #3324, #3370, #546 ),
 .UNSPECIFIED., .F., .F. ) 
 B_SPLINE_CURVE_WITH_KNOTS ( ( 3, 2, 2, 2, 3 ),
 ( 0.2656250000000000000, 0.2734375000000000000, 0.2812500000000000000, 0.2890624999999999445, 0.2968749999999999445 ),
 .UNSPECIFIED. ) 
 CURVE ( )  GEOMETRIC_REPRESENTATION_ITEM ( )  RATIONAL_B_SPLINE_CURVE ( ( 1.000000000000000000, 0.9238795325112867385, 1.000000000000000000, 0.9238795325112867385, 1.000000000000000000, 0.9238795325112867385, 1.000000000000000000, 0.9238795325112872936, 0.9999999999999994449 ) ) 
 REPRESENTATION_ITEM ( '' )  );
#658 = CARTESIAN_POINT ( 'NONE',  ( -2.543301270189230578, -1.053469879313107649, 0.5749999999999991784 ) ) ;
#659 = ORIENTED_EDGE ( 'NONE', *, *, #4274, .F. ) ;
#660 = CARTESIAN_POINT ( 'NONE',  ( -3.114645759804639297E-16, -2.543301270189239904, -4.825000000000001954 ) ) ;
#661 = CARTESIAN_POINT ( 'NONE',  ( 1.400343491548892816, -1.400343491548902364, -7.500000000000002665 ) ) ;
#662 = DIRECTION ( 'NONE',  ( 1.000000000000000000, -0.000000000000000000, 0.000000000000000000 ) ) ;
#663 = ORIENTED_EDGE ( 'NONE', *, *, #323, .T. ) ;
#664 = EDGE_CURVE ( 'NONE', #3510, #1701, #1746, .T. ) ;
#665 = CARTESIAN_POINT ( 'NONE',  ( -2.425271854633440422E-16, -1.980384757729347189, -1.300000000000001599 ) ) ;
#666 = CARTESIAN_POINT ( 'NONE',  ( -2.500000000000006217, 1.035533905932737087, 2.149999999999996803 ) ) ;
#667 = CARTESIAN_POINT ( 'NONE',  ( -2.425271854633440422E-16, -1.980384757729347189, -1.300000000000001599 ) ) ;
#668 = LINE ( 'NONE', #2067, #1902 ) ;
#669 = CARTESIAN_POINT ( 'NONE',  ( -2.500000000000010658, -8.959823386657123714E-15, -1.099999999999999867 ) ) ;
#670 = CARTESIAN_POINT ( 'NONE',  ( 1.980384757729337641, -0.8203022253684580933, 1.249999999999999334 ) ) ;
#671 = CARTESIAN_POINT ( 'NONE',  ( -2.500000000000010658, -1.035533905932751075, -7.350000000000004086 ) ) ;
#672 = CARTESIAN_POINT ( 'NONE',  ( -0.1634839680024587905, -2.215013563824093978, 8.282827386760725830 ) ) ;
#673 = EDGE_CURVE ( 'NONE', #4080, #2962, #744, .T. ) ;
#674 = EDGE_LOOP ( 'NONE', ( #4373, #1603, #2720, #3618 ) ) ;
#675 = CARTESIAN_POINT ( 'NONE',  ( -1.400343491548893038, 1.400343491548883934, -8.800000000000002487 ) ) ;
#676 = CARTESIAN_POINT ( 'NONE',  ( 2.500000000000010658, -9.572146786230802611E-15, -3.800000000000002931 ) ) ;
#677 = CARTESIAN_POINT ( 'NONE',  ( -2.148675003154818075, 0.1366194030306841778, 2.395170651369581627 ) ) ;
#678 = EDGE_LOOP ( 'NONE', ( #216, #1942, #1732, #1807 ) ) ;
#679 = CARTESIAN_POINT ( 'NONE',  ( 1.053469879313100543, 2.543301270189220809, 1.874999999999998446 ) ) ;
#680 = CARTESIAN_POINT ( 'NONE',  ( -2.543301270189231023, -1.053469879313107871, -4.175000000000001599 ) ) ;
#681 = CARTESIAN_POINT ( 'NONE',  ( 0.000000000000000000, 1.980384757729328982, -4.000000000000001776 ) ) ;
#682 = FACE_OUTER_BOUND ( 'NONE', #4048, .T. ) ;
#683 = EDGE_CURVE ( 'NONE', #1052, #3881, #2992, .T. ) ;
#684 = CARTESIAN_POINT ( 'NONE',  ( -0.8203022253684481013, -1.980384757729346967, -2.150000000000001688 ) ) ;
#685 = DIRECTION ( 'NONE',  ( -0.000000000000000000, -0.000000000000000000, -1.000000000000000000 ) ) ;
#686 = AXIS2_PLACEMENT_3D ( 'NONE', #862, #1538, #1898 ) ;
#687 = CARTESIAN_POINT ( 'NONE',  ( -0.8203022253684478793, 1.980384757729328982, -0.8500000000000017542 ) ) ;
#688 = DIRECTION ( 'NONE',  ( -1.000000000000000000, 0.000000000000000000, 0.000000000000000000 ) ) ;
#689 = CARTESIAN_POINT ( 'NONE',  ( -2.500000000000010658, -1.035533905932750853, 2.949999999999999289 ) ) ;
#690 = CARTESIAN_POINT ( 'NONE',  ( 1.400343491548892816, -1.400343491548902364, -0.4000000000000010214 ) ) ;
#691 = CARTESIAN_POINT ( 'NONE',  ( 1.767766952966376870, 1.767766952966366656, -1.300000000000002709 ) ) ;
#692 = EDGE_LOOP ( 'NONE', ( #659, #2161 ) ) ;
#693 = CARTESIAN_POINT ( 'NONE',  ( 1.400343491548893260, 1.400343491548883490, 3.099999999999998757 ) ) ;
#694 = DIRECTION ( 'NONE',  ( -0.000000000000000000, -0.000000000000000000, -1.000000000000000000 ) ) ;
#695 = CARTESIAN_POINT ( 'NONE',  ( -0.2425556342514414154, -2.198446687248832632, 2.555660333279611507 ) ) ;
#696 = ORIENTED_EDGE ( 'NONE', *, *, #3415, .T. ) ;
#697 = CARTESIAN_POINT ( 'NONE',  ( 2.543301270189230134, -9.580101100521239259E-15, 0.1249999999999983763 ) ) ;
#698 = CARTESIAN_POINT ( 'NONE',  ( 1.053469879313098323, -2.543301270189240348, -1.575000000000001732 ) ) ;
#699 = CARTESIAN_POINT ( 'NONE',  ( 0.8203022253684493226, 1.980384757729328538, -4.850000000000002309 ) ) ;
#700 = DIRECTION ( 'NONE',  ( 0.000000000000000000, 0.000000000000000000, -1.000000000000000000 ) ) ;
#701 = CARTESIAN_POINT ( 'NONE',  ( -1.400343491548893038, 1.400343491548883934, 1.599999999999998979 ) ) ;
#702 = DIRECTION ( 'NONE',  ( -1.000000000000000000, 0.000000000000000000, 0.000000000000000000 ) ) ;
#703 = CARTESIAN_POINT ( 'NONE',  ( -1.980384757729338085, -0.8203022253684568721, 1.749999999999998224 ) ) ;
#704 = CARTESIAN_POINT ( 'NONE',  ( -3.061616997868395960E-16, -2.500000000000019540, -7.300000000000000711 ) ) ;
#705 = DIRECTION ( 'NONE',  ( -0.000000000000000000, -0.000000000000000000, -1.000000000000000000 ) ) ;
#706 = CARTESIAN_POINT ( 'NONE',  ( 0.000000000000000000, 1.980384757729328982, -0.1000000000000011297 ) ) ;
#707 = CARTESIAN_POINT ( 'NONE',  ( 1.980384757729337641, 0.8203022253684392195, -8.150000000000002132 ) ) ;
#708 = CARTESIAN_POINT ( 'NONE',  ( -1.035533905932742416, -2.500000000000019540, 2.349999999999997868 ) ) ;
#709 = VERTEX_POINT ( 'NONE', #1315 ) ;
#710 = CARTESIAN_POINT ( 'NONE',  ( 1.400343491548892816, -1.400343491548902364, 1.299999999999999156 ) ) ;
#711 = CARTESIAN_POINT ( 'NONE',  ( 0.000000000000000000, -2.602085213965210642E-15, 3.750000000000000888 ) ) ;
#712 = CARTESIAN_POINT ( 'NONE',  ( -2.500000000000010658, -8.959823386657123714E-15, -1.000000000000002887 ) ) ;
#713 = VERTEX_POINT ( 'NONE', #3088 ) ;
#714 = CARTESIAN_POINT ( 'NONE',  ( 2.543301270189230134, -1.053469879313109425, 1.674999999999999378 ) ) ;
#715 = CARTESIAN_POINT ( 'NONE',  ( 1.053469879313098323, -2.543301270189240348, -2.375000000000002220 ) ) ;
#716 = CARTESIAN_POINT ( 'NONE',  ( 0.000000000000000000, 1.980384757729328982, -6.500000000000001776 ) ) ;
#717 = CARTESIAN_POINT ( 'NONE',  ( 0.8203022253684477683, -1.980384757729347633, -4.350000000000002309 ) ) ;
#718 = CARTESIAN_POINT ( 'NONE',  ( 1.400343491548892816, -1.400343491548902364, -3.500000000000002220 ) ) ;
#719 = CARTESIAN_POINT ( 'NONE',  ( -1.053469879313098545, 2.543301270189220809, -8.425000000000002487 ) ) ;
#720 = EDGE_CURVE ( 'NONE', #1013, #9, #2844, .T. ) ;
#721 = CARTESIAN_POINT ( 'NONE',  ( -1.400343491548893038, -1.400343491548901920, 2.599999999999998312 ) ) ;
#722 = CARTESIAN_POINT ( 'NONE',  ( 0.000000000000000000, -2.602085213965210642E-15, -8.499999999999996447 ) ) ;
#723 = TOROIDAL_SURFACE ( 'NONE', #2972, 4.000000000000000000, 0.2499999999999989175 ) ;
#724 = CARTESIAN_POINT ( 'NONE',  ( -2.425271854633440422E-16, -1.980384757729347189, 1.099999999999998535 ) ) ;
#725 = CARTESIAN_POINT ( 'NONE',  ( 0.8203022253684477683, -1.980384757729347633, -7.650000000000001243 ) ) ;
#726 = CARTESIAN_POINT ( 'NONE',  ( -1.402417618003163557, -1.987279957019678189, 3.162748913242259707 ) ) ;
#727 = CARTESIAN_POINT ( 'NONE',  ( 2.374981533995903504, 0.7751287616614390696, 3.334448579731541518 ) ) ;
#728 = CARTESIAN_POINT ( 'NONE',  ( -1.767766952966376426, 1.767766952966367100, -1.900000000000003464 ) ) ;
#729 = CARTESIAN_POINT ( 'NONE',  ( -2.500000000000010658, -8.959823386657123714E-15, -5.800000000000004263 ) ) ;
#730 = ORIENTED_EDGE ( 'NONE', *, *, #2099, .F. ) ;
#731 = CARTESIAN_POINT ( 'NONE',  ( -2.425271854633440422E-16, -1.980384757729347189, -8.500000000000001776 ) ) ;
#732 = CARTESIAN_POINT ( 'NONE',  ( -0.8203022253684478793, 1.980384757729328982, 2.449999999999998845 ) ) ;
#733 = EDGE_CURVE ( 'NONE', #1344, #566, #2818, .T. ) ;
#734 = CARTESIAN_POINT ( 'NONE',  ( 2.500000000000010658, -9.572146786230802611E-15, -0.6999999999999996225 ) ) ;
#735 = CARTESIAN_POINT ( 'NONE',  ( 2.336609564789420279, -0.7649249946076579487, 3.233276618941877345 ) ) ;
#736 = ORIENTED_EDGE ( 'NONE', *, *, #2988, .F. ) ;
#737 = CARTESIAN_POINT ( 'NONE',  ( -2.543301270189230578, 1.053469879313089663, 3.674999999999999822 ) ) ;
#738 = CONICAL_SURFACE ( 'NONE', #3689, 2.591167563965417031, 1.047197551196600074 ) ;
#739 = CARTESIAN_POINT ( 'NONE',  ( -1.798385574751164784, -1.798385574751173666, -2.525000000000002132 ) ) ;
#740 = CARTESIAN_POINT ( 'NONE',  ( -0.8203022253684478793, 1.980384757729328982, -1.550000000000001821 ) ) ;
#741 = CARTESIAN_POINT ( 'NONE',  ( 1.980384757729338085, -9.476695014745558097E-15, -3.400000000000002132 ) ) ;
#742 = CARTESIAN_POINT ( 'NONE',  ( 0.8203022253684493226, 1.980384757729328538, -4.050000000000002487 ) ) ;
#743 = CARTESIAN_POINT ( 'NONE',  ( -3.114645759804638804E-16, -2.543301270189239460, -7.275000000000002132 ) ) ;
#744 = CIRCLE ( 'NONE', #313, 1.700000000000003730 ) ;
#745 = CARTESIAN_POINT ( 'NONE',  ( -0.8203022253684481013, -1.980384757729346967, 1.049999999999998712 ) ) ;
#746 = CARTESIAN_POINT ( 'NONE',  ( -1.104879900828724004, 1.790527967342130822, -8.098845719931333065 ) ) ;
#747 = CARTESIAN_POINT ( 'NONE',  ( -1.400343491548893038, 1.400343491548883934, 1.599999999999998979 ) ) ;
#748 = CARTESIAN_POINT ( 'NONE',  ( -0.8203022253684481013, -1.980384757729346967, -6.950000000000001066 ) ) ;
#749 = CARTESIAN_POINT ( 'NONE',  ( 4.000000000000000888, -2.096918409316927367E-15, 3.500000000000001332 ) ) ;
#750 = CARTESIAN_POINT ( 'NONE',  ( -9.034918005484530651E-16, 2.309401076758500704, 6.000000000000000000 ) ) ;
#751 = CIRCLE ( 'NONE', #3000, 4.249999999999999112 ) ;
#752 = CARTESIAN_POINT ( 'NONE',  ( -2.500000000000010658, -8.959823386657123714E-15, -7.400000000000003908 ) ) ;
#753 = CARTESIAN_POINT ( 'NONE',  ( 2.106194504339326645, -1.152228431826907373, -7.804022271465551164 ) ) ;
#754 = CARTESIAN_POINT ( 'NONE',  ( 1.980384757729337641, 0.8203022253684393306, -8.250000000000003553 ) ) ;
#755 = CC_DESIGN_APPROVAL ( #871, ( #3842 ) ) ;
#756 = CARTESIAN_POINT ( 'NONE',  ( 1.980384757729338085, -9.476695014745558097E-15, 2.199999999999998845 ) ) ;
#757 = CARTESIAN_POINT ( 'NONE',  ( -2.309534635693189841, 0.6023691203374268444, 3.036112893600158902 ) ) ;
#758 = CARTESIAN_POINT ( 'NONE',  ( -2.224669137807501862, -0.6176440690169042735, 2.820668984559772330 ) ) ;
#759 = EDGE_LOOP ( 'NONE', ( #1666, #1506, #4074, #2617, #2717, #3117, #1273 ) ) ;
#760 = CARTESIAN_POINT ( 'NONE',  ( 2.543301270189230134, -1.053469879313109425, 3.274999999999998579 ) ) ;
#761 = CARTESIAN_POINT ( 'NONE',  ( 1.798385574751164562, -1.798385574751174332, -2.325000000000001510 ) ) ;
#762 = CARTESIAN_POINT ( 'NONE',  ( 1.400343491548893260, 1.400343491548883490, 1.499999999999997780 ) ) ;
#763 = CARTESIAN_POINT ( 'NONE',  ( -0.8203022253684481013, -1.980384757729346967, -0.4500000000000025646 ) ) ;
#764 = CARTESIAN_POINT ( 'NONE',  ( 1.400343491548893260, 1.400343491548883490, -2.500000000000002220 ) ) ;
#765 = CARTESIAN_POINT ( 'NONE',  ( 1.053469879313100543, 2.543301270189220809, -6.925000000000001599 ) ) ;
#766 = CARTESIAN_POINT ( 'NONE',  ( -0.8203022253684478793, 1.980384757729328982, 1.549999999999999156 ) ) ;
#767 = CARTESIAN_POINT ( 'NONE',  ( 2.378688786274539169, -0.7693111581485274630, 3.360428147091744755 ) ) ;
#768 = CARTESIAN_POINT ( 'NONE',  ( -0.8203022253684478793, 1.980384757729328982, 3.149999999999998135 ) ) ;
#769 = EDGE_CURVE ( 'NONE', #2751, #566, #3788, .T. ) ;
#770 = CARTESIAN_POINT ( 'NONE',  ( 0.000000000000000000, 1.980384757729328982, -7.300000000000001599 ) ) ;
#771 = CARTESIAN_POINT ( 'NONE',  ( -2.391594939394081187, -8.966461282181244507E-15, 3.062587690922347505 ) ) ;
#772 = DATE_TIME_ROLE ( 'creation_date' ) ;
#773 = CARTESIAN_POINT ( 'NONE',  ( -1.767766952966376204, 1.767766952966367322, -6.000000000000000000 ) ) ;
#774 = CARTESIAN_POINT ( 'NONE',  ( -1.035533905932742416, -2.500000000000019540, -2.450000000000003730 ) ) ;
#775 = CARTESIAN_POINT ( 'NONE',  ( 1.400343491548892816, -1.400343491548902364, -7.600000000000001421 ) ) ;
#776 = CARTESIAN_POINT ( 'NONE',  ( 0.000000000000000000, 1.980384757729328982, -1.734723475976807094E-15 ) ) ;
#777 = DIRECTION ( 'NONE',  ( -1.224646799147353207E-16, 1.000000000000000000, 0.000000000000000000 ) ) ;
#778 = CARTESIAN_POINT ( 'NONE',  ( -2.181028469030895867, -0.7697126629101712636, 2.831973061716779760 ) ) ;
#779 = ORIENTED_EDGE ( 'NONE', *, *, #456, .T. ) ;
#780 = CARTESIAN_POINT ( 'NONE',  ( -1.798385574751164562, -1.798385574751173444, 3.024999999999998135 ) ) ;
#781 = ORIENTED_EDGE ( 'NONE', *, *, #1716, .F. ) ;
#782 = CARTESIAN_POINT ( 'NONE',  ( -2.543301270189231023, 1.053469879313089885, -1.075000000000001288 ) ) ;
#783 = CARTESIAN_POINT ( 'NONE',  ( -2.425271854633440422E-16, -1.980384757729347189, -0.4000000000000010214 ) ) ;
#784 = CARTESIAN_POINT ( 'NONE',  ( -1.400343491548893038, -1.400343491548901920, -2.100000000000001865 ) ) ;
#785 = CARTESIAN_POINT ( 'NONE',  ( -1.980384757729338085, -0.8203022253684568721, 0.2499999999999984734 ) ) ;
#786 = CARTESIAN_POINT ( 'NONE',  ( -1.798385574751164562, 1.798385574751155458, -5.975000000000001421 ) ) ;
#787 = CARTESIAN_POINT ( 'NONE',  ( -1.980384757729338085, 0.8203022253684389975, 1.649999999999998801 ) ) ;
#788 = EDGE_CURVE ( 'NONE', #4288, #1574, #2647, .T. ) ;
#789 = CARTESIAN_POINT ( 'NONE',  ( 0.000000000000000000, 1.980384757729328982, -8.800000000000002487 ) ) ;
#790 =( BOUNDED_CURVE ( )  B_SPLINE_CURVE ( 2, ( #1708, #3092, #3424, #4436, #4108, #1030, #1957, #2662, #4017 ),
 .UNSPECIFIED., .F., .F. ) 
 B_SPLINE_CURVE_WITH_KNOTS ( ( 3, 2, 2, 2, 3 ),
 ( 0.2343750000000000555, 0.2421875000000000555, 0.2500000000000000000, 0.2578125000000000000, 0.2656250000000000000 ),
 .UNSPECIFIED. ) 
 CURVE ( )  GEOMETRIC_REPRESENTATION_ITEM ( )  RATIONAL_B_SPLINE_CURVE ( ( 0.9999999999999994449, 0.9238795325112872936, 1.000000000000000000, 0.9238795325112867385, 1.000000000000000000, 0.9238795325112867385, 1.000000000000000000, 0.9238795325112867385, 1.000000000000000000 ) ) 
 REPRESENTATION_ITEM ( '' )  );
#791 = CARTESIAN_POINT ( 'NONE',  ( 4.249999999999998224, -2.081610324327585473E-15, 8.250000000000000000 ) ) ;
#792 = DIRECTION ( 'NONE',  ( -0.000000000000000000, -0.000000000000000000, -1.000000000000000000 ) ) ;
#793 = AXIS2_PLACEMENT_3D ( 'NONE', #3414, #4159, #1082 ) ;
#794 = CARTESIAN_POINT ( 'NONE',  ( 0.5839893111173042328, 2.361609581368187882, -7.771794442073155729 ) ) ;
#795 = CARTESIAN_POINT ( 'NONE',  ( -2.425271854633440422E-16, -1.980384757729347189, -7.600000000000002309 ) ) ;
#796 = LINE ( 'NONE', #1133, #321 ) ;
#797 = CARTESIAN_POINT ( 'NONE',  ( -0.8203022253684478793, 1.980384757729328982, -6.450000000000001954 ) ) ;
#798 = CARTESIAN_POINT ( 'NONE',  ( 1.980384757729338085, -9.476695014745558097E-15, 0.5999999999999980904 ) ) ;
#799 = EDGE_CURVE ( 'NONE', #3816, #4422, #2427, .T. ) ;
#800 = CARTESIAN_POINT ( 'NONE',  ( -0.8203022253684481013, -1.980384757729347189, -6.950000000000001066 ) ) ;
#801 = CARTESIAN_POINT ( 'NONE',  ( -1.802718944491088049, 1.537474079204971034, 2.987915980506065772 ) ) ;
#802 = CARTESIAN_POINT ( 'NONE',  ( -3.061616997868395960E-16, -2.500000000000019540, -0.8000000000000021538 ) ) ;
#803 = ORIENTED_EDGE ( 'NONE', *, *, #3316, .T. ) ;
#804 = CARTESIAN_POINT ( 'NONE',  ( 1.053469879313100543, 2.543301270189220809, 4.274999999999999467 ) ) ;
#805 = VERTEX_POINT ( 'NONE', #3460 ) ;
#806 = CARTESIAN_POINT ( 'NONE',  ( -1.980384757729338085, -8.991640643818871886E-15, 0.1999999999999987899 ) ) ;
#807 = CARTESIAN_POINT ( 'NONE',  ( -1.980384757729338085, -0.8203022253684568721, -1.350000000000002309 ) ) ;
#808 = CARTESIAN_POINT ( 'NONE',  ( -1.400343491548893038, -1.400343491548901920, 0.2999999999999981570 ) ) ;
#809 = CARTESIAN_POINT ( 'NONE',  ( 2.543301270189230134, -9.580101100521239259E-15, -3.875000000000001776 ) ) ;
#810 = CARTESIAN_POINT ( 'NONE',  ( -1.980384757729338085, -0.8203022253684568721, 3.349999999999998757 ) ) ;
#811 = CARTESIAN_POINT ( 'NONE',  ( -1.035533905932742416, -2.500000000000019540, 0.7499999999999970024 ) ) ;
#812 = VERTEX_POINT ( 'NONE', #365 ) ;
#813 = CARTESIAN_POINT ( 'NONE',  ( -2.048276039152535422, 0.9701214333061995987, 2.705998431923142711 ) ) ;
#814 = AXIS2_PLACEMENT_3D ( 'NONE', #1569, #1954, #553 ) ;
#815 = EDGE_CURVE ( 'NONE', #3716, #350, #2004, .T. ) ;
#816 = CARTESIAN_POINT ( 'NONE',  ( 1.980384757729338085, -9.476695014745558097E-15, -7.500000000000001776 ) ) ;
#817 = CARTESIAN_POINT ( 'NONE',  ( 0.000000000000000000, -2.602085213965210642E-15, -8.499999999999998224 ) ) ;
#818 = VECTOR ( 'NONE', #2639, 1000.000000000000000 ) ;
#819 = DIRECTION ( 'NONE',  ( -0.000000000000000000, -0.000000000000000000, -1.000000000000000000 ) ) ;
#820 = CARTESIAN_POINT ( 'NONE',  ( -1.400343491548893038, 1.400343491548883934, -5.500000000000002665 ) ) ;
#821 = DIRECTION ( 'NONE',  ( -1.000000000000000000, 0.000000000000000000, 0.000000000000000000 ) ) ;
#822 = CARTESIAN_POINT ( 'NONE',  ( 1.400343491548893260, 1.400343491548883490, -7.400000000000002132 ) ) ;
#823 = CARTESIAN_POINT ( 'NONE',  ( 1.980384757729337641, -0.8203022253684580933, -0.2500000000000019984 ) ) ;
#824 = VECTOR ( 'NONE', #2991, 1000.000000000000227 ) ;
#825 = CARTESIAN_POINT ( 'NONE',  ( -1.980384757729338085, -0.8203022253684569831, -4.650000000000001243 ) ) ;
#826 = CARTESIAN_POINT ( 'NONE',  ( 1.999999999999997113, 1.154700538379250574, 8.337322042762471241 ) ) ;
#827 = CARTESIAN_POINT ( 'NONE',  ( 1.767766952966375982, -1.767766952966385752, -4.700000000000002842 ) ) ;
#828 = ORIENTED_EDGE ( 'NONE', *, *, #67, .T. ) ;
#829 = CARTESIAN_POINT ( 'NONE',  ( 2.543301270189230134, -9.580101100521239259E-15, 3.324999999999997957 ) ) ;
#830 = AXIS2_PLACEMENT_3D ( 'NONE', #2582, #2197, #182 ) ;
#831 = EDGE_CURVE ( 'NONE', #3076, #4113, #3511, .T. ) ;
#832 = CARTESIAN_POINT ( 'NONE',  ( 2.500000000000009770, 1.035533905932733534, -2.250000000000000888 ) ) ;
#833 = CARTESIAN_POINT ( 'NONE',  ( -0.8203022253684478793, 1.980384757729328982, 0.8499999999999983125 ) ) ;
#834 = CARTESIAN_POINT ( 'NONE',  ( 0.8203022253684493226, 1.980384757729328538, -3.250000000000001776 ) ) ;
#835 = CARTESIAN_POINT ( 'NONE',  ( 1.980384757729337641, -0.8203022253684580933, 0.5499999999999984901 ) ) ;
#836 = CARTESIAN_POINT ( 'NONE',  ( -2.543301270189230134, -8.957171948560311498E-15, -5.075000000000001066 ) ) ;
#837 = CARTESIAN_POINT ( 'NONE',  ( 0.8203022253684477683, -1.980384757729347633, 3.550000000000000266 ) ) ;
#838 = CARTESIAN_POINT ( 'NONE',  ( -2.500000000000010658, -8.959823386657123714E-15, -2.600000000000003642 ) ) ;
#839 = ORIENTED_EDGE ( 'NONE', *, *, #3977, .F. ) ;
#840 = CARTESIAN_POINT ( 'NONE',  ( -0.7785017411590539060, 2.080417335432378056, 2.581879231777536976 ) ) ;
#841 = CARTESIAN_POINT ( 'NONE',  ( -1.400343491548893038, 1.400343491548883934, -3.200000000000001510 ) ) ;
#842 = CARTESIAN_POINT ( 'NONE',  ( 2.225972107876044603, 1.138001834338550955, 3.360428147091791828 ) ) ;
#843 = COORDINATED_UNIVERSAL_TIME_OFFSET ( 6, 0, .BEHIND. ) ;
#844 = CC_DESIGN_DATE_AND_TIME_ASSIGNMENT ( #2858, #772, ( #1530 ) ) ;
#845 = CARTESIAN_POINT ( 'NONE',  ( 1.400343491548892816, -1.400343491548902364, -6.700000000000001954 ) ) ;
#846 = CARTESIAN_POINT ( 'NONE',  ( 1.715973936399436406, -1.168036438721695047, 2.174032222282523463 ) ) ;
#847 = CARTESIAN_POINT ( 'NONE',  ( -1.400343491548893038, -1.400343491548901920, -5.400000000000002132 ) ) ;
#848 = CARTESIAN_POINT ( 'NONE',  ( 1.035533905932743970, 2.500000000000000444, 1.149999999999996136 ) ) ;
#849 = CARTESIAN_POINT ( 'NONE',  ( -1.980384757729338085, 0.8203022253684388865, -4.750000000000000000 ) ) ;
#850 = CARTESIAN_POINT ( 'NONE',  ( 2.500000000000010658, -9.572146786230802611E-15, -1.400000000000003020 ) ) ;
#851 = CARTESIAN_POINT ( 'NONE',  ( 1.603230164106422162, 1.162573365231615030, -8.219615242270668531 ) ) ;
#852 = ORIENTED_EDGE ( 'NONE', *, *, #2573, .T. ) ;
#853 = CARTESIAN_POINT ( 'NONE',  ( -1.400343491548893038, -1.400343491548901920, -5.300000000000002487 ) ) ;
#854 = VERTEX_POINT ( 'NONE', #2468 ) ;
#855 = CARTESIAN_POINT ( 'NONE',  ( 0.000000000000000000, 0.000000000000000000, 8.500000000000000000 ) ) ;
#856 = CARTESIAN_POINT ( 'NONE',  ( -1.980384757729338085, 0.8203022253684388865, 1.749999999999998002 ) ) ;
#857 = ORIENTED_EDGE ( 'NONE', *, *, #2285, .T. ) ;
#858 = CARTESIAN_POINT ( 'NONE',  ( -1.400343491548893038, -1.400343491548901920, -0.5000000000000022204 ) ) ;
#859 = CARTESIAN_POINT ( 'NONE',  ( 2.543301270189230134, -1.053469879313109425, -3.925000000000001155 ) ) ;
#860 = CARTESIAN_POINT ( 'NONE',  ( -1.053469879313099211, -2.543301270189239904, -7.275000000000002132 ) ) ;
#861 = EDGE_CURVE ( 'NONE', #1574, #39, #1454, .T. ) ;
#862 = CARTESIAN_POINT ( 'NONE',  ( 0.000000000000000000, -2.602085213965210642E-15, -8.500000000000000000 ) ) ;
#863 = VERTEX_POINT ( 'NONE', #1473 ) ;
#864 = CARTESIAN_POINT ( 'NONE',  ( -2.284340054137620424, 0.1436897088023773028, 2.767907315554026138 ) ) ;
#865 = CARTESIAN_POINT ( 'NONE',  ( 1.980384757729337641, 0.8203022253684393306, -5.050000000000000711 ) ) ;
#866 = CARTESIAN_POINT ( 'NONE',  ( 0.000000000000000000, 2.500000000000001332, -0.4000000000000030198 ) ) ;
#867 = DATE_AND_TIME ( #1636, #618 ) ;
#868 = CARTESIAN_POINT ( 'NONE',  ( 0.8203022253684477683, -1.980384757729347633, -7.550000000000003375 ) ) ;
#869 = CARTESIAN_POINT ( 'NONE',  ( 0.3265611723794530907, -2.120860895978342597, 8.228468318634163836 ) ) ;
#870 = CARTESIAN_POINT ( 'NONE',  ( 0.8203022253684493226, 1.980384757729328538, -2.550000000000000711 ) ) ;
#871 = APPROVAL ( #1949, 'UNSPECIFIED' ) ;
#872 = EDGE_CURVE ( 'NONE', #1421, #1344, #1132, .T. ) ;
#873 = CARTESIAN_POINT ( 'NONE',  ( -1.400343491548893038, -1.400343491548901920, 3.499999999999997780 ) ) ;
#874 = CARTESIAN_POINT ( 'NONE',  ( -1.798385574751164784, -1.798385574751173666, -0.1250000000000018319 ) ) ;
#875 = CARTESIAN_POINT ( 'NONE',  ( -1.400343491548893038, 1.400343491548883934, -7.200000000000001954 ) ) ;
#876 = DIRECTION ( 'NONE',  ( -0.000000000000000000, -0.000000000000000000, -1.000000000000000000 ) ) ;
#877 = LINE ( 'NONE', #3644, #818 ) ;
#878 = VERTEX_POINT ( 'NONE', #749 ) ;
#879 = CARTESIAN_POINT ( 'NONE',  ( 1.980384757729337641, 0.8203022253684393306, -4.950000000000003730 ) ) ;
#880 = ADVANCED_FACE ( 'NONE', ( #2857 ), #3153, .T. ) ;
#881 = DIRECTION ( 'NONE',  ( -1.000000000000000000, 0.000000000000000000, 0.000000000000000000 ) ) ;
#882 = CARTESIAN_POINT ( 'NONE',  ( -0.5898922940211320798, 2.021734227209540879, 2.265812709640328659 ) ) ;
#883 = ORIENTED_EDGE ( 'NONE', *, *, #1238, .F. ) ;
#884 = CARTESIAN_POINT ( 'NONE',  ( -1.798385574751164562, 1.798385574751155458, -3.575000000000001954 ) ) ;
#885 = CARTESIAN_POINT ( 'NONE',  ( 2.543301270189230578, 1.053469879313090551, -7.775000000000002132 ) ) ;
#886 = DIRECTION ( 'NONE',  ( 1.000000000000000000, 0.000000000000000000, -0.000000000000000000 ) ) ;
#887 = CARTESIAN_POINT ( 'NONE',  ( -2.500000000000010658, 1.035533905932733090, -1.149999999999999467 ) ) ;
#888 = FACE_OUTER_BOUND ( 'NONE', #759, .T. ) ;
#889 = EDGE_CURVE ( 'NONE', #2282, #484, #4406, .T. ) ;
#890 = CARTESIAN_POINT ( 'NONE',  ( -0.8203022253684478793, 1.980384757729328982, -5.650000000000001243 ) ) ;
#891 = DIRECTION ( 'NONE',  ( 0.000000000000000000, 1.000000000000000000, 0.000000000000000000 ) ) ;
#892 = CARTESIAN_POINT ( 'NONE',  ( -1.980384757729338085, 0.8203022253684388865, -7.050000000000001599 ) ) ;
#893 = CARTESIAN_POINT ( 'NONE',  ( -0.6456287882493055852, -2.199219068427450186, -7.912999810940391399 ) ) ;
#894 = CARTESIAN_POINT ( 'NONE',  ( -2.425271854633440422E-16, -1.980384757729347189, -3.700000000000001066 ) ) ;
#895 = AXIS2_PLACEMENT_3D ( 'NONE', #1692, #947, #4046 ) ;
#896 = CARTESIAN_POINT ( 'NONE',  ( 1.767766952966375982, -1.767766952966385530, -6.399999999999999467 ) ) ;
#897 = CARTESIAN_POINT ( 'NONE',  ( -1.053469879313099211, -2.543301270189239904, 1.524999999999998579 ) ) ;
#898 = CARTESIAN_POINT ( 'NONE',  ( 1.980384757729337641, -0.8203022253684580933, -3.550000000000001155 ) ) ;
#899 = DIRECTION ( 'NONE',  ( -0.000000000000000000, -0.000000000000000000, -1.000000000000000000 ) ) ;
#900 = ORIENTED_EDGE ( 'NONE', *, *, #492, .T. ) ;
#901 = CARTESIAN_POINT ( 'NONE',  ( 1.400343491548892816, -1.400343491548902364, -5.900000000000002132 ) ) ;
#902 = CARTESIAN_POINT ( 'NONE',  ( 2.500000000000010658, -9.572146786230802611E-15, -2.299999999999999378 ) ) ;
#903 = CARTESIAN_POINT ( 'NONE',  ( -1.035533905932742194, -2.500000000000019540, -4.149999999999999467 ) ) ;
#904 = AXIS2_PLACEMENT_3D ( 'NONE', #990, #3733, #2369 ) ;
#905 = ORIENTED_EDGE ( 'NONE', *, *, #4185, .F. ) ;
#906 = CARTESIAN_POINT ( 'NONE',  ( 0.000000000000000000, 2.543301270189221253, -2.075000000000001510 ) ) ;
#907 = CARTESIAN_POINT ( 'NONE',  ( -1.798385574751164784, 1.798385574751155680, -7.525000000000002132 ) ) ;
#908 = CARTESIAN_POINT ( 'NONE',  ( 1.980384757729337641, -0.8203022253684580933, -8.250000000000003553 ) ) ;
#909 = CARTESIAN_POINT ( 'NONE',  ( -2.500000000000010658, -8.959823386657123714E-15, -1.099999999999999867 ) ) ;
#910 = CARTESIAN_POINT ( 'NONE',  ( -0.2152083915635150113, 2.195320369267545590, 2.539423760474257996 ) ) ;
#911 = CARTESIAN_POINT ( 'NONE',  ( 0.000000000000000000, 1.980384757729328982, -4.900000000000001243 ) ) ;
#912 = CARTESIAN_POINT ( 'NONE',  ( 2.377569381518701341, 0.6431263498621010433, -7.742326749654808715 ) ) ;
#913 = CARTESIAN_POINT ( 'NONE',  ( -1.980384757729338085, -0.8203022253684569831, -2.950000000000001954 ) ) ;
#914 = CARTESIAN_POINT ( 'NONE',  ( 0.3808657672103741842, -1.993951602540922963, 2.047583621629113448 ) ) ;
#915 = EDGE_CURVE ( 'NONE', #3408, #1153, #521, .T. ) ;
#916 = CARTESIAN_POINT ( 'NONE',  ( -2.425271854633440422E-16, -1.980384757729347189, -4.500000000000001776 ) ) ;
#917 = CARTESIAN_POINT ( 'NONE',  ( 1.400343491548893260, 1.400343491548883490, 3.099999999999998757 ) ) ;
#918 = CARTESIAN_POINT ( 'NONE',  ( -2.543301270189230578, -8.957171948560311498E-15, 0.5749999999999974021 ) ) ;
#919 = CARTESIAN_POINT ( 'NONE',  ( 0.8203022253684492116, 1.980384757729328538, -0.9500000000000012879 ) ) ;
#920 = CARTESIAN_POINT ( 'NONE',  ( 1.035533905932743970, 2.500000000000000444, -5.250000000000003553 ) ) ;
#921 = CARTESIAN_POINT ( 'NONE',  ( -1.767766952966376204, -1.767766952966385086, -1.800000000000000044 ) ) ;
#922 = EDGE_CURVE ( 'NONE', #1378, #635, #3960, .T. ) ;
#923 = ORIENTED_EDGE ( 'NONE', *, *, #3091, .F. ) ;
#924 = CARTESIAN_POINT ( 'NONE',  ( -1.980384757729338085, 0.8203022253684389975, -4.650000000000003020 ) ) ;
#925 =( BOUNDED_CURVE ( )  B_SPLINE_CURVE ( 2, ( #2745, #2680, #3766, #3085, #4431, #2313, #253, #3063, #299 ),
 .UNSPECIFIED., .F., .F. ) 
 B_SPLINE_CURVE_WITH_KNOTS ( ( 3, 2, 2, 2, 3 ),
 ( 0.4218750000000000000, 0.4296875000000000000, 0.4375000000000000000, 0.4453125000000000555, 0.4531250000000000555 ),
 .UNSPECIFIED. ) 
 CURVE ( )  GEOMETRIC_REPRESENTATION_ITEM ( )  RATIONAL_B_SPLINE_CURVE ( ( 1.000000000000000000, 0.9238795325112867385, 1.000000000000000000, 0.9238795325112867385, 1.000000000000000000, 0.9238795325112867385, 1.000000000000000000, 0.9238795325112861834, 1.000000000000000444 ) ) 
 REPRESENTATION_ITEM ( '' )  );
#926 = CARTESIAN_POINT ( 'NONE',  ( -2.500000000000010658, -8.959823386657123714E-15, -1.099999999999999867 ) ) ;
#927 = VERTEX_POINT ( 'NONE', #3677 ) ;
#928 = CARTESIAN_POINT ( 'NONE',  ( -2.543301270189230134, -8.957171948560311498E-15, -2.675000000000001155 ) ) ;
#929 = ORIENTED_EDGE ( 'NONE', *, *, #4192, .F. ) ;
#930 = CARTESIAN_POINT ( 'NONE',  ( 2.543301270189230578, -1.053469879313109425, -4.675000000000002487 ) ) ;
#931 = CARTESIAN_POINT ( 'NONE',  ( 1.980384757729337641, 0.8203022253684393306, -5.750000000000002665 ) ) ;
#932 = DIRECTION ( 'NONE',  ( -1.000000000000000000, 0.000000000000000000, 0.000000000000000000 ) ) ;
#933 = DIRECTION ( 'NONE',  ( -0.000000000000000000, -0.000000000000000000, -1.000000000000000000 ) ) ;
#934 = CARTESIAN_POINT ( 'NONE',  ( -1.980384757729338085, 0.8203022253684389975, -5.550000000000000711 ) ) ;
#935 = CARTESIAN_POINT ( 'NONE',  ( 0.000000000000000000, -2.602085213965210642E-15, -8.500000000000000000 ) ) ;
#936 = CARTESIAN_POINT ( 'NONE',  ( -1.980384757729338085, -8.991640643818871886E-15, -2.200000000000002398 ) ) ;
#937 = CARTESIAN_POINT ( 'NONE',  ( 1.999999999999997113, 1.154700538379250796, 6.000000000000000000 ) ) ;
#938 = CARTESIAN_POINT ( 'NONE',  ( 0.8203022253684477683, -1.980384757729347633, -1.250000000000001110 ) ) ;
#939 = CARTESIAN_POINT ( 'NONE',  ( 1.980384757729338085, -9.476695014745558097E-15, 3.799999999999998046 ) ) ;
#940 = CARTESIAN_POINT ( 'NONE',  ( 1.053469879313098323, -2.543301270189240348, 2.424999999999998490 ) ) ;
#941 = CARTESIAN_POINT ( 'NONE',  ( 1.980384757729338085, -9.476695014745558097E-15, -1.900000000000001465 ) ) ;
#942 = CARTESIAN_POINT ( 'NONE',  ( 2.500000000000003997, -2.295923514178371982E-15, -8.500000000000000000 ) ) ;
#943 = CARTESIAN_POINT ( 'NONE',  ( 2.500000000000009770, 1.035533905932733534, 1.750000000000000222 ) ) ;
#944 = ORIENTED_EDGE ( 'NONE', *, *, #1576, .T. ) ;
#945 = CARTESIAN_POINT ( 'NONE',  ( 1.980384757729337641, 0.8203022253684393306, -1.750000000000001332 ) ) ;
#946 = CARTESIAN_POINT ( 'NONE',  ( 0.8203022253684493226, 1.980384757729328538, -6.450000000000002842 ) ) ;
#947 = DIRECTION ( 'NONE',  ( -0.000000000000000000, -0.000000000000000000, -1.000000000000000000 ) ) ;
#948 = CARTESIAN_POINT ( 'NONE',  ( 1.035533905932741749, -2.500000000000019984, -4.050000000000000711 ) ) ;
#949 = EDGE_LOOP ( 'NONE', ( #3997, #4290, #781, #1714, #972 ) ) ;
#950 = CARTESIAN_POINT ( 'NONE',  ( 1.053469879313098323, -2.543301270189239904, -1.625000000000001554 ) ) ;
#951 = CARTESIAN_POINT ( 'NONE',  ( -3.114645759804639297E-16, -2.543301270189239904, -4.025000000000001243 ) ) ;
#952 = CARTESIAN_POINT ( 'NONE',  ( -1.980384757729338085, -0.8203022253684568721, -6.950000000000001954 ) ) ;
#953 = DIRECTION ( 'NONE',  ( -0.000000000000000000, -0.000000000000000000, 1.000000000000000000 ) ) ;
#954 = LINE ( 'NONE', #2308, #178 ) ;
#955 = CARTESIAN_POINT ( 'NONE',  ( 1.980384757729337641, 0.8203022253684393306, -1.050000000000000711 ) ) ;
#956 = CARTESIAN_POINT ( 'NONE',  ( 1.767766952966376870, 1.767766952966366656, -0.5000000000000024425 ) ) ;
#957 = CARTESIAN_POINT ( 'NONE',  ( -1.980384757729338085, -8.991640643818871886E-15, -4.600000000000001421 ) ) ;
#958 = PLANE ( 'NONE',  #2713 ) ;
#959 = CARTESIAN_POINT ( 'NONE',  ( -0.8203022253684478793, 1.980384757729328982, 0.7499999999999990008 ) ) ;
#960 = CIRCLE ( 'NONE', #4248, 4.000000000000000000 ) ;
#961 = CARTESIAN_POINT ( 'NONE',  ( 1.999999999999997113, 1.154700538379250574, 8.337322042762471241 ) ) ;
#962 = CARTESIAN_POINT ( 'NONE',  ( -2.543301270189231023, 1.053469879313089885, 0.5249999999999976907 ) ) ;
#963 = CARTESIAN_POINT ( 'NONE',  ( -1.980384757729338085, -8.991640643818871886E-15, -1.500000000000001332 ) ) ;
#964 = DIRECTION ( 'NONE',  ( -1.000000000000000000, 0.000000000000000000, 0.000000000000000000 ) ) ;
#965 = DIRECTION ( 'NONE',  ( -1.000000000000000000, 0.000000000000000000, 0.000000000000000000 ) ) ;
#966 = ORIENTED_EDGE ( 'NONE', *, *, #3775, .T. ) ;
#967 = CARTESIAN_POINT ( 'NONE',  ( -1.980384757729338085, -8.991640643818871886E-15, 0.9999999999999974465 ) ) ;
#968 = CARTESIAN_POINT ( 'NONE',  ( -1.980384757729338085, -0.8203022253684568721, -3.750000000000002220 ) ) ;
#969 = AXIS2_PLACEMENT_3D ( 'NONE', #2365, #301, #1727 ) ;
#970 = LINE ( 'NONE', #333, #1974 ) ;
#971 = CARTESIAN_POINT ( 'NONE',  ( -1.885554954539180317, -1.115187810399732138, 2.458207687468262126 ) ) ;
#972 = ORIENTED_EDGE ( 'NONE', *, *, #4313, .T. ) ;
#973 = CARTESIAN_POINT ( 'NONE',  ( 2.543301270189230134, -9.580101100521239259E-15, 1.724999999999999201 ) ) ;
#974 = EDGE_CURVE ( 'NONE', #1854, #2007, #185, .T. ) ;
#975 = CARTESIAN_POINT ( 'NONE',  ( -1.798385574751164784, -1.798385574751173666, -4.925000000000002487 ) ) ;
#976 = VECTOR ( 'NONE', #685, 1000.000000000000000 ) ;
#977 = CARTESIAN_POINT ( 'NONE',  ( 0.8203022253684477683, -1.980384757729347633, -8.350000000000001421 ) ) ;
#978 = CARTESIAN_POINT ( 'NONE',  ( 0.000000000000000000, -2.602085213965210642E-15, 8.500000000000000000 ) ) ;
#979 = CARTESIAN_POINT ( 'NONE',  ( -1.035533905932742194, 2.500000000000001776, 0.4499999999999970690 ) ) ;
#980 =( GEOMETRIC_REPRESENTATION_CONTEXT ( 3 ) GLOBAL_UNCERTAINTY_ASSIGNED_CONTEXT ( ( #3622 ) ) GLOBAL_UNIT_ASSIGNED_CONTEXT ( ( #121, #1882, #97 ) ) REPRESENTATION_CONTEXT ( 'NONE', 'WORKASPACE' ) );
#981 = CARTESIAN_POINT ( 'NONE',  ( -1.400343491548893038, 1.400343491548883934, -1.734723475976807094E-15 ) ) ;
#982 = CARTESIAN_POINT ( 'NONE',  ( 1.980384757729337641, 0.8203022253684392195, -1.750000000000001554 ) ) ;
#983 = FACE_OUTER_BOUND ( 'NONE', #3244, .T. ) ;
#984 = CARTESIAN_POINT ( 'NONE',  ( 1.980384757729337641, -0.8203022253684580933, -0.3500000000000013656 ) ) ;
#985 = CARTESIAN_POINT ( 'NONE',  ( 2.500000000000010658, -9.572146786230802611E-15, 2.599999999999996092 ) ) ;
#986 = DIRECTION ( 'NONE',  ( -1.000000000000000000, 0.000000000000000000, 0.000000000000000000 ) ) ;
#987 = CARTESIAN_POINT ( 'NONE',  ( 0.2595644546320634016, -1.980384757729347189, 1.915821269686026618 ) ) ;
#988 = CARTESIAN_POINT ( 'NONE',  ( -2.500000000000010658, -8.959823386657123714E-15, -7.400000000000003908 ) ) ;
#989 = EDGE_LOOP ( 'NONE', ( #1460, #581, #2071, #1304 ) ) ;
#990 = CARTESIAN_POINT ( 'NONE',  ( 0.000000000000000000, -2.602085213965210642E-15, -8.500000000000000000 ) ) ;
#991 = ORIENTED_EDGE ( 'NONE', *, *, #1721, .T. ) ;
#992 = CARTESIAN_POINT ( 'NONE',  ( 1.980384757729338085, -9.476695014745558097E-15, 3.799999999999998046 ) ) ;
#993 = CARTESIAN_POINT ( 'NONE',  ( 0.000000000000000000, 2.500000000000001332, -7.600000000000003197 ) ) ;
#994 = DIRECTION ( 'NONE',  ( -0.8660254037844397068, 1.060575238724908147E-16, 0.4999999999999979461 ) ) ;
#995 = ORIENTED_EDGE ( 'NONE', *, *, #4067, .F. ) ;
#996 = CARTESIAN_POINT ( 'NONE',  ( 2.543301270189230134, 1.053469879313090329, 0.9749999999999984235 ) ) ;
#997 = CARTESIAN_POINT ( 'NONE',  ( -1.053469879313098989, 2.543301270189221253, -5.175000000000001599 ) ) ;
#998 =( BOUNDED_SURFACE ( )  B_SPLINE_SURFACE ( 1, 2, ( 
 ( #3806, #2788, #1412, #452, #1809, #28, #3213, #4142, #74, #2466, #3152, #3828, #409, #2812, #3522, #2131, #1067, #430, #2444, #2877, #119, #2538, #1128, #4205, #4226, #725, #50, #3891, #816, #3871, #2198, #4164, #770, #3192, #3566, #3502, #2172, #3478, #1450, #748, #1086, #1787, #3172, #2832, #2856, #3129, #4184, #1832, #1494, #1151, #1107, #2492, #3850, #3586, #4341, #159, #4008, #2945, #4316, #520, #2924, #1585, #1903, #2583, #3280, #890, #496, #934, #184, #1947, #1542, #1927, #1516, #1241, #2993, #571, #4246, #865, #1880, #548, #911, #1198, #3304, #2605, #2970, #3608, #3937, #2629, #3984, #4273, #1175, #3326, #2289, #1564, #2561, #2243, #3655, #226, #205, #4295, #1608, #2899, #3916, #1263, #3255, #1221, #2652, #3959, #2265, #3635, #2309, #3676, #1856, #3234, #841, #139, #2221, #1286, #642, #1679, #4081, #3699, #3437, #4119, #4430, #1724, #319, #3395, #3104, #2333, #1024, #2402, #1634, #619, #1382, #684, #3083, #2725, #1310, #3416, #2676, #2041, #1, #341, #4031, #2361, #4408, #2763, #1002, #2381, #3016, #3746, #665, #1657, #1702, #3060, #1042, #955, #1359, #1997, #2743, #2423, #2699, #297, #4101, #3764, #4057, #2063, #1333, #594, #3373, #1970, #3349, #2022, #249, #272, #3039, #4362, #981, #4385, #3723, #3149, #4139, #1408, #69, #1742, #2808, #1784, #1103, #2081, #1063, #3868, #2486, #425, #2873, #3169, #1490, #1447, #2464, #745, #3189, #2829, #3847, #4181, #1124, #24, #3456, #361, #2510, #766, #701, #787, #3125, #2126, #47, #2441, #1428, #1083, #3475, #2149, #4160, #2785, #3518, #3803, #3540, #2169, #3209, #1804, #90, #448, #721, #2102, #114, #4222, #1469, #1147, #380, #2852, #4202, #3784, #3825, #1828, #1763, #3498, #406, #810, #2894, #1560, #2194, #837, #3251, #1923, #3629, #3887, #2238, #3562, #3230 ),
 ( #2940, #4242, #1602, #2579, #2624, #2217, #2600, #469, #543, #3651, #1237, #1850, #1536, #1170, #1217, #1581, #1876, #3953, #3274, #3299, #4268, #155, #201, #2259, #3581, #135, #3979, #2968, #3604, #885, #2556, #2919, #1195, #3322, #907, #2987, #3933, #1511, #491, #860, #3913, #515, #1897, #4291, #179, #2284, #4336, #4312, #567, #1944, #222, #2532, #3012, #1696, #3079, #2305, #4358, #2059, #1353, #3743, #3391, #1992, #4076, #3344, #2721, #2397, #1021, #245, #3035, #637, #4097, #293, #3056, #3672, #4402, #1673, #2329, #1328, #3719, #3761, #1628, #997, #1282, #3412, #3100, #3368, #975, #2376, #660, #2695, #613, #930, #589, #1966, #2672, #2037, #1259, #2648, #314, #2740, #4426, #680, #3434, #4027, #951, #338, #3694, #1717, #2355, #4004, #4380, #268, #1653, #1305, #4052, #2018, #3492, #1738, #3534, #41, #85, #2780, #62, #4115, #2481, #1119, #3184, #2417, #3470, #3119, #3162, #3513, #3798, #1442, #739, #1096, #1757, #715, #761, #4175, #4135, #3780, #1462, #2143, #1078, #3841, #4196, #2505, #420, #2824, #2457, #1799, #1039, #698, #2845, #19, #2801, #356, #3819, #1059, #443, #3861, #1423, #782, #1402, #2164, #3143, #2119, #400, #2437, #1822, #4444, #4155, #1375, #2095, #3451, #2758, #374, #2077, #1779, #2613, #3614, #874, #3993, #1141, #2272, #1248, #577, #1485, #528, #3356, #1955, #4347, #2340, #2636, #962, #918, #1933, #212, #2660, #2295, #3332, #3662, #601, #3943, #2868, #4217, #1979, #232, #107, #256, #2527, #1591, #3965, #1911, #897, #554, #2953, #1615, #3642, #2249, #3001, #3288, #3023, #1641, #2683, #1270, #4015, #4368, #190, #1570, #4039, #3707, #940, #625, #4301, #2315, #3682, #3203, #3310, #1292, #1227, #2977, #4323, #280, #2366, #1028, #1661, #302, #2730, #1387, #3109, #3379, #1706, #3045, #2707, #2445 ) ),
 .UNSPECIFIED., .F., .F., .F. ) 
 B_SPLINE_SURFACE_WITH_KNOTS ( ( 2, 2 ),
 ( 3, 2, 2, 2, 2, 2, 2, 2, 2, 2, 2, 2, 2, 2, 2, 2, 2, 2, 2, 2, 2, 2, 2, 2, 2, 2, 2, 2, 2, 2, 2, 2, 2, 2, 2, 2, 2, 2, 2, 2, 2, 2, 2, 2, 2, 2, 2, 2, 2, 2, 2, 2, 2, 2, 2, 2, 2, 2, 2, 2, 2, 2, 2, 2, 2, 2, 2, 2, 2, 2, 2, 2, 2, 2, 2, 2, 2, 2, 2, 2, 2, 2, 2, 2, 2, 2, 2, 2, 2, 2, 2, 2, 2, 2, 2, 2, 2, 2, 2, 2, 2, 2, 2, 2, 2, 2, 2, 2, 2, 2, 2, 2, 2, 2, 2, 2, 2, 2, 2, 2, 2, 2, 2, 2, 2, 2, 2, 2, 3 ),
 ( 0.000000000000000000, 1.000000000000000000 ),
 ( 0.000000000000000000, 0.007812500000000000000, 0.01562500000000000000, 0.02343750000000000000, 0.03125000000000000000, 0.03906250000000000000, 0.04687500000000000000, 0.05468750000000000000, 0.06250000000000000000, 0.07031250000000000000, 0.07812500000000000000, 0.08593750000000000000, 0.09375000000000000000, 0.1015625000000000000, 0.1093750000000000000, 0.1171875000000000000, 0.1250000000000000000, 0.1328125000000000000, 0.1406250000000000000, 0.1484375000000000000, 0.1562500000000000000, 0.1640625000000000000, 0.1718750000000000000, 0.1796875000000000000, 0.1875000000000000000, 0.1953125000000000000, 0.2031250000000000000, 0.2109375000000000000, 0.2187500000000000000, 0.2265625000000000000, 0.2343750000000000000, 0.2421875000000000000, 0.2500000000000000000, 0.2578125000000000000, 0.2656250000000000000, 0.2734375000000000000, 0.2812500000000000000, 0.2890625000000000000, 0.2968750000000000000, 0.3046875000000000000, 0.3125000000000000000, 0.3203125000000000000, 0.3281250000000000000, 0.3359375000000000000, 0.3437500000000000000, 0.3515625000000000000, 0.3593750000000000000, 0.3671875000000000000, 0.3750000000000000000, 0.3828125000000000000, 0.3906250000000000000, 0.3984375000000000000, 0.4062500000000000000, 0.4140625000000000000, 0.4218750000000000000, 0.4296875000000000000, 0.4375000000000000000, 0.4453125000000000000, 0.4531250000000000000, 0.4609375000000000000, 0.4687500000000000000, 0.4765625000000000000, 0.4843750000000000000, 0.4921875000000000000, 0.5000000000000000000, 0.5078125000000000000, 0.5156250000000000000, 0.5234375000000000000, 0.5312500000000000000, 0.5390625000000000000, 0.5468750000000000000, 0.5546875000000000000, 0.5625000000000000000, 0.5703125000000000000, 0.5781250000000000000, 0.5859375000000000000, 0.5937500000000000000, 0.6015625000000000000, 0.6093750000000000000, 0.6171875000000000000, 0.6250000000000000000, 0.6328125000000000000, 0.6406250000000000000, 0.6484375000000000000, 0.6562500000000000000, 0.6640625000000000000, 0.6718750000000000000, 0.6796875000000000000, 0.6875000000000000000, 0.6953125000000000000, 0.7031250000000000000, 0.7109375000000000000, 0.7187500000000000000, 0.7265625000000000000, 0.7343750000000000000, 0.7421875000000000000, 0.7500000000000000000, 0.7578125000000000000, 0.7656250000000000000, 0.7734375000000000000, 0.7812500000000000000, 0.7890625000000000000, 0.7968750000000000000, 0.8046875000000000000, 0.8125000000000000000, 0.8203125000000000000, 0.8281250000000000000, 0.8359375000000000000, 0.8437500000000000000, 0.8515625000000000000, 0.8593750000000000000, 0.8671875000000000000, 0.8750000000000000000, 0.8828125000000000000, 0.8906250000000000000, 0.8984375000000000000, 0.9062500000000000000, 0.9140625000000000000, 0.9218750000000000000, 0.9296875000000000000, 0.9375000000000000000, 0.9453125000000000000, 0.9531250000000000000, 0.9609375000000000000, 0.9687500000000000000, 0.9765625000000000000, 0.9843750000000000000, 0.9921875000000000000, 1.000000000000000000 ),
 .UNSPECIFIED. ) 
 GEOMETRIC_REPRESENTATION_ITEM ( )  RATIONAL_B_SPLINE_SURFACE ( (
 ( 1.000000000000000000, 0.9238795325112867385, 1.000000000000000000, 0.9238795325112867385, 1.000000000000000000, 0.9238795325112867385, 1.000000000000000000, 0.9238795325112867385, 1.000000000000000000, 0.9238795325112867385, 1.000000000000000000, 0.9238795325112867385, 1.000000000000000000, 0.9238795325112867385, 1.000000000000000000, 0.9238795325112867385, 1.000000000000000000, 0.9238795325112867385, 1.000000000000000000, 0.9238795325112867385, 1.000000000000000000, 0.9238795325112867385, 1.000000000000000000, 0.9238795325112867385, 1.000000000000000000, 0.9238795325112867385, 1.000000000000000000, 0.9238795325112867385, 1.000000000000000000, 0.9238795325112867385, 1.000000000000000000, 0.9238795325112867385, 1.000000000000000000, 0.9238795325112867385, 1.000000000000000000, 0.9238795325112867385, 1.000000000000000000, 0.9238795325112867385, 1.000000000000000000, 0.9238795325112867385, 1.000000000000000000, 0.9238795325112867385, 1.000000000000000000, 0.9238795325112867385, 1.000000000000000000, 0.9238795325112867385, 1.000000000000000000, 0.9238795325112867385, 1.000000000000000000, 0.9238795325112867385, 1.000000000000000000, 0.9238795325112867385, 1.000000000000000000, 0.9238795325112867385, 1.000000000000000000, 0.9238795325112867385, 1.000000000000000000, 0.9238795325112867385, 1.000000000000000000, 0.9238795325112867385, 1.000000000000000000, 0.9238795325112867385, 1.000000000000000000, 0.9238795325112867385, 1.000000000000000000, 0.9238795325112867385, 1.000000000000000000, 0.9238795325112867385, 1.000000000000000000, 0.9238795325112867385, 1.000000000000000000, 0.9238795325112867385, 1.000000000000000000, 0.9238795325112867385, 1.000000000000000000, 0.9238795325112867385, 1.000000000000000000, 0.9238795325112867385, 1.000000000000000000, 0.9238795325112867385, 1.000000000000000000, 0.9238795325112867385, 1.000000000000000000, 0.9238795325112867385, 1.000000000000000000, 0.9238795325112867385, 1.000000000000000000, 0.9238795325112867385, 1.000000000000000000, 0.9238795325112867385, 1.000000000000000000, 0.9238795325112867385, 1.000000000000000000, 0.9238795325112867385, 1.000000000000000000, 0.9238795325112867385, 1.000000000000000000, 0.9238795325112867385, 1.000000000000000000, 0.9238795325112867385, 1.000000000000000000, 0.9238795325112867385, 1.000000000000000000, 0.9238795325112867385, 1.000000000000000000, 0.9238795325112867385, 1.000000000000000000, 0.9238795325112867385, 1.000000000000000000, 0.9238795325112867385, 1.000000000000000000, 0.9238795325112867385, 1.000000000000000000, 0.9238795325112867385, 1.000000000000000000, 0.9238795325112867385, 1.000000000000000000, 0.9238795325112867385, 1.000000000000000000, 0.9238795325112867385, 1.000000000000000000, 0.9238795325112867385, 1.000000000000000000, 0.9238795325112867385, 1.000000000000000000, 0.9238795325112867385, 1.000000000000000000, 0.9238795325112867385, 1.000000000000000000, 0.9238795325112867385, 1.000000000000000000, 0.9238795325112867385, 1.000000000000000000, 0.9238795325112867385, 1.000000000000000000, 0.9238795325112867385, 1.000000000000000000, 0.9238795325112867385, 1.000000000000000000, 0.9238795325112867385, 1.000000000000000000, 0.9238795325112867385, 1.000000000000000000, 0.9238795325112867385, 1.000000000000000000, 0.9238795325112867385, 1.000000000000000000, 0.9238795325112867385, 1.000000000000000000, 0.9238795325112867385, 1.000000000000000000, 0.9238795325112867385, 1.000000000000000000, 0.9238795325112867385, 1.000000000000000000, 0.9238795325112867385, 1.000000000000000000, 0.9238795325112867385, 1.000000000000000000, 0.9238795325112867385, 1.000000000000000000, 0.9238795325112867385, 1.000000000000000000, 0.9238795325112867385, 1.000000000000000000, 0.9238795325112867385, 1.000000000000000000, 0.9238795325112867385, 1.000000000000000000, 0.9238795325112867385, 1.000000000000000000, 0.9238795325112867385, 1.000000000000000000, 0.9238795325112867385, 1.000000000000000000, 0.9238795325112867385, 1.000000000000000000, 0.9238795325112867385, 1.000000000000000000, 0.9238795325112867385, 1.000000000000000000, 0.9238795325112867385, 1.000000000000000000, 0.9238795325112867385, 1.000000000000000000, 0.9238795325112867385, 1.000000000000000000, 0.9238795325112867385, 1.000000000000000000, 0.9238795325112867385, 1.000000000000000000, 0.9238795325112867385, 1.000000000000000000, 0.9238795325112867385, 1.000000000000000000, 0.9238795325112867385, 1.000000000000000000, 0.9238795325112867385, 1.000000000000000000, 0.9238795325112867385, 1.000000000000000000, 0.9238795325112867385, 1.000000000000000000, 0.9238795325112867385, 1.000000000000000000, 0.9238795325112867385, 1.000000000000000000, 0.9238795325112867385, 1.000000000000000000, 0.9238795325112867385, 1.000000000000000000, 0.9238795325112867385, 1.000000000000000000, 0.9238795325112867385, 1.000000000000000000, 0.9238795325112867385, 1.000000000000000000, 0.9238795325112867385, 1.000000000000000000, 0.9238795325112867385, 1.000000000000000000, 0.9238795325112867385, 1.000000000000000000, 0.9238795325112867385, 1.000000000000000000, 0.9238795325112867385, 1.000000000000000000, 0.9238795325112867385, 1.000000000000000000, 0.9238795325112867385, 1.000000000000000000, 0.9238795325112867385, 1.000000000000000000, 0.9238795325112867385, 1.000000000000000000, 0.9238795325112867385, 1.000000000000000000, 0.9238795325112867385, 1.000000000000000000, 0.9238795325112867385, 1.000000000000000000, 0.9238795325112867385, 1.000000000000000000, 0.9238795325112867385, 1.000000000000000000, 0.9238795325112867385, 1.000000000000000000, 0.9238795325112867385, 1.000000000000000000, 0.9238795325112867385, 1.000000000000000000, 0.9238795325112867385, 1.000000000000000000, 0.9238795325112867385, 1.000000000000000000, 0.9238795325112867385, 1.000000000000000000),
 ( 1.000000000000000000, 0.9238795325112867385, 1.000000000000000000, 0.9238795325112867385, 1.000000000000000000, 0.9238795325112867385, 1.000000000000000000, 0.9238795325112867385, 1.000000000000000000, 0.9238795325112867385, 1.000000000000000000, 0.9238795325112867385, 1.000000000000000000, 0.9238795325112867385, 1.000000000000000000, 0.9238795325112867385, 1.000000000000000000, 0.9238795325112867385, 1.000000000000000000, 0.9238795325112867385, 1.000000000000000000, 0.9238795325112867385, 1.000000000000000000, 0.9238795325112867385, 1.000000000000000000, 0.9238795325112867385, 1.000000000000000000, 0.9238795325112867385, 1.000000000000000000, 0.9238795325112867385, 1.000000000000000000, 0.9238795325112867385, 1.000000000000000000, 0.9238795325112867385, 1.000000000000000000, 0.9238795325112867385, 1.000000000000000000, 0.9238795325112867385, 1.000000000000000000, 0.9238795325112867385, 1.000000000000000000, 0.9238795325112867385, 1.000000000000000000, 0.9238795325112867385, 1.000000000000000000, 0.9238795325112867385, 1.000000000000000000, 0.9238795325112867385, 1.000000000000000000, 0.9238795325112867385, 1.000000000000000000, 0.9238795325112867385, 1.000000000000000000, 0.9238795325112867385, 1.000000000000000000, 0.9238795325112867385, 1.000000000000000000, 0.9238795325112867385, 1.000000000000000000, 0.9238795325112867385, 1.000000000000000000, 0.9238795325112867385, 1.000000000000000000, 0.9238795325112867385, 1.000000000000000000, 0.9238795325112867385, 1.000000000000000000, 0.9238795325112867385, 1.000000000000000000, 0.9238795325112867385, 1.000000000000000000, 0.9238795325112867385, 1.000000000000000000, 0.9238795325112867385, 1.000000000000000000, 0.9238795325112867385, 1.000000000000000000, 0.9238795325112867385, 1.000000000000000000, 0.9238795325112867385, 1.000000000000000000, 0.9238795325112867385, 1.000000000000000000, 0.9238795325112867385, 1.000000000000000000, 0.9238795325112867385, 1.000000000000000000, 0.9238795325112867385, 1.000000000000000000, 0.9238795325112867385, 1.000000000000000000, 0.9238795325112867385, 1.000000000000000000, 0.9238795325112867385, 1.000000000000000000, 0.9238795325112867385, 1.000000000000000000, 0.9238795325112867385, 1.000000000000000000, 0.9238795325112867385, 1.000000000000000000, 0.9238795325112867385, 1.000000000000000000, 0.9238795325112867385, 1.000000000000000000, 0.9238795325112867385, 1.000000000000000000, 0.9238795325112867385, 1.000000000000000000, 0.9238795325112867385, 1.000000000000000000, 0.9238795325112867385, 1.000000000000000000, 0.9238795325112867385, 1.000000000000000000, 0.9238795325112867385, 1.000000000000000000, 0.9238795325112867385, 1.000000000000000000, 0.9238795325112867385, 1.000000000000000000, 0.9238795325112867385, 1.000000000000000000, 0.9238795325112867385, 1.000000000000000000, 0.9238795325112867385, 1.000000000000000000, 0.9238795325112867385, 1.000000000000000000, 0.9238795325112867385, 1.000000000000000000, 0.9238795325112867385, 1.000000000000000000, 0.9238795325112867385, 1.000000000000000000, 0.9238795325112867385, 1.000000000000000000, 0.9238795325112867385, 1.000000000000000000, 0.9238795325112867385, 1.000000000000000000, 0.9238795325112867385, 1.000000000000000000, 0.9238795325112867385, 1.000000000000000000, 0.9238795325112867385, 1.000000000000000000, 0.9238795325112867385, 1.000000000000000000, 0.9238795325112867385, 1.000000000000000000, 0.9238795325112867385, 1.000000000000000000, 0.9238795325112867385, 1.000000000000000000, 0.9238795325112867385, 1.000000000000000000, 0.9238795325112867385, 1.000000000000000000, 0.9238795325112867385, 1.000000000000000000, 0.9238795325112867385, 1.000000000000000000, 0.9238795325112867385, 1.000000000000000000, 0.9238795325112867385, 1.000000000000000000, 0.9238795325112867385, 1.000000000000000000, 0.9238795325112867385, 1.000000000000000000, 0.9238795325112867385, 1.000000000000000000, 0.9238795325112867385, 1.000000000000000000, 0.9238795325112867385, 1.000000000000000000, 0.9238795325112867385, 1.000000000000000000, 0.9238795325112867385, 1.000000000000000000, 0.9238795325112867385, 1.000000000000000000, 0.9238795325112867385, 1.000000000000000000, 0.9238795325112867385, 1.000000000000000000, 0.9238795325112867385, 1.000000000000000000, 0.9238795325112867385, 1.000000000000000000, 0.9238795325112867385, 1.000000000000000000, 0.9238795325112867385, 1.000000000000000000, 0.9238795325112867385, 1.000000000000000000, 0.9238795325112867385, 1.000000000000000000, 0.9238795325112867385, 1.000000000000000000, 0.9238795325112867385, 1.000000000000000000, 0.9238795325112867385, 1.000000000000000000, 0.9238795325112867385, 1.000000000000000000, 0.9238795325112867385, 1.000000000000000000, 0.9238795325112867385, 1.000000000000000000, 0.9238795325112867385, 1.000000000000000000, 0.9238795325112867385, 1.000000000000000000, 0.9238795325112867385, 1.000000000000000000, 0.9238795325112867385, 1.000000000000000000, 0.9238795325112867385, 1.000000000000000000, 0.9238795325112867385, 1.000000000000000000, 0.9238795325112867385, 1.000000000000000000, 0.9238795325112867385, 1.000000000000000000, 0.9238795325112867385, 1.000000000000000000, 0.9238795325112867385, 1.000000000000000000, 0.9238795325112867385, 1.000000000000000000, 0.9238795325112867385, 1.000000000000000000, 0.9238795325112867385, 1.000000000000000000, 0.9238795325112867385, 1.000000000000000000, 0.9238795325112867385, 1.000000000000000000, 0.9238795325112867385, 1.000000000000000000, 0.9238795325112867385, 1.000000000000000000, 0.9238795325112867385, 1.000000000000000000, 0.9238795325112867385, 1.000000000000000000, 0.9238795325112867385, 1.000000000000000000, 0.9238795325112867385, 1.000000000000000000, 0.9238795325112867385, 1.000000000000000000, 0.9238795325112867385, 1.000000000000000000) ) ) 
 REPRESENTATION_ITEM ( '' )  SURFACE ( )  );
#999 = CARTESIAN_POINT ( 'NONE',  ( -1.400343491548893038, -1.400343491548901920, -7.700000000000001954 ) ) ;
#1000 = CARTESIAN_POINT ( 'NONE',  ( -1.053469879313098989, -2.543301270189239460, -8.125000000000001776 ) ) ;
#1001 = CARTESIAN_POINT ( 'NONE',  ( 2.550799999999995293, -9.419681154404743553E-15, 3.500000000000001332 ) ) ;
#1002 = CARTESIAN_POINT ( 'NONE',  ( -1.980384757729338085, -8.991640643818871886E-15, -1.500000000000001332 ) ) ;
#1003 = EDGE_CURVE ( 'NONE', #1557, #2241, #1522, .T. ) ;
#1004 = CARTESIAN_POINT ( 'NONE',  ( 1.980384757729337641, -0.8203022253684580933, -1.850000000000002087 ) ) ;
#1005 = DIRECTION ( 'NONE',  ( 0.7071067811865475727, 0.000000000000000000, 0.7071067811865474617 ) ) ;
#1006 = CARTESIAN_POINT ( 'NONE',  ( 1.980384757729337641, 0.8203022253684393306, -0.2500000000000019984 ) ) ;
#1007 = CARTESIAN_POINT ( 'NONE',  ( -1.671665528003485335, 1.344264534170670267, 8.237858774101885828 ) ) ;
#1008 = DIRECTION ( 'NONE',  ( -0.000000000000000000, -0.000000000000000000, -1.000000000000000000 ) ) ;
#1009 = CARTESIAN_POINT ( 'NONE',  ( 1.400343491548892816, -1.400343491548902364, 1.199999999999999734 ) ) ;
#1010 = CARTESIAN_POINT ( 'NONE',  ( 2.225972107876044603, 1.138001834338550955, 3.360428147091791828 ) ) ;
#1011 = ORIENTED_EDGE ( 'NONE', *, *, #1632, .F. ) ;
#1012 = CARTESIAN_POINT ( 'NONE',  ( 1.767766952966376426, 1.767766952966366656, 1.800000000000000044 ) ) ;
#1013 = VERTEX_POINT ( 'NONE', #1565 ) ;
#1014 = CARTESIAN_POINT ( 'NONE',  ( -0.8203022253684481013, -1.980384757729346967, 1.149999999999998357 ) ) ;
#1015 = VECTOR ( 'NONE', #3122, 1000.000000000000000 ) ;
#1016 = CARTESIAN_POINT ( 'NONE',  ( 1.767766952966376870, 1.767766952966366656, -7.700000000000003730 ) ) ;
#1017 = CARTESIAN_POINT ( 'NONE',  ( -3.061616997868395960E-16, -2.500000000000019540, -2.500000000000000000 ) ) ;
#1018 = EDGE_LOOP ( 'NONE', ( #290, #3838, #2910, #4309, #663, #1539, #4095 ) ) ;
#1019 = CARTESIAN_POINT ( 'NONE',  ( 2.543301270189230134, 1.053469879313090329, 0.1749999999999981293 ) ) ;
#1020 = ADVANCED_FACE ( 'NONE', ( #2584 ), #3327, .T. ) ;
#1021 = CARTESIAN_POINT ( 'NONE',  ( -1.798385574751164784, 1.798385574751155680, -5.925000000000002487 ) ) ;
#1022 = CARTESIAN_POINT ( 'NONE',  ( 1.980384757729337641, 0.8203022253684393306, -2.550000000000001599 ) ) ;
#1023 = CARTESIAN_POINT ( 'NONE',  ( -2.543301270189230134, -8.957171948560311498E-15, -8.275000000000000355 ) ) ;
#1024 = CARTESIAN_POINT ( 'NONE',  ( -1.400343491548893038, 1.400343491548883934, -2.400000000000001243 ) ) ;
#1025 = CARTESIAN_POINT ( 'NONE',  ( 1.767766952966376870, 1.767766952966366656, 1.899999999999997025 ) ) ;
#1026 = CARTESIAN_POINT ( 'NONE',  ( 0.000000000000000000, 1.980384757729328982, -0.9000000000000014655 ) ) ;
#1027 = CARTESIAN_POINT ( 'NONE',  ( -9.034918005484530651E-16, 2.309401076758500704, 6.000000000000000000 ) ) ;
#1028 = CARTESIAN_POINT ( 'NONE',  ( -1.798385574751164784, -1.798385574751173666, 3.074999999999997957 ) ) ;
#1029 = CARTESIAN_POINT ( 'NONE',  ( -1.980384757729338085, 0.8203022253684388865, 0.04999999999999796274 ) ) ;
#1030 = CARTESIAN_POINT ( 'NONE',  ( -1.035533905932741972, 2.500000000000001776, -5.249999999999999112 ) ) ;
#1031 = CARTESIAN_POINT ( 'NONE',  ( -1.767766952966376426, 1.767766952966367100, -1.100000000000003864 ) ) ;
#1032 = ORIENTED_EDGE ( 'NONE', *, *, #1385, .T. ) ;
#1033 = CARTESIAN_POINT ( 'NONE',  ( 0.8203022253684477683, -1.980384757729347633, 2.849999999999997868 ) ) ;
#1034 = CARTESIAN_POINT ( 'NONE',  ( 2.500000000000010658, -9.572146786230802611E-15, -2.200000000000003730 ) ) ;
#1035 = CARTESIAN_POINT ( 'NONE',  ( -0.9341661158341478810, -1.990789024794740181, 2.520487222065139310 ) ) ;
#1036 = ORIENTED_EDGE ( 'NONE', *, *, #1665, .T. ) ;
#1037 = CARTESIAN_POINT ( 'NONE',  ( -1.798385574751164562, -1.798385574751173444, 0.6249999999999987788 ) ) ;
#1038 = VECTOR ( 'NONE', #1008, 1000.000000000000000 ) ;
#1039 = CARTESIAN_POINT ( 'NONE',  ( -3.114645759804639297E-16, -2.543301270189239904, -1.625000000000002220 ) ) ;
#1040 = CARTESIAN_POINT ( 'NONE',  ( 1.400343491548892816, -1.400343491548902364, -5.100000000000002309 ) ) ;
#1041 = CARTESIAN_POINT ( 'NONE',  ( 1.955718431022360981, -0.3115914106745070744, -8.219615242271586908 ) ) ;
#1042 = CARTESIAN_POINT ( 'NONE',  ( 1.980384757729338085, -9.476695014745558097E-15, -1.100000000000001199 ) ) ;
#1043 = PLANE ( 'NONE',  #2271 ) ;
#1044 = AXIS2_PLACEMENT_3D ( 'NONE', #3382, #284, #4437 ) ;
#1045 = CARTESIAN_POINT ( 'NONE',  ( -1.980384757729338085, -8.991640643818871886E-15, 0.8999999999999980238 ) ) ;
#1046 = CARTESIAN_POINT ( 'NONE',  ( -1.767766952966376204, -1.767766952966385086, -7.399999999999999467 ) ) ;
#1047 = CARTESIAN_POINT ( 'NONE',  ( 2.500000000000010658, -9.572146786230802611E-15, -0.6999999999999996225 ) ) ;
#1048 = EDGE_CURVE ( 'NONE', #635, #3448, #2607, .T. ) ;
#1049 = CARTESIAN_POINT ( 'NONE',  ( 1.980384757729337641, 0.8203022253684392195, 0.5499999999999983791 ) ) ;
#1050 = CARTESIAN_POINT ( 'NONE',  ( 0.000000000000000000, 2.500000000000001332, -2.000000000000002665 ) ) ;
#1051 = CARTESIAN_POINT ( 'NONE',  ( -2.499999999999999112, 1.035533905932744414, 1.249999999999998890 ) ) ;
#1052 = VERTEX_POINT ( 'NONE', #2290 ) ;
#1053 = CARTESIAN_POINT ( 'NONE',  ( -1.400343491548893038, 1.400343491548883934, 2.499999999999998668 ) ) ;
#1054 = ADVANCED_FACE ( 'NONE', ( #2310 ), #227, .T. ) ;
#1055 = DIRECTION ( 'NONE',  ( -0.000000000000000000, -0.000000000000000000, -1.000000000000000000 ) ) ;
#1056 = CARTESIAN_POINT ( 'NONE',  ( 1.394869800046077080, -1.754844530872178288, 2.637887686241319862 ) ) ;
#1057 = ORIENTED_EDGE ( 'NONE', *, *, #2401, .F. ) ;
#1058 = CARTESIAN_POINT ( 'NONE',  ( 1.053469879313100543, 2.543301270189220809, -0.5250000000000011324 ) ) ;
#1059 = CARTESIAN_POINT ( 'NONE',  ( 1.053469879313100765, 2.543301270189220809, -1.275000000000002132 ) ) ;
#1060 = CARTESIAN_POINT ( 'NONE',  ( 1.980384757729338085, -9.476695014745558097E-15, -6.700000000000001066 ) ) ;
#1061 = CARTESIAN_POINT ( 'NONE',  ( -0.8203022253684478793, 1.980384757729328982, -3.950000000000001954 ) ) ;
#1062 = CARTESIAN_POINT ( 'NONE',  ( 2.026794919243102733, -9.485220423107419205E-15, -8.173205080756893892 ) ) ;
#1063 = CARTESIAN_POINT ( 'NONE',  ( 1.400343491548893260, 1.400343491548883490, 0.5999999999999980904 ) ) ;
#1064 = CARTESIAN_POINT ( 'NONE',  ( 2.271287952849731617, -9.530133064760446952E-15, 2.732046961989118561 ) ) ;
#1065 = CARTESIAN_POINT ( 'NONE',  ( 0.8203022253684493226, 1.980384757729328538, 3.049999999999998934 ) ) ;
#1066 = EDGE_CURVE ( 'NONE', #2282, #3071, #595, .T. ) ;
#1067 = CARTESIAN_POINT ( 'NONE',  ( 0.000000000000000000, 1.980384757729328982, -8.100000000000001421 ) ) ;
#1068 = CARTESIAN_POINT ( 'NONE',  ( 1.035533905932741749, -2.500000000000019984, -0.8499999999999996447 ) ) ;
#1069 = CARTESIAN_POINT ( 'NONE',  ( -2.425271854633440422E-16, -1.980384757729347189, 0.2999999999999981570 ) ) ;
#1070 = DIRECTION ( 'NONE',  ( -0.000000000000000000, -0.000000000000000000, -1.000000000000000000 ) ) ;
#1071 = ORIENTED_EDGE ( 'NONE', *, *, #1048, .T. ) ;
#1072 = CARTESIAN_POINT ( 'NONE',  ( -1.980384757729338085, -8.991640643818871886E-15, -8.700000000000001066 ) ) ;
#1073 = CARTESIAN_POINT ( 'NONE',  ( 2.500000000000003997, -2.295923514178371982E-15, -8.500000000000000000 ) ) ;
#1074 = CARTESIAN_POINT ( 'NONE',  ( -2.279764031834181193, -0.3105254101900242758, 2.798632793494049587 ) ) ;
#1075 = ORIENTED_EDGE ( 'NONE', *, *, #3046, .F. ) ;
#1076 = CARTESIAN_POINT ( 'NONE',  ( -0.8203022253684478793, 1.980384757729328982, -8.750000000000001776 ) ) ;
#1077 = EDGE_CURVE ( 'NONE', #566, #1899, #2040, .T. ) ;
#1078 = CARTESIAN_POINT ( 'NONE',  ( 0.000000000000000000, 2.543301270189221697, -2.025000000000001688 ) ) ;
#1079 = CARTESIAN_POINT ( 'NONE',  ( 1.400343491548892816, -1.400343491548902364, 0.4999999999999987232 ) ) ;
#1080 = CARTESIAN_POINT ( 'NONE',  ( -2.425271854633440422E-16, -1.980384757729347189, -2.800000000000002043 ) ) ;
#1081 = CARTESIAN_POINT ( 'NONE',  ( 1.400343491548893260, 1.400343491548883490, -4.900000000000001243 ) ) ;
#1082 = DIRECTION ( 'NONE',  ( 1.000000000000000000, 0.000000000000000000, 0.000000000000000000 ) ) ;
#1083 = CARTESIAN_POINT ( 'NONE',  ( 0.8203022253684477683, -1.980384757729347633, 1.949999999999998623 ) ) ;
#1084 = CARTESIAN_POINT ( 'NONE',  ( -2.183012701892221852, -8.979233260657028811E-15, -8.016987298107780546 ) ) ;
#1085 = CARTESIAN_POINT ( 'NONE',  ( -1.980384757729338085, -8.991640643818871886E-15, 1.699999999999998401 ) ) ;
#1086 = CARTESIAN_POINT ( 'NONE',  ( -2.425271854633440422E-16, -1.980384757729347189, -6.900000000000001243 ) ) ;
#1087 = FACE_OUTER_BOUND ( 'NONE', #3054, .T. ) ;
#1088 = CARTESIAN_POINT ( 'NONE',  ( -1.999999999999997335, 1.154700538379249908, 6.000000000000000000 ) ) ;
#1089 = CARTESIAN_POINT ( 'NONE',  ( 2.026794919243102733, -9.485220423107419205E-15, -8.173205080756893892 ) ) ;
#1090 = CARTESIAN_POINT ( 'NONE',  ( -2.425271854633440422E-16, -1.980384757729347189, -7.700000000000001954 ) ) ;
#1091 = CARTESIAN_POINT ( 'NONE',  ( 1.400343491548892816, -1.400343491548902364, -0.3000000000000016542 ) ) ;
#1092 = CARTESIAN_POINT ( 'NONE',  ( -1.587385743789111903, 1.752596724245465643, 2.974985410719014123 ) ) ;
#1093 = DIRECTION ( 'NONE',  ( -0.000000000000000000, -0.000000000000000000, -1.000000000000000000 ) ) ;
#1094 = VERTEX_POINT ( 'NONE', #3256 ) ;
#1095 = CARTESIAN_POINT ( 'NONE',  ( -1.980384757729338085, -0.8203022253684568721, -8.550000000000002487 ) ) ;
#1096 = CARTESIAN_POINT ( 'NONE',  ( -1.053469879313099211, -2.543301270189239904, -2.475000000000002309 ) ) ;
#1097 = CARTESIAN_POINT ( 'NONE',  ( 1.980384757729337641, -0.8203022253684580933, 1.349999999999998979 ) ) ;
#1098 = EDGE_CURVE ( 'NONE', #471, #1626, #3421, .T. ) ;
#1099 = CARTESIAN_POINT ( 'NONE',  ( 1.400343491548892816, -1.400343491548902364, -1.900000000000001465 ) ) ;
#1100 = CARTESIAN_POINT ( 'NONE',  ( 1.980384757729338085, -9.476695014745558097E-15, -2.600000000000001421 ) ) ;
#1101 = CARTESIAN_POINT ( 'NONE',  ( 1.053469879313100543, 2.543301270189220809, -4.525000000000001243 ) ) ;
#1102 = AXIS2_PLACEMENT_3D ( 'NONE', #935, #4317, #4342 ) ;
#1103 = CARTESIAN_POINT ( 'NONE',  ( 1.980384757729338085, -9.476695014745558097E-15, 0.4999999999999987232 ) ) ;
#1104 = VECTOR ( 'NONE', #994, 1000.000000000000114 ) ;
#1105 = CARTESIAN_POINT ( 'NONE',  ( 0.000000000000000000, -2.602085213965210642E-15, -8.500000000000000000 ) ) ;
#1106 = CARTESIAN_POINT ( 'NONE',  ( 1.400343491548892816, -1.400343491548902364, 3.599999999999999201 ) ) ;
#1107 = CARTESIAN_POINT ( 'NONE',  ( -1.400343491548893038, 1.400343491548883934, -6.400000000000001243 ) ) ;
#1108 = CARTESIAN_POINT ( 'NONE',  ( -0.4856306610001570045, -2.399855617890515713, 3.207294612816751211 ) ) ;
#1109 = APPLICATION_PROTOCOL_DEFINITION ( 'international standard', 'config_control_design', 1994, #3165 ) ;
#1110 = AXIS2_PLACEMENT_3D ( 'NONE', #3019, #2363, #3042 ) ;
#1111 = LINE ( 'NONE', #32, #3273 ) ;
#1112 = CARTESIAN_POINT ( 'NONE',  ( -2.500000000000014211, -1.035533905932746634, 2.249999999999996891 ) ) ;
#1113 = CARTESIAN_POINT ( 'NONE',  ( 0.8203022253684493226, 1.980384757729328538, -6.550000000000001599 ) ) ;
#1114 = CARTESIAN_POINT ( 'NONE',  ( -1.400343491548893038, -1.400343491548901920, 2.699999999999997513 ) ) ;
#1115 = CARTESIAN_POINT ( 'NONE',  ( 0.000000000000000000, -2.602085213965210642E-15, -8.500000000000000000 ) ) ;
#1116 = CARTESIAN_POINT ( 'NONE',  ( 1.865048024453525244, -1.566964527120648265, 3.170692369783874032 ) ) ;
#1117 = VERTEX_POINT ( 'NONE', #1999 ) ;
#1118 = CARTESIAN_POINT ( 'NONE',  ( -2.543301270189230578, -1.053469879313107649, 2.974999999999998312 ) ) ;
#1119 = CARTESIAN_POINT ( 'NONE',  ( 2.543301270189230578, 1.053469879313090551, -2.975000000000002753 ) ) ;
#1120 = CARTESIAN_POINT ( 'NONE',  ( -1.980384757729338085, 0.8203022253684388865, -1.450000000000001732 ) ) ;
#1121 = CARTESIAN_POINT ( 'NONE',  ( -0.8203022253684481013, -1.980384757729346967, -2.850000000000002309 ) ) ;
#1122 = CARTESIAN_POINT ( 'NONE',  ( 0.000000000000000000, 1.980384757729328982, -1.600000000000001643 ) ) ;
#1123 = CARTESIAN_POINT ( 'NONE',  ( 2.543301270189230134, -1.053469879313109425, -5.525000000000002132 ) ) ;
#1124 = CARTESIAN_POINT ( 'NONE',  ( 1.980384757729338085, -9.476695014745558097E-15, 1.299999999999999156 ) ) ;
#1125 = CARTESIAN_POINT ( 'NONE',  ( -2.133869545534373025, 0.4361763941209060302, -8.032844887525017796 ) ) ;
#1126 = CARTESIAN_POINT ( 'NONE',  ( 0.8203022253684493226, 1.980384757729328538, 3.849999999999999201 ) ) ;
#1127 = ADVANCED_FACE ( 'NONE', ( #3040 ), #273, .T. ) ;
#1128 = CARTESIAN_POINT ( 'NONE',  ( -1.400343491548893038, -1.400343491548901920, -7.800000000000001599 ) ) ;
#1129 = CARTESIAN_POINT ( 'NONE',  ( 1.341196829402447444, 1.890158944077501513, -7.887075214293643555 ) ) ;
#1130 = CALENDAR_DATE ( 2026, 5, 2 ) ;
#1131 = LINE ( 'NONE', #3771, #4056 ) ;
#1132 =( BOUNDED_CURVE ( )  B_SPLINE_CURVE ( 2, ( #2878, #2562, #2833, #431, #1495, #4227, #2153, #75, #386 ),
 .UNSPECIFIED., .F., .F. ) 
 B_SPLINE_CURVE_WITH_KNOTS ( ( 3, 2, 2, 2, 3 ),
 ( 0.8593750000000000000, 0.8671875000000000000, 0.8750000000000000000, 0.8828125000000000000, 0.8906250000000000000 ),
 .UNSPECIFIED. ) 
 CURVE ( )  GEOMETRIC_REPRESENTATION_ITEM ( )  RATIONAL_B_SPLINE_CURVE ( ( 1.000000000000000000, 0.9238795325112867385, 1.000000000000000000, 0.9238795325112867385, 1.000000000000000000, 0.9238795325112867385, 1.000000000000000000, 0.9238795325112867385, 1.000000000000000000 ) ) 
 REPRESENTATION_ITEM ( '' )  );
#1133 = CARTESIAN_POINT ( 'NONE',  ( 2.500000000000003997, -2.295923514178371982E-15, -8.500000000000000000 ) ) ;
#1134 = CARTESIAN_POINT ( 'NONE',  ( 1.980384757729338085, -9.476695014745558097E-15, -7.500000000000001776 ) ) ;
#1135 = CARTESIAN_POINT ( 'NONE',  ( -2.425271854633440422E-16, -1.980384757729347189, 1.199999999999997957 ) ) ;
#1136 = CARTESIAN_POINT ( 'NONE',  ( 0.8203022253684477683, -1.980384757729347633, -6.850000000000002309 ) ) ;
#1137 = DIRECTION ( 'NONE',  ( -1.000000000000000000, 0.000000000000000000, 0.000000000000000000 ) ) ;
#1138 = CARTESIAN_POINT ( 'NONE',  ( 1.644401747827211269, -1.787378762709891600, 3.150883161812051636 ) ) ;
#1139 = ORIENTED_EDGE ( 'NONE', *, *, #4285, .T. ) ;
#1140 = CARTESIAN_POINT ( 'NONE',  ( 0.8203022253684477683, -1.980384757729347633, -7.550000000000003375 ) ) ;
#1141 = CARTESIAN_POINT ( 'NONE',  ( -3.114645759804639297E-16, -2.543301270189239904, -0.02500000000000245082 ) ) ;
#1142 = CARTESIAN_POINT ( 'NONE',  ( -0.8203022253684478793, 1.980384757729328982, 0.04999999999999796274 ) ) ;
#1143 = EDGE_CURVE ( 'NONE', #2115, #1557, #1921, .T. ) ;
#1144 = CARTESIAN_POINT ( 'NONE',  ( 0.8203022253684493226, 1.980384757729328538, -2.450000000000001954 ) ) ;
#1145 = CARTESIAN_POINT ( 'NONE',  ( -0.8203022253684478793, 1.980384757729328982, -1.550000000000001821 ) ) ;
#1146 = CARTESIAN_POINT ( 'NONE',  ( -2.543301270189230134, -8.957171948560311498E-15, -4.275000000000001243 ) ) ;
#1147 = CARTESIAN_POINT ( 'NONE',  ( 1.980384757729337641, -0.8203022253684580933, 2.849999999999997868 ) ) ;
#1148 = CARTESIAN_POINT ( 'NONE',  ( 2.500000000000010658, -9.572146786230802611E-15, -3.000000000000003109 ) ) ;
#1149 = ORIENTED_EDGE ( 'NONE', *, *, #442, .F. ) ;
#1150 = CARTESIAN_POINT ( 'NONE',  ( -1.035533905932741972, 2.500000000000001776, -4.450000000000000178 ) ) ;
#1151 = CARTESIAN_POINT ( 'NONE',  ( -0.8203022253684478793, 1.980384757729328982, -6.450000000000001954 ) ) ;
#1152 = CARTESIAN_POINT ( 'NONE',  ( 2.499999999999998224, 1.035533905932744858, -0.6499999999999982458 ) ) ;
#1153 = VERTEX_POINT ( 'NONE', #2073 ) ;
#1154 = PERSON_AND_ORGANIZATION ( #3541, #4267 ) ;
#1155 = CARTESIAN_POINT ( 'NONE',  ( -1.980384757729338085, -8.991640643818871886E-15, -6.200000000000001954 ) ) ;
#1156 = CARTESIAN_POINT ( 'NONE',  ( 0.000000000000000000, -2.602085213965210642E-15, -7.699999999999996625 ) ) ;
#1157 = CARTESIAN_POINT ( 'NONE',  ( -1.980384757729338085, -8.991640643818871886E-15, -7.900000000000000355 ) ) ;
#1158 = CARTESIAN_POINT ( 'NONE',  ( 1.980384757729337641, 0.8203022253684393306, 2.249999999999998224 ) ) ;
#1159 = CARTESIAN_POINT ( 'NONE',  ( 0.8203022253684477683, -1.980384757729347633, -6.050000000000001599 ) ) ;
#1160 = CARTESIAN_POINT ( 'NONE',  ( 0.000000000000000000, -2.602085213965210642E-15, -8.500000000000000000 ) ) ;
#1161 = CARTESIAN_POINT ( 'NONE',  ( -1.767766952966376426, -1.767766952966385308, -0.9000000000000034639 ) ) ;
#1162 = VERTEX_POINT ( 'NONE', #1034 ) ;
#1163 = CARTESIAN_POINT ( 'NONE',  ( -1.980384757729338085, 0.8203022253684389975, -7.850000000000002309 ) ) ;
#1164 = ORIENTED_EDGE ( 'NONE', *, *, #2895, .T. ) ;
#1165 = CARTESIAN_POINT ( 'NONE',  ( -0.8203022253684481013, -1.980384757729347189, -7.750000000000001776 ) ) ;
#1166 = CARTESIAN_POINT ( 'NONE',  ( 1.980384757729337641, -0.8203022253684580933, -0.2500000000000019429 ) ) ;
#1167 = CARTESIAN_POINT ( 'NONE',  ( 1.980384757729337641, 0.8203022253684393306, -3.350000000000002753 ) ) ;
#1168 = CARTESIAN_POINT ( 'NONE',  ( 1.400343491548892816, -1.400343491548902364, -1.100000000000002087 ) ) ;
#1169 = CARTESIAN_POINT ( 'NONE',  ( 1.053469879313098323, -2.543301270189239904, -5.625000000000002665 ) ) ;
#1170 = CARTESIAN_POINT ( 'NONE',  ( 2.543301270189230578, 1.053469879313090551, -8.575000000000002842 ) ) ;
#1171 = CARTESIAN_POINT ( 'NONE',  ( -0.9921636629475671931, -1.713923876539790392, 1.932797002148630705 ) ) ;
#1172 = ORIENTED_EDGE ( 'NONE', *, *, #861, .T. ) ;
#1173 = CARTESIAN_POINT ( 'NONE',  ( 2.096420021030404257, 0.2880669582297716302, 2.292405834601935144 ) ) ;
#1174 = CIRCLE ( 'NONE', #2913, 4.250000000000000888 ) ;
#1175 = CARTESIAN_POINT ( 'NONE',  ( 1.400343491548892816, -1.400343491548902364, -4.400000000000001243 ) ) ;
#1176 = CARTESIAN_POINT ( 'NONE',  ( -1.726511366644996492, -1.703976681349799849, 3.144644776019263510 ) ) ;
#1177 = AXIS2_PLACEMENT_3D ( 'NONE', #1088, #348, #2470 ) ;
#1178 = APPROVAL_STATUS ( 'not_yet_approved' ) ;
#1179 = CARTESIAN_POINT ( 'NONE',  ( 1.980384757729337641, -0.8203022253684580933, -7.450000000000001954 ) ) ;
#1180 = CYLINDRICAL_SURFACE ( 'NONE', #3561, 2.500000000000003997 ) ;
#1181 = CARTESIAN_POINT ( 'NONE',  ( 0.8203022253684477683, -1.980384757729347633, -4.450000000000002842 ) ) ;
#1182 = CYLINDRICAL_SURFACE ( 'NONE', #814, 2.500000000000003997 ) ;
#1183 = CARTESIAN_POINT ( 'NONE',  ( -1.980384757729338085, -8.991640643818871886E-15, -6.300000000000001599 ) ) ;
#1184 = CARTESIAN_POINT ( 'NONE',  ( -1.999999999999997780, 0.1951281244787636537, 8.158689247808391443 ) ) ;
#1185 = DIRECTION ( 'NONE',  ( -1.000000000000000000, 0.000000000000000000, 0.000000000000000000 ) ) ;
#1186 = VERTEX_POINT ( 'NONE', #3363 ) ;
#1187 = CARTESIAN_POINT ( 'NONE',  ( -1.980384757729338085, -0.8203022253684568721, -6.950000000000001954 ) ) ;
#1188 = AXIS2_PLACEMENT_3D ( 'NONE', #3722, #1285, #3347 ) ;
#1189 = EDGE_CURVE ( 'NONE', #2209, #605, #2413, .T. ) ;
#1190 = CARTESIAN_POINT ( 'NONE',  ( 2.500000000000010658, -9.572146786230802611E-15, -6.200000000000003730 ) ) ;
#1191 = CARTESIAN_POINT ( 'NONE',  ( -1.980384757729338085, -0.8203022253684569831, 1.849999999999997424 ) ) ;
#1192 = EDGE_LOOP ( 'NONE', ( #511, #3975, #4194 ) ) ;
#1193 = CARTESIAN_POINT ( 'NONE',  ( 1.400343491548893260, 1.400343491548883490, -0.1000000000000011297 ) ) ;
#1194 = CARTESIAN_POINT ( 'NONE',  ( -3.114645759804638804E-16, -2.543301270189239460, -4.075000000000001066 ) ) ;
#1195 = CARTESIAN_POINT ( 'NONE',  ( 0.000000000000000000, 2.543301270189221697, -7.625000000000002665 ) ) ;
#1196 = ORIENTED_EDGE ( 'NONE', *, *, #437, .F. ) ;
#1197 = CARTESIAN_POINT ( 'NONE',  ( 2.107348885871992206, 0.1450773145961434529, 2.281628077299588497 ) ) ;
#1198 = CARTESIAN_POINT ( 'NONE',  ( -0.8203022253684478793, 1.980384757729328982, -4.850000000000002309 ) ) ;
#1199 = CARTESIAN_POINT ( 'NONE',  ( 2.221886827054077251, 1.099580219366241840, -7.726142110706565092 ) ) ;
#1200 = PERSON_AND_ORGANIZATION ( #3541, #4267 ) ;
#1201 = CARTESIAN_POINT ( 'NONE',  ( -1.980384757729338085, 0.8203022253684388865, -6.250000000000002665 ) ) ;
#1202 = CARTESIAN_POINT ( 'NONE',  ( -0.05235546470346657405, -2.312454686957482242, -7.891977825536837798 ) ) ;
#1203 = EDGE_CURVE ( 'NONE', #4026, #3408, #2499, .T. ) ;
#1204 = CARTESIAN_POINT ( 'NONE',  ( -1.400343491548893038, 1.400343491548883934, -3.200000000000001510 ) ) ;
#1205 = CARTESIAN_POINT ( 'NONE',  ( 2.500000000000010658, -9.572146786230802611E-15, 1.799999999999997602 ) ) ;
#1206 =( BOUNDED_CURVE ( )  B_SPLINE_CURVE ( 2, ( #1563, #2559, #2604, #4224, #2944, #2263, #3633, #1855, #138 ),
 .UNSPECIFIED., .F., .F. ) 
 B_SPLINE_CURVE_WITH_KNOTS ( ( 3, 2, 2, 2, 3 ),
 ( 0.3906250000000000555, 0.3984375000000000555, 0.4062500000000000000, 0.4140625000000000000, 0.4218750000000000000 ),
 .UNSPECIFIED. ) 
 CURVE ( )  GEOMETRIC_REPRESENTATION_ITEM ( )  RATIONAL_B_SPLINE_CURVE ( ( 0.9999999999999994449, 0.9238795325112872936, 1.000000000000000000, 0.9238795325112867385, 1.000000000000000000, 0.9238795325112867385, 1.000000000000000000, 0.9238795325112867385, 1.000000000000000000 ) ) 
 REPRESENTATION_ITEM ( '' )  );
#1207 = CARTESIAN_POINT ( 'NONE',  ( 1.980384757729337641, 0.8203022253684392195, -5.050000000000001599 ) ) ;
#1208 = CARTESIAN_POINT ( 'NONE',  ( 0.1634839680024571251, 2.215013563824093978, 8.282827386760725830 ) ) ;
#1209 = CARTESIAN_POINT ( 'NONE',  ( 1.980384757729338085, 2.956399150575138284E-14, -8.219615242270663202 ) ) ;
#1210 = ORIENTED_EDGE ( 'NONE', *, *, #4274, .T. ) ;
#1211 = CARTESIAN_POINT ( 'NONE',  ( -0.8203022253684478793, 1.980384757729328982, -5.550000000000001599 ) ) ;
#1212 = CARTESIAN_POINT ( 'NONE',  ( 1.035533905932743748, 2.500000000000001776, -2.149999999999999467 ) ) ;
#1213 = CARTESIAN_POINT ( 'NONE',  ( 0.000000000000000000, -2.602085213965210642E-15, 8.500000000000000000 ) ) ;
#1214 = ORIENTED_EDGE ( 'NONE', *, *, #2657, .T. ) ;
#1215 = CARTESIAN_POINT ( 'NONE',  ( 2.543301270189230134, 1.053469879313090329, -3.025000000000001688 ) ) ;
#1216 = ORIENTED_EDGE ( 'NONE', *, *, #2216, .F. ) ;
#1217 = CARTESIAN_POINT ( 'NONE',  ( 1.798385574751165228, 1.798385574751155236, -8.525000000000003908 ) ) ;
#1218 = CARTESIAN_POINT ( 'NONE',  ( -2.500000000000010658, -8.959823386657123714E-15, -5.800000000000004263 ) ) ;
#1219 = CARTESIAN_POINT ( 'NONE',  ( 1.035533905932743748, 2.500000000000001776, -3.750000000000000444 ) ) ;
#1220 = CARTESIAN_POINT ( 'NONE',  ( -9.034918005484530651E-16, 2.309401076758500704, 6.000000000000000000 ) ) ;
#1221 = CARTESIAN_POINT ( 'NONE',  ( 0.8203022253684477683, -1.980384757729347633, -3.650000000000001688 ) ) ;
#1222 = CARTESIAN_POINT ( 'NONE',  ( 1.035533905932743970, 2.500000000000000444, -0.4500000000000026756 ) ) ;
#1223 = CARTESIAN_POINT ( 'NONE',  ( -1.400343491548893038, -1.400343491548901920, -5.300000000000002487 ) ) ;
#1224 = CARTESIAN_POINT ( 'NONE',  ( -2.188301855267423601, -0.1508776385533130704, -8.011698144732614324 ) ) ;
#1225 = CARTESIAN_POINT ( 'NONE',  ( -1.980384757729338085, 0.8203022253684389975, -3.950000000000001066 ) ) ;
#1226 = CARTESIAN_POINT ( 'NONE',  ( 0.8203022253684493226, 1.980384757729328538, 3.149999999999998135 ) ) ;
#1227 = CARTESIAN_POINT ( 'NONE',  ( -1.053469879313098989, 2.543301270189221253, 2.824999999999997513 ) ) ;
#1228 = CARTESIAN_POINT ( 'NONE',  ( -0.8203022253684481013, -1.980384757729347189, -2.950000000000001066 ) ) ;
#1229 = DIRECTION ( 'NONE',  ( -0.000000000000000000, -0.000000000000000000, -1.000000000000000000 ) ) ;
#1230 = ORIENTED_EDGE ( 'NONE', *, *, #3411, .T. ) ;
#1231 = CARTESIAN_POINT ( 'NONE',  ( 0.000000000000000000, 1.980384757729328982, -6.400000000000002132 ) ) ;
#1232 = CARTESIAN_POINT ( 'NONE',  ( -2.500000000000010658, -1.035533905932751075, -3.350000000000003642 ) ) ;
#1233 = CARTESIAN_POINT ( 'NONE',  ( -1.216803705523612944, -1.583883277574181792, 1.915821269686023287 ) ) ;
#1234 = ORIENTED_EDGE ( 'NONE', *, *, #1852, .T. ) ;
#1235 = CARTESIAN_POINT ( 'NONE',  ( 1.798385574751164340, -1.798385574751173888, -0.7750000000000013545 ) ) ;
#1236 = ORIENTED_EDGE ( 'NONE', *, *, #3724, .T. ) ;
#1237 = CARTESIAN_POINT ( 'NONE',  ( 1.798385574751164562, -1.798385574751174332, -8.725000000000001421 ) ) ;
#1238 = EDGE_CURVE ( 'NONE', #709, #2692, #3073, .T. ) ;
#1239 = CARTESIAN_POINT ( 'NONE',  ( 2.500000000000010658, -9.572146786230802611E-15, -5.400000000000004796 ) ) ;
#1240 = CARTESIAN_POINT ( 'NONE',  ( 2.500000000000009770, 1.035533905932733534, -3.849999999999999645 ) ) ;
#1241 = CARTESIAN_POINT ( 'NONE',  ( 0.8203022253684477683, -1.980384757729347633, -5.250000000000001776 ) ) ;
#1242 = EDGE_CURVE ( 'NONE', #285, #878, #23, .T. ) ;
#1243 = CARTESIAN_POINT ( 'NONE',  ( 1.999999999999997113, -1.154700538379248576, 6.000000000000000000 ) ) ;
#1244 = CARTESIAN_POINT ( 'NONE',  ( 1.980384757729338085, -9.476695014745558097E-15, -3.400000000000002132 ) ) ;
#1245 = CARTESIAN_POINT ( 'NONE',  ( 2.103512565156755887, -9.161055651074632880E-12, 2.271087872762421522 ) ) ;
#1246 = CARTESIAN_POINT ( 'NONE',  ( 1.980384757729337641, -0.8203022253684580933, -2.750000000000001332 ) ) ;
#1247 = AXIS2_PLACEMENT_3D ( 'NONE', #3262, #2634, #4322 ) ;
#1248 = CARTESIAN_POINT ( 'NONE',  ( 1.798385574751164562, -1.798385574751174332, 0.07499999999999867883 ) ) ;
#1249 = CARTESIAN_POINT ( 'NONE',  ( -1.400343491548893038, -1.400343491548901920, -1.400000000000001021 ) ) ;
#1250 = CARTESIAN_POINT ( 'NONE',  ( 2.500000000000009770, -1.035533905932752630, 0.8500000000000006439 ) ) ;
#1251 = CARTESIAN_POINT ( 'NONE',  ( -2.500000000000010658, -1.035533905932751075, -4.950000000000001954 ) ) ;
#1252 = ORIENTED_EDGE ( 'NONE', *, *, #544, .T. ) ;
#1253 = CARTESIAN_POINT ( 'NONE',  ( -2.425271854633440422E-16, -1.980384757729347189, -6.000000000000001776 ) ) ;
#1254 = CARTESIAN_POINT ( 'NONE',  ( -1.400343491548893038, -1.400343491548901920, -7.800000000000001599 ) ) ;
#1255 = CARTESIAN_POINT ( 'NONE',  ( 0.000000000000000000, -9.107298248878237246E-15, 3.500000000000001332 ) ) ;
#1256 = VECTOR ( 'NONE', #2974, 1000.000000000000000 ) ;
#1257 = ORIENTED_EDGE ( 'NONE', *, *, #398, .F. ) ;
#1258 = CARTESIAN_POINT ( 'NONE',  ( -1.053469879313098545, 2.543301270189220809, -2.825000000000001066 ) ) ;
#1259 = CARTESIAN_POINT ( 'NONE',  ( 0.000000000000000000, 2.543301270189221697, -4.425000000000001599 ) ) ;
#1260 = CARTESIAN_POINT ( 'NONE',  ( 1.400343491548892816, -1.400343491548902364, -8.300000000000002487 ) ) ;
#1261 = CARTESIAN_POINT ( 'NONE',  ( 1.732483056951256151, -1.042295217322286582, 2.013557386219463119 ) ) ;
#1262 = CARTESIAN_POINT ( 'NONE',  ( 0.000000000000000000, 2.500000000000001332, 0.3999999999999973577 ) ) ;
#1263 = CARTESIAN_POINT ( 'NONE',  ( -0.8203022253684481013, -1.980384757729346967, -3.750000000000002220 ) ) ;
#1264 = DIRECTION ( 'NONE',  ( -1.000000000000000000, 0.000000000000000000, 0.000000000000000000 ) ) ;
#1265 = SECURITY_CLASSIFICATION_LEVEL ( 'unclassified' ) ;
#1266 = CARTESIAN_POINT ( 'NONE',  ( 0.8203022253684492116, 1.980384757729328538, -2.450000000000001510 ) ) ;
#1267 = CARTESIAN_POINT ( 'NONE',  ( -2.500000000000010658, -8.959823386657123714E-15, -1.900000000000000133 ) ) ;
#1268 = CARTESIAN_POINT ( 'NONE',  ( -1.980384757729338085, -0.8203022253684568721, -3.050000000000001599 ) ) ;
#1269 = CARTESIAN_POINT ( 'NONE',  ( 2.500000000000007550, 1.035533905932736642, 1.049999999999997380 ) ) ;
#1270 = CARTESIAN_POINT ( 'NONE',  ( -1.798385574751164784, 1.798385574751155680, 2.074999999999998845 ) ) ;
#1271 = CARTESIAN_POINT ( 'NONE',  ( 1.980384757729338085, -9.476695014745558097E-15, -3.500000000000001332 ) ) ;
#1272 = CARTESIAN_POINT ( 'NONE',  ( 1.767766952966375982, -1.767766952966385752, -7.100000000000003197 ) ) ;
#1273 = ORIENTED_EDGE ( 'NONE', *, *, #2795, .F. ) ;
#1274 = CARTESIAN_POINT ( 'NONE',  ( -1.999999999999997335, -1.154700538379250796, 8.337322042762473018 ) ) ;
#1275 = ORIENTED_EDGE ( 'NONE', *, *, #1437, .F. ) ;
#1276 = CARTESIAN_POINT ( 'NONE',  ( 0.000000000000000000, 1.980384757729328982, 0.7999999999999986011 ) ) ;
#1277 = CARTESIAN_POINT ( 'NONE',  ( 0.8203022253684477683, -1.980384757729347633, -5.950000000000002842 ) ) ;
#1278 = CARTESIAN_POINT ( 'NONE',  ( -2.500000000000010658, -8.959823386657123714E-15, -3.400000000000003464 ) ) ;
#1279 = CARTESIAN_POINT ( 'NONE',  ( 2.035588867987062400, 0.2749016221323683506, 2.084469048542817227 ) ) ;
#1280 = ORIENTED_EDGE ( 'NONE', *, *, #1678, .F. ) ;
#1281 = CARTESIAN_POINT ( 'NONE',  ( -1.053469879313098989, -2.543301270189239460, -1.725000000000002087 ) ) ;
#1282 = CARTESIAN_POINT ( 'NONE',  ( -1.798385574751164784, 1.798385574751155680, -5.125000000000001776 ) ) ;
#1283 = CARTESIAN_POINT ( 'NONE',  ( 1.980384757729337641, -0.8203022253684580933, -6.650000000000002132 ) ) ;
#1284 = FACE_OUTER_BOUND ( 'NONE', #989, .T. ) ;
#1285 = DIRECTION ( 'NONE',  ( -0.000000000000000000, -0.000000000000000000, -1.000000000000000000 ) ) ;
#1286 = CARTESIAN_POINT ( 'NONE',  ( -1.980384757729338085, -0.8203022253684568721, -3.050000000000001599 ) ) ;
#1287 = CARTESIAN_POINT ( 'NONE',  ( 2.441646691430532812, 0.1606035833257165868, -7.758353308567589757 ) ) ;
#1288 = CARTESIAN_POINT ( 'NONE',  ( 1.980384757729337641, 0.8203022253684392195, -4.150000000000002132 ) ) ;
#1289 = CARTESIAN_POINT ( 'NONE',  ( -2.500000000000003997, -2.602085213965210642E-15, -8.500000000000000000 ) ) ;
#1290 = CARTESIAN_POINT ( 'NONE',  ( -1.400343491548893038, -1.400343491548901920, -2.200000000000001510 ) ) ;
#1291 = CARTESIAN_POINT ( 'NONE',  ( 1.999999999999997335, 0.3929303570185991856, 8.175897072280781330 ) ) ;
#1292 = CARTESIAN_POINT ( 'NONE',  ( 0.000000000000000000, 2.543301270189221697, 2.774999999999998135 ) ) ;
#1293 = ADVANCED_FACE ( 'NONE', ( #3430 ), #288, .T. ) ;
#1294 = CARTESIAN_POINT ( 'NONE',  ( 1.400343491548892816, -1.400343491548902364, -2.800000000000001155 ) ) ;
#1295 = FACE_OUTER_BOUND ( 'NONE', #506, .T. ) ;
#1296 = CARTESIAN_POINT ( 'NONE',  ( 2.500000000000010658, -9.572146786230802611E-15, -1.400000000000003020 ) ) ;
#1297 = EDGE_LOOP ( 'NONE', ( #3778, #2373, #199, #2089, #4399 ) ) ;
#1298 = CARTESIAN_POINT ( 'NONE',  ( 1.400343491548893260, 1.400343491548883490, 2.299999999999998046 ) ) ;
#1299 = CARTESIAN_POINT ( 'NONE',  ( 0.8203022253684477683, -1.980384757729347633, -3.550000000000002043 ) ) ;
#1300 = CARTESIAN_POINT ( 'NONE',  ( 2.271287952849731617, -9.530133064760446952E-15, 2.732046961989118561 ) ) ;
#1301 = CARTESIAN_POINT ( 'NONE',  ( -2.088617081300959910, -0.5737821568528166383, 2.429384704686334384 ) ) ;
#1302 = ORIENTED_EDGE ( 'NONE', *, *, #2285, .F. ) ;
#1303 = CARTESIAN_POINT ( 'NONE',  ( -1.798385574751164562, 1.798385574751155458, -1.975000000000000977 ) ) ;
#1304 = ORIENTED_EDGE ( 'NONE', *, *, #2757, .F. ) ;
#1305 = CARTESIAN_POINT ( 'NONE',  ( -1.053469879313098989, 2.543301270189221253, -3.575000000000001954 ) ) ;
#1306 = CARTESIAN_POINT ( 'NONE',  ( -0.8203022253684478793, 1.980384757729328982, -5.550000000000001599 ) ) ;
#1307 = CARTESIAN_POINT ( 'NONE',  ( -2.500000000000010658, -8.959823386657123714E-15, -0.2999999999999994893 ) ) ;
#1308 = CARTESIAN_POINT ( 'NONE',  ( -1.767766952966376426, 1.767766952966367100, -6.700000000000002842 ) ) ;
#1309 = CC_DESIGN_PERSON_AND_ORGANIZATION_ASSIGNMENT ( #498, #3873, ( #1410 ) ) ;
#1310 = CARTESIAN_POINT ( 'NONE',  ( 1.400343491548892816, -1.400343491548902364, -2.000000000000000888 ) ) ;
#1311 = CARTESIAN_POINT ( 'NONE',  ( -1.400343491548893038, -1.400343491548901920, -2.100000000000001865 ) ) ;
#1312 = CARTESIAN_POINT ( 'NONE',  ( 2.500000000000010658, -9.572146786230802611E-15, -7.099999999999999645 ) ) ;
#1313 = CARTESIAN_POINT ( 'NONE',  ( 0.8203022253684477683, -1.980384757729347633, -2.050000000000001599 ) ) ;
#1314 = CARTESIAN_POINT ( 'NONE',  ( 1.767766952966376870, 1.767766952966366656, 2.699999999999997069 ) ) ;
#1315 = CARTESIAN_POINT ( 'NONE',  ( -1.999999999999997335, -1.154700538379250796, 6.000000000000000000 ) ) ;
#1316 = CARTESIAN_POINT ( 'NONE',  ( -1.400343491548893038, 1.400343491548883934, -3.200000000000001510 ) ) ;
#1317 = CARTESIAN_POINT ( 'NONE',  ( 1.955718431022360981, -0.3115914106745070744, -8.219615242271586908 ) ) ;
#1318 = CARTESIAN_POINT ( 'NONE',  ( 0.000000000000000000, 2.500000000000001332, 1.900000000000001021 ) ) ;
#1319 = EDGE_LOOP ( 'NONE', ( #3427, #533, #2966, #4351 ) ) ;
#1320 = CARTESIAN_POINT ( 'NONE',  ( 1.980384757729337641, 0.8203022253684393306, 2.249999999999998224 ) ) ;
#1321 = FACE_OUTER_BOUND ( 'NONE', #1645, .T. ) ;
#1322 = VECTOR ( 'NONE', #198, 1000.000000000000000 ) ;
#1323 = CARTESIAN_POINT ( 'NONE',  ( -2.153421325638395611, -0.1445818573354820946, 2.408211065218721192 ) ) ;
#1324 = ORIENTED_EDGE ( 'NONE', *, *, #4050, .F. ) ;
#1325 = CARTESIAN_POINT ( 'NONE',  ( 1.798385574751164784, 1.798385574751154792, 2.624999999999998668 ) ) ;
#1326 = ADVANCED_FACE ( 'NONE', ( #3776 ), #4354, .T. ) ;
#1327 = ORIENTED_EDGE ( 'NONE', *, *, #1238, .T. ) ;
#1328 = CARTESIAN_POINT ( 'NONE',  ( 2.543301270189230578, 1.053469879313090551, -5.375000000000001776 ) ) ;
#1329 = CARTESIAN_POINT ( 'NONE',  ( 0.000000000000000000, 1.980384757729328982, -8.000000000000001776 ) ) ;
#1330 = DIRECTION ( 'NONE',  ( -0.000000000000000000, -0.000000000000000000, 1.000000000000000000 ) ) ;
#1331 = CARTESIAN_POINT ( 'NONE',  ( -2.500000000000004885, 1.035533905932738641, 0.5499999999999962697 ) ) ;
#1332 = APPROVAL_PERSON_ORGANIZATION ( #1452, #3139, #4166 ) ;
#1333 = CARTESIAN_POINT ( 'NONE',  ( -2.425271854633440422E-16, -1.980384757729347189, -0.5000000000000004441 ) ) ;
#1334 = CARTESIAN_POINT ( 'NONE',  ( 0.8203022253684492116, 1.980384757729328538, -3.250000000000001776 ) ) ;
#1335 = EDGE_CURVE ( 'NONE', #3625, #1421, #4397, .T. ) ;
#1336 = CARTESIAN_POINT ( 'NONE',  ( 2.500000000000010658, -9.572146786230802611E-15, 1.799999999999997602 ) ) ;
#1337 = CARTESIAN_POINT ( 'NONE',  ( 1.400343491548892816, -1.400343491548902364, 0.3999999999999993006 ) ) ;
#1338 = B_SPLINE_CURVE_WITH_KNOTS ( 'NONE', 3,
 ( #118, #864, #2242, #3233, #472, #813, #1540, #1879, #3936, #2220, #4271, #3890, #3278, #840, #3654, #1514, #910, #547, #225, #1926, #3607, #1946, #3302, #4294, #2876, #570, #204, #3585, #3915, #1173, #1197, #1583 ),
 .UNSPECIFIED., .F., .F.,
 ( 4, 2, 2, 2, 2, 2, 2, 2, 2, 2, 2, 2, 2, 2, 2, 4 ),
 ( 0.008668110881297768841, 0.009099913457589845628, 0.009531716033881920680, 0.009963518610173995732, 0.01039532118646607252, 0.01082712376275814931, 0.01125892633905022436, 0.01169072891534230114, 0.01212253149163437793, 0.01255433406792645298, 0.01298613664421852977, 0.01384974179680268161, 0.01428154437309475666, 0.01471334694938683345, 0.01514514952567891024, 0.01557695210197098529 ),
 .UNSPECIFIED. ) ;
#1339 = CARTESIAN_POINT ( 'NONE',  ( -1.337992088013971070, 1.536910984570044825, 8.175613142459678073 ) ) ;
#1340 = CARTESIAN_POINT ( 'NONE',  ( 2.500000000000003997, -2.295923514178371982E-15, -8.500000000000000000 ) ) ;
#1341 = CARTESIAN_POINT ( 'NONE',  ( 1.980384757729338085, -9.476695014745558097E-15, 1.299999999999999156 ) ) ;
#1342 = ADVANCED_FACE ( 'NONE', ( #1321 ), #654, .T. ) ;
#1343 = CARTESIAN_POINT ( 'NONE',  ( -1.767766952966376204, -1.767766952966385086, -0.2000000000000000944 ) ) ;
#1344 = VERTEX_POINT ( 'NONE', #4112 ) ;
#1345 = CARTESIAN_POINT ( 'NONE',  ( 2.472154559199747137, -9.567031661738767835E-15, 3.283923427258263583 ) ) ;
#1346 = ORIENTED_EDGE ( 'NONE', *, *, #2422, .F. ) ;
#1347 = CARTESIAN_POINT ( 'NONE',  ( 0.8203022253684477683, -1.980384757729347633, 1.249999999999997335 ) ) ;
#1348 = DIRECTION ( 'NONE',  ( -0.000000000000000000, -0.000000000000000000, -1.000000000000000000 ) ) ;
#1349 = CARTESIAN_POINT ( 'NONE',  ( -1.709446741792457480, 1.271840561953639259, 2.333749326946144897 ) ) ;
#1350 = ORIENTED_EDGE ( 'NONE', *, *, #1550, .T. ) ;
#1351 = CARTESIAN_POINT ( 'NONE',  ( 2.543301270189230134, 1.053469879313090329, 1.774999999999998801 ) ) ;
#1352 = VERTEX_POINT ( 'NONE', #2054 ) ;
#1353 = CARTESIAN_POINT ( 'NONE',  ( 1.798385574751164562, -1.798385574751174332, -6.325000000000002842 ) ) ;
#1354 =( BOUNDED_CURVE ( )  B_SPLINE_CURVE ( 2, ( #218, #3295, #3246, #2982, #1577, #2549, #4330, #3599, #2960, #1893, #1254, #1165, #3999, #1623, #3008, #3906, #150, #1531, #173, #2912, #3268, #1555, #875, #1480, #4280, #20, #1525, #800, #2930, #1136, #1739, #42, #1060, #3120, #2228, #459, #716, #4255, #126, #479, #1183, #2182, #3144, #2544, #3220, #1159, #2568, #3923, #3551, #2907, #1403, #3878, #143, #3263, #2782, #2097, #4136, #1501, #2522, #2863, #1758, #1840, #4212, #2438, #503, #1207, #3799, #3471, #375, #2884, #4234, #849, #3899, #825, #3593, #2206, #3572, #1551, #1863, #2590, #1887, #3241, #167, #3944, #3452, #357, #2954, #578, #3966, #3002, #2296, #3333, #2708, #2273, #1662, #898, #1271, #1912, #1934, #4302, #257, #233, #1316, #1592, #2316, #4348, #3357, #1228, #3311, #3663, #1294, #4324, #3643, #602, #3683, #1956, #2614, #1980, #1616, #3615, #4369, #4016, #1642, #556, #2661, #4392, #529, #3024, #941, #1571, #213, #2978, #3290, #2637, #2684, #4040, #963, #4066, #1249, #3047, #3708, #2341, #2250, #626, #2005, #191, #3994, #919, #3380, #281, #1770, #3770, #2028, #304, #1685, #3154, #2086, #2367, #690, #3730, #4087, #3461, #3401, #2387, #706, #4107, #1707, #1029, #7, #2731, #52, #2406, #1069, #2749, #3068, #366, #4125, #1049, #2069, #346, #4415, #2428, #3789, #648, #3441, #2446, #3131, #1729, #1747, #3089, #1009, #670, #1341, #30, #1433, #1364, #387, #2814, #1414, #2790, #4145, #2047, #3110, #3423, #3808, #987, #1388 ),
 .UNSPECIFIED., .F., .F. ) 
 B_SPLINE_CURVE_WITH_KNOTS ( ( 3, 2, 2, 2, 2, 2, 2, 2, 2, 2, 2, 2, 2, 2, 2, 2, 2, 2, 2, 2, 2, 2, 2, 2, 2, 2, 2, 2, 2, 2, 2, 2, 2, 2, 2, 2, 2, 2, 2, 2, 2, 2, 2, 2, 2, 2, 2, 2, 2, 2, 2, 2, 2, 2, 2, 2, 2, 2, 2, 2, 2, 2, 2, 2, 2, 2, 2, 2, 2, 2, 2, 2, 2, 2, 2, 2, 2, 2, 2, 2, 2, 2, 2, 2, 2, 2, 2, 2, 2, 2, 2, 2, 2, 2, 2, 2, 2, 2, 2, 2, 2, 2, 2, 3 ),
 ( 0.05309644904840510327, 0.05468750000000000000, 0.06250000000000000000, 0.07031250000000000000, 0.07812500000000000000, 0.08593750000000000000, 0.09375000000000000000, 0.1015625000000000000, 0.1093750000000000000, 0.1171875000000000000, 0.1250000000000000000, 0.1328125000000000000, 0.1406250000000000000, 0.1484375000000000000, 0.1562500000000000000, 0.1640625000000000000, 0.1718750000000000000, 0.1796875000000000000, 0.1875000000000000000, 0.1953125000000000000, 0.2031250000000000000, 0.2109374999999999722, 0.2187500000000000000, 0.2265624999999999722, 0.2343750000000000000, 0.2421874999999999722, 0.2500000000000000000, 0.2578125000000000000, 0.2656250000000000000, 0.2734375000000000000, 0.2812500000000000000, 0.2890625000000000000, 0.2968750000000000000, 0.3046875000000000000, 0.3125000000000000000, 0.3203125000000000000, 0.3281250000000000000, 0.3359375000000000000, 0.3437500000000000000, 0.3515625000000000000, 0.3593750000000000000, 0.3671875000000000000, 0.3750000000000000000, 0.3828125000000000000, 0.3906249999999999445, 0.3984375000000000000, 0.4062500000000000000, 0.4140625000000000000, 0.4218749999999999445, 0.4296875000000000000, 0.4375000000000000000, 0.4453125000000000000, 0.4531249999999999445, 0.4609375000000000000, 0.4687500000000000000, 0.4765625000000000000, 0.4843749999999999445, 0.4921875000000000000, 0.5000000000000000000, 0.5078125000000000000, 0.5156250000000000000, 0.5234375000000000000, 0.5312500000000000000, 0.5390625000000000000, 0.5468750000000000000, 0.5546875000000000000, 0.5625000000000000000, 0.5703125000000000000, 0.5781250000000000000, 0.5859375000000000000, 0.5937500000000000000, 0.6015625000000000000, 0.6093750000000000000, 0.6171875000000000000, 0.6250000000000000000, 0.6328125000000000000, 0.6406250000000000000, 0.6484375000000000000, 0.6562500000000000000, 0.6640625000000000000, 0.6718750000000000000, 0.6796875000000000000, 0.6875000000000000000, 0.6953125000000000000, 0.7031250000000000000, 0.7109374999999997780, 0.7187500000000000000, 0.7265625000000000000, 0.7343750000000000000, 0.7421875000000000000, 0.7500000000000000000, 0.7578125000000000000, 0.7656250000000000000, 0.7734374999999997780, 0.7812500000000000000, 0.7890625000000000000, 0.7968750000000000000, 0.8046875000000000000, 0.8125000000000000000, 0.8203125000000000000, 0.8281250000000000000, 0.8359374999999997780, 0.8437500000000000000, 0.8463577659292937927 ),
 .UNSPECIFIED. ) 
 CURVE ( )  GEOMETRIC_REPRESENTATION_ITEM ( )  RATIONAL_B_SPLINE_CURVE ( ( 0.9753096629721125232, 0.9844977225940779730, 1.000000000000000000, 0.9238795325112867385, 1.000000000000000000, 0.9238795325112867385, 1.000000000000000000, 0.9238795325112867385, 1.000000000000000000, 0.9238795325112867385, 1.000000000000000000, 0.9238795325112867385, 1.000000000000000000, 0.9238795325112867385, 1.000000000000000000, 0.9238795325112867385, 1.000000000000000000, 0.9238795325112867385, 1.000000000000000000, 0.9238795325112867385, 1.000000000000000000, 0.9238795325112867385, 1.000000000000000000, 0.9238795325112867385, 1.000000000000000000, 0.9238795325112867385, 1.000000000000000000, 0.9238795325112867385, 1.000000000000000000, 0.9238795325112867385, 1.000000000000000000, 0.9238795325112867385, 1.000000000000000000, 0.9238795325112867385, 1.000000000000000000, 0.9238795325112867385, 1.000000000000000000, 0.9238795325112867385, 1.000000000000000000, 0.9238795325112867385, 1.000000000000000000, 0.9238795325112867385, 1.000000000000000000, 0.9238795325112867385, 1.000000000000000000, 0.9238795325112867385, 1.000000000000000000, 0.9238795325112867385, 1.000000000000000000, 0.9238795325112867385, 1.000000000000000000, 0.9238795325112867385, 1.000000000000000000, 0.9238795325112867385, 1.000000000000000000, 0.9238795325112867385, 1.000000000000000000, 0.9238795325112867385, 1.000000000000000000, 0.9238795325112867385, 1.000000000000000000, 0.9238795325112867385, 1.000000000000000000, 0.9238795325112867385, 1.000000000000000000, 0.9238795325112867385, 1.000000000000000000, 0.9238795325112867385, 1.000000000000000000, 0.9238795325112867385, 1.000000000000000000, 0.9238795325112867385, 1.000000000000000000, 0.9238795325112867385, 1.000000000000000000, 0.9238795325112867385, 1.000000000000000000, 0.9238795325112867385, 1.000000000000000000, 0.9238795325112867385, 1.000000000000000000, 0.9238795325112867385, 1.000000000000000000, 0.9238795325112867385, 1.000000000000000000, 0.9238795325112867385, 1.000000000000000000, 0.9238795325112867385, 1.000000000000000000, 0.9238795325112867385, 1.000000000000000000, 0.9238795325112867385, 1.000000000000000000, 0.9238795325112867385, 1.000000000000000000, 0.9238795325112867385, 1.000000000000000000, 0.9238795325112867385, 1.000000000000000000, 0.9238795325112867385, 1.000000000000000000, 0.9238795325112867385, 1.000000000000000000, 0.9238795325112867385, 1.000000000000000000, 0.9238795325112867385, 1.000000000000000000, 0.9238795325112867385, 1.000000000000000000, 0.9238795325112867385, 1.000000000000000000, 0.9238795325112867385, 1.000000000000000000, 0.9238795325112867385, 1.000000000000000000, 0.9238795325112867385, 1.000000000000000000, 0.9238795325112867385, 1.000000000000000000, 0.9238795325112867385, 1.000000000000000000, 0.9238795325112867385, 1.000000000000000000, 0.9238795325112867385, 1.000000000000000000, 0.9238795325112867385, 1.000000000000000000, 0.9238795325112867385, 1.000000000000000000, 0.9238795325112867385, 1.000000000000000000, 0.9238795325112867385, 1.000000000000000000, 0.9238795325112867385, 1.000000000000000000, 0.9238795325112867385, 1.000000000000000000, 0.9238795325112867385, 1.000000000000000000, 0.9238795325112867385, 1.000000000000000000, 0.9238795325112867385, 1.000000000000000000, 0.9238795325112867385, 1.000000000000000000, 0.9238795325112867385, 1.000000000000000000, 0.9238795325112867385, 1.000000000000000000, 0.9238795325112867385, 1.000000000000000000, 0.9238795325112867385, 1.000000000000000000, 0.9238795325112867385, 1.000000000000000000, 0.9238795325112867385, 1.000000000000000000, 0.9238795325112867385, 1.000000000000000000, 0.9238795325112867385, 1.000000000000000000, 0.9238795325112867385, 1.000000000000000000, 0.9238795325112867385, 1.000000000000000000, 0.9238795325112867385, 1.000000000000000000, 0.9238795325112867385, 1.000000000000000000, 0.9238795325112867385, 1.000000000000000000, 0.9238795325112867385, 1.000000000000000000, 0.9238795325112867385, 1.000000000000000000, 0.9238795325112867385, 1.000000000000000000, 0.9238795325112867385, 1.000000000000000000, 0.9238795325112867385, 1.000000000000000000, 0.9238795325112867385, 1.000000000000000000, 0.9238795325112867385, 1.000000000000000000, 0.9238795325112867385, 1.000000000000000000, 0.9238795325112867385, 1.000000000000000000, 0.9238795325112867385, 1.000000000000000000, 0.9238795325112867385, 1.000000000000000000, 0.9238795325112867385, 1.000000000000000000, 0.9238795325112867385, 1.000000000000000000, 0.9238795325112867385, 1.000000000000000000, 0.9238795325112867385, 1.000000000000000000, 0.9238795325112867385, 1.000000000000000000, 0.9238795325112867385, 1.000000000000000000, 0.9745914417102081728, 0.9661453340112899912 ) ) 
 REPRESENTATION_ITEM ( '' )  );
#1355 = EDGE_CURVE ( 'NONE', #4223, #1378, #970, .T. ) ;
#1356 = CARTESIAN_POINT ( 'NONE',  ( -0.8203022253684481013, -1.980384757729346967, -6.050000000000001599 ) ) ;
#1357 = CARTESIAN_POINT ( 'NONE',  ( 1.053469879313098323, -2.543301270189239904, -7.225000000000001421 ) ) ;
#1358 = ORIENTED_EDGE ( 'NONE', *, *, #2462, .T. ) ;
#1359 = CARTESIAN_POINT ( 'NONE',  ( 1.400343491548893260, 1.400343491548883490, -1.000000000000000888 ) ) ;
#1360 = CARTESIAN_POINT ( 'NONE',  ( 0.000000000000000000, 2.500000000000001332, 1.999999999999996225 ) ) ;
#1361 = CARTESIAN_POINT ( 'NONE',  ( -0.8203022253684481013, -1.980384757729346967, -1.350000000000001865 ) ) ;
#1362 = CARTESIAN_POINT ( 'NONE',  ( 1.767766952966376870, 1.767766952966366656, -4.500000000000003553 ) ) ;
#1363 = DIRECTION ( 'NONE',  ( -1.224646799147353207E-16, 1.000000000000000000, 0.000000000000000000 ) ) ;
#1364 = CARTESIAN_POINT ( 'NONE',  ( 0.8203022253684492116, 1.980384757729328538, 1.449999999999998179 ) ) ;
#1365 = CARTESIAN_POINT ( 'NONE',  ( 4.250000000000000888, -2.081610324327585473E-15, 3.750000000000000000 ) ) ;
#1366 = ORIENTED_EDGE ( 'NONE', *, *, #2601, .T. ) ;
#1367 = FACE_BOUND ( 'NONE', #692, .T. ) ;
#1368 = ORIENTED_EDGE ( 'NONE', *, *, #526, .F. ) ;
#1369 = CARTESIAN_POINT ( 'NONE',  ( -1.980384757729338085, -8.991640643818871886E-15, 2.599999999999998312 ) ) ;
#1370 = DIRECTION ( 'NONE',  ( -1.000000000000000000, 0.000000000000000000, 0.000000000000000000 ) ) ;
#1371 = CARTESIAN_POINT ( 'NONE',  ( -1.767766952966376204, -1.767766952966385086, -2.600000000000000533 ) ) ;
#1372 = ORIENTED_EDGE ( 'NONE', *, *, #492, .F. ) ;
#1373 = CARTESIAN_POINT ( 'NONE',  ( 0.000000000000000000, 2.543301270189221253, -0.4750000000000014766 ) ) ;
#1374 = ADVANCED_FACE ( 'NONE', ( #2714 ), #3446, .T. ) ;
#1375 = CARTESIAN_POINT ( 'NONE',  ( 2.543301270189230578, 1.053469879313090551, -0.5750000000000025091 ) ) ;
#1376 = CARTESIAN_POINT ( 'NONE',  ( -1.980384757729338085, -0.8203022253684568721, -3.750000000000002220 ) ) ;
#1377 = CYLINDRICAL_SURFACE ( 'NONE', #4130, 2.500000000000003997 ) ;
#1378 = VERTEX_POINT ( 'NONE', #3714 ) ;
#1379 = AXIS2_PLACEMENT_3D ( 'NONE', #4360, #1925, #203 ) ;
#1380 = EDGE_CURVE ( 'NONE', #4270, #1352, #352, .T. ) ;
#1381 =( BOUNDED_CURVE ( )  B_SPLINE_CURVE ( 2, ( #3668, #3928, #240, #1597, #1940, #486, #2574, #2279, #4286 ),
 .UNSPECIFIED., .F., .F. ) 
 B_SPLINE_CURVE_WITH_KNOTS ( ( 3, 2, 2, 2, 3 ),
 ( 0.3906250000000000000, 0.3984375000000000000, 0.4062500000000000000, 0.4140625000000000000, 0.4218750000000000000 ),
 .UNSPECIFIED. ) 
 CURVE ( )  GEOMETRIC_REPRESENTATION_ITEM ( )  RATIONAL_B_SPLINE_CURVE ( ( 1.000000000000000000, 0.9238795325112867385, 1.000000000000000000, 0.9238795325112867385, 1.000000000000000000, 0.9238795325112867385, 1.000000000000000000, 0.9238795325112867385, 1.000000000000000000 ) ) 
 REPRESENTATION_ITEM ( '' )  );
#1382 = CARTESIAN_POINT ( 'NONE',  ( -1.400343491548893038, -1.400343491548901920, -2.200000000000001510 ) ) ;
#1383 = CARTESIAN_POINT ( 'NONE',  ( -1.767766952966376426, -1.767766952966385308, -4.100000000000003197 ) ) ;
#1384 = CARTESIAN_POINT ( 'NONE',  ( -1.980384757729338085, 0.8203022253684389975, 0.04999999999999796274 ) ) ;
#1385 = EDGE_CURVE ( 'NONE', #812, #3319, #2349, .T. ) ;
#1386 = CARTESIAN_POINT ( 'NONE',  ( -2.500000000000010658, -8.959823386657123714E-15, -7.500000000000000888 ) ) ;
#1387 = CARTESIAN_POINT ( 'NONE',  ( 1.798385574751164562, -1.798385574751174332, 3.274999999999998579 ) ) ;
#1388 = CARTESIAN_POINT ( 'NONE',  ( 0.5103615414218135582, -1.913492849655904493, 1.932797002148637810 ) ) ;
#1389 = DIRECTION ( 'NONE',  ( 1.000000000000000000, 0.000000000000000000, 0.000000000000000000 ) ) ;
#1390 = ORIENTED_EDGE ( 'NONE', *, *, #815, .T. ) ;
#1391 = CARTESIAN_POINT ( 'NONE',  ( 2.500000000000021760, 1.035533905932722210, -6.150000000000003908 ) ) ;
#1392 = ORIENTED_EDGE ( 'NONE', *, *, #2795, .T. ) ;
#1393 = CARTESIAN_POINT ( 'NONE',  ( 1.400343491548893260, 1.400343491548883490, 3.899999999999999023 ) ) ;
#1394 = LINE ( 'NONE', #1073, #2053 ) ;
#1395 = AXIS2_PLACEMENT_3D ( 'NONE', #2772, #2897, #4244 ) ;
#1396 = CARTESIAN_POINT ( 'NONE',  ( -2.500000000000004885, -1.035533905932756404, -2.649999999999999467 ) ) ;
#1397 = CC_DESIGN_PERSON_AND_ORGANIZATION_ASSIGNMENT ( #2901, #76, ( #2491 ) ) ;
#1398 = VERTEX_POINT ( 'NONE', #4072 ) ;
#1399 = VECTOR ( 'NONE', #251, 1000.000000000000000 ) ;
#1400 = CARTESIAN_POINT ( 'NONE',  ( -1.053469879313098545, 2.543301270189220809, -0.4250000000000017097 ) ) ;
#1401 = AXIS2_PLACEMENT_3D ( 'NONE', #1160, #3242, #3312 ) ;
#1402 = CARTESIAN_POINT ( 'NONE',  ( -2.543301270189230578, -8.957171948560311498E-15, -1.025000000000001688 ) ) ;
#1403 = CARTESIAN_POINT ( 'NONE',  ( 1.400343491548893260, 1.400343491548883490, -5.800000000000001599 ) ) ;
#1404 = CARTESIAN_POINT ( 'NONE',  ( 0.000000000000000000, 1.980384757729328982, -4.800000000000002487 ) ) ;
#1405 = CARTESIAN_POINT ( 'NONE',  ( 0.000000000000000000, -2.602085213965210642E-15, -8.500000000000000000 ) ) ;
#1406 = EDGE_LOOP ( 'NONE', ( #1257, #1964, #3811, #2622 ) ) ;
#1407 = AXIS2_PLACEMENT_3D ( 'NONE', #1434, #3854, #2771 ) ;
#1408 = CARTESIAN_POINT ( 'NONE',  ( -0.8203022253684481013, -1.980384757729346967, 0.2499999999999984734 ) ) ;
#1409 = CARTESIAN_POINT ( 'NONE',  ( 1.481135244489699243, 1.346215559974953457, -8.210651698061228743 ) ) ;
#1410 = PRODUCT_DEFINITION_FORMATION_WITH_SPECIFIED_SOURCE ( 'ANY', '', #2491, .NOT_KNOWN. ) ;
#1411 = CARTESIAN_POINT ( 'NONE',  ( 1.980384757729337641, -0.8203022253684580933, 2.849999999999997868 ) ) ;
#1412 = CARTESIAN_POINT ( 'NONE',  ( -1.400343491548893038, 1.400343491548883934, -8.800000000000002487 ) ) ;
#1413 = DIRECTION ( 'NONE',  ( 0.8660254037844397068, 0.000000000000000000, 0.4999999999999979461 ) ) ;
#1414 = CARTESIAN_POINT ( 'NONE',  ( -1.400343491548893038, 1.400343491548883934, 1.599999999999998979 ) ) ;
#1415 = CARTESIAN_POINT ( 'NONE',  ( -1.035533905932742194, 2.500000000000001776, -1.950000000000003286 ) ) ;
#1416 = DIRECTION ( 'NONE',  ( 1.000000000000000000, 0.000000000000000000, 0.000000000000000000 ) ) ;
#1417 = ORIENTED_EDGE ( 'NONE', *, *, #1066, .F. ) ;
#1418 = CARTESIAN_POINT ( 'NONE',  ( -1.980384757729338085, -8.991640643818871886E-15, -6.300000000000001599 ) ) ;
#1419 = CARTESIAN_POINT ( 'NONE',  ( -1.767766952966376204, -1.767766952966385086, -5.000000000000000000 ) ) ;
#1420 = CARTESIAN_POINT ( 'NONE',  ( 1.264196446250533734, -2.060599890093560926, 3.120047524497727487 ) ) ;
#1421 = VERTEX_POINT ( 'NONE', #4376 ) ;
#1422 = CARTESIAN_POINT ( 'NONE',  ( -1.798385574751164562, -1.798385574751173444, 2.224999999999999645 ) ) ;
#1423 = CARTESIAN_POINT ( 'NONE',  ( -1.798385574751164784, 1.798385574751155680, -1.125000000000002665 ) ) ;
#1424 = CARTESIAN_POINT ( 'NONE',  ( -1.980384757729338085, -0.8203022253684569831, 1.049999999999998934 ) ) ;
#1425 = CARTESIAN_POINT ( 'NONE',  ( 1.400343491548893260, 1.400343491548883490, -2.500000000000002220 ) ) ;
#1426 = CARTESIAN_POINT ( 'NONE',  ( 1.980384757729338085, -9.476695014745558097E-15, -3.400000000000002132 ) ) ;
#1427 = CARTESIAN_POINT ( 'NONE',  ( -1.798385574751164562, -1.798385574751173444, -7.375000000000001776 ) ) ;
#1428 = CARTESIAN_POINT ( 'NONE',  ( -2.425271854633440422E-16, -1.980384757729347189, 1.899999999999999023 ) ) ;
#1429 = CARTESIAN_POINT ( 'NONE',  ( -0.2870522736048100598, 2.092344618197885531, -8.133402883393241467 ) ) ;
#1430 = CARTESIAN_POINT ( 'NONE',  ( -0.8203022253684478793, 1.980384757729328982, 2.349999999999999645 ) ) ;
#1431 = CARTESIAN_POINT ( 'NONE',  ( 1.999999999999997113, 1.154700538379250796, 6.000000000000000000 ) ) ;
#1432 = CARTESIAN_POINT ( 'NONE',  ( 1.035533905932743748, 2.500000000000001776, -0.5499999999999996003 ) ) ;
#1433 = CARTESIAN_POINT ( 'NONE',  ( 1.400343491548893260, 1.400343491548883490, 1.399999999999998579 ) ) ;
#1434 = CARTESIAN_POINT ( 'NONE',  ( 0.000000000000000000, -2.602085213965210642E-15, -8.500000000000000000 ) ) ;
#1435 = CARTESIAN_POINT ( 'NONE',  ( -1.980384757729338085, 0.8203022253684389975, -7.950000000000001954 ) ) ;
#1436 = CARTESIAN_POINT ( 'NONE',  ( -0.8203022253684478793, 1.980384757729328982, 0.8499999999999984235 ) ) ;
#1437 = EDGE_CURVE ( 'NONE', #3464, #2282, #1633, .T. ) ;
#1438 = CARTESIAN_POINT ( 'NONE',  ( 2.161978669184473123, 0.7523895094314975163, 2.767121992789843166 ) ) ;
#1439 = CARTESIAN_POINT ( 'NONE',  ( -2.500000000000010658, -8.959823386657123714E-15, -7.500000000000000888 ) ) ;
#1440 = ORIENTED_EDGE ( 'NONE', *, *, #673, .T. ) ;
#1441 = CARTESIAN_POINT ( 'NONE',  ( 0.000000000000000000, 2.543301270189221253, 3.524999999999998579 ) ) ;
#1442 = CARTESIAN_POINT ( 'NONE',  ( -2.543301270189231023, -1.053469879313107871, -2.575000000000001510 ) ) ;
#1443 = CARTESIAN_POINT ( 'NONE',  ( -2.425271854633440422E-16, -1.980384757729347189, 1.199999999999997957 ) ) ;
#1444 = CARTESIAN_POINT ( 'NONE',  ( 0.000000000000000000, 1.980384757729328982, -1.600000000000001643 ) ) ;
#1445 = CARTESIAN_POINT ( 'NONE',  ( -1.980384757729338085, -8.991640643818871886E-15, -4.600000000000001421 ) ) ;
#1446 = CARTESIAN_POINT ( 'NONE',  ( 1.053469879313098323, -2.543301270189239904, -6.425000000000001599 ) ) ;
#1447 = CARTESIAN_POINT ( 'NONE',  ( -1.980384757729338085, -0.8203022253684568721, 0.9499999999999995115 ) ) ;
#1448 = CARTESIAN_POINT ( 'NONE',  ( -1.197982434258318296, 1.734684050336110728, -8.094647800551765471 ) ) ;
#1449 = CARTESIAN_POINT ( 'NONE',  ( -1.980384757729338085, -8.991640643818871886E-15, 3.299999999999998934 ) ) ;
#1450 = CARTESIAN_POINT ( 'NONE',  ( -1.400343491548893038, -1.400343491548901920, -7.000000000000001776 ) ) ;
#1451 = CARTESIAN_POINT ( 'NONE',  ( 2.026794919243102733, -9.485220423107419205E-15, -8.173205080756893892 ) ) ;
#1452 = PERSON_AND_ORGANIZATION ( #3541, #4267 ) ;
#1453 = DIRECTION ( 'NONE',  ( -1.000000000000000000, 0.000000000000000000, 0.000000000000000000 ) ) ;
#1454 =( BOUNDED_CURVE ( )  B_SPLINE_CURVE ( 2, ( #3214, #1152, #120, #1432, #3829, #3235, #3503, #2900, #1810 ),
 .UNSPECIFIED., .F., .F. ) 
 B_SPLINE_CURVE_WITH_KNOTS ( ( 3, 2, 2, 2, 3 ),
 ( 0.6093750000000001110, 0.6171875000000001110, 0.6250000000000000000, 0.6328125000000000000, 0.6406250000000000000 ),
 .UNSPECIFIED. ) 
 CURVE ( )  GEOMETRIC_REPRESENTATION_ITEM ( )  RATIONAL_B_SPLINE_CURVE ( ( 0.9999999999999988898, 0.9238795325112878487, 1.000000000000000000, 0.9238795325112867385, 1.000000000000000000, 0.9238795325112867385, 1.000000000000000000, 0.9238795325112867385, 1.000000000000000000 ) ) 
 REPRESENTATION_ITEM ( '' )  );
#1455 = CARTESIAN_POINT ( 'NONE',  ( 2.427154830883404557, -0.3008109756143043656, -7.772845169120113695 ) ) ;
#1456 = CARTESIAN_POINT ( 'NONE',  ( 1.980384757729337641, -0.8203022253684580933, -5.950000000000002842 ) ) ;
#1457 = CARTESIAN_POINT ( 'NONE',  ( -1.980384757729338085, -8.991640643818871886E-15, 2.599999999999998312 ) ) ;
#1458 = DIRECTION ( 'NONE',  ( -0.000000000000000000, -0.000000000000000000, -1.000000000000000000 ) ) ;
#1459 = CARTESIAN_POINT ( 'NONE',  ( 1.767766952966375982, -1.767766952966385752, -6.300000000000003375 ) ) ;
#1460 = ORIENTED_EDGE ( 'NONE', *, *, #683, .F. ) ;
#1461 = CARTESIAN_POINT ( 'NONE',  ( 0.8203022253684493226, 1.980384757729328538, -8.050000000000002487 ) ) ;
#1462 = CARTESIAN_POINT ( 'NONE',  ( 1.798385574751165228, 1.798385574751155236, -2.125000000000001776 ) ) ;
#1463 = CARTESIAN_POINT ( 'NONE',  ( 1.980384757729337641, -0.8203022253684580933, -1.050000000000002265 ) ) ;
#1464 = CARTESIAN_POINT ( 'NONE',  ( -1.980384757729338085, -0.8203022253684568721, -2.950000000000002398 ) ) ;
#1465 = CARTESIAN_POINT ( 'NONE',  ( -2.425271854633440422E-16, -1.980384757729347189, 0.3999999999999975797 ) ) ;
#1466 = CARTESIAN_POINT ( 'NONE',  ( -1.053469879313098989, -2.543301270189239460, -4.125000000000001776 ) ) ;
#1467 = ADVANCED_FACE ( 'NONE', ( #3180 ), #1468, .T. ) ;
#1468 = TOROIDAL_SURFACE ( 'NONE', #3973, 4.000000000000000888, 0.2500000000000000000 ) ;
#1469 = CARTESIAN_POINT ( 'NONE',  ( 1.400343491548892816, -1.400343491548902364, 2.799999999999998490 ) ) ;
#1470 = DIRECTION ( 'NONE',  ( 0.000000000000000000, 0.000000000000000000, 1.000000000000000000 ) ) ;
#1471 = CARTESIAN_POINT ( 'NONE',  ( -1.980384757729338085, 0.8203022253684389975, 3.249999999999999556 ) ) ;
#1472 = CARTESIAN_POINT ( 'NONE',  ( 2.500000000000010658, -9.572146786230802611E-15, -7.099999999999999645 ) ) ;
#1473 = CARTESIAN_POINT ( 'NONE',  ( -2.500000000000010658, -8.959823386657123714E-15, -6.699999999999999289 ) ) ;
#1474 = DIRECTION ( 'NONE',  ( -0.8660254037844383745, -0.5000000000000003331, 0.000000000000000000 ) ) ;
#1475 = FACE_OUTER_BOUND ( 'NONE', #4417, .T. ) ;
#1476 = CARTESIAN_POINT ( 'NONE',  ( 0.000000000000000000, -9.107298248878237246E-15, 3.500000000000001332 ) ) ;
#1477 = CARTESIAN_POINT ( 'NONE',  ( -0.8203022253684478793, 1.980384757729328982, -7.250000000000001776 ) ) ;
#1478 = CARTESIAN_POINT ( 'NONE',  ( -1.980384757729338085, -0.8203022253684568721, 1.049999999999998712 ) ) ;
#1479 = EDGE_CURVE ( 'NONE', #564, #1753, #1174, .T. ) ;
#1480 = CARTESIAN_POINT ( 'NONE',  ( -1.980384757729338085, 0.8203022253684388865, -7.150000000000002132 ) ) ;
#1481 = CARTESIAN_POINT ( 'NONE',  ( -1.035533905932742194, -2.500000000000019540, -4.949999999999999289 ) ) ;
#1482 = CARTESIAN_POINT ( 'NONE',  ( -0.5443979249062527170, -2.308397771043143809, 2.994019508888502212 ) ) ;
#1483 = ORIENTED_EDGE ( 'NONE', *, *, #67, .F. ) ;
#1484 = CARTESIAN_POINT ( 'NONE',  ( -1.400343491548893038, -1.400343491548901920, -7.700000000000001954 ) ) ;
#1485 = CARTESIAN_POINT ( 'NONE',  ( 2.543301270189230578, -9.580101100521239259E-15, 0.1749999999999980738 ) ) ;
#1486 = CARTESIAN_POINT ( 'NONE',  ( 1.400343491548893260, 1.400343491548883490, -0.1000000000000011297 ) ) ;
#1487 = CARTESIAN_POINT ( 'NONE',  ( -1.400343491548893038, 1.400343491548883934, -1.500000000000002220 ) ) ;
#1488 = CARTESIAN_POINT ( 'NONE',  ( 1.980384757729338085, -9.476695014745558097E-15, -1.800000000000002043 ) ) ;
#1489 = CARTESIAN_POINT ( 'NONE',  ( 2.543301270189230134, -9.580101100521239259E-15, -5.475000000000001421 ) ) ;
#1490 = CARTESIAN_POINT ( 'NONE',  ( -1.980384757729338085, -8.991640643818871886E-15, 0.8999999999999980238 ) ) ;
#1491 = CARTESIAN_POINT ( 'NONE',  ( -1.767766952966376426, -1.767766952966385308, 0.6999999999999972911 ) ) ;
#1492 = ORIENTED_EDGE ( 'NONE', *, *, #1203, .T. ) ;
#1493 = CARTESIAN_POINT ( 'NONE',  ( 1.980384757729338085, -9.476695014745558097E-15, 2.099999999999999645 ) ) ;
#1494 = CARTESIAN_POINT ( 'NONE',  ( 0.000000000000000000, 1.980384757729328982, -6.500000000000001776 ) ) ;
#1495 = CARTESIAN_POINT ( 'NONE',  ( 0.000000000000000000, 2.500000000000001332, 2.699999999999999734 ) ) ;
#1496 = DIRECTION ( 'NONE',  ( 0.000000000000000000, 0.000000000000000000, 1.000000000000000000 ) ) ;
#1497 = CARTESIAN_POINT ( 'NONE',  ( 0.000000000000000000, 1.980384757729328982, -7.200000000000002842 ) ) ;
#1498 = CARTESIAN_POINT ( 'NONE',  ( 0.6580159112963291923, -1.929495413240507107, 8.158939748639950196 ) ) ;
#1499 = CARTESIAN_POINT ( 'NONE',  ( 0.8203022253684493226, 1.980384757729328538, -5.750000000000002665 ) ) ;
#1500 = CARTESIAN_POINT ( 'NONE',  ( -1.400343491548893038, -1.400343491548901920, 1.899999999999999023 ) ) ;
#1501 = CARTESIAN_POINT ( 'NONE',  ( -1.980384757729338085, -0.8203022253684569831, -5.450000000000001954 ) ) ;
#1502 = CARTESIAN_POINT ( 'NONE',  ( 2.500000000000012879, -1.035533905932749521, 1.749999999999996225 ) ) ;
#1503 = CARTESIAN_POINT ( 'NONE',  ( 1.767766952966375982, -1.767766952966385530, -5.599999999999999645 ) ) ;
#1504 = ORIENTED_EDGE ( 'NONE', *, *, #2533, .F. ) ;
#1505 = CARTESIAN_POINT ( 'NONE',  ( -1.053469879313098545, 2.543301270189220809, 3.574999999999998845 ) ) ;
#1506 = ORIENTED_EDGE ( 'NONE', *, *, #2422, .T. ) ;
#1507 = CARTESIAN_POINT ( 'NONE',  ( 0.8203022253684477683, -1.980384757729347633, 0.4499999999999990674 ) ) ;
#1508 = CARTESIAN_POINT ( 'NONE',  ( -1.980384757729338085, -8.991640643818871886E-15, -2.200000000000002398 ) ) ;
#1509 = CARTESIAN_POINT ( 'NONE',  ( 0.8203022253684477683, -1.980384757729347633, -1.950000000000002176 ) ) ;
#1510 = CARTESIAN_POINT ( 'NONE',  ( -1.798385574751164562, -1.798385574751173444, -6.575000000000001954 ) ) ;
#1511 = CARTESIAN_POINT ( 'NONE',  ( -2.543301270189231023, -1.053469879313107871, -7.375000000000003553 ) ) ;
#1512 = CYLINDRICAL_SURFACE ( 'NONE', #686, 2.500000000000003997 ) ;
#1513 = ORIENTED_EDGE ( 'NONE', *, *, #974, .F. ) ;
#1514 = CARTESIAN_POINT ( 'NONE',  ( -0.3607125570446852447, 2.180056529521000819, 2.550032478650774870 ) ) ;
#1515 = ADVANCED_FACE ( 'NONE', ( #460 ), #2839, .T. ) ;
#1516 = CARTESIAN_POINT ( 'NONE',  ( -2.425271854633440422E-16, -1.980384757729347189, -5.300000000000000711 ) ) ;
#1517 = CARTESIAN_POINT ( 'NONE',  ( -1.997536973310605646, -1.364272443676775248, 3.126088816077168264 ) ) ;
#1518 = CARTESIAN_POINT ( 'NONE',  ( 0.8203022253684492116, 1.980384757729328538, -5.650000000000002132 ) ) ;
#1519 = CARTESIAN_POINT ( 'NONE',  ( 1.603399984168589532, -1.310360943610141105, 2.159947575103342565 ) ) ;
#1520 = CARTESIAN_POINT ( 'NONE',  ( 1.980384757729337641, -0.8203022253684580933, -5.150000000000001243 ) ) ;
#1521 = EDGE_CURVE ( 'NONE', #1753, #878, #2116, .T. ) ;
#1522 = B_SPLINE_CURVE_WITH_KNOTS ( 'NONE', 3,
 ( #2946, #1928, #2630, #2222, #1199, #4010, #912, #1948, #1287, #3305 ),
 .UNSPECIFIED., .F., .F.,
 ( 4, 2, 2, 2, 4 ),
 ( 1.005882552539897229E-16, 0.0004844202354055764884, 0.0009688404708110523629, 0.001453260706216528237, 0.001937680941622004112 ),
 .UNSPECIFIED. ) ;
#1523 = CARTESIAN_POINT ( 'NONE',  ( 1.980384757729338085, -9.476695014745558097E-15, -0.2000000000000022593 ) ) ;
#1524 =( BOUNDED_CURVE ( )  B_SPLINE_CURVE ( 2, ( #3243, #3665, #921, #3336, #1936, #558, #580, #1865, #2570 ),
 .UNSPECIFIED., .F., .F. ) 
 B_SPLINE_CURVE_WITH_KNOTS ( ( 3, 2, 2, 2, 3 ),
 ( 0.5156250000000000000, 0.5234375000000000000, 0.5312500000000000000, 0.5390625000000000000, 0.5468750000000000000 ),
 .UNSPECIFIED. ) 
 CURVE ( )  GEOMETRIC_REPRESENTATION_ITEM ( )  RATIONAL_B_SPLINE_CURVE ( ( 1.000000000000000000, 0.9238795325112867385, 1.000000000000000000, 0.9238795325112867385, 1.000000000000000000, 0.9238795325112867385, 1.000000000000000000, 0.9238795325112867385, 1.000000000000000000 ) ) 
 REPRESENTATION_ITEM ( '' )  );
#1525 = CARTESIAN_POINT ( 'NONE',  ( -1.400343491548893038, -1.400343491548901920, -7.000000000000001776 ) ) ;
#1526 = CARTESIAN_POINT ( 'NONE',  ( -2.500000000000010658, -1.035533905932750853, 0.5500000000000005995 ) ) ;
#1527 = CARTESIAN_POINT ( 'NONE',  ( -1.035533905932742416, -2.500000000000019540, -4.850000000000002309 ) ) ;
#1528 = ORIENTED_EDGE ( 'NONE', *, *, #1437, .T. ) ;
#1529 = CARTESIAN_POINT ( 'NONE',  ( 1.400343491548893260, 1.400343491548883490, -8.100000000000003197 ) ) ;
#1530 = PRODUCT_DEFINITION ( 'UNKNOWN', '', #1410, #562 ) ;
#1531 = CARTESIAN_POINT ( 'NONE',  ( 1.980384757729337641, 0.8203022253684392195, -7.450000000000001954 ) ) ;
#1532 = CARTESIAN_POINT ( 'NONE',  ( 1.767766952966376426, 1.767766952966366656, 0.2000000000000009548 ) ) ;
#1533 = ORIENTED_EDGE ( 'NONE', *, *, #3991, .F. ) ;
#1534 = CARTESIAN_POINT ( 'NONE',  ( 1.980384757729337641, -0.8203022253684580933, -1.050000000000002265 ) ) ;
#1535 = CARTESIAN_POINT ( 'NONE',  ( 2.543301270189230134, -9.580101100521239259E-15, -4.675000000000002487 ) ) ;
#1536 = CARTESIAN_POINT ( 'NONE',  ( 2.543301270189230578, -9.580101100521239259E-15, -8.625000000000001776 ) ) ;
#1537 = EDGE_CURVE ( 'NONE', #605, #1559, #2384, .T. ) ;
#1538 = DIRECTION ( 'NONE',  ( -0.000000000000000000, -0.000000000000000000, -1.000000000000000000 ) ) ;
#1539 = ORIENTED_EDGE ( 'NONE', *, *, #2611, .T. ) ;
#1540 = CARTESIAN_POINT ( 'NONE',  ( -1.978466197069731480, 1.097486151917918651, 2.695406191946576158 ) ) ;
#1541 = VECTOR ( 'NONE', #3587, 1000.000000000000000 ) ;
#1542 = CARTESIAN_POINT ( 'NONE',  ( -1.400343491548893038, -1.400343491548901920, -5.400000000000002132 ) ) ;
#1543 = CARTESIAN_POINT ( 'NONE',  ( -2.500000000000010658, -8.959823386657123714E-15, -0.2000000000000024813 ) ) ;
#1544 = CONICAL_SURFACE ( 'NONE', #4407, 1.700000000000003730, 0.7853981633974483900 ) ;
#1545 = CARTESIAN_POINT ( 'NONE',  ( -1.400343491548893038, 1.400343491548883934, -6.300000000000001599 ) ) ;
#1546 = CARTESIAN_POINT ( 'NONE',  ( -1.311208391126766459, -1.846445277088571979, -7.940382671259073710 ) ) ;
#1547 = CARTESIAN_POINT ( 'NONE',  ( -1.980384757729338085, -0.8203022253684568721, -5.450000000000001954 ) ) ;
#1548 = LINE ( 'NONE', #231, #3765 ) ;
#1549 = CIRCLE ( 'NONE', #539, 2.550799999999995293 ) ;
#1550 = EDGE_CURVE ( 'NONE', #713, #16, #1394, .T. ) ;
#1551 = CARTESIAN_POINT ( 'NONE',  ( 0.8203022253684477683, -1.980384757729347633, -4.450000000000002842 ) ) ;
#1552 = CARTESIAN_POINT ( 'NONE',  ( 0.5103615414218135582, -1.913492849655904493, 1.932797002148637810 ) ) ;
#1553 = ORIENTED_EDGE ( 'NONE', *, *, #1355, .F. ) ;
#1554 = CARTESIAN_POINT ( 'NONE',  ( 1.980384757729338085, -9.476695014745558097E-15, -5.800000000000002487 ) ) ;
#1555 = CARTESIAN_POINT ( 'NONE',  ( -0.8203022253684478793, 1.980384757729328982, -7.250000000000000888 ) ) ;
#1556 = CARTESIAN_POINT ( 'NONE',  ( -1.767766952966376204, -1.767766952966385086, -4.200000000000000178 ) ) ;
#1557 = VERTEX_POINT ( 'NONE', #2453 ) ;
#1558 = CARTESIAN_POINT ( 'NONE',  ( -2.543301270189230578, -1.053469879313107649, -1.825000000000001066 ) ) ;
#1559 = VERTEX_POINT ( 'NONE', #2091 ) ;
#1560 = CARTESIAN_POINT ( 'NONE',  ( -0.8203022253684481013, -1.980384757729346967, 3.449999999999998845 ) ) ;
#1561 = CARTESIAN_POINT ( 'NONE',  ( -1.767766952966376426, 1.767766952966367100, -2.700000000000002842 ) ) ;
#1562 = CARTESIAN_POINT ( 'NONE',  ( 1.767766952966376426, 1.767766952966366656, -1.399999999999999689 ) ) ;
#1563 = CARTESIAN_POINT ( 'NONE',  ( -2.500000000000010658, -8.959823386657123714E-15, -3.500000000000000000 ) ) ;
#1564 = CARTESIAN_POINT ( 'NONE',  ( 1.980384757729337641, 0.8203022253684393306, -4.250000000000000888 ) ) ;
#1565 = CARTESIAN_POINT ( 'NONE',  ( -2.500000000000010658, -8.959823386657123714E-15, 1.299999999999999600 ) ) ;
#1566 = CARTESIAN_POINT ( 'NONE',  ( -1.980384757729338085, 0.8203022253684388865, -5.450000000000001954 ) ) ;
#1567 = CARTESIAN_POINT ( 'NONE',  ( 0.8444566972176401620, -2.187027739703832019, -7.860491210909390958 ) ) ;
#1568 = CARTESIAN_POINT ( 'NONE',  ( 1.400343491548892816, -1.400343491548902364, -4.400000000000001243 ) ) ;
#1569 = CARTESIAN_POINT ( 'NONE',  ( 0.000000000000000000, -2.602085213965210642E-15, -8.500000000000000000 ) ) ;
#1570 = CARTESIAN_POINT ( 'NONE',  ( -1.798385574751164784, -1.798385574751173666, 2.274999999999997691 ) ) ;
#1571 = CARTESIAN_POINT ( 'NONE',  ( 1.980384757729337641, 0.8203022253684392195, -1.850000000000000977 ) ) ;
#1572 = FACE_OUTER_BOUND ( 'NONE', #2356, .T. ) ;
#1573 = CARTESIAN_POINT ( 'NONE',  ( -0.7673075589852929035, -1.844089550054839322, 1.932797002148632481 ) ) ;
#1574 = VERTEX_POINT ( 'NONE', #734 ) ;
#1575 = CARTESIAN_POINT ( 'NONE',  ( 0.8203022253684493226, 1.980384757729328538, -7.250000000000003553 ) ) ;
#1576 = EDGE_CURVE ( 'NONE', #4019, #1117, #70, .T. ) ;
#1577 = CARTESIAN_POINT ( 'NONE',  ( 0.000000000000000000, 1.980384757729328982, -8.100000000000001421 ) ) ;
#1578 = CARTESIAN_POINT ( 'NONE',  ( -2.500000000000010658, -8.959823386657123714E-15, -4.299999999999998934 ) ) ;
#1579 = EDGE_LOOP ( 'NONE', ( #1694, #3253, #2435, #1777 ) ) ;
#1580 = CARTESIAN_POINT ( 'NONE',  ( -1.798385574751164562, -1.798385574751173444, -0.9750000000000010880 ) ) ;
#1581 = CARTESIAN_POINT ( 'NONE',  ( 1.053469879313100765, 2.543301270189220809, -8.475000000000001421 ) ) ;
#1582 = CARTESIAN_POINT ( 'NONE',  ( 1.767766952966376870, 1.767766952966366656, -2.900000000000003464 ) ) ;
#1583 = CARTESIAN_POINT ( 'NONE',  ( 2.103512565156755887, -9.161055651074632880E-12, 2.271087872762421522 ) ) ;
#1584 = AXIS2_PLACEMENT_3D ( 'NONE', #3058, #662, #700 ) ;
#1585 = CARTESIAN_POINT ( 'NONE',  ( 1.980384757729337641, 0.8203022253684393306, -5.850000000000001421 ) ) ;
#1586 = CARTESIAN_POINT ( 'NONE',  ( 0.000000000000000000, -2.602085213965210642E-15, -8.500000000000000000 ) ) ;
#1587 = CARTESIAN_POINT ( 'NONE',  ( 1.400343491548893260, 1.400343491548883490, -4.900000000000001243 ) ) ;
#1588 = DIRECTION ( 'NONE',  ( -0.000000000000000000, -0.000000000000000000, -1.000000000000000000 ) ) ;
#1589 = CARTESIAN_POINT ( 'NONE',  ( 0.8203022253684477683, -1.980384757729347633, -2.850000000000000977 ) ) ;
#1590 = CARTESIAN_POINT ( 'NONE',  ( 1.400343491548892816, -1.400343491548902364, 3.699999999999998401 ) ) ;
#1591 = CARTESIAN_POINT ( 'NONE',  ( -2.543301270189230578, -8.957171948560311498E-15, 1.374999999999997780 ) ) ;
#1592 = CARTESIAN_POINT ( 'NONE',  ( -1.980384757729338085, 0.8203022253684388865, -3.150000000000001688 ) ) ;
#1593 = CARTESIAN_POINT ( 'NONE',  ( 0.8318705521472823383, 1.829120389545344505, 8.158565048741838410 ) ) ;
#1594 = LINE ( 'NONE', #146, #3698 ) ;
#1595 = VERTEX_POINT ( 'NONE', #2251 ) ;
#1596 = CARTESIAN_POINT ( 'NONE',  ( -2.425271854633440422E-16, -1.980384757729347189, -5.200000000000001066 ) ) ;
#1597 = CARTESIAN_POINT ( 'NONE',  ( 1.035533905932741749, -2.500000000000019984, -1.550000000000002709 ) ) ;
#1598 = ORIENTED_EDGE ( 'NONE', *, *, #2327, .T. ) ;
#1599 =( BOUNDED_CURVE ( )  B_SPLINE_CURVE ( 2, ( #1617, #4349, #1272, #3402, #579, #2407, #4416, #671, #988 ),
 .UNSPECIFIED., .F., .F. ) 
 B_SPLINE_CURVE_WITH_KNOTS ( ( 3, 2, 2, 2, 3 ),
 ( 0.8281250000000001110, 0.8359375000000001110, 0.8437500000000000000, 0.8515625000000000000, 0.8593750000000000000 ),
 .UNSPECIFIED. ) 
 CURVE ( )  GEOMETRIC_REPRESENTATION_ITEM ( )  RATIONAL_B_SPLINE_CURVE ( ( 0.9999999999999988898, 0.9238795325112878487, 1.000000000000000000, 0.9238795325112867385, 1.000000000000000000, 0.9238795325112867385, 1.000000000000000000, 0.9238795325112867385, 1.000000000000000000 ) ) 
 REPRESENTATION_ITEM ( '' )  );
#1600 = CARTESIAN_POINT ( 'NONE',  ( 1.053469879313100543, 2.543301270189220809, -2.925000000000001599 ) ) ;
#1601 = VERTEX_POINT ( 'NONE', #850 ) ;
#1602 = CARTESIAN_POINT ( 'NONE',  ( -1.798385574751164784, 1.798385574751155680, -9.125000000000003553 ) ) ;
#1603 = ORIENTED_EDGE ( 'NONE', *, *, #209, .T. ) ;
#1604 = EDGE_CURVE ( 'NONE', #391, #1710, #2967, .T. ) ;
#1605 = CARTESIAN_POINT ( 'NONE',  ( 1.980384757729338085, -9.476695014745558097E-15, -5.800000000000002487 ) ) ;
#1606 = CARTESIAN_POINT ( 'NONE',  ( 0.000000000000000000, -2.602085213965210642E-15, 8.250000000000000000 ) ) ;
#1607 = CARTESIAN_POINT ( 'NONE',  ( 2.500000000000010658, -9.572146786230802611E-15, -7.000000000000003553 ) ) ;
#1608 = CARTESIAN_POINT ( 'NONE',  ( -1.980384757729338085, -8.991640643818871886E-15, -3.900000000000001688 ) ) ;
#1609 = DIRECTION ( 'NONE',  ( -0.000000000000000000, -0.000000000000000000, -1.000000000000000000 ) ) ;
#1610 = CARTESIAN_POINT ( 'NONE',  ( -1.980384757729338085, 0.8203022253684388865, -3.050000000000002487 ) ) ;
#1611 = VECTOR ( 'NONE', #3030, 1000.000000000000000 ) ;
#1612 = CARTESIAN_POINT ( 'NONE',  ( 2.500000000000010658, -9.572146786230802611E-15, 0.9000000000000002442 ) ) ;
#1613 = CARTESIAN_POINT ( 'NONE',  ( -0.8203022253684478793, 1.980384757729328982, -4.050000000000001599 ) ) ;
#1614 = CARTESIAN_POINT ( 'NONE',  ( -1.767766952966376204, -1.767766952966385086, -6.600000000000000533 ) ) ;
#1615 = CARTESIAN_POINT ( 'NONE',  ( 1.798385574751164562, -1.798385574751174332, 1.674999999999997602 ) ) ;
#1616 = CARTESIAN_POINT ( 'NONE',  ( -1.400343491548893038, 1.400343491548883934, -2.400000000000001243 ) ) ;
#1617 = CARTESIAN_POINT ( 'NONE',  ( 2.500000000000010658, -9.572146786230802611E-15, -7.000000000000003553 ) ) ;
#1618 = CARTESIAN_POINT ( 'NONE',  ( 2.500000000000010658, -9.572146786230802611E-15, -4.600000000000004086 ) ) ;
#1619 = ORIENTED_EDGE ( 'NONE', *, *, #2761, .F. ) ;
#1620 = CARTESIAN_POINT ( 'NONE',  ( -2.425271854633440422E-16, -1.980384757729347189, -1.200000000000002176 ) ) ;
#1621 = CARTESIAN_POINT ( 'NONE',  ( -2.425271854633440422E-16, -1.980384757729347189, -4.400000000000002132 ) ) ;
#1622 = ADVANCED_FACE ( 'NONE', ( #3995 ), #2229, .T. ) ;
#1623 = CARTESIAN_POINT ( 'NONE',  ( 0.8203022253684477683, -1.980384757729347633, -7.650000000000001243 ) ) ;
#1624 = CARTESIAN_POINT ( 'NONE',  ( 1.984946255682393579, 0.5482473526350457593, 2.098931179552362192 ) ) ;
#1625 = CONICAL_SURFACE ( 'NONE', #830, 2.591167563965417031, 1.047197551196600074 ) ;
#1626 = VERTEX_POINT ( 'NONE', #504 ) ;
#1627 = CARTESIAN_POINT ( 'NONE',  ( -2.543301270189230578, 1.053469879313089663, -1.925000000000001821 ) ) ;
#1628 = CARTESIAN_POINT ( 'NONE',  ( 0.000000000000000000, 2.543301270189221697, -5.225000000000002309 ) ) ;
#1629 = CARTESIAN_POINT ( 'NONE',  ( 0.000000000000000000, 1.980384757729328982, -6.400000000000002132 ) ) ;
#1630 = CARTESIAN_POINT ( 'NONE',  ( 1.767766952966376426, 1.767766952966366656, -3.799999999999999822 ) ) ;
#1631 = CARTESIAN_POINT ( 'NONE',  ( 2.500000000000003997, -2.295923514178371982E-15, -8.500000000000000000 ) ) ;
#1632 = EDGE_CURVE ( 'NONE', #3448, #854, #2497, .T. ) ;
#1633 = B_SPLINE_CURVE_WITH_KNOTS ( 'NONE', 3,
 ( #1300, #2775, #81, #1751, #1438, #1795, #3137, #3488, #395, #3879, #3199, #3552, #1775, #2433, #2796, #3159, #3794, #58, #4171, #2138, #37, #2183, #1092, #801, #2475, #2820, #3836, #2501, #757, #416, #3508, #438 ),
 .UNSPECIFIED., .F., .F.,
 ( 4, 2, 2, 2, 2, 2, 2, 2, 2, 2, 2, 2, 2, 2, 2, 4 ),
 ( 0.01609810916241950773, 0.01655488359416759300, 0.01701165802591567827, 0.01746843245766376701, 0.01792520688941185228, 0.01838198132115993755, 0.01883875575290802282, 0.01929553018465610809, 0.01975230461640419682, 0.02066585347990036736, 0.02112262791164845263, 0.02157940234339653790, 0.02203617677514462664, 0.02249295120689270844, 0.02294972563864079718, 0.02340650007038888245 ),
 .UNSPECIFIED. ) ;
#1634 = CARTESIAN_POINT ( 'NONE',  ( -1.980384757729338085, -8.991640643818871886E-15, -2.300000000000001599 ) ) ;
#1635 = CARTESIAN_POINT ( 'NONE',  ( 2.378688786274538725, -0.7693111581485274630, 3.360428147091744755 ) ) ;
#1636 = CALENDAR_DATE ( 2026, 5, 2 ) ;
#1637 = CARTESIAN_POINT ( 'NONE',  ( -2.425271854633440422E-16, -1.980384757729347189, -2.000000000000001776 ) ) ;
#1638 = CARTESIAN_POINT ( 'NONE',  ( -0.1542961649212584163, -2.008984480447019383, 2.006103103503463103 ) ) ;
#1639 = CARTESIAN_POINT ( 'NONE',  ( -0.8203022253684481013, -1.980384757729346967, -2.150000000000001688 ) ) ;
#1640 = CARTESIAN_POINT ( 'NONE',  ( -2.500000000000010658, 1.035533905932733312, -4.250000000000003553 ) ) ;
#1641 = CARTESIAN_POINT ( 'NONE',  ( 0.000000000000000000, 2.543301270189221697, 1.974999999999997646 ) ) ;
#1642 = CARTESIAN_POINT ( 'NONE',  ( -1.400343491548893038, -1.400343491548901920, -2.200000000000001510 ) ) ;
#1643 = CYLINDRICAL_SURFACE ( 'NONE', #2480, 2.500000000000003997 ) ;
#1644 = CARTESIAN_POINT ( 'NONE',  ( 0.000000000000000000, -2.602085213965210642E-15, -8.500000000000000000 ) ) ;
#1645 = EDGE_LOOP ( 'NONE', ( #1851, #2056, #3367, #3223 ) ) ;
#1646 = CARTESIAN_POINT ( 'NONE',  ( 0.000000000000000000, 1.980384757729328982, 3.199999999999997957 ) ) ;
#1647 = CARTESIAN_POINT ( 'NONE',  ( 0.8203022253684493226, 1.980384757729328538, -4.050000000000002487 ) ) ;
#1648 = DIRECTION ( 'NONE',  ( -0.000000000000000000, -0.000000000000000000, -1.000000000000000000 ) ) ;
#1649 = CARTESIAN_POINT ( 'NONE',  ( -1.321645753898947229, 1.659049175616074123, 2.307458911324800077 ) ) ;
#1650 = CC_DESIGN_PERSON_AND_ORGANIZATION_ASSIGNMENT ( #1154, #160, ( #1530 ) ) ;
#1651 = ORIENTED_EDGE ( 'NONE', *, *, #2180, .T. ) ;
#1652 = CARTESIAN_POINT ( 'NONE',  ( 2.543301270189230134, 1.053469879313090329, -2.225000000000001421 ) ) ;
#1653 = CARTESIAN_POINT ( 'NONE',  ( 0.000000000000000000, 2.543301270189221697, -3.625000000000002220 ) ) ;
#1654 = CARTESIAN_POINT ( 'NONE',  ( 0.000000000000000000, 1.980384757729328982, -5.600000000000002309 ) ) ;
#1655 = CARTESIAN_POINT ( 'NONE',  ( 0.9253445658709106292, -1.774487427169972431, 1.956582746463526146 ) ) ;
#1656 = CARTESIAN_POINT ( 'NONE',  ( 1.999999999999997113, -1.154700538379248576, 8.337322042762471241 ) ) ;
#1657 = CARTESIAN_POINT ( 'NONE',  ( 0.8203022253684477683, -1.980384757729347633, -1.250000000000001110 ) ) ;
#1658 = CARTESIAN_POINT ( 'NONE',  ( 2.500000000000015987, 1.035533905932727761, -0.5500000000000041522 ) ) ;
#1659 = CARTESIAN_POINT ( 'NONE',  ( 1.400343491548893260, 1.400343491548883490, -2.500000000000002220 ) ) ;
#1660 = CARTESIAN_POINT ( 'NONE',  ( 1.980384757729338085, -9.476695014745558097E-15, -1.100000000000001199 ) ) ;
#1661 = CARTESIAN_POINT ( 'NONE',  ( -1.053469879313099211, -2.543301270189239904, 3.124999999999997335 ) ) ;
#1662 = CARTESIAN_POINT ( 'NONE',  ( 1.400343491548892816, -1.400343491548902364, -3.600000000000001421 ) ) ;
#1663 = CARTESIAN_POINT ( 'NONE',  ( 2.500000000000009770, -1.035533905932752630, 0.05000000000000013461 ) ) ;
#1664 = CARTESIAN_POINT ( 'NONE',  ( 2.500000000000000888, 1.035533905932742194, -7.049999999999998934 ) ) ;
#1665 = EDGE_CURVE ( 'NONE', #2209, #1854, #3862, .T. ) ;
#1666 = ORIENTED_EDGE ( 'NONE', *, *, #2357, .F. ) ;
#1667 = CARTESIAN_POINT ( 'NONE',  ( 1.980384757729338085, -9.476695014745558097E-15, 2.199999999999998845 ) ) ;
#1668 = CARTESIAN_POINT ( 'NONE',  ( 0.000000000000000000, -2.602085213965210642E-15, -8.500000000000000000 ) ) ;
#1669 = CARTESIAN_POINT ( 'NONE',  ( 1.814819092779493159, -1.355185332976901025, 2.663961471202603626 ) ) ;
#1670 = ORIENTED_EDGE ( 'NONE', *, *, #555, .F. ) ;
#1671 = CARTESIAN_POINT ( 'NONE',  ( -2.543301270189230578, 1.053469879313089663, -0.3250000000000006217 ) ) ;
#1672 = ADVANCED_FACE ( 'NONE', ( #1572 ), #3616, .T. ) ;
#1673 = CARTESIAN_POINT ( 'NONE',  ( 2.543301270189230578, -1.053469879313109425, -5.475000000000002309 ) ) ;
#1674 =( BOUNDED_CURVE ( )  B_SPLINE_CURVE ( 2, ( #3254, #2898, #2628, #3982, #2288, #1150, #3325, #2537, #4245 ),
 .UNSPECIFIED., .F., .F. ) 
 B_SPLINE_CURVE_WITH_KNOTS ( ( 3, 2, 2, 2, 3 ),
 ( 0.2968750000000000000, 0.3046875000000000000, 0.3125000000000000555, 0.3203125000000001110, 0.3281250000000001110 ),
 .UNSPECIFIED. ) 
 CURVE ( )  GEOMETRIC_REPRESENTATION_ITEM ( )  RATIONAL_B_SPLINE_CURVE ( ( 1.000000000000000000, 0.9238795325112867385, 1.000000000000000000, 0.9238795325112867385, 1.000000000000000000, 0.9238795325112867385, 1.000000000000000000, 0.9238795325112856283, 1.000000000000001110 ) ) 
 REPRESENTATION_ITEM ( '' )  );
#1675 = CARTESIAN_POINT ( 'NONE',  ( -2.425271854633440422E-16, -1.980384757729347189, -6.800000000000002487 ) ) ;
#1676 = PLANE ( 'NONE',  #1584 ) ;
#1677 = CARTESIAN_POINT ( 'NONE',  ( 1.700000000000003730, -2.602085213965210642E-15, -8.499999999999996447 ) ) ;
#1678 = EDGE_CURVE ( 'NONE', #4128, #3432, #4319, .T. ) ;
#1679 = CARTESIAN_POINT ( 'NONE',  ( -0.8203022253684481013, -1.980384757729346967, -2.950000000000001510 ) ) ;
#1680 = CARTESIAN_POINT ( 'NONE',  ( 0.8203022253684477683, -1.980384757729347633, -2.750000000000001776 ) ) ;
#1681 = LINE ( 'NONE', #4102, #976 ) ;
#1682 = CARTESIAN_POINT ( 'NONE',  ( -1.400343491548893038, 1.400343491548883934, -1.734723475976807094E-15 ) ) ;
#1683 = DIRECTION ( 'NONE',  ( -0.000000000000000000, -0.000000000000000000, -1.000000000000000000 ) ) ;
#1684 = CARTESIAN_POINT ( 'NONE',  ( 1.767766952966375982, -1.767766952966385530, 3.200000000000000178 ) ) ;
#1685 = CARTESIAN_POINT ( 'NONE',  ( -1.400343491548893038, -1.400343491548901920, -0.6000000000000015321 ) ) ;
#1686 = CARTESIAN_POINT ( 'NONE',  ( 2.103512565156755887, -9.161055651074632880E-12, 2.271087872762421522 ) ) ;
#1687 = CARTESIAN_POINT ( 'NONE',  ( -1.673438827620543856, -1.343240719159408236, 8.228468318634163836 ) ) ;
#1688 = ORIENTED_EDGE ( 'NONE', *, *, #2811, .F. ) ;
#1689 = CARTESIAN_POINT ( 'NONE',  ( -1.400343491548893038, -1.400343491548901920, 1.899999999999999023 ) ) ;
#1690 = VECTOR ( 'NONE', #3728, 1000.000000000000000 ) ;
#1691 = EDGE_CURVE ( 'NONE', #3584, #564, #3945, .T. ) ;
#1692 = CARTESIAN_POINT ( 'NONE',  ( 0.000000000000000000, -2.602085213965210642E-15, 3.500000000000001332 ) ) ;
#1693 = CARTESIAN_POINT ( 'NONE',  ( 2.266678850308235571, -0.2883447314803720407, 2.719383556832450921 ) ) ;
#1694 = ORIENTED_EDGE ( 'NONE', *, *, #1380, .F. ) ;
#1695 = CARTESIAN_POINT ( 'NONE',  ( 1.798385574751164784, 1.798385574751154792, 0.2249999999999995060 ) ) ;
#1696 = CARTESIAN_POINT ( 'NONE',  ( -2.543301270189231023, -1.053469879313107871, -6.575000000000002842 ) ) ;
#1697 = CIRCLE ( 'NONE', #31, 2.591167563965417031 ) ;
#1698 = CARTESIAN_POINT ( 'NONE',  ( -0.8203022253684481013, -1.980384757729346967, -8.450000000000002842 ) ) ;
#1699 = CARTESIAN_POINT ( 'NONE',  ( 1.798385574751164340, -1.798385574751173888, -7.175000000000001599 ) ) ;
#1700 = LOCAL_TIME ( 11, 26, 5.000000000000000000, #3918 ) ;
#1701 = VERTEX_POINT ( 'NONE', #3967 ) ;
#1702 = CARTESIAN_POINT ( 'NONE',  ( 1.400343491548892816, -1.400343491548902364, -1.200000000000001510 ) ) ;
#1703 = CARTESIAN_POINT ( 'NONE',  ( -0.9921636629475671931, -1.713923876539790392, 1.932797002148630705 ) ) ;
#1704 = CARTESIAN_POINT ( 'NONE',  ( 1.980384757729338085, -9.476695014745558097E-15, -1.900000000000001465 ) ) ;
#1705 = CARTESIAN_POINT ( 'NONE',  ( 1.999999999999997113, 0.9680098225115747468, 8.283429075231767413 ) ) ;
#1706 = CARTESIAN_POINT ( 'NONE',  ( 2.543301270189230578, 1.053469879313090551, 3.424999999999997158 ) ) ;
#1707 = CARTESIAN_POINT ( 'NONE',  ( -1.400343491548893038, 1.400343491548883934, -1.734723475976807094E-15 ) ) ;
#1708 = CARTESIAN_POINT ( 'NONE',  ( 2.500000000000010658, -9.572146786230802611E-15, -5.500000000000000000 ) ) ;
#1709 = CARTESIAN_POINT ( 'NONE',  ( 0.000000000000000000, -9.107298248878237246E-15, 3.500000000000001332 ) ) ;
#1710 = VERTEX_POINT ( 'NONE', #2615 ) ;
#1711 = CARTESIAN_POINT ( 'NONE',  ( -1.980384757729338085, -8.991640643818871886E-15, 1.799999999999997824 ) ) ;
#1712 = CARTESIAN_POINT ( 'NONE',  ( 0.000000000000000000, -2.602085213965210642E-15, -8.500000000000000000 ) ) ;
#1713 = CARTESIAN_POINT ( 'NONE',  ( -1.721700840246606079, -1.362899262570416825, 2.472462627519916190 ) ) ;
#1714 = ORIENTED_EDGE ( 'NONE', *, *, #2744, .F. ) ;
#1715 = CARTESIAN_POINT ( 'NONE',  ( -1.798385574751164562, 1.798385574751155458, 1.224999999999998757 ) ) ;
#1716 = EDGE_CURVE ( 'NONE', #3444, #311, #2762, .T. ) ;
#1717 = CARTESIAN_POINT ( 'NONE',  ( 2.543301270189230578, -1.053469879313109425, -3.875000000000002665 ) ) ;
#1719 = CARTESIAN_POINT ( 'NONE',  ( -2.425271854633440422E-16, -1.980384757729347189, -2.800000000000002043 ) ) ;
#1718 = B_SPLINE_CURVE_WITH_KNOTS ( 'NONE', 3,
 ( #2768, #3753, #727, #327, #4435, #2107 ),
 .UNSPECIFIED., .F., .F.,
 ( 4, 2, 4 ),
 ( 5.282521384935971952E-16, 0.0005877796267395652731, 0.001175559253478602323 ),
 .UNSPECIFIED. ) ;
#1720 = DIRECTION ( 'NONE',  ( 0.3420201433256694901, -4.188538737677001009E-17, 0.9396926207859082059 ) ) ;
#1721 = EDGE_CURVE ( 'NONE', #39, #16, #3303, .T. ) ;
#1722 = VERTEX_POINT ( 'NONE', #2317 ) ;
#1723 =( BOUNDED_CURVE ( )  B_SPLINE_CURVE ( 2, ( #4014, #3964, #1614, #2589, #166, #1978, #896, #1886, #3942 ),
 .UNSPECIFIED., .F., .F. ) 
 B_SPLINE_CURVE_WITH_KNOTS ( ( 3, 2, 2, 2, 3 ),
 ( 0.1406250000000000833, 0.1484375000000000555, 0.1562500000000000555, 0.1640625000000000555, 0.1718750000000000278 ),
 .UNSPECIFIED. ) 
 CURVE ( )  GEOMETRIC_REPRESENTATION_ITEM ( )  RATIONAL_B_SPLINE_CURVE ( ( 0.9999999999999992228, 0.9238795325112875156, 1.000000000000000000, 0.9238795325112867385, 1.000000000000000000, 0.9238795325112867385, 1.000000000000000000, 0.9238795325112865164, 1.000000000000000222 ) ) 
 REPRESENTATION_ITEM ( '' )  );
#1724 = CARTESIAN_POINT ( 'NONE',  ( 1.980384757729337641, 0.8203022253684393306, -2.650000000000001243 ) ) ;
#1725 = DIRECTION ( 'NONE',  ( -0.000000000000000000, -0.000000000000000000, -1.000000000000000000 ) ) ;
#1726 = CARTESIAN_POINT ( 'NONE',  ( 0.8203022253684493226, 1.980384757729328538, -1.750000000000001332 ) ) ;
#1727 = DIRECTION ( 'NONE',  ( -1.000000000000000000, 0.000000000000000000, 0.000000000000000000 ) ) ;
#1728 = CARTESIAN_POINT ( 'NONE',  ( -1.035533905932742194, -2.500000000000019540, -0.9499999999999998446 ) ) ;
#1729 = CARTESIAN_POINT ( 'NONE',  ( -0.8203022253684481013, -1.980384757729347189, 1.049999999999998934 ) ) ;
#1730 = ORIENTED_EDGE ( 'NONE', *, *, #2514, .F. ) ;
#1731 = CARTESIAN_POINT ( 'NONE',  ( -1.035533905932742194, 2.500000000000001776, -1.150000000000003686 ) ) ;
#1732 = ORIENTED_EDGE ( 'NONE', *, *, #267, .T. ) ;
#1733 = CARTESIAN_POINT ( 'NONE',  ( -1.400343491548893038, -1.400343491548901920, 3.499999999999997780 ) ) ;
#1734 = CARTESIAN_POINT ( 'NONE',  ( 2.500000000000003997, -2.295923514178371982E-15, -8.500000000000000000 ) ) ;
#1735 = CARTESIAN_POINT ( 'NONE',  ( -2.035245070411905832, 0.6717885672976769973, 2.368182819414555329 ) ) ;
#1736 = ORIENTED_EDGE ( 'NONE', *, *, #4104, .T. ) ;
#1737 = CARTESIAN_POINT ( 'NONE',  ( -2.543301270189230578, 1.053469879313089663, 1.274999999999998579 ) ) ;
#1738 = CARTESIAN_POINT ( 'NONE',  ( -2.543301270189231023, -1.053469879313107871, -3.375000000000001776 ) ) ;
#1739 = CARTESIAN_POINT ( 'NONE',  ( 1.400343491548892816, -1.400343491548902364, -6.800000000000001599 ) ) ;
#1740 = CARTESIAN_POINT ( 'NONE',  ( -2.425271854633440422E-16, -1.980384757729347189, -3.600000000000001421 ) ) ;
#1741 = CARTESIAN_POINT ( 'NONE',  ( 1.053469879313098323, -2.543301270189239904, -8.025000000000000355 ) ) ;
#1742 = CARTESIAN_POINT ( 'NONE',  ( 0.8203022253684477683, -1.980384757729347633, 0.3499999999999995892 ) ) ;
#1743 = CARTESIAN_POINT ( 'NONE',  ( -1.999999999999997335, -1.154700538379250796, 6.000000000000000000 ) ) ;
#1744 = CARTESIAN_POINT ( 'NONE',  ( 1.400343491548893260, 1.400343491548883490, 1.399999999999998579 ) ) ;
#1745 = DIRECTION ( 'NONE',  ( -0.000000000000000000, -0.000000000000000000, -1.000000000000000000 ) ) ;
#1746 = LINE ( 'NONE', #3067, #3062 ) ;
#1747 = CARTESIAN_POINT ( 'NONE',  ( -2.425271854633440422E-16, -1.980384757729347189, 1.099999999999998535 ) ) ;
#1748 = CARTESIAN_POINT ( 'NONE',  ( 1.400343491548893260, 1.400343491548883490, -8.100000000000003197 ) ) ;
#1749 = ORIENTED_EDGE ( 'NONE', *, *, #1665, .F. ) ;
#1750 = CARTESIAN_POINT ( 'NONE',  ( -1.980384757729338085, -0.8203022253684568721, -8.650000000000002132 ) ) ;
#1751 = CARTESIAN_POINT ( 'NONE',  ( 2.204619534579626894, 0.6065783838526213056, 2.759967215039468957 ) ) ;
#1752 = CARTESIAN_POINT ( 'NONE',  ( 2.472154559199747137, -9.567031661738767835E-15, 3.283923427258263583 ) ) ;
#1753 = VERTEX_POINT ( 'NONE', #1365 ) ;
#1754 = AXIS2_PLACEMENT_3D ( 'NONE', #2753, #1348, #2736 ) ;
#1755 = CARTESIAN_POINT ( 'NONE',  ( -2.543301270189230578, 1.053469879313089663, 2.074999999999998845 ) ) ;
#1756 = ORIENTED_EDGE ( 'NONE', *, *, #1003, .T. ) ;
#1757 = CARTESIAN_POINT ( 'NONE',  ( -3.114645759804639297E-16, -2.543301270189239904, -2.425000000000001599 ) ) ;
#1758 = CARTESIAN_POINT ( 'NONE',  ( -2.425271854633440422E-16, -1.980384757729347189, -5.300000000000000711 ) ) ;
#1759 = CARTESIAN_POINT ( 'NONE',  ( -0.8203022253684481013, -1.980384757729347189, -4.450000000000002842 ) ) ;
#1760 = CARTESIAN_POINT ( 'NONE',  ( -1.980384757729338085, 0.8203022253684389975, -4.650000000000003020 ) ) ;
#1761 = CARTESIAN_POINT ( 'NONE',  ( 1.798385574751164784, 1.798385574751154792, -7.775000000000001243 ) ) ;
#1762 = AXIS2_PLACEMENT_3D ( 'NONE', #1958, #236, #1185 ) ;
#1763 = CARTESIAN_POINT ( 'NONE',  ( -1.400343491548893038, 1.400343491548883934, 3.199999999999999734 ) ) ;
#1764 = DIRECTION ( 'NONE',  ( 0.000000000000000000, -1.000000000000000000, 0.000000000000000000 ) ) ;
#1765 = LOCAL_TIME ( 11, 26, 5.000000000000000000, #1972 ) ;
#1766 = CARTESIAN_POINT ( 'NONE',  ( -2.425271854633440422E-16, -1.980384757729347189, 2.699999999999999289 ) ) ;
#1767 = ADVANCED_FACE ( 'NONE', ( #1295 ), #3334, .T. ) ;
#1768 = CARTESIAN_POINT ( 'NONE',  ( -2.500000000000010658, -8.959823386657123714E-15, -5.100000000000000533 ) ) ;
#1769 = CARTESIAN_POINT ( 'NONE',  ( 0.9834643072583165724, 2.162799819288797387, -7.828698519762384400 ) ) ;
#1770 = CARTESIAN_POINT ( 'NONE',  ( -1.400343491548893038, 1.400343491548883934, -0.8000000000000020428 ) ) ;
#1771 = DIRECTION ( 'NONE',  ( -0.000000000000000000, -0.000000000000000000, -1.000000000000000000 ) ) ;
#1772 = FACE_OUTER_BOUND ( 'NONE', #3182, .T. ) ;
#1773 = CARTESIAN_POINT ( 'NONE',  ( 1.980384757729337641, -0.8203022253684580933, -8.350000000000001421 ) ) ;
#1774 = CARTESIAN_POINT ( 'NONE',  ( 1.400343491548892816, -1.400343491548902364, 2.099999999999997868 ) ) ;
#1775 = CARTESIAN_POINT ( 'NONE',  ( 0.9855913528721887973, 2.099819269353777607, 2.851016411041858767 ) ) ;
#1776 = CARTESIAN_POINT ( 'NONE',  ( -0.9843164926311807061, -2.144744108090099299, 2.961204352334302126 ) ) ;
#1777 = ORIENTED_EDGE ( 'NONE', *, *, #402, .T. ) ;
#1778 = CARTESIAN_POINT ( 'NONE',  ( 1.053469879313098323, -2.543301270189239904, 3.174999999999999378 ) ) ;
#1779 = CARTESIAN_POINT ( 'NONE',  ( -2.543301270189231023, 1.053469879313089885, -0.2750000000000026312 ) ) ;
#1780 = CARTESIAN_POINT ( 'NONE',  ( -0.8203022253684481013, -1.980384757729347189, -0.4500000000000025091 ) ) ;
#1781 = CARTESIAN_POINT ( 'NONE',  ( -2.425271854633440422E-16, -1.980384757729347189, -2.000000000000001776 ) ) ;
#1782 = CARTESIAN_POINT ( 'NONE',  ( 1.980384757729337641, 0.8203022253684393306, -4.150000000000002132 ) ) ;
#1783 = CARTESIAN_POINT ( 'NONE',  ( 1.798385574751164784, 1.798385574751154792, -3.775000000000001243 ) ) ;
#1784 = CARTESIAN_POINT ( 'NONE',  ( 1.980384757729337641, -0.8203022253684580933, 0.4499999999999990119 ) ) ;
#1785 = CARTESIAN_POINT ( 'NONE',  ( -3.061616997868395960E-16, -2.500000000000019540, -4.000000000000003553 ) ) ;
#1786 = CARTESIAN_POINT ( 'NONE',  ( 1.400343491548893260, 1.400343491548883490, 2.199999999999998845 ) ) ;
#1787 = CARTESIAN_POINT ( 'NONE',  ( 0.8203022253684477683, -1.980384757729347633, -6.850000000000001421 ) ) ;
#1788 = CARTESIAN_POINT ( 'NONE',  ( 0.2984183621229549166, 2.451278431142597469, -7.735094653526306985 ) ) ;
#1789 = PLANE ( 'NONE',  #4197 ) ;
#1790 = FACE_OUTER_BOUND ( 'NONE', #2299, .T. ) ;
#1791 = DIRECTION ( 'NONE',  ( -0.000000000000000000, -0.000000000000000000, -1.000000000000000000 ) ) ;
#1792 = CARTESIAN_POINT ( 'NONE',  ( -1.400343491548893038, 1.400343491548883934, -7.200000000000001954 ) ) ;
#1793 = CARTESIAN_POINT ( 'NONE',  ( -2.425271854633440422E-16, -1.980384757729347189, 1.999999999999998224 ) ) ;
#1794 = EDGE_CURVE ( 'NONE', #2525, #4288, #2709, .T. ) ;
#1795 = CARTESIAN_POINT ( 'NONE',  ( 2.047355710260845285, 1.035658612224738206, 2.781547625613172592 ) ) ;
#1796 = CARTESIAN_POINT ( 'NONE',  ( 2.499999999999998668, -1.035533905932763954, -6.250000000000004441 ) ) ;
#1797 = ORIENTED_EDGE ( 'NONE', *, *, #1852, .F. ) ;
#1798 = CARTESIAN_POINT ( 'NONE',  ( -0.8203022253684481013, -1.980384757729346967, -8.450000000000002842 ) ) ;
#1799 = CARTESIAN_POINT ( 'NONE',  ( -1.053469879313099211, -2.543301270189239904, -1.675000000000002043 ) ) ;
#1800 = CARTESIAN_POINT ( 'NONE',  ( 1.980384757729338085, -9.476695014745558097E-15, -0.2000000000000022593 ) ) ;
#1801 = CARTESIAN_POINT ( 'NONE',  ( -1.980384757729338085, -8.991640643818871886E-15, -0.6000000000000015321 ) ) ;
#1802 = CARTESIAN_POINT ( 'NONE',  ( -1.980384757729338085, -8.991640643818871886E-15, -3.000000000000001776 ) ) ;
#1803 = CARTESIAN_POINT ( 'NONE',  ( -2.543301270189230578, 1.053469879313089663, -6.725000000000001421 ) ) ;
#1804 = CARTESIAN_POINT ( 'NONE',  ( -1.980384757729338085, 0.8203022253684389975, 2.449999999999998845 ) ) ;
#1805 = CARTESIAN_POINT ( 'NONE',  ( 1.035533905932741749, -2.500000000000019984, -3.950000000000002842 ) ) ;
#1806 = CARTESIAN_POINT ( 'NONE',  ( -1.980384757729338085, -0.8203022253684568721, 0.9499999999999995115 ) ) ;
#1807 = ORIENTED_EDGE ( 'NONE', *, *, #720, .T. ) ;
#1808 = EDGE_CURVE ( 'NONE', #2115, #1937, #2029, .T. ) ;
#1809 = CARTESIAN_POINT ( 'NONE',  ( -1.980384757729338085, -8.991640643818871886E-15, -8.700000000000001066 ) ) ;
#1810 = CARTESIAN_POINT ( 'NONE',  ( -2.500000000000010658, -8.959823386657123714E-15, -0.2999999999999994893 ) ) ;
#1811 = DATE_AND_TIME ( #1130, #2716 ) ;
#1812 = CARTESIAN_POINT ( 'NONE',  ( -2.500000000000010658, -8.959823386657123714E-15, -5.899999999999999467 ) ) ;
#1813 = CARTESIAN_POINT ( 'NONE',  ( 1.035533905932741749, -2.500000000000019984, 2.449999999999997069 ) ) ;
#1814 = CARTESIAN_POINT ( 'NONE',  ( -0.8203022253684478793, 1.980384757729328982, -8.050000000000002487 ) ) ;
#1815 = CARTESIAN_POINT ( 'NONE',  ( -1.980384757729338085, 0.8203022253684389975, 0.9499999999999977351 ) ) ;
#1816 = CARTESIAN_POINT ( 'NONE',  ( -2.500000000000010658, -8.959823386657123714E-15, -5.100000000000000533 ) ) ;
#1817 = CARTESIAN_POINT ( 'NONE',  ( 1.035533905932741749, -2.500000000000019984, -6.350000000000002309 ) ) ;
#1818 = EDGE_LOOP ( 'NONE', ( #181, #1234, #2547, #2755 ) ) ;
#1819 = CARTESIAN_POINT ( 'NONE',  ( -3.114645759804638804E-16, -2.543301270189239460, 3.924999999999999822 ) ) ;
#1820 = ORIENTED_EDGE ( 'NONE', *, *, #2904, .F. ) ;
#1821 = CLOSED_SHELL ( 'NONE', ( #2141, #246, #1515, #3849, #3289, #1672, #2520, #2664, #1952, #2994, #2943, #1326, #1869, #1020, #303, #3742, #3544, #583, #163, #1054, #1622, #3219, #615, #1127, #347, #1293, #1374, #384, #3128, #2847, #250, #3455, #2964, #2269, #1467, #1767, #196, #3954, #3736, #4384, #1998, #3659, #2187, #278, #3321, #27, #2935, #183, #2046, #3146, #3450, #3275, #1342, #3864, #640, #337, #3529, #880 ) ) ;
#1822 = CARTESIAN_POINT ( 'NONE',  ( 1.798385574751164562, -1.798385574751174332, -0.7250000000000016431 ) ) ;
#1823 = CARTESIAN_POINT ( 'NONE',  ( 1.400343491548893260, 1.400343491548883490, -0.9000000000000014655 ) ) ;
#1824 = CARTESIAN_POINT ( 'NONE',  ( 0.000000000000000000, 1.980384757729328982, -2.400000000000002132 ) ) ;
#1825 = CARTESIAN_POINT ( 'NONE',  ( -1.400343491548893038, 1.400343491548883934, 0.09999999999999766020 ) ) ;
#1826 = CARTESIAN_POINT ( 'NONE',  ( -1.798385574751164562, -1.798385574751173444, -4.975000000000002309 ) ) ;
#1827 = AXIS2_PLACEMENT_3D ( 'NONE', #3752, #1363, #2405 ) ;
#1828 = CARTESIAN_POINT ( 'NONE',  ( -0.8203022253684478793, 1.980384757729328982, 3.149999999999998135 ) ) ;
#1829 = CARTESIAN_POINT ( 'NONE',  ( 0.000000000000000000, 0.000000000000000000, 6.000000000000000000 ) ) ;
#1830 = VERTEX_POINT ( 'NONE', #1686 ) ;
#1831 = CARTESIAN_POINT ( 'NONE',  ( -1.400343491548893038, 1.400343491548883934, 2.399999999999999467 ) ) ;
#1832 = CARTESIAN_POINT ( 'NONE',  ( 0.8203022253684493226, 1.980384757729328538, -6.550000000000001599 ) ) ;
#1833 = DIRECTION ( 'NONE',  ( -0.000000000000000000, -0.000000000000000000, -1.000000000000000000 ) ) ;
#1834 = CARTESIAN_POINT ( 'NONE',  ( 0.000000000000000000, 0.000000000000000000, 0.000000000000000000 ) ) ;
#1835 = CONICAL_SURFACE ( 'NONE', #4061, 2.550799999999995293, 0.3490658503988666728 ) ;
#1836 = CARTESIAN_POINT ( 'NONE',  ( -1.400343491548893038, -1.400343491548901920, -6.900000000000002132 ) ) ;
#1837 = CARTESIAN_POINT ( 'NONE',  ( 1.767766952966375982, -1.767766952966385752, 2.499999999999996891 ) ) ;
#1838 = CARTESIAN_POINT ( 'NONE',  ( 0.8203022253684493226, 1.980384757729328538, -8.150000000000000355 ) ) ;
#1839 = CARTESIAN_POINT ( 'NONE',  ( 1.980384757729337641, 0.8203022253684393306, -0.1500000000000025480 ) ) ;
#1840 = CARTESIAN_POINT ( 'NONE',  ( 0.8203022253684477683, -1.980384757729347633, -5.250000000000000888 ) ) ;
#1841 = CARTESIAN_POINT ( 'NONE',  ( 1.980384757729340084, -0.1044400036922878694, -8.219615242270663202 ) ) ;
#1842 = CARTESIAN_POINT ( 'NONE',  ( -1.035533905932742416, -2.500000000000019540, -6.450000000000002842 ) ) ;
#1843 = ORIENTED_EDGE ( 'NONE', *, *, #4059, .F. ) ;
#1844 = CARTESIAN_POINT ( 'NONE',  ( 1.980384757729337641, -0.8203022253684580933, -7.450000000000001954 ) ) ;
#1845 = CARTESIAN_POINT ( 'NONE',  ( 0.000000000000000000, 1.980384757729328982, -0.8000000000000020428 ) ) ;
#1846 = EDGE_CURVE ( 'NONE', #812, #2115, #1599, .T. ) ;
#1847 = CARTESIAN_POINT ( 'NONE',  ( 0.8203022253684493226, 1.980384757729328538, -0.8500000000000017542 ) ) ;
#1848 = CARTESIAN_POINT ( 'NONE',  ( -1.400343491548893038, 1.400343491548883934, -0.7000000000000027311 ) ) ;
#1849 = CARTESIAN_POINT ( 'NONE',  ( 1.053469879313100543, 2.543301270189220809, -5.325000000000001954 ) ) ;
#1850 = CARTESIAN_POINT ( 'NONE',  ( 2.543301270189230578, -1.053469879313109425, -8.675000000000002487 ) ) ;
#1851 = ORIENTED_EDGE ( 'NONE', *, *, #1808, .F. ) ;
#1852 = EDGE_CURVE ( 'NONE', #1895, #1559, #4041, .T. ) ;
#1853 = CARTESIAN_POINT ( 'NONE',  ( -2.500000000000022204, -1.035533905932739751, -5.750000000000004441 ) ) ;
#1854 = VERTEX_POINT ( 'NONE', #2368 ) ;
#1855 = CARTESIAN_POINT ( 'NONE',  ( 2.500000000000009770, -1.035533905932752630, -3.149999999999999911 ) ) ;
#1856 = CARTESIAN_POINT ( 'NONE',  ( 0.000000000000000000, 1.980384757729328982, -3.300000000000001599 ) ) ;
#1857 = CARTESIAN_POINT ( 'NONE',  ( 2.005592136456962216, 0.7424619883963742284, -8.066510979695921790 ) ) ;
#1858 = CARTESIAN_POINT ( 'NONE',  ( -2.500000000000010658, -8.959823386657123714E-15, -2.600000000000003642 ) ) ;
#1859 = CARTESIAN_POINT ( 'NONE',  ( -2.425271854633440422E-16, -1.980384757729347189, -6.800000000000002487 ) ) ;
#1860 = CARTESIAN_POINT ( 'NONE',  ( 1.898756447455779650, -0.8637261020096305142, 2.202141157253001857 ) ) ;
#1861 = CARTESIAN_POINT ( 'NONE',  ( -1.980384757729338085, -8.991640643818871886E-15, -3.900000000000001688 ) ) ;
#1862 = CARTESIAN_POINT ( 'NONE',  ( 0.8203022253684493226, 1.980384757729328538, 0.7499999999999990008 ) ) ;
#1863 = CARTESIAN_POINT ( 'NONE',  ( 1.400343491548892816, -1.400343491548902364, -4.400000000000001243 ) ) ;
#1864 = CARTESIAN_POINT ( 'NONE',  ( -1.767766952966376426, 1.767766952966367100, -5.100000000000003197 ) ) ;
#1865 = CARTESIAN_POINT ( 'NONE',  ( 2.500000000000009770, -1.035533905932752630, -1.549999999999999822 ) ) ;
#1866 = EDGE_LOOP ( 'NONE', ( #2375, #3759, #696, #2875 ) ) ;
#1867 = CARTESIAN_POINT ( 'NONE',  ( 2.543301270189230134, 1.053469879313090329, 4.174999999999998046 ) ) ;
#1868 = ORIENTED_EDGE ( 'NONE', *, *, #1143, .F. ) ;
#1869 = ADVANCED_FACE ( 'NONE', ( #603 ), #2048, .T. ) ;
#1870 = CARTESIAN_POINT ( 'NONE',  ( 1.767766952966376426, 1.767766952966366656, -2.200000000000000178 ) ) ;
#1871 = CARTESIAN_POINT ( 'NONE',  ( -1.980384757729338085, -0.8203022253684569831, -1.350000000000002309 ) ) ;
#1872 =( BOUNDED_CURVE ( )  B_SPLINE_CURVE ( 2, ( #3181, #1796, #1459, #1817, #461, #1842, #3200, #3858, #2840 ),
 .UNSPECIFIED., .F., .F. ) 
 B_SPLINE_CURVE_WITH_KNOTS ( ( 3, 2, 2, 2, 3 ),
 ( 0.7656250000000001110, 0.7734375000000001110, 0.7812500000000000000, 0.7890625000000000000, 0.7968750000000000000 ),
 .UNSPECIFIED. ) 
 CURVE ( )  GEOMETRIC_REPRESENTATION_ITEM ( )  RATIONAL_B_SPLINE_CURVE ( ( 0.9999999999999988898, 0.9238795325112878487, 1.000000000000000000, 0.9238795325112867385, 1.000000000000000000, 0.9238795325112867385, 1.000000000000000000, 0.9238795325112867385, 1.000000000000000000 ) ) 
 REPRESENTATION_ITEM ( '' )  );
#1873 = CARTESIAN_POINT ( 'NONE',  ( 1.980384757729337641, -0.8203022253684580933, -1.850000000000002087 ) ) ;
#1874 = CARTESIAN_POINT ( 'NONE',  ( -0.8203022253684478793, 1.980384757729328982, 0.8499999999999984235 ) ) ;
#1875 = CARTESIAN_POINT ( 'NONE',  ( -1.053469879313098989, -2.543301270189239460, -4.925000000000000711 ) ) ;
#1876 = CARTESIAN_POINT ( 'NONE',  ( 0.000000000000000000, 2.543301270189221697, -8.425000000000002487 ) ) ;
#1877 = CARTESIAN_POINT ( 'NONE',  ( -2.500000000000016431, -1.035533905932745524, 0.6499999999999973577 ) ) ;
#1878 = CARTESIAN_POINT ( 'NONE',  ( 2.500000000000010658, -9.572146786230802611E-15, 1.700000000000000622 ) ) ;
#1879 = CARTESIAN_POINT ( 'NONE',  ( -1.817832401103814055, 1.334309616304553137, 2.674742407956343104 ) ) ;
#1880 = CARTESIAN_POINT ( 'NONE',  ( 1.400343491548893260, 1.400343491548883490, -5.000000000000000888 ) ) ;
#1881 = CARTESIAN_POINT ( 'NONE',  ( 1.999999999999997113, 1.154700538379250796, 6.000000000000000000 ) ) ;
#1882 =( NAMED_UNIT ( * ) PLANE_ANGLE_UNIT ( ) SI_UNIT ( $, .RADIAN. ) );
#1883 = CARTESIAN_POINT ( 'NONE',  ( -1.400343491548893038, 1.400343491548883934, -7.100000000000002309 ) ) ;
#1884 = CYLINDRICAL_SURFACE ( 'NONE', #106, 2.500000000000003997 ) ;
#1885 = CARTESIAN_POINT ( 'NONE',  ( 0.000000000000000000, 1.980384757729328982, -4.100000000000001421 ) ) ;
#1886 = CARTESIAN_POINT ( 'NONE',  ( 2.500000000000012434, -1.035533905932749743, -6.349999999999999645 ) ) ;
#1887 = CARTESIAN_POINT ( 'NONE',  ( 1.980384757729338085, -9.476695014745558097E-15, -4.300000000000001599 ) ) ;
#1888 = CARTESIAN_POINT ( 'NONE',  ( 0.000000000000000000, -2.602085213965210642E-15, -8.500000000000000000 ) ) ;
#1889 = CARTESIAN_POINT ( 'NONE',  ( -0.9921636629475671931, -1.713923876539790392, 1.932797002148630705 ) ) ;
#1890 = EDGE_LOOP ( 'NONE', ( #3103, #4003, #2738, #1553 ) ) ;
#1891 = CARTESIAN_POINT ( 'NONE',  ( 1.980384757729337641, 0.8203022253684393306, -5.750000000000002665 ) ) ;
#1892 =( BOUNDED_CURVE ( )  B_SPLINE_CURVE ( 2, ( #3641, #1932, #3613, #2999, #3309, #848, #4346, #1269, #3681 ),
 .UNSPECIFIED., .F., .F. ) 
 B_SPLINE_CURVE_WITH_KNOTS ( ( 3, 2, 2, 2, 3 ),
 ( 0.1718750000000000278, 0.1796875000000000000, 0.1875000000000000000, 0.1953125000000000000, 0.2031249999999999722 ),
 .UNSPECIFIED. ) 
 CURVE ( )  GEOMETRIC_REPRESENTATION_ITEM ( )  RATIONAL_B_SPLINE_CURVE ( ( 0.9999999999999997780, 0.9238795325112869605, 1.000000000000000000, 0.9238795325112867385, 1.000000000000000000, 0.9238795325112867385, 1.000000000000000000, 0.9238795325112869605, 0.9999999999999997780 ) ) 
 REPRESENTATION_ITEM ( '' )  );
#1893 = CARTESIAN_POINT ( 'NONE',  ( -1.980384757729338085, -0.8203022253684569831, -7.850000000000001421 ) ) ;
#1894 = CARTESIAN_POINT ( 'NONE',  ( -1.035533905932741972, 2.500000000000001776, 0.3500000000000000333 ) ) ;
#1895 = VERTEX_POINT ( 'NONE', #258 ) ;
#1896 = CARTESIAN_POINT ( 'NONE',  ( -2.543301270189230134, -8.957171948560311498E-15, -1.075000000000001288 ) ) ;
#1897 = CARTESIAN_POINT ( 'NONE',  ( 1.798385574751164562, -1.798385574751174332, -7.125000000000001776 ) ) ;
#1898 = DIRECTION ( 'NONE',  ( -1.000000000000000000, 0.000000000000000000, 0.000000000000000000 ) ) ;
#1899 = VERTEX_POINT ( 'NONE', #1010 ) ;
#1900 = CARTESIAN_POINT ( 'NONE',  ( -1.999999999999997335, 1.154700538379249908, 6.000000000000000000 ) ) ;
#1901 = B_SPLINE_CURVE_WITH_KNOTS ( 'NONE', 3,
 ( #3768, #2404, #1291, #2026, #1705, #961 ),
 .UNSPECIFIED., .F., .F.,
 ( 4, 2, 4 ),
 ( 0.003190476303053521763, 0.003774664890058775004, 0.004358853477064028245 ),
 .UNSPECIFIED. ) ;
#1902 = VECTOR ( 'NONE', #1683, 1000.000000000000000 ) ;
#1903 = CARTESIAN_POINT ( 'NONE',  ( 1.400343491548893260, 1.400343491548883490, -5.800000000000001599 ) ) ;
#1904 = CARTESIAN_POINT ( 'NONE',  ( 2.500000000000003997, -2.295923514178371982E-15, -8.500000000000000000 ) ) ;
#1905 = APPROVAL_ROLE ( '' ) ;
#1906 = CARTESIAN_POINT ( 'NONE',  ( -0.8203022253684478793, 1.980384757729328982, -7.950000000000001954 ) ) ;
#1907 = CARTESIAN_POINT ( 'NONE',  ( 0.7265897970558469199, -1.906723895928946089, 2.076466828590136871 ) ) ;
#1908 = EDGE_CURVE ( 'NONE', #805, #1830, #2388, .T. ) ;
#1909 = CARTESIAN_POINT ( 'NONE',  ( 0.8203022253684477683, -1.980384757729347633, -5.250000000000001776 ) ) ;
#1910 = CARTESIAN_POINT ( 'NONE',  ( 0.000000000000000000, 1.980384757729328982, 3.199999999999997957 ) ) ;
#1911 = CARTESIAN_POINT ( 'NONE',  ( -1.798385574751164784, -1.798385574751173666, 1.474999999999998979 ) ) ;
#1912 = CARTESIAN_POINT ( 'NONE',  ( 1.980384757729337641, 0.8203022253684392195, -3.450000000000001510 ) ) ;
#1913 = CARTESIAN_POINT ( 'NONE',  ( -1.767766952966376204, -1.767766952966385086, 0.6000000000000003109 ) ) ;
#1914 = CARTESIAN_POINT ( 'NONE',  ( -2.183012701892221852, -8.979233260657028811E-15, -8.016987298107780546 ) ) ;
#1915 = ORIENTED_EDGE ( 'NONE', *, *, #1691, .T. ) ;
#1916 = CARTESIAN_POINT ( 'NONE',  ( -1.980384757729338085, 0.8203022253684389975, -5.450000000000001954 ) ) ;
#1917 = LOCAL_TIME ( 11, 26, 5.000000000000000000, #843 ) ;
#1918 = DIRECTION ( 'NONE',  ( -0.7071067811865475727, 8.659560562354934091E-17, 0.7071067811865474617 ) ) ;
#1919 = DIRECTION ( 'NONE',  ( -0.000000000000000000, -0.000000000000000000, 1.000000000000000000 ) ) ;
#1920 = ORIENTED_EDGE ( 'NONE', *, *, #3316, .F. ) ;
#1921 =( BOUNDED_CURVE ( )  B_SPLINE_CURVE ( 2, ( #3700, #620, #137, #2372, #993, #3738, #1016 ),
 .UNSPECIFIED., .F., .F. ) 
 B_SPLINE_CURVE_WITH_KNOTS ( ( 3, 2, 2, 3 ),
 ( 0.8593750000000000000, 0.8671875000000000000, 0.8750000000000000000, 0.8828125000000000000 ),
 .UNSPECIFIED. ) 
 CURVE ( )  GEOMETRIC_REPRESENTATION_ITEM ( )  RATIONAL_B_SPLINE_CURVE ( ( 1.000000000000000000, 0.9238795325112867385, 1.000000000000000000, 0.9238795325112867385, 1.000000000000000000, 0.9238795325112867385, 1.000000000000000000 ) ) 
 REPRESENTATION_ITEM ( '' )  );
#1922 = CARTESIAN_POINT ( 'NONE',  ( 1.053469879313098323, -2.543301270189239904, -0.8250000000000012879 ) ) ;
#1923 = CARTESIAN_POINT ( 'NONE',  ( 1.980384757729337641, -0.8203022253684580933, 3.649999999999998579 ) ) ;
#1924 = LINE ( 'NONE', #3252, #3353 ) ;
#1925 = DIRECTION ( 'NONE',  ( -0.000000000000000000, -0.000000000000000000, -1.000000000000000000 ) ) ;
#1926 = CARTESIAN_POINT ( 'NONE',  ( 0.4972681114092700749, 2.129925861181422686, 2.487971095643952690 ) ) ;
#1927 = CARTESIAN_POINT ( 'NONE',  ( -0.8203022253684481013, -1.980384757729346967, -5.350000000000001421 ) ) ;
#1928 = CARTESIAN_POINT ( 'NONE',  ( 1.879466647788316624, 1.649012836202798704, -7.704988229592278692 ) ) ;
#1929 = CARTESIAN_POINT ( 'NONE',  ( 1.980384757729337641, -0.8203022253684580933, -5.050000000000002487 ) ) ;
#1930 = DIRECTION ( 'NONE',  ( -0.000000000000000000, -0.000000000000000000, -1.000000000000000000 ) ) ;
#1931 = CARTESIAN_POINT ( 'NONE',  ( 1.980384757729337641, 0.8203022253684393306, -2.650000000000001243 ) ) ;
#1932 = CARTESIAN_POINT ( 'NONE',  ( -2.500000000000007994, 1.035533905932736198, 1.349999999999997202 ) ) ;
#1933 = CARTESIAN_POINT ( 'NONE',  ( -2.543301270189231023, -1.053469879313107871, 0.6249999999999986677 ) ) ;
#1934 = CARTESIAN_POINT ( 'NONE',  ( 1.400343491548893260, 1.400343491548883490, -3.400000000000001243 ) ) ;
#1935 = CARTESIAN_POINT ( 'NONE',  ( -1.767766952966376426, -1.767766952966385308, 1.499999999999997558 ) ) ;
#1936 = CARTESIAN_POINT ( 'NONE',  ( -3.061616997868395960E-16, -2.500000000000019540, -1.699999999999999734 ) ) ;
#1937 = VERTEX_POINT ( 'NONE', #1981 ) ;
#1938 = CARTESIAN_POINT ( 'NONE',  ( -1.400343491548893038, -1.400343491548901920, -6.100000000000002309 ) ) ;
#1939 = EDGE_CURVE ( 'NONE', #2007, #605, #790, .T. ) ;
#1940 = CARTESIAN_POINT ( 'NONE',  ( -3.061616997868395960E-16, -2.500000000000019540, -1.600000000000003642 ) ) ;
#1941 = LINE ( 'NONE', #2302, #1322 ) ;
#1942 = ORIENTED_EDGE ( 'NONE', *, *, #1604, .T. ) ;
#1943 = CARTESIAN_POINT ( 'NONE',  ( -1.798385574751164562, 1.798385574751155458, -1.175000000000001599 ) ) ;
#1944 = CARTESIAN_POINT ( 'NONE',  ( -1.053469879313098989, 2.543301270189221253, -6.775000000000002132 ) ) ;
#1945 = CARTESIAN_POINT ( 'NONE',  ( 0.8203022253684477683, -1.980384757729347633, -5.950000000000002842 ) ) ;
#1946 = CARTESIAN_POINT ( 'NONE',  ( 1.033813061886613260, 1.925403506836636414, 2.444407178896925270 ) ) ;
#1947 = CARTESIAN_POINT ( 'NONE',  ( -1.980384757729338085, -0.8203022253684568721, -5.450000000000001954 ) ) ;
#1948 = CARTESIAN_POINT ( 'NONE',  ( 2.430916648967845983, 0.3230810215594065449, -7.753073920127325103 ) ) ;
#1949 = APPROVAL_STATUS ( 'not_yet_approved' ) ;
#1950 = CARTESIAN_POINT ( 'NONE',  ( -1.400343491548893038, -1.400343491548901920, -4.500000000000002665 ) ) ;
#1951 = CARTESIAN_POINT ( 'NONE',  ( 1.999999999999997113, -1.154700538379248576, 6.000000000000000000 ) ) ;
#1952 = ADVANCED_FACE ( 'NONE', ( #3358 ), #1643, .T. ) ;
#1953 = CARTESIAN_POINT ( 'NONE',  ( 0.000000000000000000, 1.980384757729328982, -2.500000000000001332 ) ) ;
#1954 = DIRECTION ( 'NONE',  ( -0.000000000000000000, -0.000000000000000000, -1.000000000000000000 ) ) ;
#1955 = CARTESIAN_POINT ( 'NONE',  ( 1.053469879313100765, 2.543301270189220809, 0.3249999999999989009 ) ) ;
#1956 = CARTESIAN_POINT ( 'NONE',  ( 0.8203022253684492116, 1.980384757729328538, -2.550000000000001155 ) ) ;
#1957 = CARTESIAN_POINT ( 'NONE',  ( -1.767766952966376204, 1.767766952966367322, -5.200000000000000178 ) ) ;
#1958 = CARTESIAN_POINT ( 'NONE',  ( 0.000000000000000000, -2.602085213965210642E-15, -8.500000000000000000 ) ) ;
#1959 = ORIENTED_EDGE ( 'NONE', *, *, #3750, .F. ) ;
#1960 = CARTESIAN_POINT ( 'NONE',  ( 0.8203022253684493226, 1.980384757729328538, -0.05000000000000143219 ) ) ;
#1961 = CARTESIAN_POINT ( 'NONE',  ( -1.400343491548893038, -1.400343491548901920, -4.500000000000002665 ) ) ;
#1962 = CARTESIAN_POINT ( 'NONE',  ( -1.767766952966376204, 1.767766952966367322, -1.999999999999999556 ) ) ;
#1963 = CARTESIAN_POINT ( 'NONE',  ( -1.999999999999997780, -0.3888971377316702838, 8.175446395698614310 ) ) ;
#1964 = ORIENTED_EDGE ( 'NONE', *, *, #3750, .T. ) ;
#1965 = CARTESIAN_POINT ( 'NONE',  ( 1.798385574751164340, -1.798385574751173888, -2.375000000000001332 ) ) ;
#1966 = CARTESIAN_POINT ( 'NONE',  ( 2.543301270189230578, 1.053469879313090551, -4.575000000000002842 ) ) ;
#1967 = CARTESIAN_POINT ( 'NONE',  ( -1.980384757729338085, -8.991640643818871886E-15, -7.800000000000002487 ) ) ;
#1968 = CARTESIAN_POINT ( 'NONE',  ( 1.035533905932741749, -2.500000000000019984, 0.04999999999999776151 ) ) ;
#1969 = CARTESIAN_POINT ( 'NONE',  ( -2.500000000000010658, -8.959823386657123714E-15, 0.5000000000000008882 ) ) ;
#1970 = CARTESIAN_POINT ( 'NONE',  ( 1.980384757729337641, -0.8203022253684580933, -0.3500000000000013656 ) ) ;
#1971 = CARTESIAN_POINT ( 'NONE',  ( 1.873889090516444478, -1.637313984117994670, 3.317240059933713958 ) ) ;
#1972 = COORDINATED_UNIVERSAL_TIME_OFFSET ( 6, 0, .BEHIND. ) ;
#1973 = CARTESIAN_POINT ( 'NONE',  ( 1.980384757729338085, -9.476695014745558097E-15, -4.200000000000001954 ) ) ;
#1974 = VECTOR ( 'NONE', #3052, 1000.000000000000000 ) ;
#1975 = CARTESIAN_POINT ( 'NONE',  ( 2.500000000000010658, -9.572146786230802611E-15, -3.100000000000000089 ) ) ;
#1976 = CARTESIAN_POINT ( 'NONE',  ( 1.980384757729337641, 0.8203022253684393306, -1.850000000000000977 ) ) ;
#1977 = VECTOR ( 'NONE', #3265, 1000.000000000000000 ) ;
#1978 = CARTESIAN_POINT ( 'NONE',  ( 1.035533905932741749, -2.500000000000019984, -6.450000000000000178 ) ) ;
#1979 = CARTESIAN_POINT ( 'NONE',  ( 1.053469879313100765, 2.543301270189220809, 1.124999999999997558 ) ) ;
#1980 = CARTESIAN_POINT ( 'NONE',  ( -0.8203022253684478793, 1.980384757729328982, -2.450000000000001510 ) ) ;
#1981 = CARTESIAN_POINT ( 'NONE',  ( -2.500000000000010658, -8.959823386657123714E-15, -7.500000000000000888 ) ) ;
#1982 = CARTESIAN_POINT ( 'NONE',  ( -1.341984088703668476, -1.534606201897243949, 8.158939748639950196 ) ) ;
#1983 = ORIENTED_EDGE ( 'NONE', *, *, #915, .T. ) ;
#1984 = CARTESIAN_POINT ( 'NONE',  ( 1.980384757729337641, -0.8203022253684580933, -1.850000000000002087 ) ) ;
#1985 = CARTESIAN_POINT ( 'NONE',  ( 1.980384757729338085, -9.476695014745558097E-15, -4.200000000000001954 ) ) ;
#1986 = AXIS2_PLACEMENT_3D ( 'NONE', #1644, #10, #3026 ) ;
#1987 = CARTESIAN_POINT ( 'NONE',  ( 2.500000000000003997, -2.295923514178371982E-15, -8.500000000000000000 ) ) ;
#1988 = CARTESIAN_POINT ( 'NONE',  ( -2.500000000000004885, -1.035533905932756404, -5.850000000000001421 ) ) ;
#1989 = AXIS2_PLACEMENT_3D ( 'NONE', #1834, #1496, #3174 ) ;
#1990 = ORIENTED_EDGE ( 'NONE', *, *, #3598, .T. ) ;
#1991 = CARTESIAN_POINT ( 'NONE',  ( 2.543301270189230134, -9.580101100521239259E-15, -3.075000000000001510 ) ) ;
#1992 = CARTESIAN_POINT ( 'NONE',  ( 2.543301270189230578, 1.053469879313090551, -6.175000000000000711 ) ) ;
#1993 =( BOUNDED_CURVE ( )  B_SPLINE_CURVE ( 2, ( #3359, #3772, #1031, #1731, #3426, #330, #691, #604, #1296 ),
 .UNSPECIFIED., .F., .F. ) 
 B_SPLINE_CURVE_WITH_KNOTS ( ( 3, 2, 2, 2, 3 ),
 ( 0.3593750000000000000, 0.3671875000000000000, 0.3750000000000000000, 0.3828125000000000000, 0.3906250000000000000 ),
 .UNSPECIFIED. ) 
 CURVE ( )  GEOMETRIC_REPRESENTATION_ITEM ( )  RATIONAL_B_SPLINE_CURVE ( ( 1.000000000000000000, 0.9238795325112867385, 1.000000000000000000, 0.9238795325112867385, 1.000000000000000000, 0.9238795325112867385, 1.000000000000000000, 0.9238795325112867385, 1.000000000000000000 ) ) 
 REPRESENTATION_ITEM ( '' )  );
#1994 = CARTESIAN_POINT ( 'NONE',  ( -2.425271854633440422E-16, -1.980384757729347189, -7.600000000000002309 ) ) ;
#1995 = CARTESIAN_POINT ( 'NONE',  ( 2.500000000000010658, -9.572146786230802611E-15, 0.1999999999999968470 ) ) ;
#1996 = CARTESIAN_POINT ( 'NONE',  ( -2.500000000000010658, 1.035533905932733312, -6.650000000000002132 ) ) ;
#1997 = CARTESIAN_POINT ( 'NONE',  ( 0.8203022253684493226, 1.980384757729328538, -0.9500000000000012879 ) ) ;
#1998 = ADVANCED_FACE ( 'NONE', ( #1475 ), #2815, .F. ) ;
#1999 = CARTESIAN_POINT ( 'NONE',  ( -1.999999999999997335, 2.449293584981933658E-16, 8.158689247808391443 ) ) ;
#2000 = CARTESIAN_POINT ( 'NONE',  ( -0.8203022253684478793, 1.980384757729328982, -3.150000000000001688 ) ) ;
#2001 = CYLINDRICAL_SURFACE ( 'NONE', #1110, 2.500000000000003997 ) ;
#2002 = CARTESIAN_POINT ( 'NONE',  ( 1.980384757729337641, 0.8203022253684393306, -1.050000000000000711 ) ) ;
#2003 = CARTESIAN_POINT ( 'NONE',  ( -2.500000000000011546, 1.035533905932731757, 2.949999999999997513 ) ) ;
#2004 = LINE ( 'NONE', #4206, #608 ) ;
#2005 = CARTESIAN_POINT ( 'NONE',  ( 1.980384757729338085, -9.476695014745558097E-15, -1.100000000000001199 ) ) ;
#2006 = CARTESIAN_POINT ( 'NONE',  ( 0.000000000000000000, -2.602085213965210642E-15, -8.500000000000000000 ) ) ;
#2007 = VERTEX_POINT ( 'NONE', #2429 ) ;
#2008 = PLANE ( 'NONE',  #1044 ) ;
#2009 = ORIENTED_EDGE ( 'NONE', *, *, #588, .F. ) ;
#2010 = CARTESIAN_POINT ( 'NONE',  ( -1.400343491548893038, -1.400343491548901920, 1.099999999999998535 ) ) ;
#2011 = CARTESIAN_POINT ( 'NONE',  ( 0.000000000000000000, 1.980384757729328982, -4.000000000000001776 ) ) ;
#2012 = CARTESIAN_POINT ( 'NONE',  ( -1.999999999999997335, -1.154700538379250796, 6.000000000000000000 ) ) ;
#2013 = CARTESIAN_POINT ( 'NONE',  ( -1.415840278643711425, -1.669225647813313174, 2.492380688603353711 ) ) ;
#2014 = ORIENTED_EDGE ( 'NONE', *, *, #4059, .T. ) ;
#2015 = CARTESIAN_POINT ( 'NONE',  ( -2.543301270189230134, -8.957171948560311498E-15, 2.124999999999998224 ) ) ;
#2016 = EDGE_CURVE ( 'NONE', #3951, #709, #2087, .T. ) ;
#2017 = APPLICATION_CONTEXT ( 'configuration controlled 3d designs of mechanical parts and assemblies' ) ;
#2018 = CARTESIAN_POINT ( 'NONE',  ( -2.543301270189231023, 1.053469879313089885, -3.475000000000002753 ) ) ;
#2019 = CARTESIAN_POINT ( 'NONE',  ( -1.980384757729338085, -8.991640643818871886E-15, -8.600000000000001421 ) ) ;
#2020 = CARTESIAN_POINT ( 'NONE',  ( 2.026741187952254108, -0.2199705869235216160, 2.060160247432621716 ) ) ;
#2021 = CARTESIAN_POINT ( 'NONE',  ( 1.767766952966376870, 1.767766952966366656, -6.900000000000003020 ) ) ;
#2022 = CARTESIAN_POINT ( 'NONE',  ( 1.980384757729337641, 0.8203022253684393306, -0.2500000000000019984 ) ) ;
#2023 = CARTESIAN_POINT ( 'NONE',  ( 1.980384757729337641, 0.8203022253684392195, -3.350000000000002753 ) ) ;
#2024 = DIRECTION ( 'NONE',  ( -1.000000000000000000, 0.000000000000000000, 0.000000000000000000 ) ) ;
#2025 = CARTESIAN_POINT ( 'NONE',  ( 1.400343491548893260, 1.400343491548883490, -0.2000000000000005107 ) ) ;
#2026 = CARTESIAN_POINT ( 'NONE',  ( 1.999999999999997335, 0.7788261081508942585, 8.238530928774094875 ) ) ;
#2027 = CARTESIAN_POINT ( 'NONE',  ( 2.500000000000010658, -9.572146786230802611E-15, 1.700000000000000622 ) ) ;
#2028 = CARTESIAN_POINT ( 'NONE',  ( -1.980384757729338085, -8.991640643818871886E-15, -0.7000000000000009548 ) ) ;
#2029 = LINE ( 'NONE', #234, #2338 ) ;
#2030 = CARTESIAN_POINT ( 'NONE',  ( -2.500000000000019096, 1.035533905932724652, -6.749999999999999112 ) ) ;
#2031 = ORIENTED_EDGE ( 'NONE', *, *, #1537, .F. ) ;
#2032 = CARTESIAN_POINT ( 'NONE',  ( -1.980384757729338085, -8.991640643818871886E-15, 3.399999999999998579 ) ) ;
#2033 = DIRECTION ( 'NONE',  ( -1.000000000000000000, 0.000000000000000000, 0.000000000000000000 ) ) ;
#2034 = CARTESIAN_POINT ( 'NONE',  ( 1.035533905932741749, -2.500000000000019984, -5.650000000000000355 ) ) ;
#2035 = ORIENTED_EDGE ( 'NONE', *, *, #109, .T. ) ;
#2036 = CARTESIAN_POINT ( 'NONE',  ( 2.543301270189230134, -1.053469879313109425, 0.07499999999999867883 ) ) ;
#2037 = CARTESIAN_POINT ( 'NONE',  ( 1.053469879313100765, 2.543301270189220809, -4.475000000000002309 ) ) ;
#2038 = CARTESIAN_POINT ( 'NONE',  ( 0.8203022253684493226, 1.980384757729328538, -6.450000000000002842 ) ) ;
#2039 = CARTESIAN_POINT ( 'NONE',  ( -1.798385574751164562, 1.798385574751155458, -7.575000000000001954 ) ) ;
#2040 =( BOUNDED_CURVE ( )  B_SPLINE_CURVE ( 2, ( #3917, #3636, #842 ),
 .UNSPECIFIED., .F., .F. ) 
 B_SPLINE_CURVE_WITH_KNOTS ( ( 3, 3 ),
 ( 0.9218749999999998890, 0.9265661934178520687 ),
 .UNSPECIFIED. ) 
 CURVE ( )  GEOMETRIC_REPRESENTATION_ITEM ( )  RATIONAL_B_SPLINE_CURVE ( ( 1.000000000000001110, 0.9542917329859998965, 0.9634766042395201957 ) ) 
 REPRESENTATION_ITEM ( '' )  );
#2041 = CARTESIAN_POINT ( 'NONE',  ( 1.980384757729337641, 0.8203022253684393306, -1.850000000000000977 ) ) ;
#2042 = CARTESIAN_POINT ( 'NONE',  ( 2.500000000000007550, 1.035533905932736642, 1.849999999999997424 ) ) ;
#2043 = CARTESIAN_POINT ( 'NONE',  ( -1.400343491548893038, 1.400343491548883934, -0.8000000000000020428 ) ) ;
#2044 = CARTESIAN_POINT ( 'NONE',  ( 2.500000000000010658, -9.572146786230802611E-15, 3.299999999999999378 ) ) ;
#2045 = CARTESIAN_POINT ( 'NONE',  ( -2.500000000000010658, -1.035533905932750853, -1.050000000000000044 ) ) ;
#2046 = ADVANCED_FACE ( 'NONE', ( #1790 ), #2134, .T. ) ;
#2047 = CARTESIAN_POINT ( 'NONE',  ( -1.980384757729338085, -0.8203022253684569831, 1.749999999999998002 ) ) ;
#2048 = CYLINDRICAL_SURFACE ( 'NONE', #241, 2.500000000000003997 ) ;
#2049 = CARTESIAN_POINT ( 'NONE',  ( -6.044837128638120346E-16, -2.309401076758500260, 8.337322042762473018 ) ) ;
#2050 = VERTEX_POINT ( 'NONE', #2791 ) ;
#2051 = CARTESIAN_POINT ( 'NONE',  ( -2.425271854633440422E-16, -1.980384757729347189, 2.799999999999998490 ) ) ;
#2052 = B_SPLINE_CURVE_WITH_KNOTS ( 'NONE', 3,
 ( #2609, #869, #1498, #3638, #2565, #2246, #3920, #3962 ),
 .UNSPECIFIED., .F., .F.,
 ( 4, 2, 2, 4 ),
 ( 2.380749485068693225E-07, 0.001166425106128745346, 0.001749518621718864578, 0.002332612137308984028 ),
 .UNSPECIFIED. ) ;
#2053 = VECTOR ( 'NONE', #1055, 1000.000000000000000 ) ;
#2054 = CARTESIAN_POINT ( 'NONE',  ( 2.500000000000010658, -9.572146786230802611E-15, -6.299999999999999822 ) ) ;
#2055 = CARTESIAN_POINT ( 'NONE',  ( -1.035533905932742194, -2.500000000000019540, -2.549999999999999822 ) ) ;
#2056 = ORIENTED_EDGE ( 'NONE', *, *, #1143, .T. ) ;
#2057 = CARTESIAN_POINT ( 'NONE',  ( -3.114645759804638804E-16, -2.543301270189239460, -0.07500000000000041356 ) ) ;
#2058 = ORIENTED_EDGE ( 'NONE', *, *, #2757, .T. ) ;
#2059 = CARTESIAN_POINT ( 'NONE',  ( 1.053469879313098323, -2.543301270189240348, -6.375000000000002665 ) ) ;
#2060 = CONICAL_SURFACE ( 'NONE', #2125, 1.700000000000003730, 0.7853981633974483900 ) ;
#2061 = CARTESIAN_POINT ( 'NONE',  ( -1.980384757729338085, -8.991640643818871886E-15, -3.800000000000002043 ) ) ;
#2062 = CARTESIAN_POINT ( 'NONE',  ( 1.798385574751164784, 1.798385574751154792, -6.975000000000002309 ) ) ;
#2063 = CARTESIAN_POINT ( 'NONE',  ( -0.8203022253684481013, -1.980384757729346967, -0.5500000000000020428 ) ) ;
#2064 = FACE_OUTER_BOUND ( 'NONE', #2670, .T. ) ;
#2065 =( BOUNDED_CURVE ( )  B_SPLINE_CURVE ( 2, ( #3853, #3442, #728, #1415, #1050, #4146, #2448, #3462, #3504 ),
 .UNSPECIFIED., .F., .F. ) 
 B_SPLINE_CURVE_WITH_KNOTS ( ( 3, 2, 2, 2, 3 ),
 ( 0.4218750000000000000, 0.4296875000000000000, 0.4375000000000000000, 0.4453125000000000555, 0.4531250000000000555 ),
 .UNSPECIFIED. ) 
 CURVE ( )  GEOMETRIC_REPRESENTATION_ITEM ( )  RATIONAL_B_SPLINE_CURVE ( ( 1.000000000000000000, 0.9238795325112867385, 1.000000000000000000, 0.9238795325112867385, 1.000000000000000000, 0.9238795325112867385, 1.000000000000000000, 0.9238795325112861834, 1.000000000000000444 ) ) 
 REPRESENTATION_ITEM ( '' )  );
#2066 = CARTESIAN_POINT ( 'NONE',  ( -1.980384757729338085, -8.991640643818871886E-15, -1.500000000000001332 ) ) ;
#2067 = CARTESIAN_POINT ( 'NONE',  ( -2.500000000000003997, -2.602085213965210642E-15, -8.500000000000000000 ) ) ;
#2068 = CARTESIAN_POINT ( 'NONE',  ( 1.035533905932741749, -2.500000000000019984, 3.150000000000000799 ) ) ;
#2069 = CARTESIAN_POINT ( 'NONE',  ( 1.400343491548893260, 1.400343491548883490, 0.5999999999999980904 ) ) ;
#2070 = DIRECTION ( 'NONE',  ( -1.000000000000000000, 0.000000000000000000, 0.000000000000000000 ) ) ;
#2071 = ORIENTED_EDGE ( 'NONE', *, *, #3582, .T. ) ;
#2072 = CARTESIAN_POINT ( 'NONE',  ( -1.980384757729338085, -0.8203022253684568721, 3.449999999999998845 ) ) ;
#2073 = CARTESIAN_POINT ( 'NONE',  ( 2.500000000000010658, -9.572146786230802611E-15, -3.900000000000000355 ) ) ;
#2074 = CARTESIAN_POINT ( 'NONE',  ( 1.027662989387782444, -1.983860406290967937, 2.617315184545893736 ) ) ;
#2075 = ORIENTED_EDGE ( 'NONE', *, *, #4372, .F. ) ;
#2076 = CARTESIAN_POINT ( 'NONE',  ( -1.798385574751164562, 1.798385574751155458, -0.3750000000000020539 ) ) ;
#2077 = CARTESIAN_POINT ( 'NONE',  ( -1.798385574751164784, 1.798385574751155680, -0.3250000000000023981 ) ) ;
#2078 = B_SPLINE_CURVE_WITH_KNOTS ( 'NONE', 3,
 ( #1889, #1573, #4282, #3925, #2956, #1552 ),
 .UNSPECIFIED., .F., .F.,
 ( 4, 2, 4 ),
 ( 2.240183135935655890E-17, 0.0007784454369989732541, 0.001556890873997923957 ),
 .UNSPECIFIED. ) ;
#2079 = CARTESIAN_POINT ( 'NONE',  ( 0.8203022253684477683, -1.980384757729347633, -3.550000000000002043 ) ) ;
#2080 = FACE_OUTER_BOUND ( 'NONE', #1018, .T. ) ;
#2081 = CARTESIAN_POINT ( 'NONE',  ( 1.980384757729337641, 0.8203022253684393306, 0.5499999999999984901 ) ) ;
#2082 = CARTESIAN_POINT ( 'NONE',  ( -4.249999999999998224, -2.602085213965210642E-15, 8.250000000000000000 ) ) ;
#2083 = CARTESIAN_POINT ( 'NONE',  ( 0.8203022253684493226, 1.980384757729328538, 1.449999999999998179 ) ) ;
#2084 = CARTESIAN_POINT ( 'NONE',  ( 1.035533905932741749, -2.500000000000019984, -7.250000000000000000 ) ) ;
#2085 = CARTESIAN_POINT ( 'NONE',  ( -1.767766952966376204, -1.767766952966385086, -0.9999999999999995559 ) ) ;
#2086 = CARTESIAN_POINT ( 'NONE',  ( -2.425271854633440422E-16, -1.980384757729347189, -0.5000000000000004441 ) ) ;
#2087 = LINE ( 'NONE', #4188, #2705 ) ;
#2088 = DIRECTION ( 'NONE',  ( -0.000000000000000000, -0.000000000000000000, 1.000000000000000000 ) ) ;
#2089 = ORIENTED_EDGE ( 'NONE', *, *, #1048, .F. ) ;
#2090 = CARTESIAN_POINT ( 'NONE',  ( 1.980384757729338085, -9.476695014745558097E-15, 2.999999999999997335 ) ) ;
#2091 = CARTESIAN_POINT ( 'NONE',  ( 2.500000000000010658, -9.572146786230802611E-15, -4.700000000000000178 ) ) ;
#2092 = CARTESIAN_POINT ( 'NONE',  ( -1.035533905932751964, 2.499999999999992006, -7.650000000000000355 ) ) ;
#2093 = ORIENTED_EDGE ( 'NONE', *, *, #1691, .F. ) ;
#2094 = CARTESIAN_POINT ( 'NONE',  ( 1.053469879313098323, -2.543301270189239904, 0.7749999999999995781 ) ) ;
#2095 = CARTESIAN_POINT ( 'NONE',  ( 1.798385574751165228, 1.798385574751155236, -0.5250000000000011324 ) ) ;
#2096 = AXIS2_PLACEMENT_3D ( 'NONE', #3981, #3653, #932 ) ;
#2097 = CARTESIAN_POINT ( 'NONE',  ( -1.980384757729338085, 0.8203022253684388865, -5.550000000000000711 ) ) ;
#2098 = CARTESIAN_POINT ( 'NONE',  ( 1.980384757729337641, -0.8203022253684580933, -2.650000000000002132 ) ) ;
#2099 = EDGE_CURVE ( 'NONE', #3881, #1753, #1111, .T. ) ;
#2100 = CARTESIAN_POINT ( 'NONE',  ( 0.000000000000000000, 1.980384757729328982, -3.200000000000002398 ) ) ;
#2101 = CARTESIAN_POINT ( 'NONE',  ( -1.798385574751164562, 1.798385574751155458, -8.375000000000001776 ) ) ;
#2102 = CARTESIAN_POINT ( 'NONE',  ( -0.8203022253684481013, -1.980384757729346967, 2.649999999999999911 ) ) ;
#2103 = CARTESIAN_POINT ( 'NONE',  ( -1.989189393230912817, 0.8456807809677165944, -8.049427373274827602 ) ) ;
#2104 = CARTESIAN_POINT ( 'NONE',  ( -0.8203022253684481013, -1.980384757729346967, 1.849999999999999423 ) ) ;
#2105 = CARTESIAN_POINT ( 'NONE',  ( 0.000000000000000000, -2.602085213965210642E-15, -8.500000000000000000 ) ) ;
#2106 = CARTESIAN_POINT ( 'NONE',  ( -1.281724987303725527, -2.069948715786121163, 3.169131055076740644 ) ) ;
#2107 = CARTESIAN_POINT ( 'NONE',  ( 2.472154559199747137, -9.567031661738767835E-15, 3.283923427258263583 ) ) ;
#2108 = CARTESIAN_POINT ( 'NONE',  ( 1.980384757729338085, -9.476695014745558097E-15, -8.200000000000002842 ) ) ;
#2109 = CARTESIAN_POINT ( 'NONE',  ( -1.767766952966376426, 1.767766952966367100, -5.900000000000003020 ) ) ;
#2110 = EDGE_LOOP ( 'NONE', ( #1036, #2345, #3005, #2455 ) ) ;
#2111 = CARTESIAN_POINT ( 'NONE',  ( 1.980384757729337641, 0.8203022253684393306, -7.450000000000001954 ) ) ;
#2112 = APPROVAL ( #2223, 'UNSPECIFIED' ) ;
#2113 = CARTESIAN_POINT ( 'NONE',  ( 0.8203022253684477683, -1.980384757729347633, 2.049999999999998046 ) ) ;
#2114 = CARTESIAN_POINT ( 'NONE',  ( -1.999999999999997335, 1.154700538379249686, 8.337322042762471241 ) ) ;
#2115 = VERTEX_POINT ( 'NONE', #752 ) ;
#2116 = CIRCLE ( 'NONE', #96, 0.2500000000000002220 ) ;
#2117 = CARTESIAN_POINT ( 'NONE',  ( 2.543301270189230134, -1.053469879313109425, 4.074999999999998401 ) ) ;
#2118 = AXIS2_PLACEMENT_3D ( 'NONE', #2006, #2685, #3684 ) ;
#2119 = CARTESIAN_POINT ( 'NONE',  ( -1.053469879313099211, -2.543301270189239904, -0.8750000000000024425 ) ) ;
#2120 = CARTESIAN_POINT ( 'NONE',  ( -1.980384757729338085, 0.8203022253684388865, -0.6500000000000012434 ) ) ;
#2121 = CARTESIAN_POINT ( 'NONE',  ( 1.980384757729337641, 0.8203022253684393306, -0.9500000000000012879 ) ) ;
#2122 = CARTESIAN_POINT ( 'NONE',  ( -1.980384757729338085, -0.8203022253684568721, -4.550000000000001599 ) ) ;
#2123 = CARTESIAN_POINT ( 'NONE',  ( 2.543301270189230134, -1.053469879313109425, -7.925000000000001599 ) ) ;
#2124 = EDGE_LOOP ( 'NONE', ( #1820, #2535 ) ) ;
#2125 = AXIS2_PLACEMENT_3D ( 'NONE', #722, #1470, #4140 ) ;
#2126 = CARTESIAN_POINT ( 'NONE',  ( -1.980384757729338085, -0.8203022253684568721, 1.749999999999998224 ) ) ;
#2127 = CARTESIAN_POINT ( 'NONE',  ( -0.9093981002383281220, 1.887806100238517137, -8.107414018880923834 ) ) ;
#2128 = CIRCLE ( 'NONE', #325, 4.249999999999999112 ) ;
#2129 = CARTESIAN_POINT ( 'NONE',  ( 1.980384757729337641, -0.8203022253684580933, 1.249999999999999334 ) ) ;
#2130 = EDGE_CURVE ( 'NONE', #927, #4128, #53, .T. ) ;
#2131 = CARTESIAN_POINT ( 'NONE',  ( 0.8203022253684493226, 1.980384757729328538, -8.150000000000000355 ) ) ;
#2132 = CARTESIAN_POINT ( 'NONE',  ( -2.348482679167686715, -0.5760234535561603586, 3.087445521105473212 ) ) ;
#2133 =( BOUNDED_CURVE ( )  B_SPLINE_CURVE ( 2, ( #902, #832, #1870, #1212, #4261, #3621, #1962, #3949, #3576 ),
 .UNSPECIFIED., .F., .F. ) 
 B_SPLINE_CURVE_WITH_KNOTS ( ( 3, 2, 2, 2, 3 ),
 ( 0.4843750000000000000, 0.4921875000000000000, 0.5000000000000000000, 0.5078125000000000000, 0.5156250000000000000 ),
 .UNSPECIFIED. ) 
 CURVE ( )  GEOMETRIC_REPRESENTATION_ITEM ( )  RATIONAL_B_SPLINE_CURVE ( ( 1.000000000000000000, 0.9238795325112867385, 1.000000000000000000, 0.9238795325112867385, 1.000000000000000000, 0.9238795325112867385, 1.000000000000000000, 0.9238795325112867385, 1.000000000000000000 ) ) 
 REPRESENTATION_ITEM ( '' )  );
#2134 = CYLINDRICAL_SURFACE ( 'NONE', #3903, 4.250000000000000000 ) ;
#2135 = CARTESIAN_POINT ( 'NONE',  ( 2.359481675059179384, -0.6035357323803561824, -7.783215628169304345 ) ) ;
#2136 = CARTESIAN_POINT ( 'NONE',  ( -1.400343491548893038, 1.400343491548883934, -6.400000000000001243 ) ) ;
#2137 = CARTESIAN_POINT ( 'NONE',  ( -1.400343491548893038, 1.400343491548883934, 2.499999999999998668 ) ) ;
#2138 = CARTESIAN_POINT ( 'NONE',  ( -1.079705002744259845, 2.092541753111758940, 2.947682171593772438 ) ) ;
#2139 = CARTESIAN_POINT ( 'NONE',  ( -1.767766952966376204, 1.767766952966367322, -7.600000000000000533 ) ) ;
#2140 = ORIENTED_EDGE ( 'NONE', *, *, #3411, .F. ) ;
#2141 = ADVANCED_FACE ( 'NONE', ( #3132 ), #1544, .T. ) ;
#2142 = CARTESIAN_POINT ( 'NONE',  ( 1.400343491548892816, -1.400343491548902364, -8.300000000000002487 ) ) ;
#2143 = CARTESIAN_POINT ( 'NONE',  ( 1.053469879313100765, 2.543301270189220809, -2.075000000000001954 ) ) ;
#2144 = CARTESIAN_POINT ( 'NONE',  ( 0.8203022253684492116, 1.980384757729328538, 1.549999999999997380 ) ) ;
#2145 = EDGE_CURVE ( 'NONE', #1094, #1162, #2065, .T. ) ;
#2146 = CARTESIAN_POINT ( 'NONE',  ( -0.8203022253684478793, 1.980384757729328982, -2.350000000000002309 ) ) ;
#2147 = CARTESIAN_POINT ( 'NONE',  ( 0.8203022253684493226, 1.980384757729328538, -2.450000000000001954 ) ) ;
#2148 = CARTESIAN_POINT ( 'NONE',  ( 2.543301270189230134, -1.053469879313109425, -6.325000000000001066 ) ) ;
#2149 = CARTESIAN_POINT ( 'NONE',  ( 1.980384757729337641, -0.8203022253684580933, 2.049999999999998046 ) ) ;
#2150 = CARTESIAN_POINT ( 'NONE',  ( -1.883810824788758387, 1.042340729065929006, -8.058016398537754199 ) ) ;
#2151 = CARTESIAN_POINT ( 'NONE',  ( -1.980384757729338085, -0.8203022253684568721, 2.549999999999998490 ) ) ;
#2152 = CYLINDRICAL_SURFACE ( 'NONE', #3343, 2.500000000000003997 ) ;
#2153 = CARTESIAN_POINT ( 'NONE',  ( -1.767766952966376204, 1.767766952966367322, 2.800000000000000711 ) ) ;
#2154 = CARTESIAN_POINT ( 'NONE',  ( -2.500000000000016431, 1.035533905932727539, -5.949999999999999289 ) ) ;
#2155 = CARTESIAN_POINT ( 'NONE',  ( -1.767766952966376426, -1.767766952966385308, -2.500000000000003109 ) ) ;
#2156 = CARTESIAN_POINT ( 'NONE',  ( 1.980384757729337641, 0.8203022253684393306, -6.650000000000001243 ) ) ;
#2157 = CARTESIAN_POINT ( 'NONE',  ( -1.980384757729338085, -8.991640643818871886E-15, 1.799999999999997824 ) ) ;
#2158 =( BOUNDED_CURVE ( )  B_SPLINE_CURVE ( 2, ( #3004, #193, #2592, #532, #4350, #3996, #169, #505, #2298 ),
 .UNSPECIFIED., .F., .F. ) 
 B_SPLINE_CURVE_WITH_KNOTS ( ( 3, 2, 2, 2, 3 ),
 ( 0.8281250000000000000, 0.8359375000000000000, 0.8437500000000000000, 0.8515625000000000000, 0.8593750000000000000 ),
 .UNSPECIFIED. ) 
 CURVE ( )  GEOMETRIC_REPRESENTATION_ITEM ( )  RATIONAL_B_SPLINE_CURVE ( ( 1.000000000000000000, 0.9238795325112867385, 1.000000000000000000, 0.9238795325112867385, 1.000000000000000000, 0.9238795325112867385, 1.000000000000000000, 0.9238795325112867385, 1.000000000000000000 ) ) 
 REPRESENTATION_ITEM ( '' )  );
#2159 = DIRECTION ( 'NONE',  ( -1.000000000000000000, -1.224646799147349509E-16, 0.000000000000000000 ) ) ;
#2160 = CARTESIAN_POINT ( 'NONE',  ( 2.383869687118852720, -0.6171754716576464128, 3.243662050051758783 ) ) ;
#2161 = ORIENTED_EDGE ( 'NONE', *, *, #3021, .F. ) ;
#2162 = CARTESIAN_POINT ( 'NONE',  ( -0.8203022253684478793, 1.980384757729328982, -7.950000000000001954 ) ) ;
#2163 = ORIENTED_EDGE ( 'NONE', *, *, #1794, .T. ) ;
#2164 = CARTESIAN_POINT ( 'NONE',  ( -2.543301270189231023, -1.053469879313107871, -0.9750000000000017542 ) ) ;
#2165 = CARTESIAN_POINT ( 'NONE',  ( 1.980384757729337641, 0.8203022253684392195, -0.9500000000000012879 ) ) ;
#2166 = CARTESIAN_POINT ( 'NONE',  ( -1.980384757729338085, -8.991640643818871886E-15, -3.000000000000001776 ) ) ;
#2167 = CARTESIAN_POINT ( 'NONE',  ( -1.980384757729338085, -0.8203022253684568721, -2.150000000000001688 ) ) ;
#2168 = CARTESIAN_POINT ( 'NONE',  ( 1.798385574751164784, 1.798385574751154792, -4.575000000000001066 ) ) ;
#2169 = CARTESIAN_POINT ( 'NONE',  ( -0.8203022253684478793, 1.980384757729328982, 2.349999999999999645 ) ) ;
#2170 = CARTESIAN_POINT ( 'NONE',  ( -2.500000000000003997, -2.602085213965210642E-15, -8.500000000000000000 ) ) ;
#2171 = CARTESIAN_POINT ( 'NONE',  ( 1.400343491548892816, -1.400343491548902364, 1.999999999999998224 ) ) ;
#2172 = CARTESIAN_POINT ( 'NONE',  ( -1.980384757729338085, -8.991640643818871886E-15, -7.100000000000001421 ) ) ;
#2173 = CARTESIAN_POINT ( 'NONE',  ( 2.031632998155277647, 0.5962004122881471302, -8.087858237525221483 ) ) ;
#2174 = CARTESIAN_POINT ( 'NONE',  ( -4.000000000000000000, -2.602085213965210642E-15, 8.500000000000000000 ) ) ;
#2175 = CARTESIAN_POINT ( 'NONE',  ( -0.8203022253684481013, -1.980384757729347189, -7.650000000000002132 ) ) ;
#2176 = CARTESIAN_POINT ( 'NONE',  ( -1.700000000000003730, -2.348520737561195899E-15, -8.499999999999996447 ) ) ;
#2177 = CARTESIAN_POINT ( 'NONE',  ( -1.400343491548893038, -1.400343491548901920, -8.600000000000001421 ) ) ;
#2178 =( BOUNDED_CURVE ( )  B_SPLINE_CURVE ( 2, ( #3155, #389, #412, #77, #3525, #433, #773, #2154, #1812 ),
 .UNSPECIFIED., .F., .F. ) 
 B_SPLINE_CURVE_WITH_KNOTS ( ( 3, 2, 2, 2, 3 ),
 ( 0.1718750000000000278, 0.1796875000000000278, 0.1875000000000000555, 0.1953125000000000555, 0.2031250000000000555 ),
 .UNSPECIFIED. ) 
 CURVE ( )  GEOMETRIC_REPRESENTATION_ITEM ( )  RATIONAL_B_SPLINE_CURVE ( ( 0.9999999999999997780, 0.9238795325112869605, 1.000000000000000000, 0.9238795325112867385, 1.000000000000000000, 0.9238795325112867385, 1.000000000000000000, 0.9238795325112861834, 1.000000000000000444 ) ) 
 REPRESENTATION_ITEM ( '' )  );
#2179 = CARTESIAN_POINT ( 'NONE',  ( 0.8203022253684493226, 1.980384757729328538, -0.05000000000000143219 ) ) ;
#2180 = EDGE_CURVE ( 'NONE', #1352, #2644, #2178, .T. ) ;
#2181 = B_SPLINE_CURVE_WITH_KNOTS ( 'NONE', 3,
 ( #3407, #1323, #4377, #1301, #4047, #971, #1713, #2013, #3758, #3715, #1035, #2414, #3777, #695, #634, #3387, #2776, #289, #4132, #2074, #3447, #1056, #310, #1669, #353, #3053, #1693, #4398 ),
 .UNSPECIFIED., .F., .F.,
 ( 4, 2, 2, 2, 2, 2, 2, 2, 2, 2, 2, 2, 2, 4 ),
 ( 0.009168180841698271577, 0.009601301361743348403, 0.01003442188178842523, 0.01090066292187858062, 0.01133378344192365744, 0.01176690396196873600, 0.01220002448201381283, 0.01263314500205888966, 0.01306626552210396822, 0.01349938604214904504, 0.01393250656219412187, 0.01436562708223919869, 0.01523186812232935408, 0.01609810916241950773 ),
 .UNSPECIFIED. ) ;
#2182 = CARTESIAN_POINT ( 'NONE',  ( -1.980384757729338085, -0.8203022253684569831, -6.250000000000002665 ) ) ;
#2183 = CARTESIAN_POINT ( 'NONE',  ( -1.470046534768870039, 1.849165202913303885, 2.968435829774622725 ) ) ;
#2184 = CARTESIAN_POINT ( 'NONE',  ( -2.291622227820188762, -0.1558296865133823594, 2.787914923311430204 ) ) ;
#2185 = ORIENTED_EDGE ( 'NONE', *, *, #3403, .T. ) ;
#2186 = CARTESIAN_POINT ( 'NONE',  ( -1.053469879313098989, -2.543301270189239460, 3.874999999999998224 ) ) ;
#2187 = ADVANCED_FACE ( 'NONE', ( #3195 ), #367, .F. ) ;
#2188 = VECTOR ( 'NONE', #891, 1000.000000000000000 ) ;
#2189 = CARTESIAN_POINT ( 'NONE',  ( -1.400343491548893038, -1.400343491548901920, 0.2999999999999981570 ) ) ;
#2190 = CARTESIAN_POINT ( 'NONE',  ( -0.8203022253684481013, -1.980384757729346967, -1.250000000000001998 ) ) ;
#2191 = CARTESIAN_POINT ( 'NONE',  ( -0.8203022253684481013, -1.980384757729346967, 0.3499999999999978684 ) ) ;
#2192 = CARTESIAN_POINT ( 'NONE',  ( 2.543301270189230134, -9.580101100521239259E-15, -6.275000000000001243 ) ) ;
#2193 = AXIS2_PLACEMENT_3D ( 'NONE', #417, #1093, #2476 ) ;
#2194 = CARTESIAN_POINT ( 'NONE',  ( -2.425271854633440422E-16, -1.980384757729347189, 3.499999999999999556 ) ) ;
#2195 = CARTESIAN_POINT ( 'NONE',  ( -3.061616997868395960E-16, -2.500000000000019540, -5.600000000000002309 ) ) ;
#2196 = ORIENTED_EDGE ( 'NONE', *, *, #516, .F. ) ;
#2197 = DIRECTION ( 'NONE',  ( -0.000000000000000000, -0.000000000000000000, 1.000000000000000000 ) ) ;
#2198 = CARTESIAN_POINT ( 'NONE',  ( 1.400343491548893260, 1.400343491548883490, -7.400000000000002132 ) ) ;
#2199 = CARTESIAN_POINT ( 'NONE',  ( -2.396007206125125855, -0.2906516798441201033, 3.074710294134503474 ) ) ;
#2200 = DIRECTION ( 'NONE',  ( -0.5000000000000004441, 0.8660254037844384856, 0.000000000000000000 ) ) ;
#2201 = CIRCLE ( 'NONE', #2923, 2.550799999999995293 ) ;
#2202 = CARTESIAN_POINT ( 'NONE',  ( -0.8203022253684478793, 1.980384757729328982, -6.350000000000002309 ) ) ;
#2203 = FACE_OUTER_BOUND ( 'NONE', #1579, .T. ) ;
#2204 = CARTESIAN_POINT ( 'NONE',  ( -2.425271854633440422E-16, -1.980384757729347189, -2.900000000000001688 ) ) ;
#2205 = CARTESIAN_POINT ( 'NONE',  ( 0.000000000000000000, 1.980384757729328982, 0.7999999999999986011 ) ) ;
#2206 = CARTESIAN_POINT ( 'NONE',  ( -0.8203022253684481013, -1.980384757729347189, -4.550000000000000711 ) ) ;
#2207 = CARTESIAN_POINT ( 'NONE',  ( 0.6620079119860254879, 1.927190630567706675, 8.175613142459678073 ) ) ;
#2208 = CARTESIAN_POINT ( 'NONE',  ( -3.061616997868395960E-16, -2.500000000000019540, -4.800000000000003375 ) ) ;
#2209 = VERTEX_POINT ( 'NONE', #4208 ) ;
#2210 = CARTESIAN_POINT ( 'NONE',  ( 1.053469879313100543, 2.543301270189220809, 3.474999999999999201 ) ) ;
#2211 = CARTESIAN_POINT ( 'NONE',  ( -3.061616997868395960E-16, -2.500000000000019540, -3.200000000000003730 ) ) ;
#2212 = CARTESIAN_POINT ( 'NONE',  ( -2.425271854633440422E-16, -1.980384757729347189, -1.200000000000002176 ) ) ;
#2213 = CARTESIAN_POINT ( 'NONE',  ( 1.980384757729337641, -0.8203022253684580933, -1.050000000000002265 ) ) ;
#2214 = CARTESIAN_POINT ( 'NONE',  ( -2.425271854633440422E-16, -1.980384757729347189, -2.000000000000001776 ) ) ;
#2215 = CARTESIAN_POINT ( 'NONE',  ( -3.114645759804638804E-16, -2.543301270189239460, -6.475000000000001421 ) ) ;
#2216 = EDGE_CURVE ( 'NONE', #1094, #3277, #1131, .T. ) ;
#2217 = CARTESIAN_POINT ( 'NONE',  ( -2.543301270189231023, -1.053469879313107871, -8.975000000000001421 ) ) ;
#2218 = LINE ( 'NONE', #2896, #2635 ) ;
#2219 = EDGE_LOOP ( 'NONE', ( #4069, #2196, #3601, #4043, #4340 ) ) ;
#2220 = CARTESIAN_POINT ( 'NONE',  ( -1.521017697689289294, 1.650067723370372219, 2.644610094285839264 ) ) ;
#2221 = CARTESIAN_POINT ( 'NONE',  ( -1.980384757729338085, -8.991640643818871886E-15, -3.100000000000000977 ) ) ;
#2222 = CARTESIAN_POINT ( 'NONE',  ( 2.149125564589989601, 1.246745012360897853, -7.720682145069380553 ) ) ;
#2223 = APPROVAL_STATUS ( 'not_yet_approved' ) ;
#2224 = CARTESIAN_POINT ( 'NONE',  ( 1.980384757729338085, -9.476695014745558097E-15, -6.600000000000001421 ) ) ;
#2225 = CARTESIAN_POINT ( 'NONE',  ( -1.975432241990299431, -1.028312550229994127, -7.978039507954063581 ) ) ;
#2226 = CARTESIAN_POINT ( 'NONE',  ( -1.980384757729338085, 0.8203022253684389975, -5.550000000000000711 ) ) ;
#2227 = CARTESIAN_POINT ( 'NONE',  ( -1.035533905932742194, 2.500000000000001776, -4.350000000000003197 ) ) ;
#2228 = CARTESIAN_POINT ( 'NONE',  ( 1.400343491548893260, 1.400343491548883490, -6.600000000000001421 ) ) ;
#2229 = CYLINDRICAL_SURFACE ( 'NONE', #3348, 2.500000000000003997 ) ;
#2230 = CARTESIAN_POINT ( 'NONE',  ( 1.946986631126737199, 0.4164387727785626714, -8.219615242270659650 ) ) ;
#2231 = ORIENTED_EDGE ( 'NONE', *, *, #2462, .F. ) ;
#2232 = CARTESIAN_POINT ( 'NONE',  ( 0.000000000000000000, 1.980384757729328982, -4.800000000000002487 ) ) ;
#2233 = CARTESIAN_POINT ( 'NONE',  ( -2.499999999999999112, -1.035533905932762178, -4.249999999999999112 ) ) ;
#2234 = EDGE_LOOP ( 'NONE', ( #3914, #2665, #292, #559 ) ) ;
#2235 =( BOUNDED_CURVE ( )  B_SPLINE_CURVE ( 2, ( #15, #1396, #1371, #2055, #1017, #2754, #334, #3431, #2394 ),
 .UNSPECIFIED., .F., .F. ) 
 B_SPLINE_CURVE_WITH_KNOTS ( ( 3, 2, 2, 2, 3 ),
 ( 0.4531250000000000555, 0.4609375000000000555, 0.4687500000000000000, 0.4765625000000000000, 0.4843750000000000000 ),
 .UNSPECIFIED. ) 
 CURVE ( )  GEOMETRIC_REPRESENTATION_ITEM ( )  RATIONAL_B_SPLINE_CURVE ( ( 0.9999999999999994449, 0.9238795325112872936, 1.000000000000000000, 0.9238795325112867385, 1.000000000000000000, 0.9238795325112867385, 1.000000000000000000, 0.9238795325112867385, 1.000000000000000000 ) ) 
 REPRESENTATION_ITEM ( '' )  );
#2236 = CARTESIAN_POINT ( 'NONE',  ( 1.400343491548892816, -1.400343491548902364, -0.3000000000000016542 ) ) ;
#2237 = CARTESIAN_POINT ( 'NONE',  ( 1.053469879313100543, 2.543301270189220809, -1.325000000000001732 ) ) ;
#2238 = CARTESIAN_POINT ( 'NONE',  ( 1.400343491548893260, 1.400343491548883490, 3.799999999999999378 ) ) ;
#2239 = EDGE_CURVE ( 'NONE', #311, #3732, #3108, .T. ) ;
#2240 = CARTESIAN_POINT ( 'NONE',  ( 0.5103615414218135582, -1.913492849655904493, 1.932797002148637810 ) ) ;
#2241 = VERTEX_POINT ( 'NONE', #2281 ) ;
#2242 = CARTESIAN_POINT ( 'NONE',  ( -2.266821501694208596, 0.2888117806962262613, 2.757785158134675729 ) ) ;
#2243 = CARTESIAN_POINT ( 'NONE',  ( 0.8203022253684493226, 1.980384757729328538, -4.150000000000002132 ) ) ;
#2244 = CARTESIAN_POINT ( 'NONE',  ( 2.284852468423776095, -1.044641177208911031, 3.347907407637531030 ) ) ;
#2245 = CARTESIAN_POINT ( 'NONE',  ( -0.8203022253684481013, -1.980384757729347189, -6.850000000000002309 ) ) ;
#2246 = CARTESIAN_POINT ( 'NONE',  ( 1.671665528003485557, -1.344264534170668712, 8.237858774101885828 ) ) ;
#2247 = CARTESIAN_POINT ( 'NONE',  ( 1.980384757729337641, 0.8203022253684393306, -4.250000000000000888 ) ) ;
#2248 = CARTESIAN_POINT ( 'NONE',  ( 1.980384757729337641, 0.8203022253684393306, 3.049999999999998934 ) ) ;
#2249 = CARTESIAN_POINT ( 'NONE',  ( 2.543301270189230578, -9.580101100521239259E-15, 1.774999999999998801 ) ) ;
#2250 = CARTESIAN_POINT ( 'NONE',  ( 1.400343491548892816, -1.400343491548902364, -1.200000000000001510 ) ) ;
#2251 = CARTESIAN_POINT ( 'NONE',  ( -2.500000000000010658, -8.959823386657123714E-15, -5.800000000000004263 ) ) ;
#2252 = CARTESIAN_POINT ( 'NONE',  ( -1.767766952966376426, -1.767766952966385308, -4.900000000000003020 ) ) ;
#2253 = ORIENTED_EDGE ( 'NONE', *, *, #2619, .F. ) ;
#2254 = CARTESIAN_POINT ( 'NONE',  ( 1.400343491548892816, -1.400343491548902364, -4.300000000000001599 ) ) ;
#2255 = CARTESIAN_POINT ( 'NONE',  ( -2.500000000000010658, -8.959823386657123714E-15, -3.400000000000003464 ) ) ;
#2256 = CARTESIAN_POINT ( 'NONE',  ( -1.400343491548893038, -1.400343491548901920, 1.899999999999999023 ) ) ;
#2257 = ORIENTED_EDGE ( 'NONE', *, *, #788, .T. ) ;
#2258 = CARTESIAN_POINT ( 'NONE',  ( 2.543301270189230134, -9.580101100521239259E-15, -1.475000000000001421 ) ) ;
#2259 = CARTESIAN_POINT ( 'NONE',  ( -1.053469879313099211, -2.543301270189239904, -8.075000000000002842 ) ) ;
#2261 = B_SPLINE_CURVE_WITH_KNOTS ( 'NONE', 3,
 ( #3833, #1455, #2135, #2496, #753, #3505, #3176, #2518, #78, #2836, #2949, #1567, #4277, #3284, #187, #1202, #3940, #2541, #893, #2587, #3658, #1546, #208, #2267, #162, #4298, #2225, #3238, #4251, #4230, #1224, #574 ),
 .UNSPECIFIED., .F., .F.,
 ( 4, 2, 2, 2, 2, 2, 2, 2, 2, 2, 2, 2, 2, 2, 2, 4 ),
 ( 0.001937680941622004112, 0.002845001442458771658, 0.003298661692877155431, 0.003752321943295538337, 0.004205982193713922110, 0.004659642444132305883, 0.005113302694550688789, 0.005566962944969071694, 0.006020623195387455467, 0.006474283445805839241, 0.006927943696224223881, 0.007381603946642607654, 0.007835264197060990560, 0.008288924447479374333, 0.008742584697897758106, 0.009196244948316141879 ),
 .UNSPECIFIED. ) ;
#2260 = CARTESIAN_POINT ( 'NONE',  ( 2.500000000000010214, 1.035533905932733534, -2.950000000000003286 ) ) ;
#2262 = CARTESIAN_POINT ( 'NONE',  ( 1.987302480575880992, -0.4359460118772447990, 2.048769616620745637 ) ) ;
#2263 = CARTESIAN_POINT ( 'NONE',  ( 1.035533905932741749, -2.500000000000019984, -3.250000000000000000 ) ) ;
#2264 = VECTOR ( 'NONE', #4440, 1000.000000000000000 ) ;
#2265 = CARTESIAN_POINT ( 'NONE',  ( 1.980384757729338085, -9.476695014745558097E-15, -3.500000000000001332 ) ) ;
#2266 = CARTESIAN_POINT ( 'NONE',  ( 0.8203022253684492116, 1.980384757729328538, -7.250000000000002665 ) ) ;
#2267 = CARTESIAN_POINT ( 'NONE',  ( -1.643467024596521719, -1.534991652191930900, -7.956246983339370082 ) ) ;
#2268 = CARTESIAN_POINT ( 'NONE',  ( 0.8203022253684493226, 1.980384757729328538, -3.350000000000001421 ) ) ;
#2269 = ADVANCED_FACE ( 'NONE', ( #2595 ), #3486, .T. ) ;
#2270 = CARTESIAN_POINT ( 'NONE',  ( 1.400343491548892816, -1.400343491548902364, 2.899999999999998135 ) ) ;
#2271 = AXIS2_PLACEMENT_3D ( 'NONE', #1743, #3126, #2786 ) ;
#2272 = CARTESIAN_POINT ( 'NONE',  ( 1.053469879313098323, -2.543301270189240348, 0.02499999999999898137 ) ) ;
#2273 = CARTESIAN_POINT ( 'NONE',  ( 0.8203022253684477683, -1.980384757729347633, -3.650000000000001688 ) ) ;
#2274 = CARTESIAN_POINT ( 'NONE',  ( 1.980384757729338085, 2.956399150575138284E-14, -8.219615242270663202 ) ) ;
#2275 = DIRECTION ( 'NONE',  ( -1.000000000000000000, 0.000000000000000000, 0.000000000000000000 ) ) ;
#2276 = ORIENTED_EDGE ( 'NONE', *, *, #1203, .F. ) ;
#2277 = CARTESIAN_POINT ( 'NONE',  ( 0.8203022253684477683, -1.980384757729347633, -6.750000000000003553 ) ) ;
#2278 = CIRCLE ( 'NONE', #3706, 0.2500000000000002220 ) ;
#2279 = CARTESIAN_POINT ( 'NONE',  ( -2.500000000000010658, -1.035533905932751075, -1.750000000000003775 ) ) ;
#2280 = B_SPLINE_CURVE_WITH_KNOTS ( 'NONE', 3,
 ( #4138, #3801, #4099, #1062 ),
 .UNSPECIFIED., .F., .F.,
 ( 4, 4 ),
 ( 1.439879135652310224E-14, 0.0003218793707908306151 ),
 .UNSPECIFIED. ) ;
#2281 = CARTESIAN_POINT ( 'NONE',  ( 2.436602540379340542, 2.847982045759042212E-11, -7.763397459620659191 ) ) ;
#2282 = VERTEX_POINT ( 'NONE', #3296 ) ;
#2283 = CARTESIAN_POINT ( 'NONE',  ( 2.543301270189230134, -9.580101100521239259E-15, -0.6750000000000011546 ) ) ;
#2284 = CARTESIAN_POINT ( 'NONE',  ( 2.543301270189230578, 1.053469879313090551, -6.975000000000001421 ) ) ;
#2285 = EDGE_CURVE ( 'NONE', #4422, #1153, #3556, .T. ) ;
#2286 = CARTESIAN_POINT ( 'NONE',  ( -2.425271854633440422E-16, -1.980384757729347189, -6.000000000000001776 ) ) ;
#2287 = CARTESIAN_POINT ( 'NONE',  ( 0.5103615414218135582, -1.913492849655904493, 1.932797002148637810 ) ) ;
#2288 = CARTESIAN_POINT ( 'NONE',  ( 0.000000000000000000, 2.500000000000001332, -4.500000000000000888 ) ) ;
#2289 = CARTESIAN_POINT ( 'NONE',  ( 1.980384757729338085, -9.476695014745558097E-15, -4.300000000000001599 ) ) ;
#2290 = CARTESIAN_POINT ( 'NONE',  ( 4.000000000000000000, -2.096918409316927761E-15, 8.500000000000000000 ) ) ;
#2291 = CARTESIAN_POINT ( 'NONE',  ( -1.400343491548893038, 1.400343491548883934, -3.100000000000001865 ) ) ;
#2292 = FACE_OUTER_BOUND ( 'NONE', #3468, .T. ) ;
#2293 = CARTESIAN_POINT ( 'NONE',  ( 1.980384757729338085, -9.476695014745558097E-15, -3.500000000000001332 ) ) ;
#2294 = CARTESIAN_POINT ( 'NONE',  ( 0.000000000000000000, 1.980384757729328982, 3.999999999999998224 ) ) ;
#2295 = CARTESIAN_POINT ( 'NONE',  ( -3.114645759804639297E-16, -2.543301270189239904, 0.7749999999999979128 ) ) ;
#2296 = CARTESIAN_POINT ( 'NONE',  ( -1.400343491548893038, -1.400343491548901920, -3.800000000000001155 ) ) ;
#2297 = CARTESIAN_POINT ( 'NONE',  ( 2.500000000000010658, -9.572146786230802611E-15, 0.9000000000000002442 ) ) ;
#2298 = CARTESIAN_POINT ( 'NONE',  ( 2.500000000000010658, -9.572146786230802611E-15, 2.500000000000000444 ) ) ;
#2299 = EDGE_LOOP ( 'NONE', ( #730, #2058, #1915, #3050 ) ) ;
#2300 = CARTESIAN_POINT ( 'NONE',  ( -1.980384757729338085, -8.991640643818871886E-15, -4.600000000000001421 ) ) ;
#2301 = DIRECTION ( 'NONE',  ( -0.000000000000000000, -0.000000000000000000, -1.000000000000000000 ) ) ;
#2302 = CARTESIAN_POINT ( 'NONE',  ( -1.999999999999997335, 1.154700538379249908, 6.000000000000000000 ) ) ;
#2303 = ORIENTED_EDGE ( 'NONE', *, *, #1550, .F. ) ;
#2304 = CARTESIAN_POINT ( 'NONE',  ( -1.053469879313098989, -2.543301270189239460, -2.525000000000000799 ) ) ;
#2305 = CARTESIAN_POINT ( 'NONE',  ( -1.053469879313099211, -2.543301270189239904, -6.475000000000001421 ) ) ;
#2306 =( BOUNDED_CURVE ( )  B_SPLINE_CURVE ( 2, ( #1618, #215, #827, #3617, #2208, #1527, #2252, #1251, #2909 ),
 .UNSPECIFIED., .F., .F. ) 
 B_SPLINE_CURVE_WITH_KNOTS ( ( 3, 2, 2, 2, 3 ),
 ( 0.6406250000000001110, 0.6484375000000001110, 0.6562500000000000000, 0.6640625000000000000, 0.6718750000000000000 ),
 .UNSPECIFIED. ) 
 CURVE ( )  GEOMETRIC_REPRESENTATION_ITEM ( )  RATIONAL_B_SPLINE_CURVE ( ( 0.9999999999999988898, 0.9238795325112878487, 1.000000000000000000, 0.9238795325112867385, 1.000000000000000000, 0.9238795325112867385, 1.000000000000000000, 0.9238795325112867385, 1.000000000000000000 ) ) 
 REPRESENTATION_ITEM ( '' )  );
#2307 = CARTESIAN_POINT ( 'NONE',  ( -1.980384757729338085, -8.991640643818871886E-15, -7.000000000000001776 ) ) ;
#2308 = CARTESIAN_POINT ( 'NONE',  ( -2.550799999999995293, -9.107298248878237246E-15, 3.500000000000001332 ) ) ;
#2309 = CARTESIAN_POINT ( 'NONE',  ( 1.400343491548893260, 1.400343491548883490, -3.400000000000001243 ) ) ;
#2310 = FACE_OUTER_BOUND ( 'NONE', #1406, .T. ) ;
#2311 = COORDINATED_UNIVERSAL_TIME_OFFSET ( 6, 0, .BEHIND. ) ;
#2312 = CARTESIAN_POINT ( 'NONE',  ( -0.8203022253684481013, -1.980384757729347189, -2.050000000000002487 ) ) ;
#2313 = CARTESIAN_POINT ( 'NONE',  ( -1.035533905932741972, 2.500000000000001776, -2.849999999999999645 ) ) ;
#2314 = CARTESIAN_POINT ( 'NONE',  ( -1.980384757729338085, -0.8203022253684568721, -2.250000000000000888 ) ) ;
#2315 = CARTESIAN_POINT ( 'NONE',  ( 2.543301270189230578, -9.580101100521239259E-15, 2.574999999999997513 ) ) ;
#2316 = CARTESIAN_POINT ( 'NONE',  ( -1.980384757729338085, -8.991640643818871886E-15, -3.100000000000000977 ) ) ;
#2317 = CARTESIAN_POINT ( 'NONE',  ( -2.500000000000010658, -8.959823386657123714E-15, -2.699999999999999734 ) ) ;
#2318 = CARTESIAN_POINT ( 'NONE',  ( 2.500000000000010658, -9.572146786230802611E-15, 1.700000000000000622 ) ) ;
#2319 = ORIENTED_EDGE ( 'NONE', *, *, #3639, .F. ) ;
#2320 = CARTESIAN_POINT ( 'NONE',  ( -1.980384757729338085, 0.8203022253684389975, -0.6500000000000012434 ) ) ;
#2321 = CARTESIAN_POINT ( 'NONE',  ( 1.400343491548893260, 1.400343491548883490, -4.900000000000001243 ) ) ;
#2322 = EDGE_CURVE ( 'NONE', #3951, #4019, #1941, .T. ) ;
#2323 = CARTESIAN_POINT ( 'NONE',  ( 2.500000000000003997, -2.295923514178371982E-15, -8.500000000000000000 ) ) ;
#2324 = CARTESIAN_POINT ( 'NONE',  ( -2.500000000000010658, -8.959823386657123714E-15, 0.5000000000000008882 ) ) ;
#2325 = ORIENTED_EDGE ( 'NONE', *, *, #3208, .T. ) ;
#2326 = CARTESIAN_POINT ( 'NONE',  ( -2.543301270189230134, -8.957171948560311498E-15, -3.475000000000001421 ) ) ;
#2327 = EDGE_CURVE ( 'NONE', #16, #4128, #17, .T. ) ;
#2328 = VERTEX_POINT ( 'NONE', #2914 ) ;
#2329 = CARTESIAN_POINT ( 'NONE',  ( 2.543301270189230578, -9.580101100521239259E-15, -5.425000000000002487 ) ) ;
#2330 = CARTESIAN_POINT ( 'NONE',  ( 1.980384757729337641, -0.8203022253684580933, -7.450000000000001954 ) ) ;
#2331 = CARTESIAN_POINT ( 'NONE',  ( 0.000000000000000000, 2.500000000000001332, -1.299999999999999600 ) ) ;
#2332 = CARTESIAN_POINT ( 'NONE',  ( 0.000000000000000000, 2.500000000000001332, -6.800000000000003375 ) ) ;
#2333 = CARTESIAN_POINT ( 'NONE',  ( -0.8203022253684478793, 1.980384757729328982, -2.450000000000001954 ) ) ;
#2334 = CARTESIAN_POINT ( 'NONE',  ( -1.980384757729338085, -8.991640643818871886E-15, -3.800000000000002043 ) ) ;
#2335 = AXIS2_PLACEMENT_3D ( 'NONE', #1115, #4151, #3857 ) ;
#2336 = CARTESIAN_POINT ( 'NONE',  ( -4.000000000000000888, -2.602085213965210642E-15, 3.500000000000001332 ) ) ;
#2337 = CARTESIAN_POINT ( 'NONE',  ( 1.980384757729337641, 0.8203022253684393306, 0.5499999999999984901 ) ) ;
#2338 = VECTOR ( 'NONE', #3069, 1000.000000000000000 ) ;
#2339 = CARTESIAN_POINT ( 'NONE',  ( -2.150980966305386932, -2.195378302250400453E-13, 2.401506233055900275 ) ) ;
#2340 = CARTESIAN_POINT ( 'NONE',  ( -1.053469879313098989, 2.543301270189221253, 0.4249999999999983236 ) ) ;
#2341 = CARTESIAN_POINT ( 'NONE',  ( 0.8203022253684477683, -1.980384757729347633, -1.250000000000001110 ) ) ;
#2342 = EDGE_CURVE ( 'NONE', #1052, #4438, #534, .T. ) ;
#2343 = CARTESIAN_POINT ( 'NONE',  ( -2.500000000000010658, -8.959823386657123714E-15, -0.2999999999999994893 ) ) ;
#2344 = CARTESIAN_POINT ( 'NONE',  ( -2.500000000000010658, -8.959823386657123714E-15, -3.500000000000000000 ) ) ;
#2345 = ORIENTED_EDGE ( 'NONE', *, *, #974, .T. ) ;
#2346 = CARTESIAN_POINT ( 'NONE',  ( -0.8203022253684478793, 1.980384757729328982, 1.649999999999998801 ) ) ;
#2347 = CARTESIAN_POINT ( 'NONE',  ( 1.400343491548893260, 1.400343491548883490, -4.100000000000002309 ) ) ;
#2348 = AXIS2_PLACEMENT_3D ( 'NONE', #937, #2656, #3726 ) ;
#2349 = LINE ( 'NONE', #1987, #1611 ) ;
#2350 = CARTESIAN_POINT ( 'NONE',  ( -0.9729230304315167333, 1.876445997894385931, 2.286815700759136316 ) ) ;
#2351 = CIRCLE ( 'NONE', #3912, 2.591167563965417031 ) ;
#2352 = VERTEX_POINT ( 'NONE', #3669 ) ;
#2353 = CARTESIAN_POINT ( 'NONE',  ( 2.543301270189230134, -1.053469879313109425, 2.474999999999997868 ) ) ;
#2354 = ORIENTED_EDGE ( 'NONE', *, *, #398, .T. ) ;
#2355 = CARTESIAN_POINT ( 'NONE',  ( 2.543301270189230578, -9.580101100521239259E-15, -3.825000000000001954 ) ) ;
#2356 = EDGE_LOOP ( 'NONE', ( #3930, #2354, #2807, #60 ) ) ;
#2357 = EDGE_CURVE ( 'NONE', #1117, #2692, #3630, .T. ) ;
#2358 = CARTESIAN_POINT ( 'NONE',  ( 0.8203022253684477683, -1.980384757729347633, -7.550000000000003375 ) ) ;
#2359 = DIRECTION ( 'NONE',  ( -0.000000000000000000, -0.000000000000000000, -1.000000000000000000 ) ) ;
#2360 = DIRECTION ( 'NONE',  ( -0.3420201433256694901, 0.000000000000000000, 0.9396926207859082059 ) ) ;
#2361 = CARTESIAN_POINT ( 'NONE',  ( -0.8203022253684478793, 1.980384757729328982, -1.650000000000001465 ) ) ;
#2362 = CARTESIAN_POINT ( 'NONE',  ( -1.400343491548893038, 1.400343491548883934, -4.700000000000001954 ) ) ;
#2363 = DIRECTION ( 'NONE',  ( -0.000000000000000000, -0.000000000000000000, -1.000000000000000000 ) ) ;
#2364 = CARTESIAN_POINT ( 'NONE',  ( 0.8203022253684493226, 1.980384757729328538, -0.9500000000000012879 ) ) ;
#2365 = CARTESIAN_POINT ( 'NONE',  ( 0.000000000000000000, -2.602085213965210642E-15, 3.500000000000001332 ) ) ;
#2366 = CARTESIAN_POINT ( 'NONE',  ( -2.543301270189231023, -1.053469879313107871, 3.024999999999998135 ) ) ;
#2367 = CARTESIAN_POINT ( 'NONE',  ( 0.8203022253684477683, -1.980384757729347633, -0.4500000000000007327 ) ) ;
#2368 = CARTESIAN_POINT ( 'NONE',  ( 2.500000000000010658, -9.572146786230802611E-15, -5.400000000000004796 ) ) ;
#2369 = DIRECTION ( 'NONE',  ( -1.000000000000000000, 0.000000000000000000, 0.000000000000000000 ) ) ;
#2370 = ORIENTED_EDGE ( 'NONE', *, *, #3693, .F. ) ;
#2371 = CARTESIAN_POINT ( 'NONE',  ( 1.980384757729337641, -0.8203022253684580933, 2.149999999999997247 ) ) ;
#2372 = CARTESIAN_POINT ( 'NONE',  ( -1.035533905932742194, 2.500000000000001776, -7.550000000000003375 ) ) ;
#2373 = ORIENTED_EDGE ( 'NONE', *, *, #3905, .T. ) ;
#2374 = CARTESIAN_POINT ( 'NONE',  ( -1.053469879313098989, -2.543301270189239460, 2.274999999999999911 ) ) ;
#2375 = ORIENTED_EDGE ( 'NONE', *, *, #4100, .F. ) ;
#2376 = CARTESIAN_POINT ( 'NONE',  ( -1.053469879313099211, -2.543301270189239904, -4.875000000000000888 ) ) ;
#2377 = CARTESIAN_POINT ( 'NONE',  ( 1.400343491548893260, 1.400343491548883490, -6.500000000000002665 ) ) ;
#2378 = CARTESIAN_POINT ( 'NONE',  ( -3.114645759804638804E-16, -2.543301270189239460, -8.075000000000002842 ) ) ;
#2379 = CARTESIAN_POINT ( 'NONE',  ( 1.035533905932743970, 2.500000000000000444, -6.850000000000004086 ) ) ;
#2380 = EDGE_CURVE ( 'NONE', #805, #540, #3425, .T. ) ;
#2381 = CARTESIAN_POINT ( 'NONE',  ( -1.980384757729338085, -0.8203022253684568721, -1.450000000000001510 ) ) ;
#2382 = CARTESIAN_POINT ( 'NONE',  ( -0.8203022253684481013, -1.980384757729347189, -3.650000000000002132 ) ) ;
#2383 = CARTESIAN_POINT ( 'NONE',  ( 0.000000000000000000, -9.107298248878237246E-15, 3.500000000000001332 ) ) ;
#2384 =( BOUNDED_CURVE ( )  B_SPLINE_CURVE ( 2, ( #1816, #102, #1419, #1481, #3115, #2864, #4213, #2523, #14 ),
 .UNSPECIFIED., .F., .F. ) 
 B_SPLINE_CURVE_WITH_KNOTS ( ( 3, 2, 2, 2, 3 ),
 ( 0.2656250000000000000, 0.2734375000000000000, 0.2812500000000000000, 0.2890625000000000000, 0.2968750000000000000 ),
 .UNSPECIFIED. ) 
 CURVE ( )  GEOMETRIC_REPRESENTATION_ITEM ( )  RATIONAL_B_SPLINE_CURVE ( ( 1.000000000000000000, 0.9238795325112867385, 1.000000000000000000, 0.9238795325112867385, 1.000000000000000000, 0.9238795325112867385, 1.000000000000000000, 0.9238795325112867385, 1.000000000000000000 ) ) 
 REPRESENTATION_ITEM ( '' )  );
#2385 = CARTESIAN_POINT ( 'NONE',  ( -1.980384757729338085, 0.8203022253684389975, -2.350000000000001865 ) ) ;
#2386 = CARTESIAN_POINT ( 'NONE',  ( -2.500000000000003997, -2.602085213965210642E-15, -8.500000000000000000 ) ) ;
#2387 = CARTESIAN_POINT ( 'NONE',  ( 0.8203022253684492116, 1.980384757729328538, -0.1500000000000008271 ) ) ;
#2388 = LINE ( 'NONE', #3709, #171 ) ;
#2389 = CARTESIAN_POINT ( 'NONE',  ( 1.767766952966376426, 1.767766952966366656, 0.9999999999999995559 ) ) ;
#2390 = VERTEX_POINT ( 'NONE', #3795 ) ;
#2391 = CARTESIAN_POINT ( 'NONE',  ( 0.000000000000000000, 1.980384757729328982, 3.999999999999998224 ) ) ;
#2392 = CONICAL_SURFACE ( 'NONE', #2965, 2.550799999999995293, 0.3490658503988666728 ) ;
#2393 = CARTESIAN_POINT ( 'NONE',  ( -2.500000000000003997, -2.602085213965210642E-15, -8.500000000000000000 ) ) ;
#2394 = CARTESIAN_POINT ( 'NONE',  ( 2.500000000000010658, -9.572146786230802611E-15, -2.299999999999999378 ) ) ;
#2395 = ORIENTED_EDGE ( 'NONE', *, *, #209, .F. ) ;
#2396 = CARTESIAN_POINT ( 'NONE',  ( 1.053469879313100543, 2.543301270189220809, 0.2749999999999992450 ) ) ;
#2397 = CARTESIAN_POINT ( 'NONE',  ( -1.053469879313098989, 2.543301270189221253, -5.975000000000002309 ) ) ;
#2398 = CIRCLE ( 'NONE', #1395, 2.500000000000003997 ) ;
#2399 = CARTESIAN_POINT ( 'NONE',  ( -0.8203022253684478793, 1.980384757729328982, -2.350000000000002309 ) ) ;
#2400 = CARTESIAN_POINT ( 'NONE',  ( 2.543301270189230134, -9.580101100521239259E-15, -7.075000000000001066 ) ) ;
#2401 = EDGE_CURVE ( 'NONE', #1722, #2050, #2235, .T. ) ;
#2402 = CARTESIAN_POINT ( 'NONE',  ( -1.980384757729338085, 0.8203022253684389975, -2.350000000000001865 ) ) ;
#2403 = CARTESIAN_POINT ( 'NONE',  ( 0.000000000000000000, 1.980384757729328982, -1.700000000000001066 ) ) ;
#2404 = CARTESIAN_POINT ( 'NONE',  ( 1.999999999999997780, 0.1951281244787631819, 8.158689247808393219 ) ) ;
#2405 = DIRECTION ( 'NONE',  ( -1.000000000000000000, -1.224646799147355919E-16, 0.000000000000000000 ) ) ;
#2406 = CARTESIAN_POINT ( 'NONE',  ( -0.8203022253684481013, -1.980384757729347189, 0.2499999999999985012 ) ) ;
#2407 = CARTESIAN_POINT ( 'NONE',  ( -1.035533905932742416, -2.500000000000019540, -7.250000000000002665 ) ) ;
#2408 = CARTESIAN_POINT ( 'NONE',  ( -0.8318705521472837816, -1.829120389545344283, 8.158565048741838410 ) ) ;
#2409 = EDGE_CURVE ( 'NONE', #540, #3464, #2181, .T. ) ;
#2410 = ORIENTED_EDGE ( 'NONE', *, *, #733, .F. ) ;
#2411 = CARTESIAN_POINT ( 'NONE',  ( -2.425271854633440422E-16, -1.980384757729347189, 1.999999999999998224 ) ) ;
#2412 = AXIS2_PLACEMENT_3D ( 'NONE', #817, #2539, #3892 ) ;
#2413 = LINE ( 'NONE', #2393, #454 ) ;
#2414 = CARTESIAN_POINT ( 'NONE',  ( -0.6660421420757270949, -2.101208464490054162, 2.534733040990855280 ) ) ;
#2415 = VERTEX_POINT ( 'NONE', #2715 ) ;
#2416 = CARTESIAN_POINT ( 'NONE',  ( -1.053469879313098545, 2.543301270189220809, 1.174999999999998934 ) ) ;
#2417 = CARTESIAN_POINT ( 'NONE',  ( 1.053469879313100765, 2.543301270189220809, -2.875000000000001332 ) ) ;
#2418 = AXIS2_PLACEMENT_3D ( 'NONE', #3300, #2920, #2626 ) ;
#2419 = CARTESIAN_POINT ( 'NONE',  ( -2.425271854633440422E-16, -1.980384757729347189, -4.400000000000002132 ) ) ;
#2420 = CARTESIAN_POINT ( 'NONE',  ( -2.543301270189230578, 1.053469879313089663, -8.325000000000001066 ) ) ;
#2421 = ORIENTED_EDGE ( 'NONE', *, *, #1846, .F. ) ;
#2422 = EDGE_CURVE ( 'NONE', #1117, #2915, #4073, .T. ) ;
#2423 = CARTESIAN_POINT ( 'NONE',  ( -0.8203022253684478793, 1.980384757729328982, -0.8500000000000017542 ) ) ;
#2424 = CARTESIAN_POINT ( 'NONE',  ( 2.500000000000010658, -9.572146786230802611E-15, 0.9999999999999972244 ) ) ;
#2425 = CARTESIAN_POINT ( 'NONE',  ( 0.8203022253684493226, 1.980384757729328538, 2.249999999999998224 ) ) ;
#2426 = CARTESIAN_POINT ( 'NONE',  ( -2.500000000000010658, -8.959823386657123714E-15, -0.2000000000000024813 ) ) ;
#2427 = LINE ( 'NONE', #3422, #2478 ) ;
#2428 = CARTESIAN_POINT ( 'NONE',  ( -0.8203022253684478793, 1.980384757729328982, 0.7499999999999990008 ) ) ;
#2429 = CARTESIAN_POINT ( 'NONE',  ( 2.500000000000010658, -9.572146786230802611E-15, -5.500000000000000000 ) ) ;
#2430 = CARTESIAN_POINT ( 'NONE',  ( 1.767766952966375982, -1.767766952966385752, -2.300000000000002487 ) ) ;
#2431 = ORIENTED_EDGE ( 'NONE', *, *, #57, .F. ) ;
#2432 = CARTESIAN_POINT ( 'NONE',  ( -1.980384757729338085, 0.8203022253684389975, 2.549999999999998490 ) ) ;
#2433 = CARTESIAN_POINT ( 'NONE',  ( 0.7031340943895618700, 2.215903162550582728, 2.865240719200034203 ) ) ;
#2434 = CARTESIAN_POINT ( 'NONE',  ( -2.591167563965417031, 3.173265063264692762E-16, 8.500000000000000000 ) ) ;
#2435 = ORIENTED_EDGE ( 'NONE', *, *, #555, .T. ) ;
#2436 = CARTESIAN_POINT ( 'NONE',  ( -2.543301270189230134, -8.957171948560311498E-15, 0.5249999999999994671 ) ) ;
#2437 = CARTESIAN_POINT ( 'NONE',  ( 1.053469879313098323, -2.543301270189240348, -0.7750000000000013545 ) ) ;
#2438 = CARTESIAN_POINT ( 'NONE',  ( 1.980384757729337641, -0.8203022253684580933, -5.150000000000002132 ) ) ;
#2439 = CARTESIAN_POINT ( 'NONE',  ( 1.400343491548892816, -1.400343491548902364, -4.300000000000001599 ) ) ;
#2440 = EDGE_LOOP ( 'NONE', ( #265, #129, #1390, #1214 ) ) ;
#2441 = CARTESIAN_POINT ( 'NONE',  ( -0.8203022253684481013, -1.980384757729346967, 1.849999999999999423 ) ) ;
#2442 = CARTESIAN_POINT ( 'NONE',  ( 2.193440653368576410, -1.342093252564185546, 3.329066818421171359 ) ) ;
#2443 = CARTESIAN_POINT ( 'NONE',  ( -1.400343491548893038, 1.400343491548883934, 3.199999999999999734 ) ) ;
#2444 = CARTESIAN_POINT ( 'NONE',  ( -1.400343491548893038, 1.400343491548883934, -8.000000000000001776 ) ) ;
#2445 = CARTESIAN_POINT ( 'NONE',  ( 0.000000000000000000, 2.543301270189221697, 3.574999999999998401 ) ) ;
#2447 =( BOUNDED_CURVE ( )  B_SPLINE_CURVE ( 2, ( #4371, #1664, #651, #2733, #2686, #4042, #3112, #2030, #4090 ),
 .UNSPECIFIED., .F., .F. ) 
 B_SPLINE_CURVE_WITH_KNOTS ( ( 3, 2, 2, 2, 3 ),
 ( 0.1093750000000000833, 0.1171875000000000833, 0.1250000000000000833, 0.1328125000000000833, 0.1406250000000000833 ),
 .UNSPECIFIED. ) 
 CURVE ( )  GEOMETRIC_REPRESENTATION_ITEM ( )  RATIONAL_B_SPLINE_CURVE ( ( 0.9999999999999992228, 0.9238795325112875156, 1.000000000000000000, 0.9238795325112867385, 1.000000000000000000, 0.9238795325112867385, 1.000000000000000000, 0.9238795325112859613, 1.000000000000000888 ) ) 
 REPRESENTATION_ITEM ( '' )  );
#2446 = CARTESIAN_POINT ( 'NONE',  ( -1.980384757729338085, -0.8203022253684569831, 0.9499999999999995115 ) ) ;
#2448 = CARTESIAN_POINT ( 'NONE',  ( 1.767766952966376870, 1.767766952966366656, -2.100000000000002753 ) ) ;
#2449 = CARTESIAN_POINT ( 'NONE',  ( -1.035533905932741972, 2.500000000000001776, 1.150000000000000355 ) ) ;
#2450 = ORIENTED_EDGE ( 'NONE', *, *, #4232, .F. ) ;
#2451 = CARTESIAN_POINT ( 'NONE',  ( 1.980384757729337641, -0.8203022253684580933, -7.550000000000002487 ) ) ;
#2452 = CARTESIAN_POINT ( 'NONE',  ( 1.400343491548893260, 1.400343491548883490, 2.299999999999998046 ) ) ;
#2453 = CARTESIAN_POINT ( 'NONE',  ( 1.767766952966376870, 1.767766952966366656, -7.700000000000003730 ) ) ;
#2454 = CARTESIAN_POINT ( 'NONE',  ( 1.127540735572594155, -2.134214673141014540, 3.109485182395366643 ) ) ;
#2455 = ORIENTED_EDGE ( 'NONE', *, *, #1189, .F. ) ;
#2456 = CARTESIAN_POINT ( 'NONE',  ( 0.000000000000000000, 1.980384757729328982, -8.800000000000002487 ) ) ;
#2457 = CARTESIAN_POINT ( 'NONE',  ( -1.798385574751164784, -1.798385574751173666, -1.725000000000001643 ) ) ;
#2458 = CARTESIAN_POINT ( 'NONE',  ( -1.400343491548893038, -1.400343491548901920, 1.099999999999998535 ) ) ;
#2459 = CARTESIAN_POINT ( 'NONE',  ( 0.8203022253684477683, -1.980384757729347633, -2.750000000000001332 ) ) ;
#2460 = CARTESIAN_POINT ( 'NONE',  ( -1.400343491548893038, 1.400343491548883934, -4.700000000000001954 ) ) ;
#2461 = CARTESIAN_POINT ( 'NONE',  ( -2.543301270189230578, -1.053469879313107649, -7.425000000000002487 ) ) ;
#2462 = EDGE_CURVE ( 'NONE', #2644, #2007, #2703, .T. ) ;
#2463 = ORIENTED_EDGE ( 'NONE', *, *, #2611, .F. ) ;
#2464 = CARTESIAN_POINT ( 'NONE',  ( -1.400343491548893038, -1.400343491548901920, 0.9999999999999991118 ) ) ;
#2465 = CARTESIAN_POINT ( 'NONE',  ( -1.400343491548893038, -1.400343491548901920, 2.599999999999998312 ) ) ;
#2466 = CARTESIAN_POINT ( 'NONE',  ( 0.8203022253684477683, -1.980384757729347633, -8.450000000000001066 ) ) ;
#2467 = EDGE_CURVE ( 'NONE', #4270, #2328, #1872, .T. ) ;
#2468 = CARTESIAN_POINT ( 'NONE',  ( -9.010267893458648583E-16, 2.309401076758501148, 8.337322042762473018 ) ) ;
#2469 = LINE ( 'NONE', #3236, #3075 ) ;
#2470 = DIRECTION ( 'NONE',  ( -0.000000000000000000, 0.000000000000000000, 1.000000000000000000 ) ) ;
#2471 = CARTESIAN_POINT ( 'NONE',  ( 1.767766952966376870, 1.767766952966366656, -6.100000000000003197 ) ) ;
#2472 = CARTESIAN_POINT ( 'NONE',  ( 1.980384757729338085, -9.476695014745558097E-15, -6.700000000000001066 ) ) ;
#2473 = CARTESIAN_POINT ( 'NONE',  ( -1.400343491548893038, -1.400343491548901920, 0.2999999999999981570 ) ) ;
#2474 = EDGE_CURVE ( 'NONE', #2887, #2390, #3259, .T. ) ;
#2475 = CARTESIAN_POINT ( 'NONE',  ( -1.901455953613118144, 1.417694464579219993, 2.994723173864364707 ) ) ;
#2476 = DIRECTION ( 'NONE',  ( -1.000000000000000000, 0.000000000000000000, 0.000000000000000000 ) ) ;
#2477 = ORIENTED_EDGE ( 'NONE', *, *, #3335, .T. ) ;
#2478 = VECTOR ( 'NONE', #326, 1000.000000000000000 ) ;
#2479 = CARTESIAN_POINT ( 'NONE',  ( -1.400343491548893038, -1.400343491548901920, -8.500000000000001776 ) ) ;
#2480 = AXIS2_PLACEMENT_3D ( 'NONE', #3025, #627, #1453 ) ;
#2481 = CARTESIAN_POINT ( 'NONE',  ( 2.543301270189230578, -9.580101100521239259E-15, -3.025000000000001688 ) ) ;
#2482 = CARTESIAN_POINT ( 'NONE',  ( 1.980384757729338085, -9.476695014745558097E-15, 1.399999999999998579 ) ) ;
#2483 = CARTESIAN_POINT ( 'NONE',  ( 1.400343491548893260, 1.400343491548883490, -1.700000000000001954 ) ) ;
#2484 = CARTESIAN_POINT ( 'NONE',  ( 1.980384757729337641, 0.8203022253684393306, -4.950000000000003730 ) ) ;
#2485 = CARTESIAN_POINT ( 'NONE',  ( -1.798385574751164562, 1.798385574751155458, -4.375000000000000888 ) ) ;
#2486 = CARTESIAN_POINT ( 'NONE',  ( 0.000000000000000000, 1.980384757729328982, 0.6999999999999992895 ) ) ;
#2487 = EDGE_CURVE ( 'NONE', #1626, #2525, #2959, .T. ) ;
#2488 = CARTESIAN_POINT ( 'NONE',  ( 2.500000000000010658, -9.572146786230802611E-15, -3.800000000000002931 ) ) ;
#2489 = CIRCLE ( 'NONE', #1188, 4.250000000000000888 ) ;
#2490 = CARTESIAN_POINT ( 'NONE',  ( 0.8203022253684477683, -1.980384757729347633, 1.149999999999998357 ) ) ;
#2491 = PRODUCT ( '91292A125_18-8 Stainless Steel Socket Head Screw', '91292A125_18-8 Stainless Steel Socket Head Screw', '', ( #3893 ) ) ;
#2492 = CARTESIAN_POINT ( 'NONE',  ( -1.980384757729338085, 0.8203022253684389975, -6.350000000000000533 ) ) ;
#2493 = CARTESIAN_POINT ( 'NONE',  ( 1.725214189349703497, 1.431251298051835708, -7.963220480276351765 ) ) ;
#2494 = PERSON_AND_ORGANIZATION ( #3541, #4267 ) ;
#2495 = DIRECTION ( 'NONE',  ( 0.000000000000000000, 0.000000000000000000, 1.000000000000000000 ) ) ;
#2496 = CARTESIAN_POINT ( 'NONE',  ( 2.179977594957192011, -1.018005462243579906, -7.798750987120581790 ) ) ;
#2497 = B_SPLINE_CURVE_WITH_KNOTS ( 'NONE', 3,
 ( #826, #3291, #2979, #1593, #2207, #3594, #1208, #214 ),
 .UNSPECIFIED., .F., .F.,
 ( 4, 2, 2, 4 ),
 ( 2.380749485070510640E-07, 0.001166425106128745346, 0.001749518621718864578, 0.002332612137308983594 ),
 .UNSPECIFIED. ) ;
#2498 = CARTESIAN_POINT ( 'NONE',  ( 0.8203022253684477683, -1.980384757729347633, -8.450000000000001066 ) ) ;
#2499 =( BOUNDED_CURVE ( )  B_SPLINE_CURVE ( 2, ( #1278, #2668, #263, #309, #4022, #2690, #633, #3757, #676 ),
 .UNSPECIFIED., .F., .F. ) 
 B_SPLINE_CURVE_WITH_KNOTS ( ( 3, 2, 2, 2, 3 ),
 ( 0.5468750000000000000, 0.5546875000000000000, 0.5625000000000000000, 0.5703125000000000000, 0.5781250000000000000 ),
 .UNSPECIFIED. ) 
 CURVE ( )  GEOMETRIC_REPRESENTATION_ITEM ( )  RATIONAL_B_SPLINE_CURVE ( ( 1.000000000000000000, 0.9238795325112867385, 1.000000000000000000, 0.9238795325112867385, 1.000000000000000000, 0.9238795325112867385, 1.000000000000000000, 0.9238795325112867385, 1.000000000000000000 ) ) 
 REPRESENTATION_ITEM ( '' )  );
#2500 = CARTESIAN_POINT ( 'NONE',  ( -0.8203022253684481013, -1.980384757729346967, 2.749999999999999112 ) ) ;
#2501 = CARTESIAN_POINT ( 'NONE',  ( -2.263308732810876300, 0.7499558189113086915, 3.029139365881747370 ) ) ;
#2502 = CARTESIAN_POINT ( 'NONE',  ( -0.2395017692480325699, -2.367305187991843862, 3.015128835027252485 ) ) ;
#2503 = ORIENTED_EDGE ( 'NONE', *, *, #3269, .F. ) ;
#2504 = CARTESIAN_POINT ( 'NONE',  ( 1.798385574751164784, 1.798385574751154792, 3.424999999999999378 ) ) ;
#2505 = CARTESIAN_POINT ( 'NONE',  ( -2.543301270189231023, 1.053469879313089885, -1.875000000000001554 ) ) ;
#2506 = CARTESIAN_POINT ( 'NONE',  ( 0.8203022253684477683, -1.980384757729347633, -1.150000000000002132 ) ) ;
#2507 = CARTESIAN_POINT ( 'NONE',  ( 1.980384757729337641, 0.8203022253684393306, -2.550000000000001599 ) ) ;
#2508 = CARTESIAN_POINT ( 'NONE',  ( 0.8203022253684493226, 1.980384757729328538, -0.8500000000000017542 ) ) ;
#2509 = CARTESIAN_POINT ( 'NONE',  ( 1.798385574751164340, -1.798385574751173888, -6.375000000000000888 ) ) ;
#2510 = CARTESIAN_POINT ( 'NONE',  ( 0.000000000000000000, 1.980384757729328982, 1.499999999999999556 ) ) ;
#2511 = CARTESIAN_POINT ( 'NONE',  ( 1.332332205094113320, 1.504144831993777132, -8.202617821227793371 ) ) ;
#2512 = CARTESIAN_POINT ( 'NONE',  ( -1.400343491548893038, -1.400343491548901920, 3.399999999999998579 ) ) ;
#2513 = EDGE_LOOP ( 'NONE', ( #803, #1236, #3783, #2558 ) ) ;
#2514 = EDGE_CURVE ( 'NONE', #4113, #1937, #3718, .T. ) ;
#2515 = CARTESIAN_POINT ( 'NONE',  ( 1.109783170468843450, 2.078577221714154710, -7.848359456178679139 ) ) ;
#2516 = DATE_AND_TIME ( #2879, #1700 ) ;
#2517 = CARTESIAN_POINT ( 'NONE',  ( 0.000000000000000000, 1.980384757729328982, -4.800000000000002487 ) ) ;
#2518 = CARTESIAN_POINT ( 'NONE',  ( 1.625739019891482284, -1.732086275115079843, -7.829260282812343874 ) ) ;
#2519 = CARTESIAN_POINT ( 'NONE',  ( 0.000000000000000000, 1.980384757729328982, -6.500000000000001776 ) ) ;
#2520 = ADVANCED_FACE ( 'NONE', ( #2821 ), #4172, .T. ) ;
#2521 = CARTESIAN_POINT ( 'NONE',  ( 1.980384757729337641, -0.8203022253684580933, 1.349999999999998979 ) ) ;
#2522 = CARTESIAN_POINT ( 'NONE',  ( -1.400343491548893038, -1.400343491548901920, -5.400000000000002132 ) ) ;
#2523 = CARTESIAN_POINT ( 'NONE',  ( 2.500000000000009770, -1.035533905932752630, -4.750000000000000000 ) ) ;
#2524 = CARTESIAN_POINT ( 'NONE',  ( 1.035533905932741749, -2.500000000000019984, -0.7500000000000026645 ) ) ;
#2525 = VERTEX_POINT ( 'NONE', #481 ) ;
#2526 = CARTESIAN_POINT ( 'NONE',  ( 1.400343491548892816, -1.400343491548902364, -7.500000000000002665 ) ) ;
#2527 = CARTESIAN_POINT ( 'NONE',  ( -2.543301270189231023, 1.053469879313089885, 1.324999999999997957 ) ) ;
#2528 = CARTESIAN_POINT ( 'NONE',  ( -1.400343491548893038, 1.400343491548883934, 0.09999999999999766020 ) ) ;
#2529 = CARTESIAN_POINT ( 'NONE',  ( -0.8203022253684478793, 1.980384757729328982, -3.150000000000001688 ) ) ;
#2530 = CARTESIAN_POINT ( 'NONE',  ( 1.400343491548893260, 1.400343491548883490, -0.9000000000000014655 ) ) ;
#2531 = CARTESIAN_POINT ( 'NONE',  ( -2.543301270189230578, -1.053469879313107649, -4.225000000000001421 ) ) ;
#2532 = CARTESIAN_POINT ( 'NONE',  ( -2.543301270189231023, 1.053469879313089885, -6.675000000000001599 ) ) ;
#2533 = EDGE_CURVE ( 'NONE', #4223, #1398, #877, .T. ) ;
#2534 = LINE ( 'NONE', #2170, #2851 ) ;
#2535 = ORIENTED_EDGE ( 'NONE', *, *, #3403, .F. ) ;
#2536 = TOROIDAL_SURFACE ( 'NONE', #2096, 4.000000000000000000, 0.2499999999999989175 ) ;
#2537 = CARTESIAN_POINT ( 'NONE',  ( -2.500000000000022204, 1.035533905932721765, -4.350000000000000533 ) ) ;
#2538 = CARTESIAN_POINT ( 'NONE',  ( -1.980384757729338085, -0.8203022253684568721, -7.850000000000001421 ) ) ;
#2539 = DIRECTION ( 'NONE',  ( -0.000000000000000000, 0.000000000000000000, -1.000000000000000000 ) ) ;
#2540 = CARTESIAN_POINT ( 'NONE',  ( 1.980384757729337641, -0.8203022253684580933, -5.850000000000003197 ) ) ;
#2541 = CARTESIAN_POINT ( 'NONE',  ( -0.4990090305829146811, -2.242551488872961851, -7.907528502211427224 ) ) ;
#2542 = CARTESIAN_POINT ( 'NONE',  ( 0.000000000000000000, 1.980384757729328982, -7.300000000000001599 ) ) ;
#2543 = CARTESIAN_POINT ( 'NONE',  ( -2.425271854633440422E-16, -1.980384757729347189, 0.3999999999999975797 ) ) ;
#2544 = CARTESIAN_POINT ( 'NONE',  ( -0.8203022253684481013, -1.980384757729347189, -6.150000000000002132 ) ) ;
#2545 = CARTESIAN_POINT ( 'NONE',  ( -1.999999999999997335, 0.3929303570185991856, 8.175897072280779554 ) ) ;
#2546 = CARTESIAN_POINT ( 'NONE',  ( -2.500000000000010658, -1.035533905932751075, -0.9500000000000032863 ) ) ;
#2547 = ORIENTED_EDGE ( 'NONE', *, *, #3991, .T. ) ;
#2548 = CARTESIAN_POINT ( 'NONE',  ( 1.980384757729337641, 0.8203022253684393306, -7.350000000000002309 ) ) ;
#2549 = CARTESIAN_POINT ( 'NONE',  ( -0.8203022253684478793, 1.980384757729328982, -8.050000000000000711 ) ) ;
#2550 = AXIS2_PLACEMENT_3D ( 'NONE', #1586, #1609, #1264 ) ;
#2551 = CARTESIAN_POINT ( 'NONE',  ( 0.000000000000000000, 1.980384757729328982, 0.7999999999999986011 ) ) ;
#2552 = CARTESIAN_POINT ( 'NONE',  ( -1.980384757729338085, -0.8203022253684568721, -0.5500000000000020428 ) ) ;
#2553 = CARTESIAN_POINT ( 'NONE',  ( 1.400343491548892816, -1.400343491548902364, -1.900000000000001465 ) ) ;
#2554 = CARTESIAN_POINT ( 'NONE',  ( 2.543301270189230134, 1.053469879313090329, -6.225000000000000533 ) ) ;
#2555 = B_SPLINE_CURVE_WITH_KNOTS ( 'NONE', 3,
 ( #4018, #1687, #1982, #2408, #4109, #3443, #672, #2049 ),
 .UNSPECIFIED., .F., .F.,
 ( 4, 2, 2, 4 ),
 ( 2.380749485070510640E-07, 0.001166425106128744478, 0.001749518621718863277, 0.002332612137308982293 ),
 .UNSPECIFIED. ) ;
#2556 = CARTESIAN_POINT ( 'NONE',  ( 1.798385574751165228, 1.798385574751155236, -7.725000000000002309 ) ) ;
#2557 = CARTESIAN_POINT ( 'NONE',  ( 2.500000000000012879, -1.035533905932749521, 0.9499999999999977351 ) ) ;
#2558 = ORIENTED_EDGE ( 'NONE', *, *, #815, .F. ) ;
#2559 = CARTESIAN_POINT ( 'NONE',  ( -2.500000000000004885, -1.035533905932756404, -3.449999999999999289 ) ) ;
#2560 = AXIS2_PLACEMENT_3D ( 'NONE', #2927, #1930, #821 ) ;
#2561 = CARTESIAN_POINT ( 'NONE',  ( 1.400343491548893260, 1.400343491548883490, -4.200000000000001066 ) ) ;
#2562 = CARTESIAN_POINT ( 'NONE',  ( 2.500000000000009770, 1.035533905932733534, 2.550000000000000711 ) ) ;
#2563 = CC_DESIGN_APPROVAL ( #2112, ( #1410 ) ) ;
#2564 = CARTESIAN_POINT ( 'NONE',  ( 0.8203022253684477683, -1.980384757729347633, -6.750000000000003553 ) ) ;
#2565 = CARTESIAN_POINT ( 'NONE',  ( 1.337992088013970626, -1.536910984570043714, 8.175613142459678073 ) ) ;
#2566 = CARTESIAN_POINT ( 'NONE',  ( -1.400343491548893038, -1.400343491548901920, -3.800000000000001155 ) ) ;
#2567 = CARTESIAN_POINT ( 'NONE',  ( 0.8203022253684477683, -1.980384757729347633, 3.649999999999998579 ) ) ;
#2568 = CARTESIAN_POINT ( 'NONE',  ( 1.400343491548892816, -1.400343491548902364, -6.000000000000001776 ) ) ;
#2569 = CARTESIAN_POINT ( 'NONE',  ( -1.999999999999997335, 2.449293584981933658E-16, 8.158689247808391443 ) ) ;
#2570 = CARTESIAN_POINT ( 'NONE',  ( 2.500000000000010658, -9.572146786230802611E-15, -1.500000000000000000 ) ) ;
#2571 = ORIENTED_EDGE ( 'NONE', *, *, #4185, .T. ) ;
#2572 = CARTESIAN_POINT ( 'NONE',  ( 1.400343491548892816, -1.400343491548902364, -5.100000000000002309 ) ) ;
#2573 = EDGE_CURVE ( 'NONE', #3277, #656, #1524, .T. ) ;
#2574 = CARTESIAN_POINT ( 'NONE',  ( -1.767766952966376426, -1.767766952966385308, -1.700000000000002842 ) ) ;
#2575 = CARTESIAN_POINT ( 'NONE',  ( 1.335037111960836187, 1.579768204188728875, 2.162027325399793476 ) ) ;
#2576 = ORIENTED_EDGE ( 'NONE', *, *, #3769, .T. ) ;
#2577 = CARTESIAN_POINT ( 'NONE',  ( -1.980384757729338085, -0.8203022253684568721, -0.5500000000000020428 ) ) ;
#2578 = CARTESIAN_POINT ( 'NONE',  ( 0.000000000000000000, 2.543301270189221253, -6.875000000000001776 ) ) ;
#2579 = CARTESIAN_POINT ( 'NONE',  ( -2.543301270189231023, 1.053469879313089885, -9.075000000000001066 ) ) ;
#2580 = CARTESIAN_POINT ( 'NONE',  ( -2.500000000000010658, -8.959823386657123714E-15, -4.200000000000002842 ) ) ;
#2581 = VERTEX_POINT ( 'NONE', #1914 ) ;
#2582 = CARTESIAN_POINT ( 'NONE',  ( 0.000000000000000000, 0.000000000000000000, 8.500000000000000000 ) ) ;
#2583 = CARTESIAN_POINT ( 'NONE',  ( 0.8203022253684493226, 1.980384757729328538, -5.750000000000002665 ) ) ;
#2584 = FACE_OUTER_BOUND ( 'NONE', #2110, .T. ) ;
#2585 = SHAPE_DEFINITION_REPRESENTATION ( #145, #3286 ) ;
#2586 = CARTESIAN_POINT ( 'NONE',  ( -1.980384757729338085, -0.8203022253684569831, -6.150000000000003020 ) ) ;
#2587 = CARTESIAN_POINT ( 'NONE',  ( -0.9267646921149665928, -2.084290618713674714, -7.924010325283462386 ) ) ;
#2588 = CARTESIAN_POINT ( 'NONE',  ( -1.980384757729338085, 0.8203022253684389975, -3.150000000000001688 ) ) ;
#2589 = CARTESIAN_POINT ( 'NONE',  ( -1.035533905932742194, -2.500000000000019540, -6.550000000000000711 ) ) ;
#2590 = CARTESIAN_POINT ( 'NONE',  ( 1.980384757729337641, -0.8203022253684580933, -4.350000000000001421 ) ) ;
#2591 = CARTESIAN_POINT ( 'NONE',  ( -1.035533905932742194, -2.500000000000019540, 0.6500000000000000222 ) ) ;
#2592 = CARTESIAN_POINT ( 'NONE',  ( -1.767766952966376204, -1.767766952966385086, 2.200000000000000622 ) ) ;
#2593 = ORIENTED_EDGE ( 'NONE', *, *, #1632, .T. ) ;
#2594 = CARTESIAN_POINT ( 'NONE',  ( 1.980384757729337641, 0.8203022253684393306, -6.550000000000001599 ) ) ;
#2595 = FACE_OUTER_BOUND ( 'NONE', #170, .T. ) ;
#2596 =( BOUNDED_CURVE ( )  B_SPLINE_CURVE ( 2, ( #3675, #1996, #1308, #4405, #2332, #2379, #2021, #2698, #1607 ),
 .UNSPECIFIED., .F., .F. ) 
 B_SPLINE_CURVE_WITH_KNOTS ( ( 3, 2, 2, 2, 3 ),
 ( 0.7968750000000000000, 0.8046875000000000000, 0.8125000000000000000, 0.8203125000000001110, 0.8281250000000001110 ),
 .UNSPECIFIED. ) 
 CURVE ( )  GEOMETRIC_REPRESENTATION_ITEM ( )  RATIONAL_B_SPLINE_CURVE ( ( 1.000000000000000000, 0.9238795325112867385, 1.000000000000000000, 0.9238795325112867385, 1.000000000000000000, 0.9238795325112867385, 1.000000000000000000, 0.9238795325112856283, 1.000000000000001110 ) ) 
 REPRESENTATION_ITEM ( '' )  );
#2597 = ORIENTED_EDGE ( 'NONE', *, *, #456, .F. ) ;
#2598 = CARTESIAN_POINT ( 'NONE',  ( 2.543301270189230134, -1.053469879313109425, -2.325000000000001954 ) ) ;
#2599 = ORIENTED_EDGE ( 'NONE', *, *, #3821, .F. ) ;
#2600 = CARTESIAN_POINT ( 'NONE',  ( -1.798385574751164784, -1.798385574751173666, -8.925000000000002487 ) ) ;
#2601 = EDGE_CURVE ( 'NONE', #635, #3947, #1594, .T. ) ;
#2602 = CARTESIAN_POINT ( 'NONE',  ( -2.500000000000010658, 1.035533905932733312, -2.650000000000003020 ) ) ;
#2603 = CARTESIAN_POINT ( 'NONE',  ( 2.500000000000010658, -9.572146786230802611E-15, -1.500000000000000000 ) ) ;
#2604 = CARTESIAN_POINT ( 'NONE',  ( -1.767766952966376204, -1.767766952966385086, -3.399999999999999911 ) ) ;
#2605 = CARTESIAN_POINT ( 'NONE',  ( -1.980384757729338085, 0.8203022253684389975, -4.750000000000001776 ) ) ;
#2606 = MANIFOLD_SOLID_BREP ( 'Boss-Extrude1', #1821 ) ;
#2607 = LINE ( 'NONE', #1881, #3480 ) ;
#2608 = CARTESIAN_POINT ( 'NONE',  ( -0.8203022253684481013, -1.980384757729347189, -5.250000000000000888 ) ) ;
#2609 = CARTESIAN_POINT ( 'NONE',  ( -6.044837128638120346E-16, -2.309401076758500260, 8.337322042762473018 ) ) ;
#2610 = CARTESIAN_POINT ( 'NONE',  ( 1.980384757729337641, -0.8203022253684580933, -3.550000000000001155 ) ) ;
#2611 = EDGE_CURVE ( 'NONE', #3076, #2241, #3313, .T. ) ;
#2612 = CARTESIAN_POINT ( 'NONE',  ( -0.8203022253684478793, 1.980384757729328982, 3.249999999999997780 ) ) ;
#2613 = CARTESIAN_POINT ( 'NONE',  ( -2.543301270189230578, -8.957171948560311498E-15, -0.2250000000000012546 ) ) ;
#2614 = CARTESIAN_POINT ( 'NONE',  ( 0.000000000000000000, 1.980384757729328982, -2.500000000000001332 ) ) ;
#2615 = CARTESIAN_POINT ( 'NONE',  ( -2.500000000000010658, -8.959823386657123714E-15, 1.399999999999996581 ) ) ;
#2616 = CARTESIAN_POINT ( 'NONE',  ( 2.500000000000003997, -9.413459948665076694E-15, 3.360428147091730100 ) ) ;
#2617 = ORIENTED_EDGE ( 'NONE', *, *, #664, .F. ) ;
#2618 = CARTESIAN_POINT ( 'NONE',  ( -1.980384757729338085, -8.991640643818871886E-15, -6.200000000000001954 ) ) ;
#2619 = EDGE_CURVE ( 'NONE', #1895, #2209, #2306, .T. ) ;
#2620 = CARTESIAN_POINT ( 'NONE',  ( 0.000000000000000000, -2.602085213965210642E-15, 8.250000000000000000 ) ) ;
#2621 = CARTESIAN_POINT ( 'NONE',  ( 2.500000000000009770, 1.035533905932733534, 0.1499999999999995226 ) ) ;
#2622 = ORIENTED_EDGE ( 'NONE', *, *, #1678, .T. ) ;
#2623 = CARTESIAN_POINT ( 'NONE',  ( 2.543301270189230134, -1.053469879313109425, -0.7250000000000016431 ) ) ;
#2624 = CARTESIAN_POINT ( 'NONE',  ( -2.543301270189230578, -8.957171948560311498E-15, -9.025000000000002132 ) ) ;
#2625 =( BOUNDED_CURVE ( )  B_SPLINE_CURVE ( 2, ( #729, #413, #2109, #2860, #390, #3216, #2471, #1391, #4209 ),
 .UNSPECIFIED., .F., .F. ) 
 B_SPLINE_CURVE_WITH_KNOTS ( ( 3, 2, 2, 2, 3 ),
 ( 0.7343750000000001110, 0.7421875000000001110, 0.7500000000000001110, 0.7578125000000001110, 0.7656250000000001110 ),
 .UNSPECIFIED. ) 
 CURVE ( )  GEOMETRIC_REPRESENTATION_ITEM ( )  RATIONAL_B_SPLINE_CURVE ( ( 0.9999999999999988898, 0.9238795325112878487, 1.000000000000000000, 0.9238795325112867385, 1.000000000000000000, 0.9238795325112867385, 1.000000000000000000, 0.9238795325112856283, 1.000000000000001110 ) ) 
 REPRESENTATION_ITEM ( '' )  );
#2626 = DIRECTION ( 'NONE',  ( -1.000000000000000000, 0.000000000000000000, 0.000000000000000000 ) ) ;
#2627 = CARTESIAN_POINT ( 'NONE',  ( 1.767766952966375982, -1.767766952966385752, 0.09999999999999743816 ) ) ;
#2628 = CARTESIAN_POINT ( 'NONE',  ( 1.767766952966376426, 1.767766952966366656, -4.599999999999998757 ) ) ;
#2629 = CARTESIAN_POINT ( 'NONE',  ( -0.8203022253684481013, -1.980384757729346967, -4.550000000000000711 ) ) ;
#2630 = CARTESIAN_POINT ( 'NONE',  ( 1.977944213190336198, 1.520963256329308289, -7.710121339270984642 ) ) ;
#2631 = CARTESIAN_POINT ( 'NONE',  ( -1.980384757729338085, 0.8203022253684388865, -4.650000000000002132 ) ) ;
#2632 = CARTESIAN_POINT ( 'NONE',  ( 1.205895213241178654, -1.665593488937573197, 2.119713819786116726 ) ) ;
#2633 = CARTESIAN_POINT ( 'NONE',  ( -1.980384757729338085, -0.8203022253684568721, -4.650000000000002132 ) ) ;
#2634 = DIRECTION ( 'NONE',  ( -0.000000000000000000, -0.000000000000000000, -1.000000000000000000 ) ) ;
#2635 = VECTOR ( 'NONE', #3631, 1000.000000000000000 ) ;
#2636 = CARTESIAN_POINT ( 'NONE',  ( -1.798385574751164784, 1.798385574751155680, 0.4749999999999979794 ) ) ;
#2637 = CARTESIAN_POINT ( 'NONE',  ( -0.8203022253684478793, 1.980384757729328982, -1.650000000000001465 ) ) ;
#2638 = CARTESIAN_POINT ( 'NONE',  ( -1.999999999999997335, 0.9680098225115739696, 8.283429075231765637 ) ) ;
#2639 = DIRECTION ( 'NONE',  ( -0.000000000000000000, -0.000000000000000000, 1.000000000000000000 ) ) ;
#2640 = EDGE_LOOP ( 'NONE', ( #2303, #4305, #2477, #991 ) ) ;
#2641 = CARTESIAN_POINT ( 'NONE',  ( -1.400343491548893038, 1.400343491548883934, -7.100000000000002309 ) ) ;
#2642 = LINE ( 'NONE', #584, #4413 ) ;
#2643 = CARTESIAN_POINT ( 'NONE',  ( 2.500000000000009770, -1.035533905932752630, -3.949999999999999734 ) ) ;
#2644 = VERTEX_POINT ( 'NONE', #2932 ) ;
#2645 = CARTESIAN_POINT ( 'NONE',  ( -2.543301270189230578, -1.053469879313107649, -2.625000000000001332 ) ) ;
#2646 = EDGE_LOOP ( 'NONE', ( #3935, #630, #1172, #3606 ) ) ;
#2647 =( BOUNDED_CURVE ( )  B_SPLINE_CURVE ( 2, ( #669, #2045, #2085, #1728, #2767, #1068, #2748, #4143, #1047 ),
 .UNSPECIFIED., .F., .F. ) 
 B_SPLINE_CURVE_WITH_KNOTS ( ( 3, 2, 2, 2, 3 ),
 ( 0.5781250000000000000, 0.5859375000000000000, 0.5937500000000000000, 0.6015625000000001110, 0.6093750000000001110 ),
 .UNSPECIFIED. ) 
 CURVE ( )  GEOMETRIC_REPRESENTATION_ITEM ( )  RATIONAL_B_SPLINE_CURVE ( ( 1.000000000000000000, 0.9238795325112867385, 1.000000000000000000, 0.9238795325112867385, 1.000000000000000000, 0.9238795325112867385, 1.000000000000000000, 0.9238795325112856283, 1.000000000000001110 ) ) 
 REPRESENTATION_ITEM ( '' )  );
#2648 = CARTESIAN_POINT ( 'NONE',  ( -1.053469879313098989, 2.543301270189221253, -4.375000000000001776 ) ) ;
#2649 = CARTESIAN_POINT ( 'NONE',  ( -1.980384757729338085, -0.8203022253684568721, -8.550000000000002487 ) ) ;
#2650 = FACE_OUTER_BOUND ( 'NONE', #678, .T. ) ;
#2651 = LINE ( 'NONE', #1631, #4064 ) ;
#2652 = CARTESIAN_POINT ( 'NONE',  ( 1.400343491548892816, -1.400343491548902364, -3.600000000000001421 ) ) ;
#2653 = ORIENTED_EDGE ( 'NONE', *, *, #442, .T. ) ;
#2654 = DIRECTION ( 'NONE',  ( -0.3420201433256694901, 0.000000000000000000, 0.9396926207859082059 ) ) ;
#2655 = CARTESIAN_POINT ( 'NONE',  ( -1.400343491548893038, 1.400343491548883934, -2.300000000000001599 ) ) ;
#2656 = DIRECTION ( 'NONE',  ( 0.4999999999999998890, 0.8660254037844387076, 0.000000000000000000 ) ) ;
#2657 = EDGE_CURVE ( 'NONE', #350, #1421, #2158, .T. ) ;
#2658 = CARTESIAN_POINT ( 'NONE',  ( 0.8203022253684493226, 1.980384757729328538, -4.150000000000002132 ) ) ;
#2659 = CARTESIAN_POINT ( 'NONE',  ( 1.980384757729337641, 0.8203022253684393306, 3.849999999999998312 ) ) ;
#2660 = CARTESIAN_POINT ( 'NONE',  ( -1.053469879313099211, -2.543301270189239904, 0.7249999999999982014 ) ) ;
#2661 = CARTESIAN_POINT ( 'NONE',  ( -2.425271854633440422E-16, -1.980384757729347189, -2.100000000000000977 ) ) ;
#2662 = CARTESIAN_POINT ( 'NONE',  ( -2.500000000000010658, 1.035533905932733090, -5.150000000000000355 ) ) ;
#2663 = DIRECTION ( 'NONE',  ( 0.000000000000000000, 0.000000000000000000, -1.000000000000000000 ) ) ;
#2664 = ADVANCED_FACE ( 'NONE', ( #4326 ), #4257, .T. ) ;
#2665 = ORIENTED_EDGE ( 'NONE', *, *, #1846, .T. ) ;
#2666 = CARTESIAN_POINT ( 'NONE',  ( -1.400343491548893038, 1.400343491548883934, 0.8999999999999980238 ) ) ;
#2667 = CARTESIAN_POINT ( 'NONE',  ( 0.8203022253684477683, -1.980384757729347633, -4.350000000000002309 ) ) ;
#2668 = CARTESIAN_POINT ( 'NONE',  ( -2.500000000000010658, 1.035533905932733312, -3.450000000000004174 ) ) ;
#2669 = CARTESIAN_POINT ( 'NONE',  ( 1.766938368153216032, 1.051022626662995840, 2.127809961819155049 ) ) ;
#2670 = EDGE_LOOP ( 'NONE', ( #1327, #1392, #1504, #1843 ) ) ;
#2671 = CARTESIAN_POINT ( 'NONE',  ( 1.053469879313100543, 2.543301270189220809, -3.725000000000001865 ) ) ;
#2672 = CARTESIAN_POINT ( 'NONE',  ( 1.798385574751165228, 1.798385574751155236, -4.525000000000002132 ) ) ;
#2673 = CARTESIAN_POINT ( 'NONE',  ( 1.400343491548892816, -1.400343491548902364, -6.700000000000001954 ) ) ;
#2674 = DIRECTION ( 'NONE',  ( -1.000000000000000000, 0.000000000000000000, 0.000000000000000000 ) ) ;
#2675 = DIRECTION ( 'NONE',  ( 0.3420201433256694901, -4.188538737677001009E-17, 0.9396926207859082059 ) ) ;
#2676 = CARTESIAN_POINT ( 'NONE',  ( 1.980384757729338085, -9.476695014745558097E-15, -1.900000000000001465 ) ) ;
#2677 = DIRECTION ( 'NONE',  ( -0.000000000000000000, -0.000000000000000000, -1.000000000000000000 ) ) ;
#2678 = PERSON_AND_ORGANIZATION ( #3541, #4267 ) ;
#2679 = CARTESIAN_POINT ( 'NONE',  ( 1.400343491548892816, -1.400343491548902364, -4.300000000000001599 ) ) ;
#2680 = CARTESIAN_POINT ( 'NONE',  ( 2.500000000000009770, 1.035533905932733534, -3.050000000000000711 ) ) ;
#2681 = CARTESIAN_POINT ( 'NONE',  ( -1.980384757729338085, -8.991640643818871886E-15, -2.300000000000001599 ) ) ;
#2682 = CARTESIAN_POINT ( 'NONE',  ( -2.500000000000010658, -8.959823386657123714E-15, 2.999999999999997335 ) ) ;
#2683 = CARTESIAN_POINT ( 'NONE',  ( -1.053469879313098989, 2.543301270189221253, 2.024999999999999023 ) ) ;
#2684 = CARTESIAN_POINT ( 'NONE',  ( -1.400343491548893038, 1.400343491548883934, -1.600000000000001643 ) ) ;
#2685 = DIRECTION ( 'NONE',  ( -0.000000000000000000, -0.000000000000000000, -1.000000000000000000 ) ) ;
#2686 = CARTESIAN_POINT ( 'NONE',  ( 0.000000000000000000, 2.500000000000001332, -6.900000000000000355 ) ) ;
#2687 = EDGE_LOOP ( 'NONE', ( #1492, #1983, #2035, #3521 ) ) ;
#2688 = CARTESIAN_POINT ( 'NONE',  ( -1.980384757729338085, 0.8203022253684389975, 3.349999999999998757 ) ) ;
#2689 = CARTESIAN_POINT ( 'NONE',  ( -1.980384757729338085, -8.991640643818871886E-15, -3.800000000000002043 ) ) ;
#2690 = CARTESIAN_POINT ( 'NONE',  ( 1.035533905932743970, 2.500000000000000444, -3.650000000000003464 ) ) ;
#2691 = CARTESIAN_POINT ( 'NONE',  ( -1.427158807804434604, 1.572561507990597907, 2.313999933598821279 ) ) ;
#2692 = VERTEX_POINT ( 'NONE', #1274 ) ;
#2693 = CARTESIAN_POINT ( 'NONE',  ( 2.543301270189230134, -1.053469879313109425, -1.525000000000001243 ) ) ;
#2694 = ORIENTED_EDGE ( 'NONE', *, *, #3372, .F. ) ;
#2695 = CARTESIAN_POINT ( 'NONE',  ( 1.053469879313098323, -2.543301270189240348, -4.775000000000003020 ) ) ;
#2696 = CARTESIAN_POINT ( 'NONE',  ( -1.400343491548893038, 1.400343491548883934, -5.500000000000002665 ) ) ;
#2697 = CARTESIAN_POINT ( 'NONE',  ( -1.035533905932741972, 2.500000000000001776, -3.649999999999999467 ) ) ;
#2698 = CARTESIAN_POINT ( 'NONE',  ( 2.500000000000021760, 1.035533905932722210, -6.950000000000003730 ) ) ;
#2699 = CARTESIAN_POINT ( 'NONE',  ( -1.400343491548893038, 1.400343491548883934, -0.8000000000000020428 ) ) ;
#2700 = CARTESIAN_POINT ( 'NONE',  ( 0.8203022253684477683, -1.980384757729347633, -1.950000000000002176 ) ) ;
#2701 = AXIS2_PLACEMENT_3D ( 'NONE', #4105, #3066, #646 ) ;
#2702 = CARTESIAN_POINT ( 'NONE',  ( -0.8390853203661645665, -1.808807141871225044, 1.947702535421774517 ) ) ;
#2703 =( BOUNDED_CURVE ( )  B_SPLINE_CURVE ( 2, ( #3739, #1988, #3364, #655, #264, #2034, #1503, #2865, #82 ),
 .UNSPECIFIED., .F., .F. ) 
 B_SPLINE_CURVE_WITH_KNOTS ( ( 3, 2, 2, 2, 3 ),
 ( 0.2031250000000000555, 0.2109375000000000555, 0.2187500000000000555, 0.2265625000000000555, 0.2343750000000000555 ),
 .UNSPECIFIED. ) 
 CURVE ( )  GEOMETRIC_REPRESENTATION_ITEM ( )  RATIONAL_B_SPLINE_CURVE ( ( 0.9999999999999994449, 0.9238795325112872936, 1.000000000000000000, 0.9238795325112867385, 1.000000000000000000, 0.9238795325112867385, 1.000000000000000000, 0.9238795325112861834, 1.000000000000000444 ) ) 
 REPRESENTATION_ITEM ( '' )  );
#2704 = CARTESIAN_POINT ( 'NONE',  ( -1.980384757729338085, -0.8203022253684568721, -0.6500000000000012434 ) ) ;
#2705 = VECTOR ( 'NONE', #3175, 1000.000000000000000 ) ;
#2706 = CARTESIAN_POINT ( 'NONE',  ( -1.035533905932742194, 2.500000000000001776, 2.849999999999996980 ) ) ;
#2707 = CARTESIAN_POINT ( 'NONE',  ( 1.053469879313100765, 2.543301270189220809, 3.524999999999999023 ) ) ;
#2708 = CARTESIAN_POINT ( 'NONE',  ( -2.425271854633440422E-16, -1.980384757729347189, -3.700000000000001066 ) ) ;
#2709 = LINE ( 'NONE', #3381, #3136 ) ;
#2710 = CYLINDRICAL_SURFACE ( 'NONE', #904, 2.500000000000003997 ) ;
#2711 = EDGE_LOOP ( 'NONE', ( #923, #3978, #2866, #3201 ) ) ;
#2712 = CARTESIAN_POINT ( 'NONE',  ( 0.8203022253684493226, 1.980384757729328538, 3.149999999999998135 ) ) ;
#2713 = AXIS2_PLACEMENT_3D ( 'NONE', #2336, #3702, #4344 ) ;
#2714 = FACE_OUTER_BOUND ( 'NONE', #4110, .T. ) ;
#2715 = CARTESIAN_POINT ( 'NONE',  ( 2.500000000000010658, -9.572146786230802611E-15, -3.000000000000003109 ) ) ;
#2716 = LOCAL_TIME ( 11, 26, 5.000000000000000000, #4207 ) ;
#2717 = ORIENTED_EDGE ( 'NONE', *, *, #3905, .F. ) ;
#2718 = CARTESIAN_POINT ( 'NONE',  ( -2.543301270189230134, -8.957171948560311498E-15, -0.2750000000000009104 ) ) ;
#2719 = EDGE_CURVE ( 'NONE', #3732, #3796, #2078, .T. ) ;
#2720 = ORIENTED_EDGE ( 'NONE', *, *, #2474, .T. ) ;
#2721 = CARTESIAN_POINT ( 'NONE',  ( 0.000000000000000000, 2.543301270189221697, -6.025000000000002132 ) ) ;
#2722 = CARTESIAN_POINT ( 'NONE',  ( -0.8203022253684478793, 1.980384757729328982, -7.150000000000002132 ) ) ;
#2723 = CARTESIAN_POINT ( 'NONE',  ( -2.543301270189230578, -1.053469879313107649, -8.225000000000001421 ) ) ;
#2724 = CARTESIAN_POINT ( 'NONE',  ( 2.500000000000010658, -9.572146786230802611E-15, 0.1999999999999968470 ) ) ;
#2725 = CARTESIAN_POINT ( 'NONE',  ( 0.8203022253684477683, -1.980384757729347633, -2.050000000000001599 ) ) ;
#2726 = CARTESIAN_POINT ( 'NONE',  ( -1.980384757729338085, -0.8203022253684569831, -3.750000000000002220 ) ) ;
#2727 = DIRECTION ( 'NONE',  ( -0.000000000000000000, -0.000000000000000000, -1.000000000000000000 ) ) ;
#2728 = CARTESIAN_POINT ( 'NONE',  ( 1.980384757729338085, -9.476695014745558097E-15, 0.4999999999999987232 ) ) ;
#2729 = CARTESIAN_POINT ( 'NONE',  ( 2.500000000000010658, -9.572146786230802611E-15, -4.600000000000004086 ) ) ;
#2730 = CARTESIAN_POINT ( 'NONE',  ( 1.053469879313098323, -2.543301270189240348, 3.224999999999998757 ) ) ;
#2731 = CARTESIAN_POINT ( 'NONE',  ( -1.980384757729338085, -0.8203022253684569831, 0.1499999999999990785 ) ) ;
#2732 = DIRECTION ( 'NONE',  ( -0.000000000000000000, -0.000000000000000000, -1.000000000000000000 ) ) ;
#2733 = CARTESIAN_POINT ( 'NONE',  ( 1.035533905932743748, 2.500000000000001776, -6.950000000000000178 ) ) ;
#2734 = ORIENTED_EDGE ( 'NONE', *, *, #872, .T. ) ;
#2735 = CARTESIAN_POINT ( 'NONE',  ( 1.980384757729337641, -0.8203022253684580933, 2.949999999999997957 ) ) ;
#2736 = DIRECTION ( 'NONE',  ( -1.000000000000000000, 0.000000000000000000, 0.000000000000000000 ) ) ;
#2737 = CARTESIAN_POINT ( 'NONE',  ( -1.861898195005365020, 1.046027863835357730, 2.347334861440204534 ) ) ;
#2738 = ORIENTED_EDGE ( 'NONE', *, *, #3261, .F. ) ;
#2739 = CARTESIAN_POINT ( 'NONE',  ( -2.543301270189230134, -8.957171948560311498E-15, 1.324999999999997957 ) ) ;
#2740 = CARTESIAN_POINT ( 'NONE',  ( -2.543301270189231023, 1.053469879313089885, -4.275000000000002132 ) ) ;
#2741 = CARTESIAN_POINT ( 'NONE',  ( -1.980384757729338085, -0.8203022253684568721, -5.350000000000002309 ) ) ;
#2742 = CARTESIAN_POINT ( 'NONE',  ( 2.543301270189230134, -1.053469879313109425, -7.125000000000001776 ) ) ;
#2743 = CARTESIAN_POINT ( 'NONE',  ( 0.000000000000000000, 1.980384757729328982, -0.9000000000000014655 ) ) ;
#2744 = EDGE_CURVE ( 'NONE', #1186, #3444, #3737, .T. ) ;
#2745 = CARTESIAN_POINT ( 'NONE',  ( 2.500000000000010658, -9.572146786230802611E-15, -3.100000000000000089 ) ) ;
#2746 = CARTESIAN_POINT ( 'NONE',  ( 1.400343491548892816, -1.400343491548902364, -2.000000000000000888 ) ) ;
#2747 = CYLINDRICAL_SURFACE ( 'NONE', #4118, 2.500000000000003997 ) ;
#2748 = CARTESIAN_POINT ( 'NONE',  ( 1.767766952966375982, -1.767766952966385530, -0.7999999999999999334 ) ) ;
#2749 = CARTESIAN_POINT ( 'NONE',  ( 0.8203022253684477683, -1.980384757729347633, 0.3499999999999996447 ) ) ;
#2750 = DIRECTION ( 'NONE',  ( -0.000000000000000000, -0.000000000000000000, -1.000000000000000000 ) ) ;
#2751 = VERTEX_POINT ( 'NONE', #2616 ) ;
#2752 = CARTESIAN_POINT ( 'NONE',  ( -1.400343491548893038, 1.400343491548883934, 1.699999999999998401 ) ) ;
#2753 = CARTESIAN_POINT ( 'NONE',  ( 0.000000000000000000, -2.602085213965210642E-15, -8.500000000000000000 ) ) ;
#2754 = CARTESIAN_POINT ( 'NONE',  ( 1.035533905932741749, -2.500000000000019984, -2.449999999999999289 ) ) ;
#2755 = ORIENTED_EDGE ( 'NONE', *, *, #799, .F. ) ;
#2756 = CARTESIAN_POINT ( 'NONE',  ( 1.798385574751164340, -1.798385574751173888, 2.424999999999998490 ) ) ;
#2757 = EDGE_CURVE ( 'NONE', #3881, #3584, #751, .T. ) ;
#2758 = CARTESIAN_POINT ( 'NONE',  ( 0.000000000000000000, 2.543301270189221697, -0.4250000000000017653 ) ) ;
#2759 = CARTESIAN_POINT ( 'NONE',  ( 0.8203022253684493226, 1.980384757729328538, -3.250000000000001776 ) ) ;
#2760 = DIRECTION ( 'NONE',  ( -1.000000000000000000, 0.000000000000000000, 0.000000000000000000 ) ) ;
#2761 = EDGE_CURVE ( 'NONE', #9, #350, #287, .T. ) ;
#2762 = B_SPLINE_CURVE_WITH_KNOTS ( 'NONE', 3,
 ( #2274, #1841, #649, #1317 ),
 .UNSPECIFIED., .F., .F.,
 ( 4, 4 ),
 ( 0.001248332746006254384, 0.001561699868286084902 ),
 .UNSPECIFIED. ) ;
#2763 = CARTESIAN_POINT ( 'NONE',  ( -1.980384757729338085, 0.8203022253684389975, -1.550000000000001377 ) ) ;
#2764 = CARTESIAN_POINT ( 'NONE',  ( -1.767766952966376426, -1.767766952966385308, 3.099999999999996980 ) ) ;
#2765 = CARTESIAN_POINT ( 'NONE',  ( 1.980384757729337641, -0.8203022253684580933, 0.4499999999999990119 ) ) ;
#2766 = CARTESIAN_POINT ( 'NONE',  ( -2.500000000000010658, -1.035533905932750853, -7.450000000000000178 ) ) ;
#2767 = CARTESIAN_POINT ( 'NONE',  ( -3.061616997868395960E-16, -2.500000000000019540, -0.9000000000000001332 ) ) ;
#2769 =( BOUNDED_CURVE ( )  B_SPLINE_CURVE ( 2, ( #3133, #368, #2430, #3156, #3196, #774, #2155, #3791, #3810 ),
 .UNSPECIFIED., .F., .F. ) 
 B_SPLINE_CURVE_WITH_KNOTS ( ( 3, 2, 2, 2, 3 ),
 ( 0.4531250000000000555, 0.4609375000000000555, 0.4687500000000000000, 0.4765625000000000000, 0.4843750000000000000 ),
 .UNSPECIFIED. ) 
 CURVE ( )  GEOMETRIC_REPRESENTATION_ITEM ( )  RATIONAL_B_SPLINE_CURVE ( ( 0.9999999999999994449, 0.9238795325112872936, 1.000000000000000000, 0.9238795325112867385, 1.000000000000000000, 0.9238795325112867385, 1.000000000000000000, 0.9238795325112867385, 1.000000000000000000 ) ) 
 REPRESENTATION_ITEM ( '' )  );
#2768 = CARTESIAN_POINT ( 'NONE',  ( 2.225972107876044603, 1.138001834338550955, 3.360428147091791828 ) ) ;
#2770 = CARTESIAN_POINT ( 'NONE',  ( 1.955718431022360981, -0.3115914106745070744, -8.219615242271586908 ) ) ;
#2771 = DIRECTION ( 'NONE',  ( -1.000000000000000000, 0.000000000000000000, 0.000000000000000000 ) ) ;
#2772 = CARTESIAN_POINT ( 'NONE',  ( 0.000000000000000000, -9.107298248878237246E-15, 3.360428147091730100 ) ) ;
#2773 = CARTESIAN_POINT ( 'NONE',  ( 0.8203022253684493226, 1.980384757729328538, 3.949999999999998845 ) ) ;
#2774 = AXIS2_PLACEMENT_3D ( 'NONE', #98, #3111, #2859 ) ;
#2775 = CARTESIAN_POINT ( 'NONE',  ( 2.273718362050867636, 0.1520460181104405228, 2.738724456389344919 ) ) ;
#2776 = CARTESIAN_POINT ( 'NONE',  ( 0.3371670110930991560, -2.195748178541635287, 2.582348348418324502 ) ) ;
#2777 = ORIENTED_EDGE ( 'NONE', *, *, #429, .F. ) ;
#2778 = CARTESIAN_POINT ( 'NONE',  ( -1.053469879313098989, -2.543301270189239460, 1.474999999999998979 ) ) ;
#2779 = VECTOR ( 'NONE', #4079, 1000.000000000000000 ) ;
#2780 = CARTESIAN_POINT ( 'NONE',  ( 1.053469879313098323, -2.543301270189240348, -3.175000000000001155 ) ) ;
#2781 = AXIS2_PLACEMENT_3D ( 'NONE', #1829, #202, #886 ) ;
#2782 = CARTESIAN_POINT ( 'NONE',  ( -1.400343491548893038, 1.400343491548883934, -5.600000000000001421 ) ) ;
#2783 = CARTESIAN_POINT ( 'NONE',  ( 1.400343491548893260, 1.400343491548883490, -4.100000000000002309 ) ) ;
#2784 = FACE_OUTER_BOUND ( 'NONE', #674, .T. ) ;
#2785 = CARTESIAN_POINT ( 'NONE',  ( 1.980384757729337641, 0.8203022253684393306, 2.149999999999999467 ) ) ;
#2786 = DIRECTION ( 'NONE',  ( 0.8660254037844385966, -0.4999999999999998890, 0.000000000000000000 ) ) ;
#2787 = CARTESIAN_POINT ( 'NONE',  ( 0.8203022253684477683, -1.980384757729347633, 1.949999999999998623 ) ) ;
#2788 = CARTESIAN_POINT ( 'NONE',  ( -0.8203022253684478793, 1.980384757729328982, -8.850000000000001421 ) ) ;
#2789 = CARTESIAN_POINT ( 'NONE',  ( -1.035533905932742194, -2.500000000000019540, 3.050000000000001155 ) ) ;
#2790 = CARTESIAN_POINT ( 'NONE',  ( -1.980384757729338085, 0.8203022253684388865, 1.649999999999998579 ) ) ;
#2791 = CARTESIAN_POINT ( 'NONE',  ( 2.500000000000010658, -9.572146786230802611E-15, -2.299999999999999378 ) ) ;
#2792 = CARTESIAN_POINT ( 'NONE',  ( -1.767766952966376426, -1.767766952966385308, 2.299999999999996270 ) ) ;
#2793 = ORIENTED_EDGE ( 'NONE', *, *, #788, .F. ) ;
#2794 = CARTESIAN_POINT ( 'NONE',  ( -2.425271854633440422E-16, -1.980384757729347189, -6.100000000000001421 ) ) ;
#2795 = EDGE_CURVE ( 'NONE', #2692, #1398, #2555, .T. ) ;
#2796 = CARTESIAN_POINT ( 'NONE',  ( 0.5576529095552764659, 2.259525754621534155, 2.872255031125281022 ) ) ;
#2797 = CARTESIAN_POINT ( 'NONE',  ( 2.138522930865152549, -1.189655820310097090, 3.201623289033497244 ) ) ;
#2798 = ORIENTED_EDGE ( 'NONE', *, *, #2744, .T. ) ;
#2799 = CARTESIAN_POINT ( 'NONE',  ( 1.053469879313098323, -2.543301270189239904, 2.374999999999998668 ) ) ;
#2800 = B_SPLINE_CURVE_WITH_KNOTS ( 'NONE', 3,
 ( #519, #3957, #3565, #495, #2922, #2969 ),
 .UNSPECIFIED., .F., .F.,
 ( 4, 2, 4 ),
 ( 0.002022713872327793969, 0.002606595087690657866, 0.003190476303053521763 ),
 .UNSPECIFIED. ) ;
#2801 = CARTESIAN_POINT ( 'NONE',  ( 2.543301270189230578, -9.580101100521239259E-15, -1.425000000000001821 ) ) ;
#2802 = CARTESIAN_POINT ( 'NONE',  ( -1.980384757729338085, -0.8203022253684569831, 0.2499999999999985012 ) ) ;
#2803 = CARTESIAN_POINT ( 'NONE',  ( 1.400343491548892816, -1.400343491548902364, -3.500000000000002220 ) ) ;
#2804 =( BOUNDED_CURVE ( )  B_SPLINE_CURVE ( 2, ( #838, #2602, #1561, #2941, #2874, #3231, #1582, #2260, #1148 ),
 .UNSPECIFIED., .F., .F. ) 
 B_SPLINE_CURVE_WITH_KNOTS ( ( 3, 2, 2, 2, 3 ),
 ( 0.4843750000000000000, 0.4921875000000000000, 0.5000000000000000000, 0.5078125000000000000, 0.5156250000000000000 ),
 .UNSPECIFIED. ) 
 CURVE ( )  GEOMETRIC_REPRESENTATION_ITEM ( )  RATIONAL_B_SPLINE_CURVE ( ( 1.000000000000000000, 0.9238795325112867385, 1.000000000000000000, 0.9238795325112867385, 1.000000000000000000, 0.9238795325112867385, 1.000000000000000000, 0.9238795325112867385, 1.000000000000000000 ) ) 
 REPRESENTATION_ITEM ( '' )  );
#2805 = CARTESIAN_POINT ( 'NONE',  ( -0.8203022253684478793, 1.980384757729328982, -3.150000000000001688 ) ) ;
#2806 = CARTESIAN_POINT ( 'NONE',  ( -2.543301270189230578, 1.053469879313089663, -7.525000000000000355 ) ) ;
#2807 = ORIENTED_EDGE ( 'NONE', *, *, #2950, .T. ) ;
#2808 = CARTESIAN_POINT ( 'NONE',  ( 1.400343491548892816, -1.400343491548902364, 0.3999999999999993006 ) ) ;
#2809 = CARTESIAN_POINT ( 'NONE',  ( 2.500000000000010214, -1.035533905932752630, -3.850000000000003197 ) ) ;
#2810 = CARTESIAN_POINT ( 'NONE',  ( 0.000000000000000000, 1.980384757729328982, 1.499999999999999556 ) ) ;
#2811 = EDGE_CURVE ( 'NONE', #2525, #1601, #1993, .T. ) ;
#2812 = CARTESIAN_POINT ( 'NONE',  ( 1.980384757729337641, 0.8203022253684393306, -8.250000000000003553 ) ) ;
#2813 = CARTESIAN_POINT ( 'NONE',  ( 2.052836800098936543, 0.2982396805100451243, -8.130883983713028229 ) ) ;
#2814 = CARTESIAN_POINT ( 'NONE',  ( -0.8203022253684478793, 1.980384757729328982, 1.549999999999999378 ) ) ;
#2815 = PLANE ( 'NONE',  #1177 ) ;
#2816 = CARTESIAN_POINT ( 'NONE',  ( -2.500000000000010658, -8.959823386657123714E-15, 2.199999999999996625 ) ) ;
#2817 = CARTESIAN_POINT ( 'NONE',  ( -1.980384757729338085, 0.8203022253684389975, -7.150000000000002132 ) ) ;
#2818 =( BOUNDED_CURVE ( )  B_SPLINE_CURVE ( 2, ( #4414, #689, #4434, #2789, #3400, #2068, #1684, #4124, #3807 ),
 .UNSPECIFIED., .F., .F. ) 
 B_SPLINE_CURVE_WITH_KNOTS ( ( 3, 2, 2, 2, 3 ),
 ( 0.8906250000000000000, 0.8984375000000000000, 0.9062500000000000000, 0.9140624999999998890, 0.9218749999999998890 ),
 .UNSPECIFIED. ) 
 CURVE ( )  GEOMETRIC_REPRESENTATION_ITEM ( )  RATIONAL_B_SPLINE_CURVE ( ( 1.000000000000000000, 0.9238795325112867385, 1.000000000000000000, 0.9238795325112867385, 1.000000000000000000, 0.9238795325112867385, 1.000000000000000000, 0.9238795325112878487, 0.9999999999999988898 ) ) 
 REPRESENTATION_ITEM ( '' )  );
#2819 = CARTESIAN_POINT ( 'NONE',  ( 1.400343491548893260, 1.400343491548883490, 1.499999999999997780 ) ) ;
#2820 = CARTESIAN_POINT ( 'NONE',  ( -2.071661345787869646, 1.164969085428871232, 3.008372190307591509 ) ) ;
#2821 = FACE_OUTER_BOUND ( 'NONE', #4333, .T. ) ;
#2822 = ORIENTED_EDGE ( 'NONE', *, *, #57, .T. ) ;
#2823 = CARTESIAN_POINT ( 'NONE',  ( -2.543301270189230134, -8.957171948560311498E-15, 3.724999999999999201 ) ) ;
#2824 = CARTESIAN_POINT ( 'NONE',  ( -2.543301270189231023, -1.053469879313107871, -1.775000000000002576 ) ) ;
#2825 = CARTESIAN_POINT ( 'NONE',  ( 0.8203022253684477683, -1.980384757729347633, 1.249999999999997335 ) ) ;
#2826 = CARTESIAN_POINT ( 'NONE',  ( 0.8203022253684477683, -1.980384757729347633, -1.150000000000001910 ) ) ;
#2827 = CARTESIAN_POINT ( 'NONE',  ( -1.980384757729338085, -0.8203022253684568721, -2.950000000000002398 ) ) ;
#2828 = CARTESIAN_POINT ( 'NONE',  ( -1.053469879313098989, -2.543301270189239460, -5.725000000000000533 ) ) ;
#2829 = CARTESIAN_POINT ( 'NONE',  ( 0.8203022253684477683, -1.980384757729347633, 1.149999999999998357 ) ) ;
#2830 = CARTESIAN_POINT ( 'NONE',  ( 0.7915238839352610745, 1.875610332697843496, -8.175994918676559919 ) ) ;
#2831 = CARTESIAN_POINT ( 'NONE',  ( -1.980384757729338085, -0.8203022253684568721, 3.349999999999998757 ) ) ;
#2832 = CARTESIAN_POINT ( 'NONE',  ( 1.980384757729337641, -0.8203022253684580933, -6.750000000000002665 ) ) ;
#2833 = CARTESIAN_POINT ( 'NONE',  ( 1.767766952966376426, 1.767766952966366656, 2.600000000000000533 ) ) ;
#2834 = APPLICATION_PROTOCOL_DEFINITION ( 'international standard', 'config_control_design', 1994, #2017 ) ;
#2835 = CARTESIAN_POINT ( 'NONE',  ( -2.500000000000003997, -2.602085213965210642E-15, -8.500000000000000000 ) ) ;
#2836 = CARTESIAN_POINT ( 'NONE',  ( 1.256092187418795803, -1.998271055703233490, -7.844564377381814779 ) ) ;
#2837 = CARTESIAN_POINT ( 'NONE',  ( 1.400343491548893260, 1.400343491548883490, -8.200000000000002842 ) ) ;
#2838 = CARTESIAN_POINT ( 'NONE',  ( -1.980384757729338085, -0.8203022253684568721, 2.649999999999998135 ) ) ;
#2839 = CYLINDRICAL_SURFACE ( 'NONE', #2335, 2.500000000000003997 ) ;
#2840 = CARTESIAN_POINT ( 'NONE',  ( -2.500000000000010658, -8.959823386657123714E-15, -6.600000000000004086 ) ) ;
#2841 = ORIENTED_EDGE ( 'NONE', *, *, #3501, .F. ) ;
#2842 = AXIS2_PLACEMENT_3D ( 'NONE', #279, #324, #3378 ) ;
#2843 = CARTESIAN_POINT ( 'NONE',  ( -1.400343491548893038, 1.400343491548883934, -7.900000000000002132 ) ) ;
#2844 =( BOUNDED_CURVE ( )  B_SPLINE_CURVE ( 2, ( #6, #4106, #4086, #345, #647, #3440, #3130, #29, #2027 ),
 .UNSPECIFIED., .F., .F. ) 
 B_SPLINE_CURVE_WITH_KNOTS ( ( 3, 2, 2, 2, 3 ),
 ( 0.7656249999999998890, 0.7734374999999998890, 0.7812500000000000000, 0.7890625000000000000, 0.7968750000000000000 ),
 .UNSPECIFIED. ) 
 CURVE ( )  GEOMETRIC_REPRESENTATION_ITEM ( )  RATIONAL_B_SPLINE_CURVE ( ( 1.000000000000001110, 0.9238795325112856283, 1.000000000000000000, 0.9238795325112867385, 1.000000000000000000, 0.9238795325112867385, 1.000000000000000000, 0.9238795325112867385, 1.000000000000000000 ) ) 
 REPRESENTATION_ITEM ( '' )  );
#2845 = CARTESIAN_POINT ( 'NONE',  ( 1.798385574751164562, -1.798385574751174332, -1.525000000000002132 ) ) ;
#2846 = CARTESIAN_POINT ( 'NONE',  ( -0.8203022253684481013, -1.980384757729347189, -1.250000000000001998 ) ) ;
#2847 = ADVANCED_FACE ( 'NONE', ( #4068 ), #259, .T. ) ;
#2848 = CARTESIAN_POINT ( 'NONE',  ( 1.400343491548892816, -1.400343491548902364, -2.700000000000001954 ) ) ;
#2849 = CARTESIAN_POINT ( 'NONE',  ( -0.8203022253684478793, 1.980384757729328982, 0.04999999999999796274 ) ) ;
#2850 = CARTESIAN_POINT ( 'NONE',  ( 1.798385574751164784, 1.798385574751154792, -6.175000000000001599 ) ) ;
#2851 = VECTOR ( 'NONE', #3563, 1000.000000000000000 ) ;
#2852 = CARTESIAN_POINT ( 'NONE',  ( 1.980384757729337641, 0.8203022253684393306, 2.949999999999999289 ) ) ;
#2853 = CARTESIAN_POINT ( 'NONE',  ( -2.500000000000009326, -1.035533905932752408, 3.049999999999996714 ) ) ;
#2854 = CARTESIAN_POINT ( 'NONE',  ( 1.980384757729337641, 0.8203022253684393306, 2.949999999999999289 ) ) ;
#2855 = EDGE_LOOP ( 'NONE', ( #1440, #779 ) ) ;
#2856 = CARTESIAN_POINT ( 'NONE',  ( 1.980384757729338085, -9.476695014745558097E-15, -6.700000000000001066 ) ) ;
#2857 = FACE_OUTER_BOUND ( 'NONE', #2855, .T. ) ;
#2858 = DATE_AND_TIME ( #432, #1917 ) ;
#2859 = DIRECTION ( 'NONE',  ( 0.8660254037844383745, 0.5000000000000004441, 0.000000000000000000 ) ) ;
#2860 = CARTESIAN_POINT ( 'NONE',  ( -1.035533905932742194, 2.500000000000001776, -5.950000000000003730 ) ) ;
#2861 = CARTESIAN_POINT ( 'NONE',  ( -1.980384757729338085, -0.8203022253684568721, -7.850000000000001421 ) ) ;
#2862 = CARTESIAN_POINT ( 'NONE',  ( 0.8203022253684477683, -1.980384757729347633, 1.249999999999997335 ) ) ;
#2863 = CARTESIAN_POINT ( 'NONE',  ( -0.8203022253684481013, -1.980384757729347189, -5.350000000000001421 ) ) ;
#2864 = CARTESIAN_POINT ( 'NONE',  ( 1.035533905932741749, -2.500000000000019984, -4.850000000000000533 ) ) ;
#2865 = CARTESIAN_POINT ( 'NONE',  ( 2.500000000000015543, -1.035533905932747079, -5.549999999999999822 ) ) ;
#2866 = ORIENTED_EDGE ( 'NONE', *, *, #4372, .T. ) ;
#2867 = CARTESIAN_POINT ( 'NONE',  ( -0.8203022253684481013, -1.980384757729346967, -7.650000000000002132 ) ) ;
#2868 = CARTESIAN_POINT ( 'NONE',  ( 2.543301270189230578, 1.053469879313090551, 1.024999999999998135 ) ) ;
#2869 = CARTESIAN_POINT ( 'NONE',  ( 0.8203022253684492116, 1.980384757729328538, -0.05000000000000143219 ) ) ;
#2870 = CARTESIAN_POINT ( 'NONE',  ( -1.400343491548893038, -1.400343491548901920, -2.900000000000002576 ) ) ;
#2871 = CARTESIAN_POINT ( 'NONE',  ( 1.980384757729337641, 0.8203022253684393306, -0.9500000000000012879 ) ) ;
#2872 = CARTESIAN_POINT ( 'NONE',  ( -2.543301270189230578, 1.053469879313089663, -4.325000000000002842 ) ) ;
#2873 = CARTESIAN_POINT ( 'NONE',  ( -1.400343491548893038, 1.400343491548883934, 0.7999999999999986011 ) ) ;
#2874 = CARTESIAN_POINT ( 'NONE',  ( 0.000000000000000000, 2.500000000000001332, -2.800000000000003375 ) ) ;
#2875 = ORIENTED_EDGE ( 'NONE', *, *, #3977, .T. ) ;
#2876 = CARTESIAN_POINT ( 'NONE',  ( 1.675368447708412090, 1.344680518855031259, 2.380805641198931344 ) ) ;
#2877 = CARTESIAN_POINT ( 'NONE',  ( -1.980384757729338085, 0.8203022253684389975, -7.950000000000001954 ) ) ;
#2878 = CARTESIAN_POINT ( 'NONE',  ( 2.500000000000010658, -9.572146786230802611E-15, 2.500000000000000444 ) ) ;
#2879 = CALENDAR_DATE ( 2026, 5, 2 ) ;
#2880 = CARTESIAN_POINT ( 'NONE',  ( 1.980384757729337641, -0.8203022253684580933, -6.650000000000002132 ) ) ;
#2881 = DIRECTION ( 'NONE',  ( -0.000000000000000000, -0.000000000000000000, -1.000000000000000000 ) ) ;
#2882 = CARTESIAN_POINT ( 'NONE',  ( -1.980384757729338085, -0.8203022253684568721, -7.050000000000002487 ) ) ;
#2883 = CARTESIAN_POINT ( 'NONE',  ( -1.980384757729338085, 0.8203022253684389975, 0.1499999999999973577 ) ) ;
#2884 = CARTESIAN_POINT ( 'NONE',  ( -0.8203022253684478793, 1.980384757729328982, -4.850000000000002309 ) ) ;
#2885 = CARTESIAN_POINT ( 'NONE',  ( -2.500000000000013323, -1.035533905932747967, 1.449999999999995737 ) ) ;
#2886 = CARTESIAN_POINT ( 'NONE',  ( -0.08495276070607420127, -2.381612969475109143, 3.025173941798085409 ) ) ;
#2887 = VERTEX_POINT ( 'NONE', #1345 ) ;
#2888 = CARTESIAN_POINT ( 'NONE',  ( -1.798385574751164562, 1.798385574751155458, 3.624999999999999556 ) ) ;
#2889 = ORIENTED_EDGE ( 'NONE', *, *, #2573, .F. ) ;
#2890 = CARTESIAN_POINT ( 'NONE',  ( 1.980384757729338085, -9.476695014745558097E-15, 0.5999999999999980904 ) ) ;
#2891 = CARTESIAN_POINT ( 'NONE',  ( 1.400343491548893260, 1.400343491548883490, -3.300000000000001599 ) ) ;
#2892 = CARTESIAN_POINT ( 'NONE',  ( -0.8203022253684481013, -1.980384757729346967, -1.250000000000001998 ) ) ;
#2893 = CARTESIAN_POINT ( 'NONE',  ( 1.798385574751164784, 1.798385574751154792, -5.375000000000000888 ) ) ;
#2894 = CARTESIAN_POINT ( 'NONE',  ( -1.400343491548893038, -1.400343491548901920, 3.399999999999998579 ) ) ;
#2895 = EDGE_CURVE ( 'NONE', #3319, #863, #2447, .T. ) ;
#2896 = CARTESIAN_POINT ( 'NONE',  ( 2.500000000000003997, -2.295923514178371982E-15, -8.500000000000000000 ) ) ;
#2897 = DIRECTION ( 'NONE',  ( -0.000000000000000000, -0.000000000000000000, 1.000000000000000000 ) ) ;
#2898 = CARTESIAN_POINT ( 'NONE',  ( 2.500000000000009770, 1.035533905932733534, -4.650000000000000355 ) ) ;
#2899 = CARTESIAN_POINT ( 'NONE',  ( -1.980384757729338085, -0.8203022253684568721, -3.850000000000000977 ) ) ;
#2900 = CARTESIAN_POINT ( 'NONE',  ( -2.500000000000010658, 1.035533905932733090, -0.3499999999999991451 ) ) ;
#2901 = PERSON_AND_ORGANIZATION ( #3541, #4267 ) ;
#2902 = CARTESIAN_POINT ( 'NONE',  ( 1.980384757729338085, -9.476695014745558097E-15, -7.400000000000002132 ) ) ;
#2903 = CARTESIAN_POINT ( 'NONE',  ( 1.348177279571221687, -1.559006891056019084, 2.133348184672873682 ) ) ;
#2904 = EDGE_CURVE ( 'NONE', #3071, #329, #1549, .T. ) ;
#2905 = CARTESIAN_POINT ( 'NONE',  ( 1.980384757729338085, -9.476695014745558097E-15, -5.100000000000002309 ) ) ;
#2906 = CARTESIAN_POINT ( 'NONE',  ( 1.980384757729337641, 0.8203022253684393306, 1.449999999999998179 ) ) ;
#2907 = CARTESIAN_POINT ( 'NONE',  ( 1.980384757729337641, 0.8203022253684392195, -5.850000000000001421 ) ) ;
#2908 = CARTESIAN_POINT ( 'NONE',  ( -3.061616997868395960E-16, -2.500000000000019540, 0.6999999999999996225 ) ) ;
#2909 = CARTESIAN_POINT ( 'NONE',  ( -2.500000000000010658, -8.959823386657123714E-15, -5.000000000000002665 ) ) ;
#2910 = ORIENTED_EDGE ( 'NONE', *, *, #3372, .T. ) ;
#2911 = CARTESIAN_POINT ( 'NONE',  ( -0.8203022253684478793, 1.980384757729328982, -7.150000000000002132 ) ) ;
#2912 = CARTESIAN_POINT ( 'NONE',  ( 0.8203022253684492116, 1.980384757729328538, -7.350000000000001421 ) ) ;
#2913 = AXIS2_PLACEMENT_3D ( 'NONE', #3466, #1458, #4131 ) ;
#2914 = CARTESIAN_POINT ( 'NONE',  ( -2.500000000000010658, -8.959823386657123714E-15, -6.600000000000004086 ) ) ;
#2915 = VERTEX_POINT ( 'NONE', #3093 ) ;
#2916 = CARTESIAN_POINT ( 'NONE',  ( -1.980384757729338085, -0.8203022253684568721, -1.350000000000002309 ) ) ;
#2917 = CARTESIAN_POINT ( 'NONE',  ( 2.543301270189230134, -1.053469879313109425, -4.725000000000002309 ) ) ;
#2918 = VECTOR ( 'NONE', #1070, 1000.000000000000000 ) ;
#2919 = CARTESIAN_POINT ( 'NONE',  ( 1.053469879313100765, 2.543301270189220809, -7.675000000000004263 ) ) ;
#2920 = DIRECTION ( 'NONE',  ( -0.000000000000000000, -0.000000000000000000, -1.000000000000000000 ) ) ;
#2921 = VERTEX_POINT ( 'NONE', #2344 ) ;
#2922 = CARTESIAN_POINT ( 'NONE',  ( 1.999999999999997335, -0.1950254575430658832, 8.158689247808393219 ) ) ;
#2923 = AXIS2_PLACEMENT_3D ( 'NONE', #2383, #229, #2024 ) ;
#2924 = CARTESIAN_POINT ( 'NONE',  ( 1.980384757729338085, -9.476695014745558097E-15, -5.900000000000001243 ) ) ;
#2925 = CARTESIAN_POINT ( 'NONE',  ( -2.500000000000016431, 1.035533905932727539, -0.2500000000000035527 ) ) ;
#2926 = CARTESIAN_POINT ( 'NONE',  ( -1.980384757729338085, -8.991640643818871886E-15, -7.800000000000002487 ) ) ;
#2927 = CARTESIAN_POINT ( 'NONE',  ( 0.000000000000000000, -2.602085213965210642E-15, 3.750000000000000888 ) ) ;
#2928 = CARTESIAN_POINT ( 'NONE',  ( -0.8203022253684478793, 1.980384757729328982, -3.250000000000001776 ) ) ;
#2929 = CARTESIAN_POINT ( 'NONE',  ( -1.980384757729338085, 0.8203022253684389975, 3.349999999999998757 ) ) ;
#2930 = CARTESIAN_POINT ( 'NONE',  ( -2.425271854633440422E-16, -1.980384757729347189, -6.900000000000001243 ) ) ;
#2931 = CARTESIAN_POINT ( 'NONE',  ( 1.767766952966376870, 1.767766952966366656, -5.300000000000002487 ) ) ;
#2932 = CARTESIAN_POINT ( 'NONE',  ( -2.500000000000010658, -8.959823386657123714E-15, -5.899999999999999467 ) ) ;
#2933 = ORIENTED_EDGE ( 'NONE', *, *, #4313, .F. ) ;
#2934 = CARTESIAN_POINT ( 'NONE',  ( -1.980384757729338085, 0.8203022253684389975, -6.250000000000003553 ) ) ;
#2935 = ADVANCED_FACE ( 'NONE', ( #1367, #3710 ), #2008, .T. ) ;
#2936 = CARTESIAN_POINT ( 'NONE',  ( 1.035533905932741749, -2.500000000000019984, -3.150000000000002576 ) ) ;
#2937 = CARTESIAN_POINT ( 'NONE',  ( -0.1835007583634018780, 2.090434438116580029, 2.245055506241566690 ) ) ;
#2938 = ORIENTED_EDGE ( 'NONE', *, *, #2895, .F. ) ;
#2939 = CARTESIAN_POINT ( 'NONE',  ( -1.053469879313098989, -2.543301270189239460, -0.9250000000000012657 ) ) ;
#2940 = CARTESIAN_POINT ( 'NONE',  ( 0.000000000000000000, 2.543301270189221697, -9.225000000000001421 ) ) ;
#2941 = CARTESIAN_POINT ( 'NONE',  ( -1.035533905932742194, 2.500000000000001776, -2.750000000000003997 ) ) ;
#2942 = CARTESIAN_POINT ( 'NONE',  ( 1.458496447444717514, -1.388214258252142175, 1.990593601485101338 ) ) ;
#2943 = ADVANCED_FACE ( 'NONE', ( #4394 ), #2710, .T. ) ;
#2944 = CARTESIAN_POINT ( 'NONE',  ( -3.061616997868395960E-16, -2.500000000000019540, -3.299999999999999378 ) ) ;
#2945 = CARTESIAN_POINT ( 'NONE',  ( 0.8203022253684477683, -1.980384757729347633, -6.050000000000001599 ) ) ;
#2946 = CARTESIAN_POINT ( 'NONE',  ( 1.767766952966376870, 1.767766952966366656, -7.700000000000003730 ) ) ;
#2947 = DATE_TIME_ROLE ( 'classification_date' ) ;
#2948 = CARTESIAN_POINT ( 'NONE',  ( -1.980384757729338085, -0.8203022253684569831, -5.350000000000002309 ) ) ;
#2949 = CARTESIAN_POINT ( 'NONE',  ( 1.123629891692122795, -2.069721636581276503, -7.849809430501612617 ) ) ;
#2950 = EDGE_CURVE ( 'NONE', #3432, #1013, #318, .T. ) ;
#2951 = CARTESIAN_POINT ( 'NONE',  ( 1.980384757729338085, -9.476695014745558097E-15, -4.300000000000001599 ) ) ;
#2952 = CARTESIAN_POINT ( 'NONE',  ( -1.980384757729338085, -0.8203022253684568721, 3.449999999999998845 ) ) ;
#2953 = CARTESIAN_POINT ( 'NONE',  ( 1.053469879313098323, -2.543301270189240348, 1.624999999999998002 ) ) ;
#2954 = CARTESIAN_POINT ( 'NONE',  ( -1.400343491548893038, 1.400343491548883934, -4.000000000000001776 ) ) ;
#2955 = CARTESIAN_POINT ( 'NONE',  ( -2.500000000000010658, -8.959823386657123714E-15, -5.000000000000002665 ) ) ;
#2956 = CARTESIAN_POINT ( 'NONE',  ( 0.2593232350986994783, -1.980449095138619553, 1.932797002148638699 ) ) ;
#2957 = ORIENTED_EDGE ( 'NONE', *, *, #485, .T. ) ;
#2958 = CARTESIAN_POINT ( 'NONE',  ( 0.000000000000000000, 1.980384757729328982, -7.200000000000002842 ) ) ;
#2959 =( BOUNDED_CURVE ( )  B_SPLINE_CURVE ( 2, ( #396, #4235, #3530, #2524, #802, #3553, #1161, #2546, #712 ),
 .UNSPECIFIED., .F., .F. ) 
 B_SPLINE_CURVE_WITH_KNOTS ( ( 3, 2, 2, 2, 3 ),
 ( 0.3281250000000000555, 0.3359375000000000555, 0.3437500000000000000, 0.3515625000000000000, 0.3593750000000000000 ),
 .UNSPECIFIED. ) 
 CURVE ( )  GEOMETRIC_REPRESENTATION_ITEM ( )  RATIONAL_B_SPLINE_CURVE ( ( 0.9999999999999994449, 0.9238795325112872936, 1.000000000000000000, 0.9238795325112867385, 1.000000000000000000, 0.9238795325112867385, 1.000000000000000000, 0.9238795325112867385, 1.000000000000000000 ) ) 
 REPRESENTATION_ITEM ( '' )  );
#2960 = CARTESIAN_POINT ( 'NONE',  ( -1.980384757729338085, -8.991640643818871886E-15, -7.900000000000000355 ) ) ;
#2961 = CARTESIAN_POINT ( 'NONE',  ( 1.035533905932743748, 2.500000000000001776, 0.2500000000000006661 ) ) ;
#2962 = VERTEX_POINT ( 'NONE', #2176 ) ;
#2963 = CARTESIAN_POINT ( 'NONE',  ( -1.053469879313098989, -2.543301270189239460, -3.325000000000001510 ) ) ;
#2964 = ADVANCED_FACE ( 'NONE', ( #1772 ), #614, .T. ) ;
#2965 = AXIS2_PLACEMENT_3D ( 'NONE', #4404, #1330, #3102 ) ;
#2966 = ORIENTED_EDGE ( 'NONE', *, *, #73, .T. ) ;
#2967 =( BOUNDED_CURVE ( )  B_SPLINE_CURVE ( 2, ( #3900, #1502, #127, #557, #530, #3221, #1935, #2885, #3264 ),
 .UNSPECIFIED., .F., .F. ) 
 B_SPLINE_CURVE_WITH_KNOTS ( ( 3, 2, 2, 2, 3 ),
 ( 0.1406249999999999722, 0.1484375000000000000, 0.1562500000000000000, 0.1640625000000000000, 0.1718750000000000278 ),
 .UNSPECIFIED. ) 
 CURVE ( )  GEOMETRIC_REPRESENTATION_ITEM ( )  RATIONAL_B_SPLINE_CURVE ( ( 1.000000000000000222, 0.9238795325112865164, 1.000000000000000000, 0.9238795325112867385, 1.000000000000000000, 0.9238795325112867385, 1.000000000000000000, 0.9238795325112865164, 1.000000000000000222 ) ) 
 REPRESENTATION_ITEM ( '' )  );
#2968 = CARTESIAN_POINT ( 'NONE',  ( 2.543301270189230578, -1.053469879313109425, -7.875000000000001776 ) ) ;
#2969 = CARTESIAN_POINT ( 'NONE',  ( 1.999999999999997113, -1.331202777560457422E-24, 8.158689247808391443 ) ) ;
#2970 = CARTESIAN_POINT ( 'NONE',  ( -1.980384757729338085, -8.991640643818871886E-15, -4.700000000000001066 ) ) ;
#2971 = CARTESIAN_POINT ( 'NONE',  ( -2.550799999999995293, -9.107298248878237246E-15, 3.500000000000001332 ) ) ;
#2972 = AXIS2_PLACEMENT_3D ( 'NONE', #1606, #4338, #3081 ) ;
#2973 = CARTESIAN_POINT ( 'NONE',  ( -0.8203022253684478793, 1.980384757729328982, -5.550000000000001599 ) ) ;
#2974 = DIRECTION ( 'NONE',  ( -0.000000000000000000, -0.000000000000000000, 1.000000000000000000 ) ) ;
#2975 = CARTESIAN_POINT ( 'NONE',  ( 1.400343491548892816, -1.400343491548902364, -2.800000000000001155 ) ) ;
#2976 = FACE_OUTER_BOUND ( 'NONE', #1866, .T. ) ;
#2977 = CARTESIAN_POINT ( 'NONE',  ( -1.798385574751164784, 1.798385574751155680, 2.874999999999999112 ) ) ;
#2978 = CARTESIAN_POINT ( 'NONE',  ( 0.8203022253684492116, 1.980384757729328538, -1.750000000000001554 ) ) ;
#2979 = CARTESIAN_POINT ( 'NONE',  ( 1.341984088703666478, 1.534606201897243505, 8.158939748639948419 ) ) ;
#2980 = ORIENTED_EDGE ( 'NONE', *, *, #537, .F. ) ;
#2981 = CARTESIAN_POINT ( 'NONE',  ( 0.8203022253684477683, -1.980384757729347633, -5.150000000000001243 ) ) ;
#2982 = CARTESIAN_POINT ( 'NONE',  ( 0.8203022253684492116, 1.980384757729328538, -8.150000000000000355 ) ) ;
#2983 = CARTESIAN_POINT ( 'NONE',  ( -2.500000000000010658, 1.035533905932733090, 0.4499999999999994005 ) ) ;
#2984 = ORIENTED_EDGE ( 'NONE', *, *, #2, .T. ) ;
#2985 = CARTESIAN_POINT ( 'NONE',  ( -1.053469879313098545, 2.543301270189220809, -2.025000000000001688 ) ) ;
#2986 = ORIENTED_EDGE ( 'NONE', *, *, #109, .F. ) ;
#2987 = CARTESIAN_POINT ( 'NONE',  ( -2.543301270189231023, 1.053469879313089885, -7.475000000000002309 ) ) ;
#2988 = EDGE_CURVE ( 'NONE', #1162, #4418, #2769, .T. ) ;
#2989 = CARTESIAN_POINT ( 'NONE',  ( 0.8203022253684493226, 1.980384757729328538, -5.650000000000002132 ) ) ;
#2990 = CARTESIAN_POINT ( 'NONE',  ( 0.000000000000000000, 0.000000000000000000, 8.500000000000000000 ) ) ;
#2991 = DIRECTION ( 'NONE',  ( 0.8660254037844385966, -0.4999999999999998890, 0.000000000000000000 ) ) ;
#2992 = CIRCLE ( 'NONE', #1827, 0.2499999999999989175 ) ;
#2993 = CARTESIAN_POINT ( 'NONE',  ( 1.400343491548892816, -1.400343491548902364, -5.200000000000001066 ) ) ;
#2994 = ADVANCED_FACE ( 'NONE', ( #54 ), #3548, .T. ) ;
#2995 = CARTESIAN_POINT ( 'NONE',  ( -0.05814554084291149311, -2.454403513228799127, 3.225437168419180711 ) ) ;
#2996 = CARTESIAN_POINT ( 'NONE',  ( 0.8203022253684492116, 1.980384757729328538, -4.050000000000002487 ) ) ;
#2997 = CARTESIAN_POINT ( 'NONE',  ( 1.999999999999997113, 1.154700538379250574, 8.337322042762471241 ) ) ;
#2998 = CARTESIAN_POINT ( 'NONE',  ( -2.425271854633440422E-16, -1.980384757729347189, -5.300000000000000711 ) ) ;
#2999 = CARTESIAN_POINT ( 'NONE',  ( -1.035533905932742194, 2.500000000000001776, 1.249999999999997335 ) ) ;
#3000 = AXIS2_PLACEMENT_3D ( 'NONE', #3968, #899, #2275 ) ;
#3001 = CARTESIAN_POINT ( 'NONE',  ( 2.543301270189230578, 1.053469879313090551, 1.824999999999998401 ) ) ;
#3002 = CARTESIAN_POINT ( 'NONE',  ( -1.980384757729338085, -0.8203022253684569831, -3.850000000000000977 ) ) ;
#3003 = CARTESIAN_POINT ( 'NONE',  ( -3.061616997868395960E-16, -2.500000000000019540, -0.09999999999999896472 ) ) ;
#3004 = CARTESIAN_POINT ( 'NONE',  ( -2.500000000000010658, -8.959823386657123714E-15, 2.100000000000000089 ) ) ;
#3005 = ORIENTED_EDGE ( 'NONE', *, *, #1939, .T. ) ;
#3006 = CARTESIAN_POINT ( 'NONE',  ( -2.425271854633440422E-16, -1.980384757729347189, -0.4000000000000010214 ) ) ;
#3007 = CARTESIAN_POINT ( 'NONE',  ( -0.8203022253684481013, -1.980384757729346967, -6.850000000000001421 ) ) ;
#3008 = CARTESIAN_POINT ( 'NONE',  ( 1.400343491548892816, -1.400343491548902364, -7.600000000000001421 ) ) ;
#3009 = CARTESIAN_POINT ( 'NONE',  ( 1.830456693167360926, 0.9304605598942469191, 2.120679374910629189 ) ) ;
#3010 = ORIENTED_EDGE ( 'NONE', *, *, #1077, .F. ) ;
#3011 = CARTESIAN_POINT ( 'NONE',  ( -2.543301270189230134, -8.957171948560311498E-15, -1.875000000000001776 ) ) ;
#3012 = CARTESIAN_POINT ( 'NONE',  ( -2.543301270189230578, -8.957171948560311498E-15, -6.625000000000002665 ) ) ;
#3013 = CARTESIAN_POINT ( 'NONE',  ( 1.400343491548892816, -1.400343491548902364, -5.900000000000002132 ) ) ;
#3014 = CARTESIAN_POINT ( 'NONE',  ( 2.500000000000009770, 1.035533905932733534, -1.449999999999999734 ) ) ;
#3015 = CARTESIAN_POINT ( 'NONE',  ( 2.500000000000010658, -9.572146786230802611E-15, -3.000000000000003109 ) ) ;
#3016 = CARTESIAN_POINT ( 'NONE',  ( -1.400343491548893038, -1.400343491548901920, -1.400000000000001021 ) ) ;
#3017 = CARTESIAN_POINT ( 'NONE',  ( 2.500000000000003997, -2.295923514178371982E-15, -8.500000000000000000 ) ) ;
#3018 = CARTESIAN_POINT ( 'NONE',  ( 1.980384757729338085, -9.476695014745558097E-15, -2.600000000000001421 ) ) ;
#3019 = CARTESIAN_POINT ( 'NONE',  ( 0.000000000000000000, -2.602085213965210642E-15, -8.500000000000000000 ) ) ;
#3020 = CARTESIAN_POINT ( 'NONE',  ( -2.425271854633440422E-16, -1.980384757729347189, 0.2999999999999981570 ) ) ;
#3021 = EDGE_CURVE ( 'NONE', #2915, #1701, #1697, .T. ) ;
#3022 = CARTESIAN_POINT ( 'NONE',  ( -1.767766952966376426, 1.767766952966367100, -4.300000000000003375 ) ) ;
#3023 = CARTESIAN_POINT ( 'NONE',  ( 1.053469879313100765, 2.543301270189220809, 1.924999999999998046 ) ) ;
#3024 = CARTESIAN_POINT ( 'NONE',  ( 1.980384757729337641, -0.8203022253684580933, -1.950000000000001288 ) ) ;
#3025 = CARTESIAN_POINT ( 'NONE',  ( 0.000000000000000000, -2.602085213965210642E-15, -8.500000000000000000 ) ) ;
#3026 = DIRECTION ( 'NONE',  ( -1.000000000000000000, 0.000000000000000000, 0.000000000000000000 ) ) ;
#3027 = ORIENTED_EDGE ( 'NONE', *, *, #2474, .F. ) ;
#3028 = CARTESIAN_POINT ( 'NONE',  ( -1.980384757729338085, -0.8203022253684568721, 1.849999999999997424 ) ) ;
#3029 = CARTESIAN_POINT ( 'NONE',  ( -0.8203022253684478793, 1.980384757729328982, -3.950000000000001954 ) ) ;
#3030 = DIRECTION ( 'NONE',  ( -0.000000000000000000, -0.000000000000000000, -1.000000000000000000 ) ) ;
#3031 = CARTESIAN_POINT ( 'NONE',  ( -0.7201049145276630092, 1.981807154658396630, 2.272784036886262626 ) ) ;
#3032 = ORIENTED_EDGE ( 'NONE', *, *, #1521, .F. ) ;
#3033 = CARTESIAN_POINT ( 'NONE',  ( -2.543301270189230578, 1.053469879313089663, -3.525000000000001243 ) ) ;
#3034 = ORIENTED_EDGE ( 'NONE', *, *, #2380, .T. ) ;
#3035 = CARTESIAN_POINT ( 'NONE',  ( -2.543301270189230578, -8.957171948560311498E-15, -5.825000000000001954 ) ) ;
#3036 = CARTESIAN_POINT ( 'NONE',  ( 1.980384757729337641, 0.8203022253684393306, -6.550000000000001599 ) ) ;
#3037 = CARTESIAN_POINT ( 'NONE',  ( -1.035533905932741972, 2.500000000000001776, -1.250000000000000000 ) ) ;
#3038 = LINE ( 'NONE', #593, #824 ) ;
#3039 = CARTESIAN_POINT ( 'NONE',  ( 0.000000000000000000, 1.980384757729328982, -0.1000000000000011297 ) ) ;
#3040 = FACE_OUTER_BOUND ( 'NONE', #2711, .T. ) ;
#3041 = CARTESIAN_POINT ( 'NONE',  ( -1.980384757729338085, 0.8203022253684388865, -2.250000000000001776 ) ) ;
#3042 = DIRECTION ( 'NONE',  ( -1.000000000000000000, 0.000000000000000000, 0.000000000000000000 ) ) ;
#3043 = CARTESIAN_POINT ( 'NONE',  ( 1.400343491548892816, -1.400343491548902364, -0.4000000000000010214 ) ) ;
#3044 = CARTESIAN_POINT ( 'NONE',  ( 2.500000000000021760, 1.035533905932722210, -4.550000000000003375 ) ) ;
#3045 = CARTESIAN_POINT ( 'NONE',  ( 1.798385574751165228, 1.798385574751155236, 3.474999999999998757 ) ) ;
#3046 = EDGE_CURVE ( 'NONE', #3625, #3716, #451, .T. ) ;
#3047 = CARTESIAN_POINT ( 'NONE',  ( -0.8203022253684481013, -1.980384757729347189, -1.350000000000001865 ) ) ;
#3048 = CARTESIAN_POINT ( 'NONE',  ( 1.767766952966375982, -1.767766952966385530, 4.336808689942017736E-16 ) ) ;
#3049 = CARTESIAN_POINT ( 'NONE',  ( -1.035533905932741972, 2.500000000000001776, 1.950000000000000844 ) ) ;
#3050 = ORIENTED_EDGE ( 'NONE', *, *, #4150, .F. ) ;
#3051 = CARTESIAN_POINT ( 'NONE',  ( 1.400343491548892816, -1.400343491548902364, 2.899999999999998135 ) ) ;
#3052 = DIRECTION ( 'NONE',  ( 0.8660254037844383745, 0.5000000000000004441, 0.000000000000000000 ) ) ;
#3053 = CARTESIAN_POINT ( 'NONE',  ( 2.205253410532755698, -0.5786447755030995621, 2.705526349449502987 ) ) ;
#3054 = EDGE_LOOP ( 'NONE', ( #3792, #2653, #4264, #147 ) ) ;
#3055 = CARTESIAN_POINT ( 'NONE',  ( -2.543301270189230578, -1.053469879313107649, 2.174999999999997602 ) ) ;
#3056 = CARTESIAN_POINT ( 'NONE',  ( -3.114645759804639297E-16, -2.543301270189239904, -5.625000000000001776 ) ) ;
#3057 = CARTESIAN_POINT ( 'NONE',  ( 1.980384757729338085, -9.476695014745558097E-15, -6.600000000000001421 ) ) ;
#3058 = CARTESIAN_POINT ( 'NONE',  ( 1.999999999999997113, -1.154700538379248576, 6.000000000000000000 ) ) ;
#3059 = CARTESIAN_POINT ( 'NONE',  ( -2.500000000000010658, -8.959823386657123714E-15, -3.400000000000003464 ) ) ;
#3060 = CARTESIAN_POINT ( 'NONE',  ( 1.980384757729337641, -0.8203022253684580933, -1.150000000000001910 ) ) ;
#3061 = CARTESIAN_POINT ( 'NONE',  ( 0.8203022253684492116, 1.980384757729328538, -1.650000000000002354 ) ) ;
#3062 = VECTOR ( 'NONE', #1413, 1000.000000000000114 ) ;
#3063 = CARTESIAN_POINT ( 'NONE',  ( -2.500000000000016431, 1.035533905932727539, -2.750000000000000444 ) ) ;
#3064 = CARTESIAN_POINT ( 'NONE',  ( -1.400343491548893038, -1.400343491548901920, 0.1999999999999987899 ) ) ;
#3065 = AXIS2_PLACEMENT_3D ( 'NONE', #1213, #4332, #4000 ) ;
#3066 = DIRECTION ( 'NONE',  ( -0.000000000000000000, -0.000000000000000000, 1.000000000000000000 ) ) ;
#3067 = CARTESIAN_POINT ( 'NONE',  ( 2.591167563965417031, 0.000000000000000000, 8.500000000000000000 ) ) ;
#3068 = CARTESIAN_POINT ( 'NONE',  ( 1.400343491548892816, -1.400343491548902364, 0.3999999999999993006 ) ) ;
#3069 = DIRECTION ( 'NONE',  ( -0.000000000000000000, -0.000000000000000000, -1.000000000000000000 ) ) ;
#3070 = CARTESIAN_POINT ( 'NONE',  ( 2.500000000000009770, 1.035533905932733534, 0.9499999999999998446 ) ) ;
#3071 = VERTEX_POINT ( 'NONE', #4189 ) ;
#3072 = CARTESIAN_POINT ( 'NONE',  ( -1.980384757729338085, -0.8203022253684568721, 1.049999999999998712 ) ) ;
#3073 = LINE ( 'NONE', #2012, #2264 ) ;
#3074 = CARTESIAN_POINT ( 'NONE',  ( -1.095248254978348657, 1.810719549526049077, 2.293867802872915806 ) ) ;
#3075 = VECTOR ( 'NONE', #3852, 1000.000000000000227 ) ;
#3076 = VERTEX_POINT ( 'NONE', #1089 ) ;
#3077 = CARTESIAN_POINT ( 'NONE',  ( -2.543301270189230578, -1.053469879313107649, 1.374999999999999556 ) ) ;
#3078 = EDGE_CURVE ( 'NONE', #1595, #4270, #2625, .T. ) ;
#3079 = CARTESIAN_POINT ( 'NONE',  ( -1.798385574751164784, -1.798385574751173666, -6.525000000000002132 ) ) ;
#3080 = CARTESIAN_POINT ( 'NONE',  ( 1.980384757729338085, -9.476695014745558097E-15, -7.400000000000002132 ) ) ;
#3081 = DIRECTION ( 'NONE',  ( -1.000000000000000000, 0.000000000000000000, 0.000000000000000000 ) ) ;
#3082 = EDGE_LOOP ( 'NONE', ( #2431, #220 ) ) ;
#3083 = CARTESIAN_POINT ( 'NONE',  ( -2.425271854633440422E-16, -1.980384757729347189, -2.100000000000000977 ) ) ;
#3084 = PRODUCT_RELATED_PRODUCT_CATEGORY ( 'detail', '', ( #2491 ) ) ;
#3085 = CARTESIAN_POINT ( 'NONE',  ( 1.035533905932743748, 2.500000000000001776, -2.949999999999999289 ) ) ;
#3086 = CARTESIAN_POINT ( 'NONE',  ( 0.8203022253684477683, -1.980384757729347633, -0.4500000000000007883 ) ) ;
#3087 = DIRECTION ( 'NONE',  ( -0.000000000000000000, -0.000000000000000000, -1.000000000000000000 ) ) ;
#3088 = CARTESIAN_POINT ( 'NONE',  ( 2.500000000000010658, -9.572146786230802611E-15, 0.1999999999999968470 ) ) ;
#3090 =( BOUNDED_CURVE ( )  B_SPLINE_CURVE ( 2, ( #2488, #2809, #4161, #1805, #1785, #3170, #1383, #25, #4203 ),
 .UNSPECIFIED., .F., .F. ) 
 B_SPLINE_CURVE_WITH_KNOTS ( ( 3, 2, 2, 2, 3 ),
 ( 0.5781250000000000000, 0.5859375000000000000, 0.5937500000000000000, 0.6015625000000000000, 0.6093750000000000000 ),
 .UNSPECIFIED. ) 
 CURVE ( )  GEOMETRIC_REPRESENTATION_ITEM ( )  RATIONAL_B_SPLINE_CURVE ( ( 1.000000000000000000, 0.9238795325112867385, 1.000000000000000000, 0.9238795325112867385, 1.000000000000000000, 0.9238795325112867385, 1.000000000000000000, 0.9238795325112867385, 1.000000000000000000 ) ) 
 REPRESENTATION_ITEM ( '' )  );
#3089 = CARTESIAN_POINT ( 'NONE',  ( 0.8203022253684477683, -1.980384757729347633, 1.149999999999998135 ) ) ;
#3091 = EDGE_CURVE ( 'NONE', #1162, #2050, #796, .T. ) ;
#3092 = CARTESIAN_POINT ( 'NONE',  ( 2.500000000000003997, 1.035533905932739085, -5.449999999999998401 ) ) ;
#3093 = CARTESIAN_POINT ( 'NONE',  ( -2.591167563965417031, 3.173265063264692762E-16, 8.500000000000000000 ) ) ;
#3094 = ORIENTED_EDGE ( 'NONE', *, *, #3582, .F. ) ;
#3095 = CARTESIAN_POINT ( 'NONE',  ( 0.8203022253684493226, 1.980384757729328538, 2.349999999999997868 ) ) ;
#3096 = DIRECTION ( 'NONE',  ( -0.000000000000000000, -0.000000000000000000, -1.000000000000000000 ) ) ;
#3097 = CARTESIAN_POINT ( 'NONE',  ( -1.928018554457387568, 0.9244977319127667403, 2.354312006176205507 ) ) ;
#3098 = ORIENTED_EDGE ( 'NONE', *, *, #4329, .F. ) ;
#3099 = CARTESIAN_POINT ( 'NONE',  ( -3.114645759804638804E-16, -2.543301270189239460, 2.324999999999998845 ) ) ;
#3100 = CARTESIAN_POINT ( 'NONE',  ( -2.543301270189230578, -8.957171948560311498E-15, -5.025000000000002132 ) ) ;
#3101 = CARTESIAN_POINT ( 'NONE',  ( -1.400343491548893038, 1.400343491548883934, -2.300000000000001599 ) ) ;
#3102 = DIRECTION ( 'NONE',  ( -1.000000000000000000, 0.000000000000000000, 0.000000000000000000 ) ) ;
#3103 = ORIENTED_EDGE ( 'NONE', *, *, #2533, .T. ) ;
#3104 = CARTESIAN_POINT ( 'NONE',  ( 0.000000000000000000, 1.980384757729328982, -2.500000000000001332 ) ) ;
#3105 = CARTESIAN_POINT ( 'NONE',  ( -1.463585223488949483, 1.545864947464895778, -8.082301011008883762 ) ) ;
#3106 = CARTESIAN_POINT ( 'NONE',  ( 1.400343491548892816, -1.400343491548902364, -1.200000000000001510 ) ) ;
#3107 = CARTESIAN_POINT ( 'NONE',  ( 2.500000000000019540, 1.035533905932723764, 2.649999999999996803 ) ) ;
#3108 =( BOUNDED_CURVE ( )  B_SPLINE_CURVE ( 2, ( #2770, #4126, #2108, #707, #1748, #3809, #3482, #1906, #161, #4276, #2926, #4297, #3215, #2175, #795, #868, #475, #1179, #2902, #3547, #3919, #2266, #1497, #4250, #1883, #892, #122, #455, #1836, #2245, #1859, #2564, #845, #2880, #2224, #3237, #4229, #140, #3589, #2202, #1545, #1201, #1155, #2586, #3939, #3568, #3610, #499, #3637, #2540, #523, #3894, #186, #1518, #3283, #2973, #820, #1566, #3257, #2948, #1223, #2608, #3874, #3961, #550, #1929, #3306, #207, #1587, #4318, #2517, #643, #2362, #2631, #957, #3987, #1950, #1759, #4011, #717, #2679, #4364, #1973, #1288, #275, #2996, #376, #4033, #3396, #3145, #2334, #2726, #3725, #2382, #4409, #3657, #621, #4082, #1244, #2023, #597, #1334, #298, #2000, #2291, #1610, #3701, #913, #3328, #573, #228, #1680, #4343, #2098, #3018, #3375, #1659, #1266, #4058, #3472, #2655, #3041, #936, #4387, #1311, #2312, #1637, #2700, #3678, #1004, #3351, #982, #252, #3061, #3747, #740, #86, #1120, #3535, #1871, #3557, #2846, #2212, #2506, #3185, #1463, #3883, #2165, #1823, #444, #1845, #3907, #4198, #2120, #3225, #3494, #3863, #1780, #783, #3204, #401, #1166, #1800, #108, #1486, #2869, #4218, #1142, #2528, #3514, #806, #2802, #2189, #131, #465, #1507, #1079, #3163, #2890, #4156, #63, #4238, #2551, #833, #3577, #487, #44, #1424, #2458, #3820, #1443, #2825, #4176, #1097, #2482, #3843, #762, #2144, #421, #538, #4023, #856, #3974, #1191, #2256, #1233, #563 ),
 .UNSPECIFIED., .F., .F. ) 
 B_SPLINE_CURVE_WITH_KNOTS ( ( 3, 2, 2, 2, 2, 2, 2, 2, 2, 2, 2, 2, 2, 2, 2, 2, 2, 2, 2, 2, 2, 2, 2, 2, 2, 2, 2, 2, 2, 2, 2, 2, 2, 2, 2, 2, 2, 2, 2, 2, 2, 2, 2, 2, 2, 2, 2, 2, 2, 2, 2, 2, 2, 2, 2, 2, 2, 2, 2, 2, 2, 2, 2, 2, 2, 2, 2, 2, 2, 2, 2, 2, 2, 2, 2, 2, 2, 2, 2, 2, 2, 2, 2, 2, 2, 2, 2, 2, 2, 2, 2, 2, 2, 2, 2, 2, 2, 2, 2, 2, 2, 2, 2, 3 ),
 ( 0.04528394904833296652, 0.04687500000000000000, 0.05468750000000000000, 0.06250000000000000000, 0.07031250000000000000, 0.07812500000000000000, 0.08593750000000000000, 0.09375000000000000000, 0.1015625000000000000, 0.1093750000000000000, 0.1171875000000000000, 0.1250000000000000000, 0.1328125000000000000, 0.1406250000000000000, 0.1484375000000000000, 0.1562500000000000000, 0.1640625000000000000, 0.1718750000000000000, 0.1796875000000000000, 0.1875000000000000000, 0.1953125000000000000, 0.2031249999999999722, 0.2109375000000000000, 0.2187500000000000000, 0.2265625000000000000, 0.2343750000000000000, 0.2421875000000000000, 0.2500000000000000000, 0.2578125000000000000, 0.2656250000000000000, 0.2734375000000000000, 0.2812500000000000000, 0.2890625000000000000, 0.2968750000000000000, 0.3046875000000000000, 0.3125000000000000000, 0.3203125000000000000, 0.3281250000000000000, 0.3359375000000000000, 0.3437500000000000000, 0.3515625000000000000, 0.3593750000000000000, 0.3671875000000000000, 0.3750000000000000000, 0.3828125000000000000, 0.3906250000000000000, 0.3984375000000000000, 0.4062500000000000000, 0.4140625000000000000, 0.4218750000000000000, 0.4296875000000000000, 0.4375000000000000000, 0.4453125000000000000, 0.4531250000000000000, 0.4609375000000000000, 0.4687500000000000000, 0.4765625000000000000, 0.4843750000000000000, 0.4921875000000000000, 0.5000000000000000000, 0.5078125000000000000, 0.5156250000000000000, 0.5234375000000000000, 0.5312500000000000000, 0.5390625000000000000, 0.5468750000000000000, 0.5546875000000000000, 0.5625000000000000000, 0.5703125000000000000, 0.5781250000000000000, 0.5859375000000000000, 0.5937500000000000000, 0.6015625000000000000, 0.6093750000000000000, 0.6171875000000000000, 0.6250000000000000000, 0.6328125000000000000, 0.6406250000000000000, 0.6484375000000000000, 0.6562500000000000000, 0.6640625000000000000, 0.6718750000000000000, 0.6796875000000000000, 0.6875000000000000000, 0.6953125000000000000, 0.7031249999999998890, 0.7109375000000001110, 0.7187500000000000000, 0.7265625000000000000, 0.7343750000000000000, 0.7421875000000000000, 0.7500000000000000000, 0.7578125000000001110, 0.7656250000000000000, 0.7734375000000000000, 0.7812500000000000000, 0.7890625000000000000, 0.7968750000000000000, 0.8046875000000001110, 0.8125000000000000000, 0.8203125000000000000, 0.8281250000000000000, 0.8359375000000000000, 0.8385452659292934596 ),
 .UNSPECIFIED. ) 
 CURVE ( )  GEOMETRIC_REPRESENTATION_ITEM ( )  RATIONAL_B_SPLINE_CURVE ( ( 0.9753096629712794119, 0.9844977225933750908, 1.000000000000000000, 0.9238795325112867385, 1.000000000000000000, 0.9238795325112867385, 1.000000000000000000, 0.9238795325112867385, 1.000000000000000000, 0.9238795325112867385, 1.000000000000000000, 0.9238795325112867385, 1.000000000000000000, 0.9238795325112867385, 1.000000000000000000, 0.9238795325112867385, 1.000000000000000000, 0.9238795325112867385, 1.000000000000000000, 0.9238795325112867385, 1.000000000000000000, 0.9238795325112867385, 1.000000000000000000, 0.9238795325112867385, 1.000000000000000000, 0.9238795325112867385, 1.000000000000000000, 0.9238795325112867385, 1.000000000000000000, 0.9238795325112867385, 1.000000000000000000, 0.9238795325112867385, 1.000000000000000000, 0.9238795325112867385, 1.000000000000000000, 0.9238795325112867385, 1.000000000000000000, 0.9238795325112867385, 1.000000000000000000, 0.9238795325112867385, 1.000000000000000000, 0.9238795325112867385, 1.000000000000000000, 0.9238795325112867385, 1.000000000000000000, 0.9238795325112867385, 1.000000000000000000, 0.9238795325112867385, 1.000000000000000000, 0.9238795325112867385, 1.000000000000000000, 0.9238795325112867385, 1.000000000000000000, 0.9238795325112867385, 1.000000000000000000, 0.9238795325112867385, 1.000000000000000000, 0.9238795325112867385, 1.000000000000000000, 0.9238795325112867385, 1.000000000000000000, 0.9238795325112867385, 1.000000000000000000, 0.9238795325112867385, 1.000000000000000000, 0.9238795325112867385, 1.000000000000000000, 0.9238795325112867385, 1.000000000000000000, 0.9238795325112867385, 1.000000000000000000, 0.9238795325112867385, 1.000000000000000000, 0.9238795325112867385, 1.000000000000000000, 0.9238795325112867385, 1.000000000000000000, 0.9238795325112867385, 1.000000000000000000, 0.9238795325112867385, 1.000000000000000000, 0.9238795325112867385, 1.000000000000000000, 0.9238795325112867385, 1.000000000000000000, 0.9238795325112867385, 1.000000000000000000, 0.9238795325112867385, 1.000000000000000000, 0.9238795325112867385, 1.000000000000000000, 0.9238795325112867385, 1.000000000000000000, 0.9238795325112867385, 1.000000000000000000, 0.9238795325112867385, 1.000000000000000000, 0.9238795325112867385, 1.000000000000000000, 0.9238795325112867385, 1.000000000000000000, 0.9238795325112867385, 1.000000000000000000, 0.9238795325112867385, 1.000000000000000000, 0.9238795325112867385, 1.000000000000000000, 0.9238795325112867385, 1.000000000000000000, 0.9238795325112867385, 1.000000000000000000, 0.9238795325112867385, 1.000000000000000000, 0.9238795325112867385, 1.000000000000000000, 0.9238795325112867385, 1.000000000000000000, 0.9238795325112867385, 1.000000000000000000, 0.9238795325112867385, 1.000000000000000000, 0.9238795325112867385, 1.000000000000000000, 0.9238795325112867385, 1.000000000000000000, 0.9238795325112867385, 1.000000000000000000, 0.9238795325112867385, 1.000000000000000000, 0.9238795325112867385, 1.000000000000000000, 0.9238795325112867385, 1.000000000000000000, 0.9238795325112867385, 1.000000000000000000, 0.9238795325112867385, 1.000000000000000000, 0.9238795325112867385, 1.000000000000000000, 0.9238795325112867385, 1.000000000000000000, 0.9238795325112867385, 1.000000000000000000, 0.9238795325112867385, 1.000000000000000000, 0.9238795325112867385, 1.000000000000000000, 0.9238795325112867385, 1.000000000000000000, 0.9238795325112867385, 1.000000000000000000, 0.9238795325112867385, 1.000000000000000000, 0.9238795325112867385, 1.000000000000000000, 0.9238795325112867385, 1.000000000000000000, 0.9238795325112867385, 1.000000000000000000, 0.9238795325112867385, 1.000000000000000000, 0.9238795325112867385, 1.000000000000000000, 0.9238795325112867385, 1.000000000000000000, 0.9238795325112867385, 1.000000000000000000, 0.9238795325112867385, 1.000000000000000000, 0.9238795325112867385, 1.000000000000000000, 0.9238795325112867385, 1.000000000000000000, 0.9238795325112867385, 1.000000000000000000, 0.9238795325112867385, 1.000000000000000000, 0.9238795325112867385, 1.000000000000000000, 0.9238795325112867385, 1.000000000000000000, 0.9238795325112867385, 1.000000000000000000, 0.9238795325112867385, 1.000000000000000000, 0.9238795325112867385, 1.000000000000000000, 0.9238795325112867385, 1.000000000000000000, 0.9238795325112867385, 1.000000000000000000, 0.9238795325112867385, 1.000000000000000000, 0.9238795325112867385, 1.000000000000000000, 0.9238795325112867385, 1.000000000000000000, 0.9238795325112867385, 1.000000000000000000, 0.9238795325112867385, 1.000000000000000000, 0.9238795325112867385, 1.000000000000000000, 0.9238795325112867385, 1.000000000000000000, 0.9745914417102135019, 0.9661453340112935440 ) ) 
 REPRESENTATION_ITEM ( '' )  );
#3109 = CARTESIAN_POINT ( 'NONE',  ( 2.543301270189230578, -1.053469879313109425, 3.324999999999998845 ) ) ;
#3110 = CARTESIAN_POINT ( 'NONE',  ( -1.400343491548893038, -1.400343491548901920, 1.799999999999999600 ) ) ;
#3111 = DIRECTION ( 'NONE',  ( 0.5000000000000004441, -0.8660254037844383745, 0.000000000000000000 ) ) ;
#3112 = CARTESIAN_POINT ( 'NONE',  ( -1.767766952966376204, 1.767766952966367322, -6.799999999999999822 ) ) ;
#3113 = ORIENTED_EDGE ( 'NONE', *, *, #1479, .F. ) ;
#3114 = CARTESIAN_POINT ( 'NONE',  ( -0.8203022253684481013, -1.980384757729346967, 3.549999999999997602 ) ) ;
#3115 = CARTESIAN_POINT ( 'NONE',  ( -3.061616997868395960E-16, -2.500000000000019540, -4.899999999999998579 ) ) ;
#3116 = CARTESIAN_POINT ( 'NONE',  ( -2.076136450870443628, 0.5418500137026662777, 2.375014969320886404 ) ) ;
#3117 = ORIENTED_EDGE ( 'NONE', *, *, #3179, .F. ) ;
#3118 = CARTESIAN_POINT ( 'NONE',  ( -1.798385574751164562, -1.798385574751173444, 1.424999999999999156 ) ) ;
#3119 = CARTESIAN_POINT ( 'NONE',  ( -1.053469879313098989, 2.543301270189221253, -2.775000000000002132 ) ) ;
#3120 = CARTESIAN_POINT ( 'NONE',  ( 1.980384757729337641, 0.8203022253684392195, -6.650000000000001243 ) ) ;
#3121 = CARTESIAN_POINT ( 'NONE',  ( -0.8203022253684478793, 1.980384757729328982, -4.750000000000002665 ) ) ;
#3122 = DIRECTION ( 'NONE',  ( -0.000000000000000000, -0.000000000000000000, -1.000000000000000000 ) ) ;
#3123 = ORIENTED_EDGE ( 'NONE', *, *, #831, .T. ) ;
#3124 = EDGE_CURVE ( 'NONE', #2241, #2581, #2261, .T. ) ;
#3125 = CARTESIAN_POINT ( 'NONE',  ( -1.980384757729338085, -8.991640643818871886E-15, 1.699999999999998401 ) ) ;
#3126 = DIRECTION ( 'NONE',  ( -0.4999999999999999445, -0.8660254037844387076, 0.000000000000000000 ) ) ;
#3127 = CARTESIAN_POINT ( 'NONE',  ( -1.980384757729338085, 0.8203022253684389975, 2.449999999999998845 ) ) ;
#3128 = ADVANCED_FACE ( 'NONE', ( #2203 ), #1180, .T. ) ;
#3129 = CARTESIAN_POINT ( 'NONE',  ( 1.980384757729337641, 0.8203022253684393306, -6.650000000000001243 ) ) ;
#3130 = CARTESIAN_POINT ( 'NONE',  ( 1.767766952966375982, -1.767766952966385530, 1.600000000000001199 ) ) ;
#3131 = CARTESIAN_POINT ( 'NONE',  ( -1.400343491548893038, -1.400343491548901920, 0.9999999999999991118 ) ) ;
#3132 = FACE_OUTER_BOUND ( 'NONE', #3773, .T. ) ;
#3133 = CARTESIAN_POINT ( 'NONE',  ( 2.500000000000010658, -9.572146786230802611E-15, -2.200000000000003730 ) ) ;
#3134 = ORIENTED_EDGE ( 'NONE', *, *, #2619, .T. ) ;
#3135 = CARTESIAN_POINT ( 'NONE',  ( -1.400343491548893038, 1.400343491548883934, -8.000000000000001776 ) ) ;
#3136 = VECTOR ( 'NONE', #2750, 1000.000000000000000 ) ;
#3137 = CARTESIAN_POINT ( 'NONE',  ( 1.975118464710602151, 1.172602427872782904, 2.788799986100775286 ) ) ;
#3138 = CARTESIAN_POINT ( 'NONE',  ( 2.450207907587147016, -0.3115953378324904377, 3.264241067015247744 ) ) ;
#3139 = APPROVAL ( #1178, 'UNSPECIFIED' ) ;
#3140 = ORIENTED_EDGE ( 'NONE', *, *, #799, .T. ) ;
#3141 = CARTESIAN_POINT ( 'NONE',  ( -1.053469879313098989, -2.543301270189239460, -0.1250000000000018596 ) ) ;
#3142 = CIRCLE ( 'NONE', #3429, 2.500000000000004441 ) ;
#3143 = CARTESIAN_POINT ( 'NONE',  ( -1.798385574751164784, -1.798385574751173666, -0.9250000000000022649 ) ) ;
#3144 = CARTESIAN_POINT ( 'NONE',  ( -1.400343491548893038, -1.400343491548901920, -6.200000000000001954 ) ) ;
#3145 = CARTESIAN_POINT ( 'NONE',  ( -1.980384757729338085, 0.8203022253684388865, -3.850000000000001865 ) ) ;
#3146 = ADVANCED_FACE ( 'NONE', ( #2292 ), #3908, .T. ) ;
#3147 = CARTESIAN_POINT ( 'NONE',  ( 0.8203022253684477683, -1.980384757729347633, -4.350000000000002309 ) ) ;
#3148 = CARTESIAN_POINT ( 'NONE',  ( 1.053469879313100543, 2.543301270189220809, -7.725000000000001421 ) ) ;
#3149 = CARTESIAN_POINT ( 'NONE',  ( -1.980384757729338085, -0.8203022253684568721, 0.1499999999999991063 ) ) ;
#3150 = CARTESIAN_POINT ( 'NONE',  ( -0.8065878225564830917, 1.929206265526212327, -8.111800262182214283 ) ) ;
#3151 = CARTESIAN_POINT ( 'NONE',  ( -0.8203022253684478793, 1.980384757729328982, 1.549999999999999156 ) ) ;
#3152 = CARTESIAN_POINT ( 'NONE',  ( 1.400343491548892816, -1.400343491548902364, -8.400000000000000355 ) ) ;
#3153 = PLANE ( 'NONE',  #2412 ) ;
#3154 = CARTESIAN_POINT ( 'NONE',  ( -0.8203022253684481013, -1.980384757729347189, -0.5500000000000019318 ) ) ;
#3155 = CARTESIAN_POINT ( 'NONE',  ( 2.500000000000010658, -9.572146786230802611E-15, -6.299999999999999822 ) ) ;
#3156 = CARTESIAN_POINT ( 'NONE',  ( 1.035533905932741749, -2.500000000000019984, -2.350000000000003197 ) ) ;
#3157 = CARTESIAN_POINT ( 'NONE',  ( 0.8203022253684477683, -1.980384757729347633, -6.850000000000001421 ) ) ;
#3158 = CARTESIAN_POINT ( 'NONE',  ( 1.980384757729337641, -0.8203022253684580933, 2.149999999999997247 ) ) ;
#3159 = CARTESIAN_POINT ( 'NONE',  ( 0.2582090733407514382, 2.318011801534464844, 2.886092195564643248 ) ) ;
#3160 = ORIENTED_EDGE ( 'NONE', *, *, #1335, .T. ) ;
#3161 = CARTESIAN_POINT ( 'NONE',  ( -1.400343491548893038, 1.400343491548883934, -8.700000000000002842 ) ) ;
#3162 = CARTESIAN_POINT ( 'NONE',  ( -1.798385574751164784, 1.798385574751155680, -2.725000000000001865 ) ) ;
#3163 = CARTESIAN_POINT ( 'NONE',  ( 1.980384757729337641, -0.8203022253684580933, 0.5499999999999983791 ) ) ;
#3164 = CARTESIAN_POINT ( 'NONE',  ( -1.980384757729338085, 0.8203022253684389975, -3.050000000000002487 ) ) ;
#3165 = APPLICATION_CONTEXT ( 'configuration controlled 3d designs of mechanical parts and assemblies' ) ;
#3166 = CARTESIAN_POINT ( 'NONE',  ( 1.980384757729338085, -9.476695014745558097E-15, -5.000000000000002665 ) ) ;
#3167 = CARTESIAN_POINT ( 'NONE',  ( -2.543301270189230578, -1.053469879313107649, -6.625000000000002665 ) ) ;
#3168 = ORIENTED_EDGE ( 'NONE', *, *, #2487, .F. ) ;
#3169 = CARTESIAN_POINT ( 'NONE',  ( -1.980384757729338085, 0.8203022253684389975, 0.8499999999999984235 ) ) ;
#3170 = CARTESIAN_POINT ( 'NONE',  ( -1.035533905932742416, -2.500000000000019540, -4.050000000000003375 ) ) ;
#3171 = CARTESIAN_POINT ( 'NONE',  ( 0.000000000000000000, 1.980384757729328982, 3.099999999999998757 ) ) ;
#3172 = CARTESIAN_POINT ( 'NONE',  ( 1.400343491548892816, -1.400343491548902364, -6.800000000000001599 ) ) ;
#3173 = CARTESIAN_POINT ( 'NONE',  ( -0.8993680173239400055, -2.269875602725889063, 3.188218102710290047 ) ) ;
#3174 = DIRECTION ( 'NONE',  ( 1.000000000000000000, 0.000000000000000000, 0.000000000000000000 ) ) ;
#3175 = DIRECTION ( 'NONE',  ( 0.000000000000000000, -1.000000000000000000, 0.000000000000000000 ) ) ;
#3176 = CARTESIAN_POINT ( 'NONE',  ( 1.839287636306506935, -1.518855235866146458, -7.819420907006187527 ) ) ;
#3177 = CARTESIAN_POINT ( 'NONE',  ( 1.400343491548893260, 1.400343491548883490, -6.600000000000001421 ) ) ;
#3178 = CARTESIAN_POINT ( 'NONE',  ( 1.980384757729337641, -0.8203022253684580933, 0.5499999999999984901 ) ) ;
#3179 = EDGE_CURVE ( 'NONE', #1398, #4009, #2052, .T. ) ;
#3180 = FACE_OUTER_BOUND ( 'NONE', #440, .T. ) ;
#3181 = CARTESIAN_POINT ( 'NONE',  ( 2.500000000000010658, -9.572146786230802611E-15, -6.200000000000003730 ) ) ;
#3182 = EDGE_LOOP ( 'NONE', ( #828, #283, #243, #4215 ) ) ;
#3183 = CARTESIAN_POINT ( 'NONE',  ( 1.980384757729337641, 0.8203022253684393306, -8.150000000000002132 ) ) ;
#3184 = CARTESIAN_POINT ( 'NONE',  ( 1.798385574751165228, 1.798385574751155236, -2.925000000000002043 ) ) ;
#3185 = CARTESIAN_POINT ( 'NONE',  ( 1.400343491548892816, -1.400343491548902364, -1.100000000000002087 ) ) ;
#3186 = CARTESIAN_POINT ( 'NONE',  ( 1.980384757729337641, -0.8203022253684580933, -2.650000000000002132 ) ) ;
#3187 = CARTESIAN_POINT ( 'NONE',  ( 0.8203022253684477683, -1.980384757729347633, -2.750000000000001332 ) ) ;
#3188 = CARTESIAN_POINT ( 'NONE',  ( -1.798385574751164562, -1.798385574751173444, -5.775000000000001243 ) ) ;
#3189 = CARTESIAN_POINT ( 'NONE',  ( -2.425271854633440422E-16, -1.980384757729347189, 1.099999999999998535 ) ) ;
#3190 = CARTESIAN_POINT ( 'NONE',  ( -3.061616997868395960E-16, -2.500000000000019540, 3.199999999999997957 ) ) ;
#3191 = CARTESIAN_POINT ( 'NONE',  ( 1.980384757729337641, -0.8203022253684580933, 2.049999999999998046 ) ) ;
#3192 = CARTESIAN_POINT ( 'NONE',  ( -0.8203022253684478793, 1.980384757729328982, -7.250000000000001776 ) ) ;
#3193 = CARTESIAN_POINT ( 'NONE',  ( 0.000000000000000000, 2.500000000000001332, -7.699999999999999289 ) ) ;
#3194 = PERSON_AND_ORGANIZATION_ROLE ( 'design_supplier' ) ;
#3195 = FACE_OUTER_BOUND ( 'NONE', #1890, .T. ) ;
#3196 = CARTESIAN_POINT ( 'NONE',  ( -3.061616997868395960E-16, -2.500000000000019540, -2.400000000000003464 ) ) ;
#3197 = CARTESIAN_POINT ( 'NONE',  ( 1.400343491548893260, 1.400343491548883490, -5.800000000000001599 ) ) ;
#3198 = CARTESIAN_POINT ( 'NONE',  ( 0.8203022253684477683, -1.980384757729347633, 2.849999999999997868 ) ) ;
#3199 = CARTESIAN_POINT ( 'NONE',  ( 1.375331128304838391, 1.858289669243459175, 2.829821148072949377 ) ) ;
#3200 = CARTESIAN_POINT ( 'NONE',  ( -1.767766952966376426, -1.767766952966385308, -6.500000000000003553 ) ) ;
#3201 = ORIENTED_EDGE ( 'NONE', *, *, #2401, .T. ) ;
#3202 = CARTESIAN_POINT ( 'NONE',  ( -1.053469879313098989, -2.543301270189239460, 3.074999999999999289 ) ) ;
#3203 = CARTESIAN_POINT ( 'NONE',  ( 1.798385574751165228, 1.798385574751155236, 2.674999999999998490 ) ) ;
#3204 = CARTESIAN_POINT ( 'NONE',  ( 0.8203022253684477683, -1.980384757729347633, -0.3500000000000013656 ) ) ;
#3205 = CARTESIAN_POINT ( 'NONE',  ( 1.980384757729337641, 0.8203022253684393306, -1.750000000000001332 ) ) ;
#3206 = CARTESIAN_POINT ( 'NONE',  ( -0.8203022253684481013, -1.980384757729346967, -2.050000000000002043 ) ) ;
#3207 = CARTESIAN_POINT ( 'NONE',  ( -1.053469879313098545, 2.543301270189220809, -4.425000000000001599 ) ) ;
#3208 = EDGE_CURVE ( 'NONE', #4113, #1557, #3142, .T. ) ;
#3209 = CARTESIAN_POINT ( 'NONE',  ( -1.400343491548893038, 1.400343491548883934, 2.399999999999999467 ) ) ;
#3210 = CARTESIAN_POINT ( 'NONE',  ( 2.500000000000010658, -9.572146786230802611E-15, 0.9999999999999972244 ) ) ;
#3211 = ORIENTED_EDGE ( 'NONE', *, *, #4424, .T. ) ;
#3212 = CARTESIAN_POINT ( 'NONE',  ( 1.980384757729337641, -0.8203022253684580933, 3.649999999999998579 ) ) ;
#3213 = CARTESIAN_POINT ( 'NONE',  ( -1.400343491548893038, -1.400343491548901920, -8.600000000000001421 ) ) ;
#3214 = CARTESIAN_POINT ( 'NONE',  ( 2.500000000000010658, -9.572146786230802611E-15, -0.6999999999999996225 ) ) ;
#3215 = CARTESIAN_POINT ( 'NONE',  ( -1.400343491548893038, -1.400343491548901920, -7.700000000000001954 ) ) ;
#3216 = CARTESIAN_POINT ( 'NONE',  ( 1.035533905932743970, 2.500000000000000444, -6.050000000000003375 ) ) ;
#3217 = CARTESIAN_POINT ( 'NONE',  ( -1.400343491548893038, -1.400343491548901920, -6.200000000000001954 ) ) ;
#3218 = CARTESIAN_POINT ( 'NONE',  ( -1.980384757729338085, -0.8203022253684568721, 1.849999999999997424 ) ) ;
#3219 = ADVANCED_FACE ( 'NONE', ( #4320 ), #1884, .T. ) ;
#3220 = CARTESIAN_POINT ( 'NONE',  ( -2.425271854633440422E-16, -1.980384757729347189, -6.100000000000001421 ) ) ;
#3221 = CARTESIAN_POINT ( 'NONE',  ( -1.035533905932742416, -2.500000000000019540, 1.549999999999997380 ) ) ;
#3222 = CARTESIAN_POINT ( 'NONE',  ( 0.6936764389713099277, -2.315634795958505965, 3.077159713478719638 ) ) ;
#3223 = ORIENTED_EDGE ( 'NONE', *, *, #2514, .T. ) ;
#3224 = CARTESIAN_POINT ( 'NONE',  ( 1.980384757729338085, -9.476695014745558097E-15, -7.400000000000002132 ) ) ;
#3225 = CARTESIAN_POINT ( 'NONE',  ( -1.980384757729338085, -8.991640643818871886E-15, -0.6000000000000015321 ) ) ;
#3226 =( BOUNDED_CURVE ( )  B_SPLINE_CURVE ( 2, ( #3015, #4030, #617, #2936, #2211, #3647, #4307, #1232, #2255 ),
 .UNSPECIFIED., .F., .F. ) 
 B_SPLINE_CURVE_WITH_KNOTS ( ( 3, 2, 2, 2, 3 ),
 ( 0.5156250000000000000, 0.5234375000000000000, 0.5312500000000000000, 0.5390625000000000000, 0.5468750000000000000 ),
 .UNSPECIFIED. ) 
 CURVE ( )  GEOMETRIC_REPRESENTATION_ITEM ( )  RATIONAL_B_SPLINE_CURVE ( ( 1.000000000000000000, 0.9238795325112867385, 1.000000000000000000, 0.9238795325112867385, 1.000000000000000000, 0.9238795325112867385, 1.000000000000000000, 0.9238795325112867385, 1.000000000000000000 ) ) 
 REPRESENTATION_ITEM ( '' )  );
#3227 = CARTESIAN_POINT ( 'NONE',  ( -0.8203022253684478793, 1.980384757729328982, -0.7500000000000023315 ) ) ;
#3228 = CARTESIAN_POINT ( 'NONE',  ( 1.980384757729338085, -9.476695014745558097E-15, 0.5999999999999980904 ) ) ;
#3229 = CARTESIAN_POINT ( 'NONE',  ( -2.543301270189230578, -1.053469879313107649, -5.825000000000002842 ) ) ;
#3230 = CARTESIAN_POINT ( 'NONE',  ( 0.000000000000000000, 1.980384757729328982, 3.899999999999999023 ) ) ;
#3231 = CARTESIAN_POINT ( 'NONE',  ( 1.035533905932743970, 2.500000000000000444, -2.850000000000003197 ) ) ;
#3232 = ORIENTED_EDGE ( 'NONE', *, *, #2467, .F. ) ;
#3233 = CARTESIAN_POINT ( 'NONE',  ( -2.205618366714219292, 0.5686543752738897339, 2.737409807578086607 ) ) ;
#3234 = CARTESIAN_POINT ( 'NONE',  ( -0.8203022253684478793, 1.980384757729328982, -3.250000000000001776 ) ) ;
#3235 = CARTESIAN_POINT ( 'NONE',  ( -1.035533905932741972, 2.500000000000001776, -0.4500000000000002887 ) ) ;
#3236 = CARTESIAN_POINT ( 'NONE',  ( -9.034918005484530651E-16, 2.309401076758500704, 6.000000000000000000 ) ) ;
#3237 = CARTESIAN_POINT ( 'NONE',  ( 1.980384757729337641, 0.8203022253684392195, -6.550000000000000711 ) ) ;
#3238 = CARTESIAN_POINT ( 'NONE',  ( -2.085751013194054426, -0.7480278092723446903, -7.989286975421173054 ) ) ;
#3239 = CARTESIAN_POINT ( 'NONE',  ( 1.400343491548892816, -1.400343491548902364, -5.200000000000001066 ) ) ;
#3240 = CARTESIAN_POINT ( 'NONE',  ( -0.8203022253684481013, -1.980384757729346967, 0.3499999999999978684 ) ) ;
#3241 = CARTESIAN_POINT ( 'NONE',  ( 1.980384757729337641, 0.8203022253684392195, -4.250000000000000888 ) ) ;
#3242 = DIRECTION ( 'NONE',  ( -0.000000000000000000, -0.000000000000000000, -1.000000000000000000 ) ) ;
#3243 = CARTESIAN_POINT ( 'NONE',  ( -2.500000000000010658, -8.959823386657123714E-15, -1.900000000000000133 ) ) ;
#3244 = EDGE_LOOP ( 'NONE', ( #2395, #1528, #3531, #418, #307, #2984, #3902 ) ) ;
#3245 = CARTESIAN_POINT ( 'NONE',  ( 1.798385574751164784, 1.798385574751154792, 4.224999999999999645 ) ) ;
#3246 = CARTESIAN_POINT ( 'NONE',  ( 1.400343491548893260, 1.400343491548883490, -8.200000000000002842 ) ) ;
#3247 = CARTESIAN_POINT ( 'NONE',  ( 1.528180293583352611, 1.386608497887682701, 2.148716722716788041 ) ) ;
#3248 = CARTESIAN_POINT ( 'NONE',  ( 0.8203022253684477683, -1.980384757729347633, -0.3500000000000013656 ) ) ;
#3249 = CARTESIAN_POINT ( 'NONE',  ( 0.8203022253684477683, -1.980384757729347633, -0.3500000000000013656 ) ) ;
#3250 = CARTESIAN_POINT ( 'NONE',  ( 1.798385574751164340, -1.798385574751173888, -4.775000000000001243 ) ) ;
#3251 = CARTESIAN_POINT ( 'NONE',  ( 1.400343491548892816, -1.400343491548902364, 3.599999999999999201 ) ) ;
#3252 = CARTESIAN_POINT ( 'NONE',  ( 2.500000000000003997, -2.295923514178371982E-15, -8.500000000000000000 ) ) ;
#3253 = ORIENTED_EDGE ( 'NONE', *, *, #2467, .T. ) ;
#3254 = CARTESIAN_POINT ( 'NONE',  ( 2.500000000000010658, -9.572146786230802611E-15, -4.700000000000000178 ) ) ;
#3255 = CARTESIAN_POINT ( 'NONE',  ( -2.425271854633440422E-16, -1.980384757729347189, -3.700000000000001066 ) ) ;
#3256 = CARTESIAN_POINT ( 'NONE',  ( -2.500000000000010658, -8.959823386657123714E-15, -1.800000000000003153 ) ) ;
#3257 = CARTESIAN_POINT ( 'NONE',  ( -1.980384757729338085, -8.991640643818871886E-15, -5.400000000000002132 ) ) ;
#3258 = CARTESIAN_POINT ( 'NONE',  ( 2.098753710164895647, -0.1799645947502992172, 2.258013026131981515 ) ) ;
#3259 = B_SPLINE_CURVE_WITH_KNOTS ( 'NONE', 3,
 ( #1752, #38, #3138, #2160, #735, #4193, #2797, #4214, #1116, #1138, #103, #1420, #2454, #3222, #3489, #2886, #2502, #1482, #3837, #1776, #439, #3880, #4152, #3509, #3815, #778, #758, #1074, #2184, #128 ),
 .UNSPECIFIED., .F., .F.,
 ( 4, 2, 2, 2, 2, 2, 2, 2, 2, 2, 2, 2, 2, 2, 4 ),
 ( 0.001175559253478602323, 0.001643843730217300339, 0.002112128206955998354, 0.002580412683694696153, 0.003048697160433394386, 0.003516981637172092185, 0.003985266113910789984, 0.004921835067388185582, 0.005390119544126883815, 0.005858404020865581180, 0.006326688497604279413, 0.006794972974342977645, 0.007731541927820374110, 0.008199826404559070608, 0.008668110881297768841 ),
 .UNSPECIFIED. ) ;
#3260 = CARTESIAN_POINT ( 'NONE',  ( -1.400343491548893038, 1.400343491548883934, -4.000000000000001776 ) ) ;
#3261 = EDGE_CURVE ( 'NONE', #1378, #4009, #476, .T. ) ;
#3262 = CARTESIAN_POINT ( 'NONE',  ( 0.000000000000000000, -2.602085213965210642E-15, -8.500000000000000000 ) ) ;
#3263 = CARTESIAN_POINT ( 'NONE',  ( -0.8203022253684478793, 1.980384757729328982, -5.650000000000001243 ) ) ;
#3264 = CARTESIAN_POINT ( 'NONE',  ( -2.500000000000010658, -8.959823386657123714E-15, 1.399999999999996581 ) ) ;
#3265 = DIRECTION ( 'NONE',  ( 0.7071067811865475727, 0.000000000000000000, 0.7071067811865474617 ) ) ;
#3266 = EDGE_LOOP ( 'NONE', ( #4148, #1990, #3140, #857 ) ) ;
#3267 = CARTESIAN_POINT ( 'NONE',  ( 1.980384757729337641, -0.8203022253684580933, -6.650000000000002132 ) ) ;
#3268 = CARTESIAN_POINT ( 'NONE',  ( 0.000000000000000000, 1.980384757729328982, -7.300000000000001599 ) ) ;
#3269 = EDGE_CURVE ( 'NONE', #1830, #3732, #531, .T. ) ;
#3270 = CARTESIAN_POINT ( 'NONE',  ( 0.5011279596943120085, 2.038846859431083125, 2.211406933086793813 ) ) ;
#3271 = ORIENTED_EDGE ( 'NONE', *, *, #73, .F. ) ;
#3272 = CARTESIAN_POINT ( 'NONE',  ( -1.053469879313098545, 2.543301270189220809, -3.625000000000002220 ) ) ;
#3273 = VECTOR ( 'NONE', #8, 1000.000000000000000 ) ;
#3274 = CARTESIAN_POINT ( 'NONE',  ( -1.798385574751164784, 1.798385574751155680, -8.325000000000002842 ) ) ;
#3275 = ADVANCED_FACE ( 'NONE', ( #983 ), #3703, .T. ) ;
#3276 = CARTESIAN_POINT ( 'NONE',  ( 1.767766952966375982, -1.767766952966385752, 0.8999999999999978018 ) ) ;
#3277 = VERTEX_POINT ( 'NONE', #1267 ) ;
#3278 = CARTESIAN_POINT ( 'NONE',  ( -1.044394180005317807, 1.969292800462468129, 2.603329192610900122 ) ) ;
#3279 = AXIS2_PLACEMENT_3D ( 'NONE', #1476, #2088, #4168 ) ;
#3280 = CARTESIAN_POINT ( 'NONE',  ( 0.000000000000000000, 1.980384757729328982, -5.700000000000001954 ) ) ;
#3281 = EDGE_LOOP ( 'NONE', ( #2576, #3711, #1230, #2075 ) ) ;
#3282 = CARTESIAN_POINT ( 'NONE',  ( 0.2297667182981788236, -2.448649124093064788, 3.237308291987914366 ) ) ;
#3283 = CARTESIAN_POINT ( 'NONE',  ( 0.000000000000000000, 1.980384757729328982, -5.600000000000002309 ) ) ;
#3284 = CARTESIAN_POINT ( 'NONE',  ( 0.4025546333759351114, -2.293302247404126692, -7.876509757487283103 ) ) ;
#3285 = CARTESIAN_POINT ( 'NONE',  ( -0.8203022253684481013, -1.980384757729346967, -5.350000000000001421 ) ) ;
#3286 = ADVANCED_BREP_SHAPE_REPRESENTATION ( '91292A125_18-8 Stainless Steel Socket Head Screw', ( #2606, #1989 ), #980 ) ;
#3287 = CARTESIAN_POINT ( 'NONE',  ( -1.980384757729338085, -8.991640643818871886E-15, 3.399999999999998579 ) ) ;
#3288 = CARTESIAN_POINT ( 'NONE',  ( 1.798385574751165228, 1.798385574751155236, 1.874999999999998224 ) ) ;
#3289 = ADVANCED_FACE ( 'NONE', ( #4083 ), #2001, .T. ) ;
#3290 = CARTESIAN_POINT ( 'NONE',  ( 0.000000000000000000, 1.980384757729328982, -1.700000000000001066 ) ) ;
#3291 = CARTESIAN_POINT ( 'NONE',  ( 1.673438827620542746, 1.343240719159408236, 8.228468318634162060 ) ) ;
#3292 = CARTESIAN_POINT ( 'NONE',  ( 1.700000000000003730, -2.602085213965210642E-15, -8.499999999999996447 ) ) ;
#3293 = EDGE_LOOP ( 'NONE', ( #3211, #4153, #2014, #3755, #335, #1366 ) ) ;
#3294 = CARTESIAN_POINT ( 'NONE',  ( -0.8203022253684481013, -1.980384757729346967, -5.250000000000001776 ) ) ;
#3295 = CARTESIAN_POINT ( 'NONE',  ( 1.511198055831554532, 1.289488927266222218, -8.209555748077431048 ) ) ;
#3296 = CARTESIAN_POINT ( 'NONE',  ( -2.391594939394081187, -8.966461282181244507E-15, 3.062587690922347505 ) ) ;
#3297 = ORIENTED_EDGE ( 'NONE', *, *, #2357, .T. ) ;
#3298 = CARTESIAN_POINT ( 'NONE',  ( -1.798385574751164562, -1.798385574751173444, -2.575000000000001954 ) ) ;
#3299 = CARTESIAN_POINT ( 'NONE',  ( -2.543301270189231023, 1.053469879313089885, -8.275000000000003908 ) ) ;
#3300 = CARTESIAN_POINT ( 'NONE',  ( 0.000000000000000000, -2.602085213965210642E-15, -8.500000000000000000 ) ) ;
#3301 = FACE_OUTER_BOUND ( 'NONE', #372, .T. ) ;
#3302 = CARTESIAN_POINT ( 'NONE',  ( 1.279352707908933517, 1.761918195239480234, 2.422157281313307209 ) ) ;
#3303 =( BOUNDED_CURVE ( )  B_SPLINE_CURVE ( 2, ( #2343, #4370, #1343, #305, #3003, #328, #3048, #1663, #4393 ),
 .UNSPECIFIED., .F., .F. ) 
 B_SPLINE_CURVE_WITH_KNOTS ( ( 3, 2, 2, 2, 3 ),
 ( 0.6406250000000000000, 0.6484375000000000000, 0.6562500000000000000, 0.6640625000000000000, 0.6718750000000000000 ),
 .UNSPECIFIED. ) 
 CURVE ( )  GEOMETRIC_REPRESENTATION_ITEM ( )  RATIONAL_B_SPLINE_CURVE ( ( 1.000000000000000000, 0.9238795325112867385, 1.000000000000000000, 0.9238795325112867385, 1.000000000000000000, 0.9238795325112867385, 1.000000000000000000, 0.9238795325112867385, 1.000000000000000000 ) ) 
 REPRESENTATION_ITEM ( '' )  );
#3304 = CARTESIAN_POINT ( 'NONE',  ( -1.400343491548893038, 1.400343491548883934, -4.800000000000001599 ) ) ;
#3305 = CARTESIAN_POINT ( 'NONE',  ( 2.436602540379340542, 2.847982045759042212E-11, -7.763397459620659191 ) ) ;
#3306 = CARTESIAN_POINT ( 'NONE',  ( 1.980384757729338085, -9.476695014745558097E-15, -5.000000000000002665 ) ) ;
#3307 = DIRECTION ( 'NONE',  ( -1.000000000000000000, 0.000000000000000000, 0.000000000000000000 ) ) ;
#3308 = CARTESIAN_POINT ( 'NONE',  ( 1.400343491548893260, 1.400343491548883490, -5.000000000000000888 ) ) ;
#3309 = CARTESIAN_POINT ( 'NONE',  ( 0.000000000000000000, 2.500000000000001332, 1.199999999999997735 ) ) ;
#3310 = CARTESIAN_POINT ( 'NONE',  ( 1.053469879313100765, 2.543301270189220809, 2.724999999999998312 ) ) ;
#3311 = CARTESIAN_POINT ( 'NONE',  ( -2.425271854633440422E-16, -1.980384757729347189, -2.900000000000001688 ) ) ;
#3312 = DIRECTION ( 'NONE',  ( -1.000000000000000000, 0.000000000000000000, 0.000000000000000000 ) ) ;
#3313 = LINE ( 'NONE', #3292, #1977 ) ;
#3314 = ORIENTED_EDGE ( 'NONE', *, *, #2130, .F. ) ;
#3315 = CARTESIAN_POINT ( 'NONE',  ( -1.980384757729338085, 0.8203022253684389975, -7.050000000000002487 ) ) ;
#3316 = EDGE_CURVE ( 'NONE', #3716, #391, #4272, .T. ) ;
#3317 = DIRECTION ( 'NONE',  ( 1.000000000000000000, 0.000000000000000000, 0.000000000000000000 ) ) ;
#3318 = CARTESIAN_POINT ( 'NONE',  ( 2.500000000000010658, -9.572146786230802611E-15, 0.09999999999999982514 ) ) ;
#3319 = VERTEX_POINT ( 'NONE', #1312 ) ;
#3320 = CARTESIAN_POINT ( 'NONE',  ( 1.798385574751164784, 1.798385574751154792, -0.5750000000000008438 ) ) ;
#3321 = ADVANCED_FACE ( 'NONE', ( #3418 ), #3679, .F. ) ;
#3322 = CARTESIAN_POINT ( 'NONE',  ( -1.053469879313098989, 2.543301270189221253, -7.575000000000001066 ) ) ;
#3323 = CARTESIAN_POINT ( 'NONE',  ( 1.980384757729337641, -0.8203022253684580933, -5.850000000000003197 ) ) ;
#3324 = CARTESIAN_POINT ( 'NONE',  ( -1.767766952966376426, -1.767766952966385308, -0.1000000000000030864 ) ) ;
#3325 = CARTESIAN_POINT ( 'NONE',  ( -1.767766952966376204, 1.767766952966367322, -4.400000000000000355 ) ) ;
#3326 = CARTESIAN_POINT ( 'NONE',  ( 1.980384757729337641, -0.8203022253684580933, -4.350000000000001421 ) ) ;
#3327 = CYLINDRICAL_SURFACE ( 'NONE', #1102, 2.500000000000003997 ) ;
#3328 = CARTESIAN_POINT ( 'NONE',  ( -1.400343491548893038, -1.400343491548901920, -2.900000000000002576 ) ) ;
#3329 = CARTESIAN_POINT ( 'NONE',  ( 1.980384757729338085, 2.956399150575138284E-14, -8.219615242270663202 ) ) ;
#3330 = CARTESIAN_POINT ( 'NONE',  ( -0.8203022253684478793, 1.980384757729328982, -2.450000000000001954 ) ) ;
#3331 = FACE_OUTER_BOUND ( 'NONE', #3596, .T. ) ;
#3332 = CARTESIAN_POINT ( 'NONE',  ( 1.053469879313098323, -2.543301270189240348, 0.8249999999999975131 ) ) ;
#3333 = CARTESIAN_POINT ( 'NONE',  ( -0.8203022253684481013, -1.980384757729347189, -3.750000000000002220 ) ) ;
#3334 = CYLINDRICAL_SURFACE ( 'NONE', #2118, 4.250000000000000000 ) ;
#3335 = EDGE_CURVE ( 'NONE', #471, #39, #320, .T. ) ;
#3336 = CARTESIAN_POINT ( 'NONE',  ( -1.035533905932742194, -2.500000000000019540, -1.750000000000000222 ) ) ;
#3337 = ORIENTED_EDGE ( 'NONE', *, *, #2099, .T. ) ;
#3338 = CARTESIAN_POINT ( 'NONE',  ( 0.8203022253684477683, -1.980384757729347633, 0.4499999999999990119 ) ) ;
#3339 = CARTESIAN_POINT ( 'NONE',  ( -0.8203022253684481013, -1.980384757729346967, -4.450000000000002842 ) ) ;
#3340 = CARTESIAN_POINT ( 'NONE',  ( -1.999999999999997335, -0.7746647548211803569, 8.237655848596718400 ) ) ;
#3341 = ORIENTED_EDGE ( 'NONE', *, *, #2145, .F. ) ;
#3342 = CARTESIAN_POINT ( 'NONE',  ( 2.543301270189230134, -9.580101100521239259E-15, -2.275000000000000799 ) ) ;
#3343 = AXIS2_PLACEMENT_3D ( 'NONE', #2105, #792, #473 ) ;
#3344 = CARTESIAN_POINT ( 'NONE',  ( 1.053469879313100765, 2.543301270189220809, -6.075000000000002842 ) ) ;
#3345 = CARTESIAN_POINT ( 'NONE',  ( 0.8203022253684477683, -1.980384757729347633, -6.750000000000003553 ) ) ;
#3346 = CARTESIAN_POINT ( 'NONE',  ( -1.767766952966376204, 1.767766952966367322, -1.200000000000000178 ) ) ;
#3347 = DIRECTION ( 'NONE',  ( -1.000000000000000000, 0.000000000000000000, 0.000000000000000000 ) ) ;
#3348 = AXIS2_PLACEMENT_3D ( 'NONE', #1888, #876, #3573 ) ;
#3349 = CARTESIAN_POINT ( 'NONE',  ( 1.980384757729338085, -9.476695014745558097E-15, -0.3000000000000016542 ) ) ;
#3350 = CARTESIAN_POINT ( 'NONE',  ( 2.143246372394936650, -1.301240215809221556, 3.335273601312945591 ) ) ;
#3351 = CARTESIAN_POINT ( 'NONE',  ( 1.980384757729338085, -9.476695014745558097E-15, -1.800000000000002043 ) ) ;
#3352 = FACE_BOUND ( 'NONE', #2124, .T. ) ;
#3353 = VECTOR ( 'NONE', #4314, 1000.000000000000000 ) ;
#3354 = CARTESIAN_POINT ( 'NONE',  ( 0.000000000000000000, 1.980384757729328982, -0.1000000000000011297 ) ) ;
#3355 = CC_DESIGN_APPROVAL ( #3139, ( #1530 ) ) ;
#3356 = CARTESIAN_POINT ( 'NONE',  ( 1.798385574751165228, 1.798385574751155236, 0.2749999999999974687 ) ) ;
#3357 = CARTESIAN_POINT ( 'NONE',  ( -1.400343491548893038, -1.400343491548901920, -3.000000000000001776 ) ) ;
#3358 = FACE_OUTER_BOUND ( 'NONE', #1319, .T. ) ;
#3359 = CARTESIAN_POINT ( 'NONE',  ( -2.500000000000010658, -8.959823386657123714E-15, -1.000000000000002887 ) ) ;
#3360 = ORIENTED_EDGE ( 'NONE', *, *, #485, .F. ) ;
#3361 = CARTESIAN_POINT ( 'NONE',  ( 1.980384757729337641, 0.8203022253684393306, -0.1500000000000025480 ) ) ;
#3362 = CARTESIAN_POINT ( 'NONE',  ( 1.400343491548893260, 1.400343491548883490, -6.500000000000002665 ) ) ;
#3363 = CARTESIAN_POINT ( 'NONE',  ( 1.603230164106422162, 1.162573365231615030, -8.219615242270668531 ) ) ;
#3364 = CARTESIAN_POINT ( 'NONE',  ( -1.767766952966376204, -1.767766952966385086, -5.799999999999999822 ) ) ;
#3365 = ORIENTED_EDGE ( 'NONE', *, *, #2950, .F. ) ;
#3366 = CARTESIAN_POINT ( 'NONE',  ( 2.543301270189230134, -1.053469879313109425, -3.125000000000001776 ) ) ;
#3367 = ORIENTED_EDGE ( 'NONE', *, *, #3208, .F. ) ;
#3368 = CARTESIAN_POINT ( 'NONE',  ( -2.543301270189231023, -1.053469879313107871, -4.975000000000001421 ) ) ;
#3369 = CARTESIAN_POINT ( 'NONE',  ( -1.980384757729338085, -0.8203022253684568721, -6.150000000000003020 ) ) ;
#3370 = CARTESIAN_POINT ( 'NONE',  ( -2.500000000000004885, -1.035533905932756626, -0.1500000000000024092 ) ) ;
#3371 = CARTESIAN_POINT ( 'NONE',  ( 0.000000000000000000, 2.500000000000001332, -7.699999999999999289 ) ) ;
#3372 = EDGE_CURVE ( 'NONE', #4080, #3444, #644, .T. ) ;
#3373 = CARTESIAN_POINT ( 'NONE',  ( 1.400343491548892816, -1.400343491548902364, -0.4000000000000010214 ) ) ;
#3374 = CARTESIAN_POINT ( 'NONE',  ( 2.500000000000010658, -9.572146786230802611E-15, -0.6000000000000035305 ) ) ;
#3375 = CARTESIAN_POINT ( 'NONE',  ( 1.980384757729337641, 0.8203022253684392195, -2.550000000000001599 ) ) ;
#3376 = DIRECTION ( 'NONE',  ( -0.000000000000000000, -0.000000000000000000, 1.000000000000000000 ) ) ;
#3377 = CARTESIAN_POINT ( 'NONE',  ( 1.400343491548893260, 1.400343491548883490, -1.800000000000001155 ) ) ;
#3378 = DIRECTION ( 'NONE',  ( -1.000000000000000000, 0.000000000000000000, 0.000000000000000000 ) ) ;
#3379 = CARTESIAN_POINT ( 'NONE',  ( 2.543301270189230578, -9.580101100521239259E-15, 3.374999999999997780 ) ) ;
#3380 = CARTESIAN_POINT ( 'NONE',  ( 0.000000000000000000, 1.980384757729328982, -0.9000000000000014655 ) ) ;
#3381 = CARTESIAN_POINT ( 'NONE',  ( -2.500000000000003997, -2.602085213965210642E-15, -8.500000000000000000 ) ) ;
#3382 = CARTESIAN_POINT ( 'NONE',  ( 0.000000000000000000, 3.999999999999997335, 8.500000000000000000 ) ) ;
#3383 = ORIENTED_EDGE ( 'NONE', *, *, #3898, .F. ) ;
#3384 = CARTESIAN_POINT ( 'NONE',  ( 1.980384757729337641, 0.8203022253684393306, 1.449999999999998179 ) ) ;
#3385 = CARTESIAN_POINT ( 'NONE',  ( -0.8203022253684481013, -1.980384757729346967, -3.650000000000002132 ) ) ;
#3386 = DIRECTION ( 'NONE',  ( -1.000000000000000000, 0.000000000000000000, 0.000000000000000000 ) ) ;
#3387 = CARTESIAN_POINT ( 'NONE',  ( 0.1935169079036220263, -2.210693654338152569, 2.575569179780262008 ) ) ;
#3388 = CC_DESIGN_DATE_AND_TIME_ASSIGNMENT ( #867, #2947, ( #3842 ) ) ;
#3389 = ORIENTED_EDGE ( 'NONE', *, *, #4036, .F. ) ;
#3390 = CARTESIAN_POINT ( 'NONE',  ( 2.543301270189230134, -1.053469879313109425, 0.8749999999999991118 ) ) ;
#3391 = CARTESIAN_POINT ( 'NONE',  ( 2.543301270189230578, -9.580101100521239259E-15, -6.225000000000002309 ) ) ;
#3392 = CARTESIAN_POINT ( 'NONE',  ( -0.8203022253684478793, 1.980384757729328982, -7.950000000000001954 ) ) ;
#3393 = CARTESIAN_POINT ( 'NONE',  ( 1.035533905932743748, 2.500000000000001776, -1.350000000000000089 ) ) ;
#3394 = CARTESIAN_POINT ( 'NONE',  ( -1.999999999999997335, 1.154700538379249686, 8.337322042762471241 ) ) ;
#3395 = CARTESIAN_POINT ( 'NONE',  ( 0.8203022253684493226, 1.980384757729328538, -2.550000000000000711 ) ) ;
#3396 = CARTESIAN_POINT ( 'NONE',  ( -1.400343491548893038, 1.400343491548883934, -3.900000000000002576 ) ) ;
#3397 = CARTESIAN_POINT ( 'NONE',  ( 2.500000000000010658, -9.572146786230802611E-15, -3.800000000000002931 ) ) ;
#3398 = CARTESIAN_POINT ( 'NONE',  ( -1.400343491548893038, 1.400343491548883934, -1.600000000000001643 ) ) ;
#3399 = LINE ( 'NONE', #2386, #165 ) ;
#3400 = CARTESIAN_POINT ( 'NONE',  ( -3.061616997868395960E-16, -2.500000000000019540, 3.100000000000000977 ) ) ;
#3401 = CARTESIAN_POINT ( 'NONE',  ( 1.400343491548893260, 1.400343491548883490, -0.2000000000000005107 ) ) ;
#3402 = CARTESIAN_POINT ( 'NONE',  ( 1.035533905932741749, -2.500000000000019984, -7.150000000000003908 ) ) ;
#3403 = EDGE_CURVE ( 'NONE', #329, #3071, #2201, .T. ) ;
#3404 = VERTEX_POINT ( 'NONE', #1975 ) ;
#3405 = CARTESIAN_POINT ( 'NONE',  ( -0.8203022253684478793, 1.980384757729328982, -8.850000000000001421 ) ) ;
#3406 = DIRECTION ( 'NONE',  ( -0.000000000000000000, -0.000000000000000000, -1.000000000000000000 ) ) ;
#3407 = CARTESIAN_POINT ( 'NONE',  ( -2.150980966305386932, -2.195378302250400453E-13, 2.401506233055900275 ) ) ;
#3408 = VERTEX_POINT ( 'NONE', #3397 ) ;
#3409 = CARTESIAN_POINT ( 'NONE',  ( -3.114645759804638804E-16, -2.543301270189239460, 1.524999999999998579 ) ) ;
#3410 = ORIENTED_EDGE ( 'NONE', *, *, #3124, .F. ) ;
#3411 = EDGE_CURVE ( 'NONE', #3404, #1722, #925, .T. ) ;
#3412 = CARTESIAN_POINT ( 'NONE',  ( -2.543301270189231023, 1.053469879313089885, -5.075000000000002842 ) ) ;
#3413 = CARTESIAN_POINT ( 'NONE',  ( -1.400343491548893038, -1.400343491548901920, -6.100000000000002309 ) ) ;
#3414 = CARTESIAN_POINT ( 'NONE',  ( 0.000000000000000000, -2.602085213965210642E-15, -8.499999999999996447 ) ) ;
#3415 = EDGE_CURVE ( 'NONE', #4026, #2921, #1681, .T. ) ;
#3416 = CARTESIAN_POINT ( 'NONE',  ( 1.980384757729337641, -0.8203022253684580933, -1.950000000000001288 ) ) ;
#3417 = VECTOR ( 'NONE', #1648, 1000.000000000000000 ) ;
#3418 = FACE_OUTER_BOUND ( 'NONE', #93, .T. ) ;
#3419 = CARTESIAN_POINT ( 'NONE',  ( -1.400343491548893038, -1.400343491548901920, -0.6000000000000015321 ) ) ;
#3420 = CARTESIAN_POINT ( 'NONE',  ( -1.836516031997539322, 1.249088051313657743, 8.282827386760725830 ) ) ;
#3421 =( BOUNDED_CURVE ( )  B_SPLINE_CURVE ( 2, ( #1543, #2925, #4296, #3938, #866, #1222, #956, #1658, #3374 ),
 .UNSPECIFIED., .F., .F. ) 
 B_SPLINE_CURVE_WITH_KNOTS ( ( 3, 2, 2, 2, 3 ),
 ( 0.2968749999999999445, 0.3046875000000000000, 0.3125000000000000000, 0.3203125000000000000, 0.3281250000000000555 ),
 .UNSPECIFIED. ) 
 CURVE ( )  GEOMETRIC_REPRESENTATION_ITEM ( )  RATIONAL_B_SPLINE_CURVE ( ( 1.000000000000000444, 0.9238795325112861834, 1.000000000000000000, 0.9238795325112867385, 1.000000000000000000, 0.9238795325112867385, 1.000000000000000000, 0.9238795325112861834, 1.000000000000000444 ) ) 
 REPRESENTATION_ITEM ( '' )  );
#3422 = CARTESIAN_POINT ( 'NONE',  ( -2.500000000000003997, -2.602085213965210642E-15, -8.500000000000000000 ) ) ;
#3423 = CARTESIAN_POINT ( 'NONE',  ( -0.8203022253684481013, -1.980384757729347189, 1.849999999999999423 ) ) ;
#3424 = CARTESIAN_POINT ( 'NONE',  ( 1.767766952966376426, 1.767766952966366656, -5.400000000000000355 ) ) ;
#3425 = B_SPLINE_CURVE_WITH_KNOTS ( 'NONE', 3,
 ( #242, #1279, #1624, #3009, #2669, #3690, #3247, #2575, #3929, #3600, #510, #3270, #174, #2937, #3950, #882, #3031, #2350, #3074, #1649, #2691, #4421, #1349, #2737, #3097, #1735, #3116, #4441, #677, #4094 ),
 .UNSPECIFIED., .F., .F.,
 ( 4, 2, 2, 2, 2, 2, 2, 2, 2, 2, 2, 2, 2, 2, 4 ),
 ( 0.002619899558882362884, 0.003438434719234352392, 0.003847702299410346929, 0.004256969879586341467, 0.004666237459762336004, 0.005075505039938331409, 0.005894040200290319616, 0.006303307780466314153, 0.006712575360642307823, 0.007121842940818301493, 0.007531110520994296897, 0.007940378101170290567, 0.008349645681346284237, 0.008758913261522277907, 0.009168180841698271577 ),
 .UNSPECIFIED. ) ;
#3426 = CARTESIAN_POINT ( 'NONE',  ( 0.000000000000000000, 2.500000000000001332, -1.200000000000003286 ) ) ;
#3427 = ORIENTED_EDGE ( 'NONE', *, *, #2811, .T. ) ;
#3428 = CARTESIAN_POINT ( 'NONE',  ( -1.980384757729338085, 0.8203022253684389975, 1.749999999999998224 ) ) ;
#3429 = AXIS2_PLACEMENT_3D ( 'NONE', #1156, #1588, #3611 ) ;
#3430 = FACE_OUTER_BOUND ( 'NONE', #3266, .T. ) ;
#3431 = CARTESIAN_POINT ( 'NONE',  ( 2.500000000000009770, -1.035533905932752630, -2.350000000000000533 ) ) ;
#3432 = VERTEX_POINT ( 'NONE', #1612 ) ;
#3433 = CARTESIAN_POINT ( 'NONE',  ( 1.798385574751164784, 1.798385574751154792, 1.824999999999998401 ) ) ;
#3434 = CARTESIAN_POINT ( 'NONE',  ( -1.798385574751164784, -1.798385574751173666, -4.125000000000001776 ) ) ;
#3435 = CARTESIAN_POINT ( 'NONE',  ( -1.400343491548893038, -1.400343491548901920, -3.700000000000001954 ) ) ;
#3436 = CARTESIAN_POINT ( 'NONE',  ( 2.550799999999995293, -9.419681154404743553E-15, 3.500000000000001332 ) ) ;
#3437 = CARTESIAN_POINT ( 'NONE',  ( 1.400343491548892816, -1.400343491548902364, -2.800000000000001155 ) ) ;
#3438 = CARTESIAN_POINT ( 'NONE',  ( -4.000000000000000000, -2.602085213965210642E-15, 8.250000000000000000 ) ) ;
#3439 = CARTESIAN_POINT ( 'NONE',  ( -1.980384757729338085, -0.8203022253684568721, 0.1499999999999991063 ) ) ;
#3440 = CARTESIAN_POINT ( 'NONE',  ( 1.035533905932741749, -2.500000000000019984, 1.549999999999999822 ) ) ;
#3441 = CARTESIAN_POINT ( 'NONE',  ( -1.980384757729338085, -8.991640643818871886E-15, 0.8999999999999980238 ) ) ;
#3442 = CARTESIAN_POINT ( 'NONE',  ( -2.500000000000010658, 1.035533905932733312, -1.850000000000003197 ) ) ;
#3443 = CARTESIAN_POINT ( 'NONE',  ( -0.3283344719965126113, -2.119837080967081011, 8.237858774101885828 ) ) ;
#3444 = VERTEX_POINT ( 'NONE', #3329 ) ;
#3445 = CARTESIAN_POINT ( 'NONE',  ( -0.8203022253684481013, -1.980384757729346967, 2.749999999999999112 ) ) ;
#3446 = CYLINDRICAL_SURFACE ( 'NONE', #4401, 2.500000000000003997 ) ;
#3447 = CARTESIAN_POINT ( 'NONE',  ( 1.154578489582572143, -1.915694874056595776, 2.624237953880999452 ) ) ;
#3448 = VERTEX_POINT ( 'NONE', #2997 ) ;
#3449 = CARTESIAN_POINT ( 'NONE',  ( 1.053469879313098323, -2.543301270189239904, -0.02500000000000071609 ) ) ;
#3450 = ADVANCED_FACE ( 'NONE', ( #3352, #4034 ), #958, .T. ) ;
#3451 = CARTESIAN_POINT ( 'NONE',  ( 1.053469879313100765, 2.543301270189220809, -0.4750000000000014766 ) ) ;
#3452 = CARTESIAN_POINT ( 'NONE',  ( 0.000000000000000000, 1.980384757729328982, -4.100000000000001421 ) ) ;
#3453 = CARTESIAN_POINT ( 'NONE',  ( -2.425271854633440422E-16, -1.980384757729347189, -5.200000000000001066 ) ) ;
#3454 = CARTESIAN_POINT ( 'NONE',  ( -2.500000000000003997, -2.602085213965210642E-15, -8.500000000000000000 ) ) ;
#3455 = ADVANCED_FACE ( 'NONE', ( #3476 ), #1835, .T. ) ;
#3456 = CARTESIAN_POINT ( 'NONE',  ( 1.400343491548893260, 1.400343491548883490, 1.399999999999998579 ) ) ;
#3457 = CARTESIAN_POINT ( 'NONE',  ( 2.500000000000010658, -9.572146786230802611E-15, 2.599999999999996092 ) ) ;
#3458 = CARTESIAN_POINT ( 'NONE',  ( -1.980384757729338085, -8.991640643818871886E-15, 2.499999999999998668 ) ) ;
#3459 = CARTESIAN_POINT ( 'NONE',  ( 1.767766952966375982, -1.767766952966385530, -7.200000000000001066 ) ) ;
#3460 = CARTESIAN_POINT ( 'NONE',  ( 2.030673979761034698, -9.485932994964468277E-15, 2.070965504122662892 ) ) ;
#3461 = CARTESIAN_POINT ( 'NONE',  ( 1.980384757729337641, 0.8203022253684392195, -0.2500000000000019429 ) ) ;
#3462 = CARTESIAN_POINT ( 'NONE',  ( 2.500000000000015987, 1.035533905932727761, -2.150000000000003464 ) ) ;
#3463 = CARTESIAN_POINT ( 'NONE',  ( -1.767766952966376204, 1.767766952966367322, 1.200000000000000178 ) ) ;
#3464 = VERTEX_POINT ( 'NONE', #1064 ) ;
#3465 = CARTESIAN_POINT ( 'NONE',  ( -0.8203022253684478793, 1.980384757729328982, -5.650000000000001243 ) ) ;
#3466 = CARTESIAN_POINT ( 'NONE',  ( 0.000000000000000000, -2.602085213965210642E-15, 3.750000000000000000 ) ) ;
#3467 = CARTESIAN_POINT ( 'NONE',  ( 0.000000000000000000, 2.500000000000001332, -7.699999999999999289 ) ) ;
#3468 = EDGE_LOOP ( 'NONE', ( #3032, #4429, #4091, #1372 ) ) ;
#3469 = CARTESIAN_POINT ( 'NONE',  ( -2.543301270189230578, -1.053469879313107649, -0.2250000000000012823 ) ) ;
#3470 = CARTESIAN_POINT ( 'NONE',  ( 0.000000000000000000, 2.543301270189221697, -2.825000000000001954 ) ) ;
#3471 = CARTESIAN_POINT ( 'NONE',  ( 0.8203022253684492116, 1.980384757729328538, -4.950000000000001066 ) ) ;
#3472 = CARTESIAN_POINT ( 'NONE',  ( -0.8203022253684478793, 1.980384757729328982, -2.350000000000002309 ) ) ;
#3473 = CARTESIAN_POINT ( 'NONE',  ( 1.400343491548893260, 1.400343491548883490, -3.300000000000001599 ) ) ;
#3474 = CARTESIAN_POINT ( 'NONE',  ( 2.543301270189230134, -9.580101100521239259E-15, -7.875000000000001776 ) ) ;
#3475 = CARTESIAN_POINT ( 'NONE',  ( 1.400343491548892816, -1.400343491548902364, 1.999999999999998224 ) ) ;
#3476 = FACE_OUTER_BOUND ( 'NONE', #331, .T. ) ;
#3477 = CARTESIAN_POINT ( 'NONE',  ( -1.980384757729338085, 0.8203022253684389975, 1.649999999999998801 ) ) ;
#3478 = CARTESIAN_POINT ( 'NONE',  ( -1.980384757729338085, -0.8203022253684568721, -7.050000000000002487 ) ) ;
#3479 = CARTESIAN_POINT ( 'NONE',  ( -1.030182262837911589, -2.211057990514753158, 3.181862937075833564 ) ) ;
#3480 = VECTOR ( 'NONE', #3656, 1000.000000000000000 ) ;
#3481 = LINE ( 'NONE', #4249, #542 ) ;
#3482 = CARTESIAN_POINT ( 'NONE',  ( 0.000000000000000000, 1.980384757729328982, -8.000000000000001776 ) ) ;
#3483 = CARTESIAN_POINT ( 'NONE',  ( 1.035533905932743748, 2.500000000000001776, 1.050000000000001155 ) ) ;
#3484 = EDGE_LOOP ( 'NONE', ( #2957, #3160, #2734, #2370 ) ) ;
#3485 = CARTESIAN_POINT ( 'NONE',  ( -0.8203022253684481013, -1.980384757729346967, -7.750000000000001776 ) ) ;
#3486 = CONICAL_SURFACE ( 'NONE', #3628, 2.550799999999995293, 0.3490658503988666728 ) ;
#3487 = CARTESIAN_POINT ( 'NONE',  ( -1.980384757729338085, -0.8203022253684568721, 0.2499999999999984734 ) ) ;
#3488 = CARTESIAN_POINT ( 'NONE',  ( 1.807260830604822122, 1.425923298844838483, 2.802785638211620967 ) ) ;
#3489 = CARTESIAN_POINT ( 'NONE',  ( 0.3849398956492491308, -2.378573120932840013, 3.055679858701736862 ) ) ;
#3490 = ORIENTED_EDGE ( 'NONE', *, *, #2327, .F. ) ;
#3491 = CARTESIAN_POINT ( 'NONE',  ( -1.053469879313098545, 2.543301270189220809, 2.774999999999999911 ) ) ;
#3492 = CARTESIAN_POINT ( 'NONE',  ( -2.543301270189230578, -8.957171948560311498E-15, -3.425000000000002043 ) ) ;
#3493 = CC_DESIGN_SECURITY_CLASSIFICATION ( #3842, ( #1410 ) ) ;
#3494 = CARTESIAN_POINT ( 'NONE',  ( -1.980384757729338085, -0.8203022253684569831, -0.5500000000000019318 ) ) ;
#3495 = CARTESIAN_POINT ( 'NONE',  ( 0.8203022253684493226, 1.980384757729328538, -1.650000000000002576 ) ) ;
#3496 = CARTESIAN_POINT ( 'NONE',  ( -1.980384757729338085, 0.8203022253684389975, -3.050000000000002487 ) ) ;
#3497 = CARTESIAN_POINT ( 'NONE',  ( 1.798385574751164340, -1.798385574751173888, -5.575000000000001954 ) ) ;
#3498 = CARTESIAN_POINT ( 'NONE',  ( -1.980384757729338085, 0.8203022253684389975, 3.249999999999999556 ) ) ;
#3499 = CARTESIAN_POINT ( 'NONE',  ( 1.603230164106422162, 1.162573365231615030, -8.219615242270668531 ) ) ;
#3500 = CARTESIAN_POINT ( 'NONE',  ( -1.980384757729338085, 0.8203022253684389975, 0.8499999999999984235 ) ) ;
#3501 = EDGE_CURVE ( 'NONE', #2581, #1186, #591, .T. ) ;
#3502 = CARTESIAN_POINT ( 'NONE',  ( -1.980384757729338085, 0.8203022253684389975, -7.150000000000002132 ) ) ;
#3503 = CARTESIAN_POINT ( 'NONE',  ( -1.767766952966376204, 1.767766952966367322, -0.4000000000000006328 ) ) ;
#3504 = CARTESIAN_POINT ( 'NONE',  ( 2.500000000000010658, -9.572146786230802611E-15, -2.200000000000003730 ) ) ;
#3505 = CARTESIAN_POINT ( 'NONE',  ( 1.935445429654580218, -1.402942156537733354, -7.814372339996206840 ) ) ;
#3506 = CARTESIAN_POINT ( 'NONE',  ( -0.8203022253684481013, -1.980384757729346967, -6.950000000000001066 ) ) ;
#3507 = CARTESIAN_POINT ( 'NONE',  ( 1.400343491548892816, -1.400343491548902364, 1.299999999999999156 ) ) ;
#3508 = CARTESIAN_POINT ( 'NONE',  ( -2.389259157906680198, 0.1538662221585619938, 3.056170184028934145 ) ) ;
#3509 = CARTESIAN_POINT ( 'NONE',  ( -1.832062518048511057, -1.469080204829653846, 2.887147251336678266 ) ) ;
#3510 = VERTEX_POINT ( 'NONE', #4182 ) ;
#3511 = B_SPLINE_CURVE_WITH_KNOTS ( 'NONE', 3,
 ( #1451, #3546, #2813, #2173, #1857, #474, #4165, #2493, #95, #3567, #1129, #2515, #1769, #3872, #794, #1788, #453, #3193 ),
 .UNSPECIFIED., .F., .F.,
 ( 4, 2, 2, 2, 2, 2, 2, 2, 4 ),
 ( 0.0003218793707908306151, 0.0007723701186459364793, 0.001222860866501042452, 0.001673351614356147991, 0.002123842362211254397, 0.002574333110066359936, 0.003024823857921465475, 0.003475314605776570580, 0.003925805353631675251 ),
 .UNSPECIFIED. ) ;
#3512 = CARTESIAN_POINT ( 'NONE',  ( 1.980384757729338085, -9.476695014745558097E-15, -8.200000000000002842 ) ) ;
#3513 = CARTESIAN_POINT ( 'NONE',  ( -2.543301270189231023, 1.053469879313089885, -2.675000000000002043 ) ) ;
#3514 = CARTESIAN_POINT ( 'NONE',  ( -1.980384757729338085, 0.8203022253684388865, 0.1499999999999973577 ) ) ;
#3515 = CARTESIAN_POINT ( 'NONE',  ( 1.980384757729338085, -9.476695014745558097E-15, -1.000000000000001776 ) ) ;
#3516 = CARTESIAN_POINT ( 'NONE',  ( 1.980384757729337641, 0.8203022253684393306, -3.350000000000002753 ) ) ;
#3517 = CARTESIAN_POINT ( 'NONE',  ( -2.543301270189230578, -1.053469879313107649, -5.025000000000001243 ) ) ;
#3518 = CARTESIAN_POINT ( 'NONE',  ( 1.400343491548893260, 1.400343491548883490, 2.199999999999998845 ) ) ;
#3519 = CARTESIAN_POINT ( 'NONE',  ( 1.035533905932741749, -2.500000000000019984, 3.249999999999997335 ) ) ;
#3520 = CARTESIAN_POINT ( 'NONE',  ( 1.980384757729338085, -9.476695014745558097E-15, 3.699999999999998401 ) ) ;
#3521 = ORIENTED_EDGE ( 'NONE', *, *, #3415, .F. ) ;
#3522 = CARTESIAN_POINT ( 'NONE',  ( 1.400343491548893260, 1.400343491548883490, -8.200000000000002842 ) ) ;
#3523 = CARTESIAN_POINT ( 'NONE',  ( -2.141055942034052695, -1.115780439573611060, 3.113386252686957789 ) ) ;
#3524 = APPROVAL_ROLE ( '' ) ;
#3525 = CARTESIAN_POINT ( 'NONE',  ( 0.000000000000000000, 2.500000000000001332, -6.099999999999999645 ) ) ;
#3526 = DIRECTION ( 'NONE',  ( 0.000000000000000000, 0.000000000000000000, 1.000000000000000000 ) ) ;
#3527 = CARTESIAN_POINT ( 'NONE',  ( 1.980384757729338085, -9.476695014745558097E-15, -5.900000000000001243 ) ) ;
#3528 = CARTESIAN_POINT ( 'NONE',  ( -2.425271854633440422E-16, -1.980384757729347189, 2.799999999999998490 ) ) ;
#3529 = ADVANCED_FACE ( 'NONE', ( #407 ), #2060, .T. ) ;
#3530 = CARTESIAN_POINT ( 'NONE',  ( 1.767766952966375982, -1.767766952966385752, -0.7000000000000029532 ) ) ;
#3531 = ORIENTED_EDGE ( 'NONE', *, *, #1066, .T. ) ;
#3532 = CARTESIAN_POINT ( 'NONE',  ( -1.980384757729338085, -8.991640643818871886E-15, -7.800000000000002487 ) ) ;
#3533 = ORIENTED_EDGE ( 'NONE', *, *, #889, .F. ) ;
#3534 = CARTESIAN_POINT ( 'NONE',  ( -1.798385574751164784, -1.798385574751173666, -3.325000000000002398 ) ) ;
#3535 = CARTESIAN_POINT ( 'NONE',  ( -1.980384757729338085, -8.991640643818871886E-15, -1.400000000000001910 ) ) ;
#3536 =( BOUNDED_CURVE ( )  B_SPLINE_CURVE ( 2, ( #767, #2442, #362, #3519, #3190, #91, #2764, #2853, #3869 ),
 .UNSPECIFIED., .F., .F. ) 
 B_SPLINE_CURVE_WITH_KNOTS ( ( 3, 2, 2, 2, 3 ),
 ( 0.01874630658215134874, 0.02343750000000000000, 0.03124999999999999306, 0.03906249999999999306, 0.04687499999999998612 ),
 .UNSPECIFIED. ) 
 CURVE ( )  GEOMETRIC_REPRESENTATION_ITEM ( )  RATIONAL_B_SPLINE_CURVE ( ( 0.9634766042395070951, 0.9542917329860334252, 1.000000000000000000, 0.9238795325112867385, 1.000000000000000000, 0.9238795325112867385, 1.000000000000000000, 0.9238795325112868495, 0.9999999999999998890 ) ) 
 REPRESENTATION_ITEM ( '' )  );
#3537 = CARTESIAN_POINT ( 'NONE',  ( 0.8203022253684477683, -1.980384757729347633, -1.950000000000002176 ) ) ;
#3538 = CARTESIAN_POINT ( 'NONE',  ( -1.400343491548893038, 1.400343491548883934, -1.500000000000002220 ) ) ;
#3539 = CARTESIAN_POINT ( 'NONE',  ( -1.053469879313098545, 2.543301270189220809, -6.825000000000001066 ) ) ;
#3540 = CARTESIAN_POINT ( 'NONE',  ( 0.000000000000000000, 1.980384757729328982, 2.299999999999998046 ) ) ;
#3541 = PERSON ( 'UNSPECIFIED', 'UNSPECIFIED', 'UNSPECIFIED', ('UNSPECIFIED'), ('UNSPECIFIED'), ('UNSPECIFIED') ) ;
#3542 = CARTESIAN_POINT ( 'NONE',  ( 1.767766952966375982, -1.767766952966385752, -5.500000000000003553 ) ) ;
#3543 = CARTESIAN_POINT ( 'NONE',  ( -0.8203022253684481013, -1.980384757729346967, 2.649999999999999911 ) ) ;
#3544 = ADVANCED_FACE ( 'NONE', ( #426 ), #4121, .T. ) ;
#3545 = FACE_OUTER_BOUND ( 'NONE', #113, .T. ) ;
#3546 = CARTESIAN_POINT ( 'NONE',  ( 2.047547314087050374, 0.1472695418867704109, -8.152452685912944474 ) ) ;
#3547 = CARTESIAN_POINT ( 'NONE',  ( 1.980384757729337641, 0.8203022253684392195, -7.350000000000002309 ) ) ;
#3548 = CYLINDRICAL_SURFACE ( 'NONE', #1407, 2.500000000000003997 ) ;
#3549 = CARTESIAN_POINT ( 'NONE',  ( -1.400343491548893038, -1.400343491548901920, -7.800000000000001599 ) ) ;
#3550 = CARTESIAN_POINT ( 'NONE',  ( 0.8203022253684493226, 1.980384757729328538, 1.549999999999997380 ) ) ;
#3551 = CARTESIAN_POINT ( 'NONE',  ( 1.980384757729338085, -9.476695014745558097E-15, -5.900000000000001243 ) ) ;
#3552 = CARTESIAN_POINT ( 'NONE',  ( 1.122362979551507101, 2.026965790999230688, 2.843807516075465003 ) ) ;
#3553 = CARTESIAN_POINT ( 'NONE',  ( -1.035533905932742416, -2.500000000000019540, -0.8500000000000038636 ) ) ;
#3554 = ORIENTED_EDGE ( 'NONE', *, *, #2322, .T. ) ;
#3555 = CARTESIAN_POINT ( 'NONE',  ( -2.425271854633440422E-16, -1.980384757729347189, -8.400000000000002132 ) ) ;
#3556 =( BOUNDED_CURVE ( )  B_SPLINE_CURVE ( 2, ( #1578, #2233, #1556, #903, #3648, #948, #3624, #2643, #151 ),
 .UNSPECIFIED., .F., .F. ) 
 B_SPLINE_CURVE_WITH_KNOTS ( ( 3, 2, 2, 2, 3 ),
 ( 0.3281250000000001110, 0.3359375000000001110, 0.3437500000000000555, 0.3515625000000000000, 0.3593750000000000000 ),
 .UNSPECIFIED. ) 
 CURVE ( )  GEOMETRIC_REPRESENTATION_ITEM ( )  RATIONAL_B_SPLINE_CURVE ( ( 0.9999999999999988898, 0.9238795325112878487, 1.000000000000000000, 0.9238795325112867385, 1.000000000000000000, 0.9238795325112867385, 1.000000000000000000, 0.9238795325112867385, 1.000000000000000000 ) ) 
 REPRESENTATION_ITEM ( '' )  );
#3557 = CARTESIAN_POINT ( 'NONE',  ( -1.400343491548893038, -1.400343491548901920, -1.300000000000001599 ) ) ;
#3558 = CARTESIAN_POINT ( 'NONE',  ( -1.980384757729338085, -0.8203022253684568721, -2.150000000000001688 ) ) ;
#3559 = CARTESIAN_POINT ( 'NONE',  ( 1.980384757729338085, -9.476695014745558097E-15, -1.000000000000001776 ) ) ;
#3560 = CARTESIAN_POINT ( 'NONE',  ( -2.543301270189230134, -8.957171948560311498E-15, -6.675000000000001599 ) ) ;
#3561 = AXIS2_PLACEMENT_3D ( 'NONE', #3569, #2881, #3307 ) ;
#3562 = CARTESIAN_POINT ( 'NONE',  ( 0.8203022253684493226, 1.980384757729328538, 3.849999999999999201 ) ) ;
#3563 = DIRECTION ( 'NONE',  ( -0.000000000000000000, -0.000000000000000000, -1.000000000000000000 ) ) ;
#3564 = ORIENTED_EDGE ( 'NONE', *, *, #3078, .T. ) ;
#3565 = CARTESIAN_POINT ( 'NONE',  ( 1.999999999999997113, -0.7746647548211792467, 8.237655848596716623 ) ) ;
#3566 = CARTESIAN_POINT ( 'NONE',  ( -1.400343491548893038, 1.400343491548883934, -7.200000000000001954 ) ) ;
#3567 = CARTESIAN_POINT ( 'NONE',  ( 1.447426115393074086, 1.785592776298955631, -7.906277173247000079 ) ) ;
#3568 = CARTESIAN_POINT ( 'NONE',  ( -0.8203022253684481013, -1.980384757729347189, -6.050000000000001599 ) ) ;
#3569 = CARTESIAN_POINT ( 'NONE',  ( 0.000000000000000000, -2.602085213965210642E-15, -8.500000000000000000 ) ) ;
#3570 = CARTESIAN_POINT ( 'NONE',  ( 0.8203022253684493226, 1.980384757729328538, -4.950000000000001066 ) ) ;
#3571 = CARTESIAN_POINT ( 'NONE',  ( 1.400343491548893260, 1.400343491548883490, -0.1000000000000011297 ) ) ;
#3572 = CARTESIAN_POINT ( 'NONE',  ( -2.425271854633440422E-16, -1.980384757729347189, -4.500000000000001776 ) ) ;
#3573 = DIRECTION ( 'NONE',  ( -1.000000000000000000, 0.000000000000000000, 0.000000000000000000 ) ) ;
#3574 = ORIENTED_EDGE ( 'NONE', *, *, #872, .F. ) ;
#3575 = CARTESIAN_POINT ( 'NONE',  ( 1.798385574751164340, -1.798385574751173888, 4.024999999999999467 ) ) ;
#3576 = CARTESIAN_POINT ( 'NONE',  ( -2.500000000000010658, -8.959823386657123714E-15, -1.900000000000000133 ) ) ;
#3577 = CARTESIAN_POINT ( 'NONE',  ( -1.400343491548893038, 1.400343491548883934, 0.8999999999999980238 ) ) ;
#3578 = CARTESIAN_POINT ( 'NONE',  ( -1.400343491548893038, -1.400343491548901920, -0.5000000000000022204 ) ) ;
#3579 = CARTESIAN_POINT ( 'NONE',  ( 0.8203022253684493226, 1.980384757729328538, 0.7499999999999990008 ) ) ;
#3580 = CARTESIAN_POINT ( 'NONE',  ( -1.798385574751164562, 1.798385574751155458, -6.775000000000001243 ) ) ;
#3581 = CARTESIAN_POINT ( 'NONE',  ( -3.114645759804639297E-16, -2.543301270189239904, -8.025000000000002132 ) ) ;
#3582 = EDGE_CURVE ( 'NONE', #4438, #3584, #3983, .T. ) ;
#3583 = FACE_OUTER_BOUND ( 'NONE', #3484, .T. ) ;
#3584 = VERTEX_POINT ( 'NONE', #2082 ) ;
#3585 = CARTESIAN_POINT ( 'NONE',  ( 2.006142540571401955, 0.7105595248745530945, 2.325745240411200232 ) ) ;
#3586 = CARTESIAN_POINT ( 'NONE',  ( -1.980384757729338085, -0.8203022253684568721, -6.250000000000003553 ) ) ;
#3587 = DIRECTION ( 'NONE',  ( -0.000000000000000000, -0.000000000000000000, -1.000000000000000000 ) ) ;
#3588 = APPROVAL_DATE_TIME ( #1811, #2112 ) ;
#3589 = CARTESIAN_POINT ( 'NONE',  ( 0.000000000000000000, 1.980384757729328982, -6.400000000000002132 ) ) ;
#3590 = CARTESIAN_POINT ( 'NONE',  ( 1.971561353366784397, -0.6973294089438970556, 2.216570944712940694 ) ) ;
#3591 = CARTESIAN_POINT ( 'NONE',  ( -1.400343491548893038, 1.400343491548883934, -4.800000000000001599 ) ) ;
#3592 = CARTESIAN_POINT ( 'NONE',  ( 0.000000000000000000, 2.500000000000001332, -4.400000000000003020 ) ) ;
#3593 = CARTESIAN_POINT ( 'NONE',  ( -1.400343491548893038, -1.400343491548901920, -4.600000000000001421 ) ) ;
#3594 = CARTESIAN_POINT ( 'NONE',  ( 0.3283344719965111125, 2.119837080967081011, 8.237858774101889381 ) ) ;
#3595 = CARTESIAN_POINT ( 'NONE',  ( 1.980384757729333645, 0.2080241788821952098, -8.219615242270664979 ) ) ;
#3596 = EDGE_LOOP ( 'NONE', ( #1513, #966, #1252, #1358 ) ) ;
#3597 = CARTESIAN_POINT ( 'NONE',  ( 0.000000000000000000, 1.980384757729328982, -5.600000000000002309 ) ) ;
#3598 = EDGE_CURVE ( 'NONE', #3408, #3816, #3090, .T. ) ;
#3599 = CARTESIAN_POINT ( 'NONE',  ( -1.980384757729338085, 0.8203022253684388865, -7.950000000000001954 ) ) ;
#3600 = CARTESIAN_POINT ( 'NONE',  ( 1.001105831035109750, 1.818667808096797733, 2.182994885865268131 ) ) ;
#3601 = ORIENTED_EDGE ( 'NONE', *, *, #3639, .T. ) ;
#3602 = CARTESIAN_POINT ( 'NONE',  ( 0.8203022253684477683, -1.980384757729347633, -1.150000000000001910 ) ) ;
#3603 = CARTESIAN_POINT ( 'NONE',  ( 0.000000000000000000, 2.543301270189221253, -1.275000000000001021 ) ) ;
#3604 = CARTESIAN_POINT ( 'NONE',  ( 2.543301270189230578, -9.580101100521239259E-15, -7.825000000000001954 ) ) ;
#3605 = CARTESIAN_POINT ( 'NONE',  ( -1.400343491548893038, 1.400343491548883934, -8.700000000000002842 ) ) ;
#3606 = ORIENTED_EDGE ( 'NONE', *, *, #3335, .F. ) ;
#3607 = CARTESIAN_POINT ( 'NONE',  ( 0.6367015050331275017, 2.088250664758190212, 2.477028728627312049 ) ) ;
#3608 = CARTESIAN_POINT ( 'NONE',  ( -1.980384757729338085, -0.8203022253684568721, -4.650000000000002132 ) ) ;
#3609 = CARTESIAN_POINT ( 'NONE',  ( 1.556167391642908182, -1.933637189356675723, 3.299583577171671056 ) ) ;
#3610 = CARTESIAN_POINT ( 'NONE',  ( -2.425271854633440422E-16, -1.980384757729347189, -6.000000000000001776 ) ) ;
#3611 = DIRECTION ( 'NONE',  ( -1.000000000000000000, 0.000000000000000000, 0.000000000000000000 ) ) ;
#3612 = CARTESIAN_POINT ( 'NONE',  ( -1.400343491548893038, -1.400343491548901920, -4.600000000000001421 ) ) ;
#3613 = CARTESIAN_POINT ( 'NONE',  ( -1.767766952966376426, 1.767766952966367100, 1.299999999999997158 ) ) ;
#3614 = CARTESIAN_POINT ( 'NONE',  ( -2.543301270189231023, -1.053469879313107871, -0.1750000000000015432 ) ) ;
#3615 = CARTESIAN_POINT ( 'NONE',  ( -1.980384757729338085, 0.8203022253684388865, -2.350000000000001421 ) ) ;
#3616 = CYLINDRICAL_SURFACE ( 'NONE', #1401, 2.500000000000003997 ) ;
#3617 = CARTESIAN_POINT ( 'NONE',  ( 1.035533905932741749, -2.500000000000019984, -4.750000000000004441 ) ) ;
#3618 = ORIENTED_EDGE ( 'NONE', *, *, #4104, .F. ) ;
#3619 = CARTESIAN_POINT ( 'NONE',  ( -1.980384757729338085, -8.991640643818871886E-15, -7.000000000000001776 ) ) ;
#3620 = VECTOR ( 'NONE', #1720, 999.9999999999998863 ) ;
#3621 = CARTESIAN_POINT ( 'NONE',  ( -1.035533905932741972, 2.500000000000001776, -2.050000000000000266 ) ) ;
#3622 = UNCERTAINTY_MEASURE_WITH_UNIT (LENGTH_MEASURE( 1.000000000000000082E-05 ), #121, 'distance_accuracy_value', 'NONE');
#3623 = CIRCLE ( 'NONE', #969, 4.000000000000000888 ) ;
#3624 = CARTESIAN_POINT ( 'NONE',  ( 1.767766952966375982, -1.767766952966385530, -3.999999999999999112 ) ) ;
#3625 = VERTEX_POINT ( 'NONE', #3457 ) ;
#3626 = CARTESIAN_POINT ( 'NONE',  ( 1.798385574751164784, 1.798385574751154792, -1.375000000000001332 ) ) ;
#3627 = ORIENTED_EDGE ( 'NONE', *, *, #2016, .F. ) ;
#3628 = AXIS2_PLACEMENT_3D ( 'NONE', #1255, #1919, #4287 ) ;
#3629 = CARTESIAN_POINT ( 'NONE',  ( 1.980384757729338085, -9.476695014745558097E-15, 3.699999999999998401 ) ) ;
#3630 = B_SPLINE_CURVE_WITH_KNOTS ( 'NONE', 3,
 ( #585, #610, #1963, #3340, #4262, #4355 ),
 .UNSPECIFIED., .F., .F.,
 ( 4, 2, 4 ),
 ( 0.007413996724038400370, 0.007998410323983849365, 0.008582823923929299229 ),
 .UNSPECIFIED. ) ;
#3631 = DIRECTION ( 'NONE',  ( -0.000000000000000000, -0.000000000000000000, -1.000000000000000000 ) ) ;
#3632 = CARTESIAN_POINT ( 'NONE',  ( 2.500000000000010214, -1.035533905932752630, 0.1499999999999971634 ) ) ;
#3633 = CARTESIAN_POINT ( 'NONE',  ( 1.767766952966375982, -1.767766952966385530, -3.200000000000000178 ) ) ;
#3634 = AXIS2_PLACEMENT_3D ( 'NONE', #1105, #1725, #382 ) ;
#3635 = CARTESIAN_POINT ( 'NONE',  ( 1.980384757729337641, 0.8203022253684393306, -3.450000000000001510 ) ) ;
#3636 = CARTESIAN_POINT ( 'NONE',  ( 2.500000000000016875, 0.6019935202547713748, 3.329066818421196672 ) ) ;
#3637 = CARTESIAN_POINT ( 'NONE',  ( 1.400343491548892816, -1.400343491548902364, -5.900000000000002132 ) ) ;
#3638 = CARTESIAN_POINT ( 'NONE',  ( 1.168129447852713554, -1.634981225592406107, 8.158565048741836634 ) ) ;
#3639 = EDGE_CURVE ( 'NONE', #484, #2352, #3536, .T. ) ;
#3640 = CARTESIAN_POINT ( 'NONE',  ( 0.8203022253684477683, -1.980384757729347633, -3.650000000000001688 ) ) ;
#3641 = CARTESIAN_POINT ( 'NONE',  ( -2.500000000000010658, -8.959823386657123714E-15, 1.399999999999996581 ) ) ;
#3642 = CARTESIAN_POINT ( 'NONE',  ( 2.543301270189230578, -1.053469879313109425, 1.724999999999997424 ) ) ;
#3643 = CARTESIAN_POINT ( 'NONE',  ( 1.980384757729338085, -9.476695014745558097E-15, -2.700000000000001066 ) ) ;
#3644 = CARTESIAN_POINT ( 'NONE',  ( -9.396518926769048671E-16, -2.309401076758500260, 6.000000000000000000 ) ) ;
#3645 = VERTEX_POINT ( 'NONE', #2424 ) ;
#3646 = CARTESIAN_POINT ( 'NONE',  ( -1.980384757729338085, -0.8203022253684568721, -6.150000000000003020 ) ) ;
#3647 = CARTESIAN_POINT ( 'NONE',  ( -1.035533905932742416, -2.500000000000019540, -3.250000000000002665 ) ) ;
#3648 = CARTESIAN_POINT ( 'NONE',  ( -3.061616997868395960E-16, -2.500000000000019540, -4.099999999999999645 ) ) ;
#3649 = ORIENTED_EDGE ( 'NONE', *, *, #3898, .T. ) ;
#3650 = CARTESIAN_POINT ( 'NONE',  ( -2.543301270189230578, -1.053469879313107649, -1.025000000000001465 ) ) ;
#3651 = CARTESIAN_POINT ( 'NONE',  ( 1.053469879313098323, -2.543301270189240348, -8.775000000000002132 ) ) ;
#3652 = CARTESIAN_POINT ( 'NONE',  ( 1.400343491548893260, 1.400343491548883490, -8.100000000000003197 ) ) ;
#3653 = DIRECTION ( 'NONE',  ( -0.000000000000000000, -0.000000000000000000, -1.000000000000000000 ) ) ;
#3654 = CARTESIAN_POINT ( 'NONE',  ( -0.6417446808547225823, 2.122496575808065167, 2.571219730442274365 ) ) ;
#3655 = CARTESIAN_POINT ( 'NONE',  ( 0.000000000000000000, 1.980384757729328982, -4.100000000000001421 ) ) ;
#3656 = DIRECTION ( 'NONE',  ( -0.000000000000000000, -0.000000000000000000, 1.000000000000000000 ) ) ;
#3657 = CARTESIAN_POINT ( 'NONE',  ( 0.8203022253684477683, -1.980384757729347633, -3.550000000000002043 ) ) ;
#3658 = CARTESIAN_POINT ( 'NONE',  ( -1.059827075745402025, -2.013641830927013654, -7.929486903837709377 ) ) ;
#3659 = ADVANCED_FACE ( 'NONE', ( #2064 ), #1043, .F. ) ;
#3660 = CARTESIAN_POINT ( 'NONE',  ( 1.980384757729338085, -9.476695014745558097E-15, -2.700000000000001066 ) ) ;
#3661 = CARTESIAN_POINT ( 'NONE',  ( 1.980384757729337641, -0.8203022253684580933, 2.949999999999997957 ) ) ;
#3662 = CARTESIAN_POINT ( 'NONE',  ( 1.798385574751164562, -1.798385574751174332, 0.8749999999999990008 ) ) ;
#3663 = CARTESIAN_POINT ( 'NONE',  ( 0.8203022253684477683, -1.980384757729347633, -2.850000000000000977 ) ) ;
#3664 = CARTESIAN_POINT ( 'NONE',  ( -4.250000000000000000, -2.602085213965210642E-15, -8.500000000000000000 ) ) ;
#3665 = CARTESIAN_POINT ( 'NONE',  ( -2.500000000000010658, -1.035533905932750853, -1.849999999999999423 ) ) ;
#3666 = ORIENTED_EDGE ( 'NONE', *, *, #861, .F. ) ;
#3667 = CARTESIAN_POINT ( 'NONE',  ( -1.980384757729338085, -0.8203022253684568721, -4.550000000000001599 ) ) ;
#3668 = CARTESIAN_POINT ( 'NONE',  ( 2.500000000000010658, -9.572146786230802611E-15, -1.400000000000003020 ) ) ;
#3669 = CARTESIAN_POINT ( 'NONE',  ( -2.500000000000010658, -8.959823386657123714E-15, 2.999999999999997335 ) ) ;
#3670 = ORIENTED_EDGE ( 'NONE', *, *, #3598, .F. ) ;
#3671 = CARTESIAN_POINT ( 'NONE',  ( 1.798385574751164340, -1.798385574751173888, -3.175000000000001599 ) ) ;
#3672 = CARTESIAN_POINT ( 'NONE',  ( 1.053469879313098323, -2.543301270189240348, -5.575000000000001954 ) ) ;
#3673 = CARTESIAN_POINT ( 'NONE',  ( -1.400343491548893038, 1.400343491548883934, -6.300000000000001599 ) ) ;
#3674 = DIRECTION ( 'NONE',  ( 1.000000000000000000, 0.000000000000000000, 0.000000000000000000 ) ) ;
#3675 = CARTESIAN_POINT ( 'NONE',  ( -2.500000000000010658, -8.959823386657123714E-15, -6.600000000000004086 ) ) ;
#3676 = CARTESIAN_POINT ( 'NONE',  ( 0.8203022253684493226, 1.980384757729328538, -3.350000000000001421 ) ) ;
#3677 = CARTESIAN_POINT ( 'NONE',  ( -2.500000000000010658, -8.959823386657123714E-15, 0.5999999999999962030 ) ) ;
#3678 = CARTESIAN_POINT ( 'NONE',  ( 1.400343491548892816, -1.400343491548902364, -1.900000000000001465 ) ) ;
#3679 = PLANE ( 'NONE',  #2348 ) ;
#3680 = CARTESIAN_POINT ( 'NONE',  ( 1.400343491548893260, 1.400343491548883490, 0.5999999999999980904 ) ) ;
#3681 = CARTESIAN_POINT ( 'NONE',  ( 2.500000000000010658, -9.572146786230802611E-15, 0.9999999999999972244 ) ) ;
#3682 = CARTESIAN_POINT ( 'NONE',  ( 2.543301270189230578, 1.053469879313090551, 2.624999999999999112 ) ) ;
#3683 = CARTESIAN_POINT ( 'NONE',  ( 1.400343491548893260, 1.400343491548883490, -2.600000000000001421 ) ) ;
#3684 = DIRECTION ( 'NONE',  ( -1.000000000000000000, 0.000000000000000000, 0.000000000000000000 ) ) ;
#3685 = CARTESIAN_POINT ( 'NONE',  ( -1.767766952966376204, 1.767766952966367322, 2.000000000000000444 ) ) ;
#3686 = ORIENTED_EDGE ( 'NONE', *, *, #402, .F. ) ;
#3687 = CARTESIAN_POINT ( 'NONE',  ( -1.980384757729338085, -8.991640643818871886E-15, -0.6000000000000015321 ) ) ;
#3688 = CARTESIAN_POINT ( 'NONE',  ( 1.400343491548893260, 1.400343491548883490, -5.700000000000001954 ) ) ;
#3689 = AXIS2_PLACEMENT_3D ( 'NONE', #2990, #953, #3674 ) ;
#3690 = CARTESIAN_POINT ( 'NONE',  ( 1.616335526259604860, 1.278733565822656626, 2.141842395957835876 ) ) ;
#3691 = ORIENTED_EDGE ( 'NONE', *, *, #1380, .T. ) ;
#3692 = CARTESIAN_POINT ( 'NONE',  ( 1.798385574751164340, -1.798385574751173888, -1.575000000000000844 ) ) ;
#3693 = EDGE_CURVE ( 'NONE', #2352, #1344, #2534, .T. ) ;
#3694 = CARTESIAN_POINT ( 'NONE',  ( 1.798385574751164562, -1.798385574751174332, -3.925000000000002487 ) ) ;
#3695 = CARTESIAN_POINT ( 'NONE',  ( -1.980384757729338085, -8.991640643818871886E-15, -6.200000000000001954 ) ) ;
#3696 = CARTESIAN_POINT ( 'NONE',  ( 0.000000000000000000, 2.500000000000001332, -3.699999999999999734 ) ) ;
#3697 = CARTESIAN_POINT ( 'NONE',  ( 2.500000000000003997, -2.295923514178371982E-15, -8.500000000000000000 ) ) ;
#3698 = VECTOR ( 'NONE', #3946, 1000.000000000000000 ) ;
#3699 = CARTESIAN_POINT ( 'NONE',  ( 0.8203022253684477683, -1.980384757729347633, -2.850000000000000977 ) ) ;
#3700 = CARTESIAN_POINT ( 'NONE',  ( -2.500000000000010658, -8.959823386657123714E-15, -7.400000000000003908 ) ) ;
#3701 = CARTESIAN_POINT ( 'NONE',  ( -1.980384757729338085, -8.991640643818871886E-15, -3.000000000000001776 ) ) ;
#3702 = DIRECTION ( 'NONE',  ( -0.000000000000000000, 0.000000000000000000, -1.000000000000000000 ) ) ;
#3703 = CONICAL_SURFACE ( 'NONE', #4263, 2.550799999999995293, 0.3490658503988666728 ) ;
#3704 = CARTESIAN_POINT ( 'NONE',  ( 1.400343491548893260, 1.400343491548883490, -1.000000000000000888 ) ) ;
#3705 = CARTESIAN_POINT ( 'NONE',  ( -9.010267893458648583E-16, 2.309401076758501148, 8.337322042762473018 ) ) ;
#3706 = AXIS2_PLACEMENT_3D ( 'NONE', #561, #536, #509 ) ;
#3707 = CARTESIAN_POINT ( 'NONE',  ( -3.114645759804639297E-16, -2.543301270189239904, 2.374999999999998668 ) ) ;
#3708 = CARTESIAN_POINT ( 'NONE',  ( -2.425271854633440422E-16, -1.980384757729347189, -1.300000000000001599 ) ) ;
#3709 = CARTESIAN_POINT ( 'NONE',  ( 2.550799999999995293, -9.419681154404743553E-15, 3.500000000000001332 ) ) ;
#3710 = FACE_OUTER_BOUND ( 'NONE', #3082, .T. ) ;
#3711 = ORIENTED_EDGE ( 'NONE', *, *, #4100, .T. ) ;
#3712 = CARTESIAN_POINT ( 'NONE',  ( -1.400343491548893038, 1.400343491548883934, 3.299999999999998934 ) ) ;
#3713 = CARTESIAN_POINT ( 'NONE',  ( -1.400343491548893038, 1.400343491548883934, -3.900000000000002576 ) ) ;
#3714 = CARTESIAN_POINT ( 'NONE',  ( 1.999999999999997113, -1.154700538379248576, 6.000000000000000000 ) ) ;
#3715 = CARTESIAN_POINT ( 'NONE',  ( -1.061342939575167232, -1.923035205666385972, 2.513415776753075370 ) ) ;
#3716 = VERTEX_POINT ( 'NONE', #449 ) ;
#3717 = CARTESIAN_POINT ( 'NONE',  ( 2.543301270189230134, -9.580101100521239259E-15, 2.524999999999999467 ) ) ;
#3718 =( BOUNDED_CURVE ( )  B_SPLINE_CURVE ( 2, ( #3467, #2092, #2139, #59, #1439 ),
 .UNSPECIFIED., .F., .F. ) 
 B_SPLINE_CURVE_WITH_KNOTS ( ( 3, 2, 3 ),
 ( 0.06250000000000009714, 0.07031250000000005551, 0.07812500000000000000 ),
 .UNSPECIFIED. ) 
 CURVE ( )  GEOMETRIC_REPRESENTATION_ITEM ( )  RATIONAL_B_SPLINE_CURVE ( ( 0.9999999999999990008, 0.9238795325112877377, 1.000000000000000000, 0.9238795325112867385, 1.000000000000000000 ) ) 
 REPRESENTATION_ITEM ( '' )  );
#3719 = CARTESIAN_POINT ( 'NONE',  ( 1.798385574751165228, 1.798385574751155236, -5.325000000000001954 ) ) ;
#3720 = CARTESIAN_POINT ( 'NONE',  ( -2.425271854633440422E-16, -1.980384757729347189, -8.400000000000002132 ) ) ;
#3721 = CARTESIAN_POINT ( 'NONE',  ( -1.035533905932742416, -2.500000000000019540, -0.05000000000000337508 ) ) ;
#3722 = CARTESIAN_POINT ( 'NONE',  ( 0.000000000000000000, -2.602085213965210642E-15, 3.750000000000000000 ) ) ;
#3723 = CARTESIAN_POINT ( 'NONE',  ( -1.980384757729338085, -8.991640643818871886E-15, 0.09999999999999939493 ) ) ;
#3724 = EDGE_CURVE ( 'NONE', #391, #9, #1924, .T. ) ;
#3725 = CARTESIAN_POINT ( 'NONE',  ( -1.400343491548893038, -1.400343491548901920, -3.700000000000001954 ) ) ;
#3726 = DIRECTION ( 'NONE',  ( -0.8660254037844387076, 0.4999999999999998890, 0.000000000000000000 ) ) ;
#3727 = CARTESIAN_POINT ( 'NONE',  ( -1.980384757729338085, -0.8203022253684568721, -1.450000000000001510 ) ) ;
#3728 = DIRECTION ( 'NONE',  ( -0.000000000000000000, -0.000000000000000000, 1.000000000000000000 ) ) ;
#3729 =( BOUNDED_CURVE ( )  B_SPLINE_CURVE ( 2, ( #2603, #3014, #1562, #3393, #2331, #3037, #3346, #887, #909 ),
 .UNSPECIFIED., .F., .T. ) 
 B_SPLINE_CURVE_WITH_KNOTS ( ( 3, 2, 2, 2, 3 ),
 ( 0.5468750000000000000, 0.5546875000000000000, 0.5625000000000000000, 0.5703125000000000000, 0.5781250000000000000 ),
 .UNSPECIFIED. ) 
 CURVE ( )  GEOMETRIC_REPRESENTATION_ITEM ( )  RATIONAL_B_SPLINE_CURVE ( ( 1.000000000000000000, 0.9238795325112867385, 1.000000000000000000, 0.9238795325112867385, 1.000000000000000000, 0.9238795325112867385, 1.000000000000000000, 0.9238795325112867385, 1.000000000000000000 ) ) 
 REPRESENTATION_ITEM ( '' )  );
#3730 = CARTESIAN_POINT ( 'NONE',  ( 1.980384757729337641, -0.8203022253684580933, -0.3500000000000013656 ) ) ;
#3731 = DIRECTION ( 'NONE',  ( -0.000000000000000000, -0.000000000000000000, -1.000000000000000000 ) ) ;
#3732 = VERTEX_POINT ( 'NONE', #1171 ) ;
#3733 = DIRECTION ( 'NONE',  ( -0.000000000000000000, -0.000000000000000000, -1.000000000000000000 ) ) ;
#3734 = ORIENTED_EDGE ( 'NONE', *, *, #683, .T. ) ;
#3735 = CARTESIAN_POINT ( 'NONE',  ( 0.000000000000000000, 1.980384757729328982, -8.900000000000002132 ) ) ;
#3736 = ADVANCED_FACE ( 'NONE', ( #180 ), #136, .T. ) ;
#3737 = B_SPLINE_CURVE_WITH_KNOTS ( 'NONE', 3,
 ( #851, #4304, #3901, #2230, #3595, #1209 ),
 .UNSPECIFIED., .F., .F.,
 ( 4, 2, 4 ),
 ( 2.643350072365191398E-15, 0.0006241663730044488346, 0.001248332746006254384 ),
 .UNSPECIFIED. ) ;
#3738 = CARTESIAN_POINT ( 'NONE',  ( 1.035533905932743970, 2.500000000000000444, -7.650000000000002132 ) ) ;
#3739 = CARTESIAN_POINT ( 'NONE',  ( -2.500000000000010658, -8.959823386657123714E-15, -5.899999999999999467 ) ) ;
#3740 = ORIENTED_EDGE ( 'NONE', *, *, #1479, .T. ) ;
#3741 = CARTESIAN_POINT ( 'NONE',  ( -1.798385574751164562, -1.798385574751173444, -0.1750000000000015432 ) ) ;
#3742 = ADVANCED_FACE ( 'NONE', ( #3888 ), #1512, .T. ) ;
#3743 = CARTESIAN_POINT ( 'NONE',  ( 2.543301270189230578, -1.053469879313109425, -6.275000000000003020 ) ) ;
#3744 = CARTESIAN_POINT ( 'NONE',  ( -0.8203022253684481013, -1.980384757729346967, -6.850000000000001421 ) ) ;
#3745 = CARTESIAN_POINT ( 'NONE',  ( -1.053469879313098545, 2.543301270189220809, -7.625000000000001776 ) ) ;
#3746 = CARTESIAN_POINT ( 'NONE',  ( -0.8203022253684481013, -1.980384757729346967, -1.350000000000001865 ) ) ;
#3747 = CARTESIAN_POINT ( 'NONE',  ( 0.000000000000000000, 1.980384757729328982, -1.600000000000001643 ) ) ;
#3748 = CARTESIAN_POINT ( 'NONE',  ( -0.3343158904938046128, -1.981713093809801984, 1.991758657446943026 ) ) ;
#3749 = CARTESIAN_POINT ( 'NONE',  ( -1.980384757729338085, 0.8203022253684389975, -1.550000000000001377 ) ) ;
#3750 = EDGE_CURVE ( 'NONE', #3645, #927, #3958, .T. ) ;
#3751 = LINE ( 'NONE', #1027, #1690 ) ;
#3752 = CARTESIAN_POINT ( 'NONE',  ( 4.000000000000000000, -2.112226494306269260E-15, 8.250000000000000000 ) ) ;
#3753 = CARTESIAN_POINT ( 'NONE',  ( 2.311594804070322251, 0.9601123037484707856, 3.347410732505297304 ) ) ;
#3754 = CARTESIAN_POINT ( 'NONE',  ( -2.500000000000010658, -8.959823386657123714E-15, 2.100000000000000089 ) ) ;
#3755 = ORIENTED_EDGE ( 'NONE', *, *, #1355, .T. ) ;
#3756 = CARTESIAN_POINT ( 'NONE',  ( 1.400343491548893260, 1.400343491548883490, 1.499999999999997780 ) ) ;
#3757 = CARTESIAN_POINT ( 'NONE',  ( 2.500000000000010214, 1.035533905932733534, -3.750000000000003553 ) ) ;
#3758 = CARTESIAN_POINT ( 'NONE',  ( -1.302030095729968862, -1.762628362644818036, 2.499376838839322268 ) ) ;
#3759 = ORIENTED_EDGE ( 'NONE', *, *, #4180, .T. ) ;
#3760 = CARTESIAN_POINT ( 'NONE',  ( -2.543301270189230578, 1.053469879313089663, 0.4749999999999979239 ) ) ;
#3761 = CARTESIAN_POINT ( 'NONE',  ( 1.053469879313100765, 2.543301270189220809, -5.275000000000002132 ) ) ;
#3762 = CARTESIAN_POINT ( 'NONE',  ( -1.400343491548893038, -1.400343491548901920, -2.900000000000002576 ) ) ;
#3763 = CARTESIAN_POINT ( 'NONE',  ( 2.543301270189230134, 1.053469879313090329, -7.025000000000002132 ) ) ;
#3764 = CARTESIAN_POINT ( 'NONE',  ( -1.980384757729338085, -0.8203022253684568721, -0.6500000000000012434 ) ) ;
#3765 = VECTOR ( 'NONE', #3922, 1000.000000000000000 ) ;
#3766 = CARTESIAN_POINT ( 'NONE',  ( 1.767766952966376426, 1.767766952966366656, -2.999999999999999556 ) ) ;
#3767 = CARTESIAN_POINT ( 'NONE',  ( -2.425271854633440422E-16, -1.980384757729347189, -0.5000000000000004441 ) ) ;
#3768 = CARTESIAN_POINT ( 'NONE',  ( 1.999999999999997113, -1.331202777560457422E-24, 8.158689247808391443 ) ) ;
#3769 = EDGE_CURVE ( 'NONE', #4418, #2415, #2804, .T. ) ;
#3770 = CARTESIAN_POINT ( 'NONE',  ( -1.980384757729338085, 0.8203022253684388865, -0.7500000000000006661 ) ) ;
#3771 = CARTESIAN_POINT ( 'NONE',  ( -2.500000000000003997, -2.602085213965210642E-15, -8.500000000000000000 ) ) ;
#3772 = CARTESIAN_POINT ( 'NONE',  ( -2.500000000000010658, 1.035533905932733312, -1.050000000000002487 ) ) ;
#3773 = EDGE_LOOP ( 'NONE', ( #2597, #1139, #4378, #2798, #2694 ) ) ;
#3774 = CARTESIAN_POINT ( 'NONE',  ( -1.400343491548893038, -1.400343491548901920, 2.699999999999997513 ) ) ;
#3775 = EDGE_CURVE ( 'NONE', #1854, #1595, #641, .T. ) ;
#3776 = FACE_OUTER_BOUND ( 'NONE', #2687, .T. ) ;
#3777 = CARTESIAN_POINT ( 'NONE',  ( -0.5254540197239573329, -2.143311512709356936, 2.541879888771894080 ) ) ;
#3778 = ORIENTED_EDGE ( 'NONE', *, *, #3261, .T. ) ;
#3779 = CARTESIAN_POINT ( 'NONE',  ( -1.053469879313098545, 2.543301270189220809, 1.974999999999999423 ) ) ;
#3780 = CARTESIAN_POINT ( 'NONE',  ( 2.543301270189230578, 1.053469879313090551, -2.175000000000001599 ) ) ;
#3781 = CARTESIAN_POINT ( 'NONE',  ( 0.8203022253684477683, -1.980384757729347633, -5.150000000000001243 ) ) ;
#3782 = LINE ( 'NONE', #3454, #1015 ) ;
#3783 = ORIENTED_EDGE ( 'NONE', *, *, #2761, .T. ) ;
#3784 = CARTESIAN_POINT ( 'NONE',  ( 0.8203022253684493226, 1.980384757729328538, 3.049999999999998934 ) ) ;
#3785 = CARTESIAN_POINT ( 'NONE',  ( -2.175389157354456593, 0.2174681495646157425, -8.024610842645548914 ) ) ;
#3786 = CARTESIAN_POINT ( 'NONE',  ( 0.000000000000000000, 1.980384757729328982, 2.299999999999998046 ) ) ;
#3787 = CARTESIAN_POINT ( 'NONE',  ( 0.000000000000000000, 2.500000000000001332, 2.799999999999997158 ) ) ;
#3788 = LINE ( 'NONE', #1340, #1038 ) ;
#3789 = CARTESIAN_POINT ( 'NONE',  ( -1.400343491548893038, 1.400343491548883934, 0.7999999999999986011 ) ) ;
#3790 = DIRECTION ( 'NONE',  ( -0.000000000000000000, -0.000000000000000000, -1.000000000000000000 ) ) ;
#3791 = CARTESIAN_POINT ( 'NONE',  ( -2.500000000000010658, -1.035533905932751075, -2.550000000000003819 ) ) ;
#3792 = ORIENTED_EDGE ( 'NONE', *, *, #526, .T. ) ;
#3793 = CARTESIAN_POINT ( 'NONE',  ( 0.000000000000000000, 1.980384757729328982, 2.399999999999997691 ) ) ;
#3794 = CARTESIAN_POINT ( 'NONE',  ( 0.1037254746659724974, 2.332462367519902990, 2.892836068601195354 ) ) ;
#3795 = CARTESIAN_POINT ( 'NONE',  ( -2.287833562178371860, -8.972814834105361399E-15, 2.777505650010674287 ) ) ;
#3796 = VERTEX_POINT ( 'NONE', #2240 ) ;
#3797 = CARTESIAN_POINT ( 'NONE',  ( 1.798385574751164340, -1.798385574751173888, 1.624999999999999778 ) ) ;
#3798 = CARTESIAN_POINT ( 'NONE',  ( -2.543301270189230578, -8.957171948560311498E-15, -2.625000000000002220 ) ) ;
#3799 = CARTESIAN_POINT ( 'NONE',  ( 1.400343491548893260, 1.400343491548883490, -5.000000000000000888 ) ) ;
#3800 = CARTESIAN_POINT ( 'NONE',  ( -0.8203022253684481013, -1.980384757729346967, -3.650000000000002132 ) ) ;
#3801 = CARTESIAN_POINT ( 'NONE',  ( 1.988394821782208277, -0.2091110400922447377, -8.203469987512015393 ) ) ;
#3802 = ORIENTED_EDGE ( 'NONE', *, *, #1537, .T. ) ;
#3803 = CARTESIAN_POINT ( 'NONE',  ( 0.8203022253684493226, 1.980384757729328538, 2.249999999999998224 ) ) ;
#3804 = CARTESIAN_POINT ( 'NONE',  ( -1.622848490379810382, 1.389708877455612335, -8.074487281459093779 ) ) ;
#3805 = CARTESIAN_POINT ( 'NONE',  ( -1.400343491548893038, -1.400343491548901920, 0.9999999999999991118 ) ) ;
#3806 = CARTESIAN_POINT ( 'NONE',  ( 0.000000000000000000, 1.980384757729328982, -8.900000000000002132 ) ) ;
#3807 = CARTESIAN_POINT ( 'NONE',  ( 2.500000000000010658, -9.572146786230802611E-15, 3.299999999999999378 ) ) ;
#3808 = CARTESIAN_POINT ( 'NONE',  ( -2.425271854633440422E-16, -1.980384757729347189, 1.899999999999999023 ) ) ;
#3809 = CARTESIAN_POINT ( 'NONE',  ( 0.8203022253684492116, 1.980384757729328538, -8.050000000000000711 ) ) ;
#3810 = CARTESIAN_POINT ( 'NONE',  ( -2.500000000000010658, -8.959823386657123714E-15, -2.600000000000003642 ) ) ;
#3811 = ORIENTED_EDGE ( 'NONE', *, *, #2130, .T. ) ;
#3812 = CARTESIAN_POINT ( 'NONE',  ( 0.8203022253684477683, -1.980384757729347633, -7.650000000000001243 ) ) ;
#3813 = CARTESIAN_POINT ( 'NONE',  ( 0.8203022253684493226, 1.980384757729328538, 2.349999999999997868 ) ) ;
#3814 = CARTESIAN_POINT ( 'NONE',  ( 4.000000000000000888, -2.112226494306269260E-15, 3.750000000000000888 ) ) ;
#3815 = CARTESIAN_POINT ( 'NONE',  ( -2.008229171622549547, -1.201916152808773175, 2.865265783830296620 ) ) ;
#3816 = VERTEX_POINT ( 'NONE', #2580 ) ;
#3817 = CARTESIAN_POINT ( 'NONE',  ( -3.114645759804638804E-16, -2.543301270189239460, 3.124999999999999112 ) ) ;
#3818 =( BOUNDED_CURVE ( )  B_SPLINE_CURVE ( 2, ( #4383, #1331, #4055, #979, #1262, #4361, #4339, #296, #2724 ),
 .UNSPECIFIED., .F., .F. ) 
 B_SPLINE_CURVE_WITH_KNOTS ( ( 3, 2, 2, 2, 3 ),
 ( 0.2343750000000000555, 0.2421875000000000555, 0.2500000000000000000, 0.2578125000000000000, 0.2656250000000000000 ),
 .UNSPECIFIED. ) 
 CURVE ( )  GEOMETRIC_REPRESENTATION_ITEM ( )  RATIONAL_B_SPLINE_CURVE ( ( 0.9999999999999994449, 0.9238795325112872936, 1.000000000000000000, 0.9238795325112867385, 1.000000000000000000, 0.9238795325112867385, 1.000000000000000000, 0.9238795325112867385, 1.000000000000000000 ) ) 
 REPRESENTATION_ITEM ( '' )  );
#3819 = CARTESIAN_POINT ( 'NONE',  ( 1.798385574751165228, 1.798385574751155236, -1.325000000000001510 ) ) ;
#3820 = CARTESIAN_POINT ( 'NONE',  ( -0.8203022253684481013, -1.980384757729347189, 1.149999999999998135 ) ) ;
#3821 = EDGE_CURVE ( 'NONE', #1626, #1574, #2218, .T. ) ;
#3822 = CARTESIAN_POINT ( 'NONE',  ( -0.8203022253684481013, -1.980384757729346967, -2.050000000000002043 ) ) ;
#3823 = CARTESIAN_POINT ( 'NONE',  ( -1.400343491548893038, 1.400343491548883934, -3.900000000000002576 ) ) ;
#3824 = CARTESIAN_POINT ( 'NONE',  ( -1.053469879313098989, -2.543301270189239460, -7.325000000000001954 ) ) ;
#3825 = CARTESIAN_POINT ( 'NONE',  ( 0.000000000000000000, 1.980384757729328982, 3.099999999999998757 ) ) ;
#3826 = CARTESIAN_POINT ( 'NONE',  ( 0.000000000000000000, -9.107298248878237246E-15, 3.500000000000001332 ) ) ;
#3827 = CARTESIAN_POINT ( 'NONE',  ( 1.400343491548893260, 1.400343491548883490, 2.999999999999999112 ) ) ;
#3828 = CARTESIAN_POINT ( 'NONE',  ( 1.980384757729337641, -0.8203022253684580933, -8.350000000000001421 ) ) ;
#3829 = CARTESIAN_POINT ( 'NONE',  ( 0.000000000000000000, 2.500000000000001332, -0.5000000000000000000 ) ) ;
#3830 = VECTOR ( 'NONE', #2654, 999.9999999999998863 ) ;
#3831 = APPROVAL_DATE_TIME ( #2516, #3139 ) ;
#3832 = CARTESIAN_POINT ( 'NONE',  ( 0.000000000000000000, -2.602085213965210642E-15, -8.500000000000000000 ) ) ;
#3833 = CARTESIAN_POINT ( 'NONE',  ( 2.436602540379340542, 2.847982045759042212E-11, -7.763397459620659191 ) ) ;
#3834 = CARTESIAN_POINT ( 'NONE',  ( -1.980384757729338085, -0.8203022253684568721, -6.250000000000003553 ) ) ;
#3835 = CARTESIAN_POINT ( 'NONE',  ( 0.000000000000000000, 1.980384757729328982, 1.599999999999998979 ) ) ;
#3836 = CARTESIAN_POINT ( 'NONE',  ( -2.144082342401578689, 1.031449839890402842, 3.015255556016735117 ) ) ;
#3837 = CARTESIAN_POINT ( 'NONE',  ( -0.6963110822716966908, -2.263055826292331929, 2.983024531810787305 ) ) ;
#3838 = ORIENTED_EDGE ( 'NONE', *, *, #673, .F. ) ;
#3839 = CARTESIAN_POINT ( 'NONE',  ( -1.798385574751164562, 1.798385574751155458, 2.824999999999999289 ) ) ;
#3840 = VECTOR ( 'NONE', #2727, 1000.000000000000000 ) ;
#3841 = CARTESIAN_POINT ( 'NONE',  ( -1.053469879313098989, 2.543301270189221253, -1.975000000000002087 ) ) ;
#3842 = SECURITY_CLASSIFICATION ( '', '', #1265 ) ;
#3843 = CARTESIAN_POINT ( 'NONE',  ( 1.980384757729337641, 0.8203022253684392195, 1.449999999999998179 ) ) ;
#3844 = CARTESIAN_POINT ( 'NONE',  ( -1.980384757729338085, 0.8203022253684389975, -0.6500000000000012434 ) ) ;
#3845 = CARTESIAN_POINT ( 'NONE',  ( -1.980384757729338085, 0.8203022253684389975, -3.850000000000002309 ) ) ;
#3846 = CARTESIAN_POINT ( 'NONE',  ( -1.798385574751164562, -1.798385574751173444, -4.175000000000001599 ) ) ;
#3847 = CARTESIAN_POINT ( 'NONE',  ( 1.400343491548892816, -1.400343491548902364, 1.199999999999999734 ) ) ;
#3848 = CARTESIAN_POINT ( 'NONE',  ( -2.425271854633440422E-16, -1.980384757729347189, 3.499999999999999556 ) ) ;
#3849 = ADVANCED_FACE ( 'NONE', ( #3583 ), #156, .T. ) ;
#3850 = CARTESIAN_POINT ( 'NONE',  ( -1.980384757729338085, -8.991640643818871886E-15, -6.300000000000001599 ) ) ;
#3851 = CARTESIAN_POINT ( 'NONE',  ( -0.2012357849959819922, -2.444700339969607672, 3.219598146203821898 ) ) ;
#3852 = DIRECTION ( 'NONE',  ( -0.8660254037844383745, -0.5000000000000003331, 0.000000000000000000 ) ) ;
#3853 = CARTESIAN_POINT ( 'NONE',  ( -2.500000000000010658, -8.959823386657123714E-15, -1.800000000000003153 ) ) ;
#3854 = DIRECTION ( 'NONE',  ( -0.000000000000000000, -0.000000000000000000, -1.000000000000000000 ) ) ;
#3855 = CARTESIAN_POINT ( 'NONE',  ( 0.000000000000000000, 1.980384757729328982, -8.100000000000001421 ) ) ;
#3856 = CARTESIAN_POINT ( 'NONE',  ( -0.8203022253684481013, -1.980384757729346967, 1.949999999999998623 ) ) ;
#3857 = DIRECTION ( 'NONE',  ( -1.000000000000000000, 0.000000000000000000, 0.000000000000000000 ) ) ;
#3858 = CARTESIAN_POINT ( 'NONE',  ( -2.500000000000010658, -1.035533905932751075, -6.550000000000004263 ) ) ;
#3859 = ORIENTED_EDGE ( 'NONE', *, *, #4192, .T. ) ;
#3860 = CARTESIAN_POINT ( 'NONE',  ( 1.980384757729337641, -0.8203022253684580933, -8.250000000000003553 ) ) ;
#3861 = CARTESIAN_POINT ( 'NONE',  ( -1.053469879313098989, 2.543301270189221253, -1.175000000000002265 ) ) ;
#3862 =( BOUNDED_CURVE ( )  B_SPLINE_CURVE ( 2, ( #2955, #480, #1864, #4325, #144, #920, #2931, #4303, #168 ),
 .UNSPECIFIED., .F., .F. ) 
 B_SPLINE_CURVE_WITH_KNOTS ( ( 3, 2, 2, 2, 3 ),
 ( 0.6718750000000000000, 0.6796875000000000000, 0.6875000000000000000, 0.6953125000000000000, 0.7031250000000000000 ),
 .UNSPECIFIED. ) 
 CURVE ( )  GEOMETRIC_REPRESENTATION_ITEM ( )  RATIONAL_B_SPLINE_CURVE ( ( 1.000000000000000000, 0.9238795325112867385, 1.000000000000000000, 0.9238795325112867385, 1.000000000000000000, 0.9238795325112867385, 1.000000000000000000, 0.9238795325112867385, 1.000000000000000000 ) ) 
 REPRESENTATION_ITEM ( '' )  );
#3863 = CARTESIAN_POINT ( 'NONE',  ( -1.400343491548893038, -1.400343491548901920, -0.5000000000000022204 ) ) ;
#3864 = ADVANCED_FACE ( 'NONE', ( #4269 ), #3989, .T. ) ;
#3865 = CARTESIAN_POINT ( 'NONE',  ( -1.980384757729338085, 0.8203022253684389975, -2.250000000000001776 ) ) ;
#3866 = CARTESIAN_POINT ( 'NONE',  ( -1.980384757729338085, -8.991640643818871886E-15, 0.1999999999999987899 ) ) ;
#3867 = CARTESIAN_POINT ( 'NONE',  ( 1.053469879313098323, -2.543301270189239904, -4.825000000000001954 ) ) ;
#3868 = CARTESIAN_POINT ( 'NONE',  ( 0.8203022253684493226, 1.980384757729328538, 0.6499999999999995781 ) ) ;
#3869 = CARTESIAN_POINT ( 'NONE',  ( -2.500000000000010658, -8.959823386657123714E-15, 2.999999999999997335 ) ) ;
#3870 = CARTESIAN_POINT ( 'NONE',  ( 0.000000000000000000, 1.980384757729328982, 3.899999999999999023 ) ) ;
#3871 = CARTESIAN_POINT ( 'NONE',  ( 1.980384757729337641, 0.8203022253684393306, -7.450000000000001954 ) ) ;
#3872 = CARTESIAN_POINT ( 'NONE',  ( 0.7209749050799376668, 2.303854465481119718, -7.790494693908585511 ) ) ;
#3873 = PERSON_AND_ORGANIZATION_ROLE ( 'creator' ) ;
#3874 = CARTESIAN_POINT ( 'NONE',  ( -2.425271854633440422E-16, -1.980384757729347189, -5.200000000000001066 ) ) ;
#3875 = CARTESIAN_POINT ( 'NONE',  ( 2.500000000000010658, -9.572146786230802611E-15, 2.599999999999996092 ) ) ;
#3876 = CARTESIAN_POINT ( 'NONE',  ( 1.980384757729338085, -9.476695014745558097E-15, -8.300000000000002487 ) ) ;
#3877 = CARTESIAN_POINT ( 'NONE',  ( 1.400343491548893260, 1.400343491548883490, 0.6999999999999975131 ) ) ;
#3878 = CARTESIAN_POINT ( 'NONE',  ( 0.8203022253684492116, 1.980384757729328538, -5.750000000000003553 ) ) ;
#3879 = CARTESIAN_POINT ( 'NONE',  ( 1.493180907891276554, 1.761897542378139336, 2.822962516222454976 ) ) ;
#3880 = CARTESIAN_POINT ( 'NONE',  ( -1.380991462509356227, -1.898981082496241646, 2.928657064477517391 ) ) ;
#3881 = VERTEX_POINT ( 'NONE', #791 ) ;
#3882 = CARTESIAN_POINT ( 'NONE',  ( 2.543301270189230134, 1.053469879313090329, 3.374999999999999556 ) ) ;
#3883 = CARTESIAN_POINT ( 'NONE',  ( 1.980384757729338085, -9.476695014745558097E-15, -1.000000000000001776 ) ) ;
#3884 = CARTESIAN_POINT ( 'NONE',  ( 0.000000000000000000, 1.980384757729328982, -3.200000000000002398 ) ) ;
#3885 = CARTESIAN_POINT ( 'NONE',  ( 0.000000000000000000, 1.980384757729328982, -1.734723475976807094E-15 ) ) ;
#3886 = CARTESIAN_POINT ( 'NONE',  ( 1.053469879313098323, -2.543301270189239904, -4.025000000000002132 ) ) ;
#3887 = CARTESIAN_POINT ( 'NONE',  ( 1.980384757729337641, 0.8203022253684393306, 3.749999999999997780 ) ) ;
#3888 = FACE_OUTER_BOUND ( 'NONE', #3969, .T. ) ;
#3889 = ORIENTED_EDGE ( 'NONE', *, *, #1003, .F. ) ;
#3890 = CARTESIAN_POINT ( 'NONE',  ( -1.172548857408837408, 1.900283155828374593, 2.614049868317460223 ) ) ;
#3891 = CARTESIAN_POINT ( 'NONE',  ( 1.980384757729337641, -0.8203022253684580933, -7.550000000000002487 ) ) ;
#3892 = DIRECTION ( 'NONE',  ( -1.000000000000000000, 0.000000000000000000, 0.000000000000000000 ) ) ;
#3893 = MECHANICAL_CONTEXT ( 'NONE', #2017, 'mechanical' ) ;
#3894 = CARTESIAN_POINT ( 'NONE',  ( 1.980384757729337641, 0.8203022253684392195, -5.750000000000003553 ) ) ;
#3895 = DIRECTION ( 'NONE',  ( -0.000000000000000000, -0.000000000000000000, -1.000000000000000000 ) ) ;
#3896 = CARTESIAN_POINT ( 'NONE',  ( -2.425271854633440422E-16, -1.980384757729347189, -6.900000000000001243 ) ) ;
#3897 = CARTESIAN_POINT ( 'NONE',  ( 0.000000000000000000, 1.980384757729328982, 2.399999999999997691 ) ) ;
#3898 = EDGE_CURVE ( 'NONE', #2390, #1830, #1338, .T. ) ;
#3899 = CARTESIAN_POINT ( 'NONE',  ( -1.980384757729338085, -8.991640643818871886E-15, -4.700000000000001066 ) ) ;
#3900 = CARTESIAN_POINT ( 'NONE',  ( 2.500000000000010658, -9.572146786230802611E-15, 1.799999999999997602 ) ) ;
#3901 = CARTESIAN_POINT ( 'NONE',  ( 1.819951513513273333, 0.8074371069750886365, -8.219615242270664979 ) ) ;
#3902 = ORIENTED_EDGE ( 'NONE', *, *, #4329, .T. ) ;
#3903 = AXIS2_PLACEMENT_3D ( 'NONE', #3832, #1771, #2070 ) ;
#3904 = CARTESIAN_POINT ( 'NONE',  ( 1.798385574751164340, -1.798385574751173888, 3.224999999999998757 ) ) ;
#3905 = EDGE_CURVE ( 'NONE', #4009, #3510, #2800, .T. ) ;
#3906 = CARTESIAN_POINT ( 'NONE',  ( 1.980384757729337641, -0.8203022253684580933, -7.550000000000002487 ) ) ;
#3907 = CARTESIAN_POINT ( 'NONE',  ( -0.8203022253684478793, 1.980384757729328982, -0.7500000000000024425 ) ) ;
#3908 = TOROIDAL_SURFACE ( 'NONE', #2560, 4.000000000000000888, 0.2500000000000000000 ) ;
#3909 = CARTESIAN_POINT ( 'NONE',  ( 1.980384757729338085, -9.476695014745558097E-15, -1.800000000000002043 ) ) ;
#3910 = CARTESIAN_POINT ( 'NONE',  ( 1.980384757729338085, -9.476695014745558097E-15, -0.2000000000000022593 ) ) ;
#3911 = CARTESIAN_POINT ( 'NONE',  ( -1.053469879313098545, 2.543301270189220809, -5.225000000000001421 ) ) ;
#3912 = AXIS2_PLACEMENT_3D ( 'NONE', #855, #3972, #3317 ) ;
#3913 = CARTESIAN_POINT ( 'NONE',  ( -3.114645759804639297E-16, -2.543301270189239904, -7.225000000000002309 ) ) ;
#3914 = ORIENTED_EDGE ( 'NONE', *, *, #1385, .F. ) ;
#3915 = CARTESIAN_POINT ( 'NONE',  ( 2.046187267622826766, 0.5700357770200614738, 2.314398162869427900 ) ) ;
#3916 = CARTESIAN_POINT ( 'NONE',  ( -1.400343491548893038, -1.400343491548901920, -3.800000000000001155 ) ) ;
#3917 = CARTESIAN_POINT ( 'NONE',  ( 2.500000000000010658, -9.572146786230802611E-15, 3.299999999999999378 ) ) ;
#3918 = COORDINATED_UNIVERSAL_TIME_OFFSET ( 6, 0, .BEHIND. ) ;
#3919 = CARTESIAN_POINT ( 'NONE',  ( 1.400343491548893260, 1.400343491548883490, -7.300000000000002487 ) ) ;
#3920 = CARTESIAN_POINT ( 'NONE',  ( 1.836516031997539766, -1.249088051313656189, 8.282827386760722277 ) ) ;
#3921 = CARTESIAN_POINT ( 'NONE',  ( 1.980384757729337641, -0.8203022253684580933, -4.350000000000001421 ) ) ;
#3922 = DIRECTION ( 'NONE',  ( -0.000000000000000000, -0.000000000000000000, -1.000000000000000000 ) ) ;
#3923 = CARTESIAN_POINT ( 'NONE',  ( 1.980384757729337641, -0.8203022253684580933, -5.950000000000001954 ) ) ;
#3924 = CARTESIAN_POINT ( 'NONE',  ( -1.999999999999997780, 0.7788261081508937034, 8.238530928774094875 ) ) ;
#3925 = CARTESIAN_POINT ( 'NONE',  ( -0.003686175678913433586, -1.997265068349001638, 1.932797002148636478 ) ) ;
#3926 = ORIENTED_EDGE ( 'NONE', *, *, #4067, .T. ) ;
#3927 = CARTESIAN_POINT ( 'NONE',  ( 1.400343491548892816, -1.400343491548902364, -6.700000000000001954 ) ) ;
#3928 = CARTESIAN_POINT ( 'NONE',  ( 2.500000000000010214, -1.035533905932752630, -1.450000000000003508 ) ) ;
#3929 = CARTESIAN_POINT ( 'NONE',  ( 1.229683652515882741, 1.666250580916232682, 2.168883144871064594 ) ) ;
#3930 = ORIENTED_EDGE ( 'NONE', *, *, #429, .T. ) ;
#3931 = CARTESIAN_POINT ( 'NONE',  ( -1.980384757729338085, 0.8203022253684389975, -1.450000000000001510 ) ) ;
#3932 = CARTESIAN_POINT ( 'NONE',  ( 1.798385574751164340, -1.798385574751173888, -3.975000000000000977 ) ) ;
#3933 = CARTESIAN_POINT ( 'NONE',  ( -2.543301270189230578, -8.957171948560311498E-15, -7.425000000000001599 ) ) ;
#3934 = CARTESIAN_POINT ( 'NONE',  ( -0.8203022253684478793, 1.980384757729328982, -8.750000000000001776 ) ) ;
#3935 = ORIENTED_EDGE ( 'NONE', *, *, #1098, .T. ) ;
#3936 = CARTESIAN_POINT ( 'NONE',  ( -1.726341282670945221, 1.445176195188428769, 2.664557032792548075 ) ) ;
#3937 = CARTESIAN_POINT ( 'NONE',  ( -1.400343491548893038, -1.400343491548901920, -4.600000000000001421 ) ) ;
#3938 = CARTESIAN_POINT ( 'NONE',  ( -1.035533905932742194, 2.500000000000001776, -0.3500000000000032530 ) ) ;
#3939 = CARTESIAN_POINT ( 'NONE',  ( -1.400343491548893038, -1.400343491548901920, -6.100000000000002309 ) ) ;
#3940 = CARTESIAN_POINT ( 'NONE',  ( -0.2033434657963846259, -2.298937325418717315, -7.896993320329099397 ) ) ;
#3941 = CARTESIAN_POINT ( 'NONE',  ( -1.400343491548893038, -1.400343491548901920, -3.000000000000001776 ) ) ;
#3942 = CARTESIAN_POINT ( 'NONE',  ( 2.500000000000010658, -9.572146786230802611E-15, -6.299999999999999822 ) ) ;
#3943 = CARTESIAN_POINT ( 'NONE',  ( 2.543301270189230578, -9.580101100521239259E-15, 0.9749999999999984235 ) ) ;
#3944 = CARTESIAN_POINT ( 'NONE',  ( 0.8203022253684492116, 1.980384757729328538, -4.150000000000002132 ) ) ;
#3945 = LINE ( 'NONE', #3664, #4259 ) ;
#3946 = DIRECTION ( 'NONE',  ( -0.8660254037844387076, 0.4999999999999998335, 0.000000000000000000 ) ) ;
#3947 = VERTEX_POINT ( 'NONE', #1220 ) ;
#3948 = CARTESIAN_POINT ( 'NONE',  ( -0.8203022253684478793, 1.980384757729328982, -6.350000000000001421 ) ) ;
#3949 = CARTESIAN_POINT ( 'NONE',  ( -2.500000000000010658, 1.035533905932733090, -1.949999999999999956 ) ) ;
#3950 = CARTESIAN_POINT ( 'NONE',  ( -0.3218947291943572986, 2.076198356832270608, 2.251960365678594922 ) ) ;
#3951 = VERTEX_POINT ( 'NONE', #1900 ) ;
#3952 = CARTESIAN_POINT ( 'NONE',  ( 1.053469879313100543, 2.543301270189220809, -2.125000000000000888 ) ) ;
#3953 = CARTESIAN_POINT ( 'NONE',  ( -1.053469879313098989, 2.543301270189221253, -8.375000000000001776 ) ) ;
#3954 = ADVANCED_FACE ( 'NONE', ( #888 ), #1625, .F. ) ;
#3955 = CARTESIAN_POINT ( 'NONE',  ( -1.767766952966376426, -1.767766952966385308, -5.700000000000003730 ) ) ;
#3956 = CARTESIAN_POINT ( 'NONE',  ( -2.500000000000016431, 1.035533905932727539, -3.549999999999999378 ) ) ;
#3957 = CARTESIAN_POINT ( 'NONE',  ( 1.999999999999997113, -0.9670087662599918810, 8.283140095183597396 ) ) ;
#3958 =( BOUNDED_CURVE ( )  B_SPLINE_CURVE ( 2, ( #3210, #2557, #3276, #545, #116, #811, #1491, #1877, #4243 ),
 .UNSPECIFIED., .F., .F. ) 
 B_SPLINE_CURVE_WITH_KNOTS ( ( 3, 2, 2, 2, 3 ),
 ( 0.2031249999999999722, 0.2109375000000000000, 0.2187500000000000000, 0.2265625000000000278, 0.2343750000000000555 ),
 .UNSPECIFIED. ) 
 CURVE ( )  GEOMETRIC_REPRESENTATION_ITEM ( )  RATIONAL_B_SPLINE_CURVE ( ( 1.000000000000000222, 0.9238795325112865164, 1.000000000000000000, 0.9238795325112867385, 1.000000000000000000, 0.9238795325112867385, 1.000000000000000000, 0.9238795325112861834, 1.000000000000000444 ) ) 
 REPRESENTATION_ITEM ( '' )  );
#3959 = CARTESIAN_POINT ( 'NONE',  ( 1.980384757729337641, -0.8203022253684580933, -3.550000000000001155 ) ) ;
#3960 = LINE ( 'NONE', #1243, #2188 ) ;
#3961 = CARTESIAN_POINT ( 'NONE',  ( 0.8203022253684477683, -1.980384757729347633, -5.150000000000002132 ) ) ;
#3962 = CARTESIAN_POINT ( 'NONE',  ( 1.999999999999997113, -1.154700538379248576, 8.337322042762471241 ) ) ;
#3963 = CARTESIAN_POINT ( 'NONE',  ( 1.400343491548893260, 1.400343491548883490, -3.400000000000001243 ) ) ;
#3964 = CARTESIAN_POINT ( 'NONE',  ( -2.500000000000002220, -1.035533905932759513, -6.650000000000000355 ) ) ;
#3965 = CARTESIAN_POINT ( 'NONE',  ( -2.543301270189231023, -1.053469879313107871, 1.424999999999997602 ) ) ;
#3966 = CARTESIAN_POINT ( 'NONE',  ( -1.980384757729338085, -8.991640643818871886E-15, -3.900000000000001688 ) ) ;
#3967 = CARTESIAN_POINT ( 'NONE',  ( 2.591167563965417031, 0.000000000000000000, 8.500000000000000000 ) ) ;
#3968 = CARTESIAN_POINT ( 'NONE',  ( 0.000000000000000000, -2.602085213965210642E-15, 8.250000000000000000 ) ) ;
#3969 = EDGE_LOOP ( 'NONE', ( #11, #1032, #1164, #1670 ) ) ;
#3970 = CARTESIAN_POINT ( 'NONE',  ( 1.980384757729338085, -9.476695014745558097E-15, -6.600000000000001421 ) ) ;
#3971 = CONICAL_SURFACE ( 'NONE', #793, 1.700000000000003730, 0.7853981633974483900 ) ;
#3972 = DIRECTION ( 'NONE',  ( 0.000000000000000000, 0.000000000000000000, 1.000000000000000000 ) ) ;
#3973 = AXIS2_PLACEMENT_3D ( 'NONE', #711, #371, #1137 ) ;
#3974 = CARTESIAN_POINT ( 'NONE',  ( -1.980384757729338085, -8.991640643818871886E-15, 1.799999999999997824 ) ) ;
#3975 = ORIENTED_EDGE ( 'NONE', *, *, #769, .T. ) ;
#3976 = CARTESIAN_POINT ( 'NONE',  ( 1.798385574751164784, 1.798385574751154792, -2.975000000000000977 ) ) ;
#3977 = EDGE_CURVE ( 'NONE', #2921, #3404, #1206, .T. ) ;
#3978 = ORIENTED_EDGE ( 'NONE', *, *, #2988, .T. ) ;
#3979 = CARTESIAN_POINT ( 'NONE',  ( 1.798385574751164562, -1.798385574751174332, -7.925000000000001599 ) ) ;
#3980 = CARTESIAN_POINT ( 'NONE',  ( 0.8203022253684493226, 1.980384757729328538, -7.250000000000003553 ) ) ;
#3981 = CARTESIAN_POINT ( 'NONE',  ( 0.000000000000000000, -2.602085213965210642E-15, 8.250000000000000000 ) ) ;
#3982 = CARTESIAN_POINT ( 'NONE',  ( 1.035533905932743748, 2.500000000000001776, -4.549999999999999822 ) ) ;
#3983 = CIRCLE ( 'NONE', #175, 0.2499999999999985012 ) ;
#3984 = CARTESIAN_POINT ( 'NONE',  ( -2.425271854633440422E-16, -1.980384757729347189, -4.500000000000001776 ) ) ;
#3985 = CARTESIAN_POINT ( 'NONE',  ( 0.3753776592558313863, -2.432858234616040338, 3.243514015210166690 ) ) ;
#3986 = DATE_AND_TIME ( #522, #1765 ) ;
#3987 = CARTESIAN_POINT ( 'NONE',  ( -1.980384757729338085, -0.8203022253684569831, -4.550000000000001599 ) ) ;
#3988 = CARTESIAN_POINT ( 'NONE',  ( 2.071060946982077766, -0.3556134611456083228, 2.244477773327405501 ) ) ;
#3989 =( BOUNDED_SURFACE ( )  B_SPLINE_SURFACE ( 1, 2, ( 
 ( #789, #3934, #3605, #517, #2019, #2649, #616, #1698, #3720, #977, #1260, #908, #4337, #223, #3652, #4359, #1329, #3392, #294, #568, #1967, #315, #999, #4006, #1994, #2358, #661, #2330, #3080, #4403, #638, #3980, #4427, #2722, #247, #590, #2307, #952, #4077, #3744, #1675, #3345, #2673, #1283, #3057, #3036, #2377, #2038, #1629, #4028, #3673, #4381, #3695, #3369, #3413, #1356, #2286, #1945, #3013, #3323, #1605, #931, #269, #2989, #1654, #1306, #2696, #4053, #4158, #2741, #423, #65, #3453, #3781, #1040, #4137, #3166, #2484, #1081, #699, #1404, #3121, #2460, #1760, #1445, #2122, #359, #21, #2419, #3147, #2439, #377, #404, #1782, #2783, #742, #681, #1061, #3823, #3845, #2061, #1376, #3435, #3800, #1740, #2079, #718, #45, #1426, #3516, #3473, #2759, #2100, #2805, #4116, #3496, #1802, #2827, #3762, #339, #1719, #3187, #4178, #4098, #1100, #1022, #764, #2147, #88, #2399, #3101, #4445, #238, #2167, #4240, #3206, #2214, #1509, #2553, #1984, #1488, #945, #111, #489, #1122, #1145, #3538, #3931, #153, #2916, #4200, #2892, #1620, #3602, #1168, #1534, #3559, #2871, #2530, #2508, #4265, #606, #1848, #2320, #3687, #2577, #858, #512, #3006, #3249, #2236, #4220, #3910, #3361, #1193, #1960, #3885, #2849, #1825, #446, #3866, #785, #808, #2191, #1465, #3338, #467, #835, #3228, #133, #4352, #3579, #1276, #1874, #2666, #4020, #967, #3072, #2010, #1014, #308, #1347, #710, #286, #4129, #3384, #3756, #4374, #4396, #2346, #2752, #3428, #1711, #3028, #1689, #351, #2411, #4419, #332, #2371, #1667, #1320, #1298, #3095, #3793, #653, #1053, #2432, #1369, #4111, #3774, #3445, #2051, #1033, #3051, #2735, #2090, #4439, #693, #2712, #1646, #631, #3712, #2688, #2032, #2072, #1733, #3114, #4044, #4070, #261, #12, #992, #4092, #1393, #2773, #2391 ),
 ( #3735, #3405, #675, #55, #1072, #1750, #2177, #414, #731, #2498, #100, #1773, #3876, #754, #2837, #1838, #3855, #1814, #3135, #1435, #1157, #2861, #3549, #3485, #1090, #3812, #775, #2451, #1134, #2111, #822, #392, #2542, #1477, #1792, #2817, #35, #2882, #457, #3506, #3896, #3157, #4190, #4169, #2472, #2156, #3177, #1113, #2519, #797, #2136, #4210, #1418, #3834, #3217, #124, #2794, #79, #4149, #1456, #3527, #435, #3197, #1499, #4231, #3465, #370, #2226, #525, #1547, #847, #3285, #2998, #1909, #3239, #1520, #2905, #4345, #3308, #3570, #188, #477, #3591, #3990, #501, #2633, #3612, #4252, #916, #1181, #1568, #3921, #2951, #2247, #4299, #2658, #1885, #1613, #3260, #1225, #1861, #164, #2566, #210, #894, #3640, #141, #2610, #2293, #4321, #3963, #2268, #4278, #2928, #1204, #2588, #552, #1268, #3941, #4013, #2204, #1589, #2975, #1246, #3660, #1931, #575, #870, #1953, #3330, #230, #2385, #2681, #2314, #1290, #1639, #599, #1313, #2746, #322, #1704, #1976, #3377, #1726, #2403, #4035, #3398, #3749, #2066, #3727, #4, #1361, #667, #938, #3106, #4103, #1660, #2002, #3704, #2364, #1026, #687, #2043, #277, #4062, #2704, #3419, #4411, #3767, #3086, #3043, #984, #4084, #1006, #2025, #300, #3354, #4432, #1682, #1384, #4389, #3439, #3064, #343, #3020, #645, #1337, #2765, #2728, #2337, #3680, #254, #4366, #959, #623, #3500, #1045, #1806, #3805, #4163, #724, #2490, #4122, #2129, #408, #26, #1744, #2083, #2810, #3151, #747, #3477, #1085, #703, #72, #2104, #450, #2787, #2171, #3191, #1493, #92, #1786, #2425, #3786, #1430, #1831, #3127, #3458, #2151, #2465, #3543, #1766, #363, #383, #1411, #4141, #2854, #3827, #1065, #3171, #768, #2443, #1471, #1449, #2831, #2512, #4183, #3848, #49, #1106, #3212, #3520, #4204, #427, #1126, #3870 ) ),
 .UNSPECIFIED., .F., .F., .F. ) 
 B_SPLINE_SURFACE_WITH_KNOTS ( ( 2, 2 ),
 ( 3, 2, 2, 2, 2, 2, 2, 2, 2, 2, 2, 2, 2, 2, 2, 2, 2, 2, 2, 2, 2, 2, 2, 2, 2, 2, 2, 2, 2, 2, 2, 2, 2, 2, 2, 2, 2, 2, 2, 2, 2, 2, 2, 2, 2, 2, 2, 2, 2, 2, 2, 2, 2, 2, 2, 2, 2, 2, 2, 2, 2, 2, 2, 2, 2, 2, 2, 2, 2, 2, 2, 2, 2, 2, 2, 2, 2, 2, 2, 2, 2, 2, 2, 2, 2, 2, 2, 2, 2, 2, 2, 2, 2, 2, 2, 2, 2, 2, 2, 2, 2, 2, 2, 2, 2, 2, 2, 2, 2, 2, 2, 2, 2, 2, 2, 2, 2, 2, 2, 2, 2, 2, 2, 2, 2, 2, 2, 2, 3 ),
 ( 0.000000000000000000, 1.000000000000000000 ),
 ( 0.000000000000000000, 0.007812500000000000000, 0.01562500000000000000, 0.02343750000000000000, 0.03125000000000000000, 0.03906250000000000000, 0.04687500000000000000, 0.05468750000000000000, 0.06250000000000000000, 0.07031250000000000000, 0.07812500000000000000, 0.08593750000000000000, 0.09375000000000000000, 0.1015625000000000000, 0.1093750000000000000, 0.1171875000000000000, 0.1250000000000000000, 0.1328125000000000000, 0.1406250000000000000, 0.1484375000000000000, 0.1562500000000000000, 0.1640625000000000000, 0.1718750000000000000, 0.1796875000000000000, 0.1875000000000000000, 0.1953125000000000000, 0.2031250000000000000, 0.2109375000000000000, 0.2187500000000000000, 0.2265625000000000000, 0.2343750000000000000, 0.2421875000000000000, 0.2500000000000000000, 0.2578125000000000000, 0.2656250000000000000, 0.2734375000000000000, 0.2812500000000000000, 0.2890625000000000000, 0.2968750000000000000, 0.3046875000000000000, 0.3125000000000000000, 0.3203125000000000000, 0.3281250000000000000, 0.3359375000000000000, 0.3437500000000000000, 0.3515625000000000000, 0.3593750000000000000, 0.3671875000000000000, 0.3750000000000000000, 0.3828125000000000000, 0.3906250000000000000, 0.3984375000000000000, 0.4062500000000000000, 0.4140625000000000000, 0.4218750000000000000, 0.4296875000000000000, 0.4375000000000000000, 0.4453125000000000000, 0.4531250000000000000, 0.4609375000000000000, 0.4687500000000000000, 0.4765625000000000000, 0.4843750000000000000, 0.4921875000000000000, 0.5000000000000000000, 0.5078125000000000000, 0.5156250000000000000, 0.5234375000000000000, 0.5312500000000000000, 0.5390625000000000000, 0.5468750000000000000, 0.5546875000000000000, 0.5625000000000000000, 0.5703125000000000000, 0.5781250000000000000, 0.5859375000000000000, 0.5937500000000000000, 0.6015625000000000000, 0.6093750000000000000, 0.6171875000000000000, 0.6250000000000000000, 0.6328125000000000000, 0.6406250000000000000, 0.6484375000000000000, 0.6562500000000000000, 0.6640625000000000000, 0.6718750000000000000, 0.6796875000000000000, 0.6875000000000000000, 0.6953125000000000000, 0.7031250000000000000, 0.7109375000000000000, 0.7187500000000000000, 0.7265625000000000000, 0.7343750000000000000, 0.7421875000000000000, 0.7500000000000000000, 0.7578125000000000000, 0.7656250000000000000, 0.7734375000000000000, 0.7812500000000000000, 0.7890625000000000000, 0.7968750000000000000, 0.8046875000000000000, 0.8125000000000000000, 0.8203125000000000000, 0.8281250000000000000, 0.8359375000000000000, 0.8437500000000000000, 0.8515625000000000000, 0.8593750000000000000, 0.8671875000000000000, 0.8750000000000000000, 0.8828125000000000000, 0.8906250000000000000, 0.8984375000000000000, 0.9062500000000000000, 0.9140625000000000000, 0.9218750000000000000, 0.9296875000000000000, 0.9375000000000000000, 0.9453125000000000000, 0.9531250000000000000, 0.9609375000000000000, 0.9687500000000000000, 0.9765625000000000000, 0.9843750000000000000, 0.9921875000000000000, 1.000000000000000000 ),
 .UNSPECIFIED. ) 
 GEOMETRIC_REPRESENTATION_ITEM ( )  RATIONAL_B_SPLINE_SURFACE ( (
 ( 1.000000000000000000, 0.9238795325112867385, 1.000000000000000000, 0.9238795325112867385, 1.000000000000000000, 0.9238795325112867385, 1.000000000000000000, 0.9238795325112867385, 1.000000000000000000, 0.9238795325112867385, 1.000000000000000000, 0.9238795325112867385, 1.000000000000000000, 0.9238795325112867385, 1.000000000000000000, 0.9238795325112867385, 1.000000000000000000, 0.9238795325112867385, 1.000000000000000000, 0.9238795325112867385, 1.000000000000000000, 0.9238795325112867385, 1.000000000000000000, 0.9238795325112867385, 1.000000000000000000, 0.9238795325112867385, 1.000000000000000000, 0.9238795325112867385, 1.000000000000000000, 0.9238795325112867385, 1.000000000000000000, 0.9238795325112867385, 1.000000000000000000, 0.9238795325112867385, 1.000000000000000000, 0.9238795325112867385, 1.000000000000000000, 0.9238795325112867385, 1.000000000000000000, 0.9238795325112867385, 1.000000000000000000, 0.9238795325112867385, 1.000000000000000000, 0.9238795325112867385, 1.000000000000000000, 0.9238795325112867385, 1.000000000000000000, 0.9238795325112867385, 1.000000000000000000, 0.9238795325112867385, 1.000000000000000000, 0.9238795325112867385, 1.000000000000000000, 0.9238795325112867385, 1.000000000000000000, 0.9238795325112867385, 1.000000000000000000, 0.9238795325112867385, 1.000000000000000000, 0.9238795325112867385, 1.000000000000000000, 0.9238795325112867385, 1.000000000000000000, 0.9238795325112867385, 1.000000000000000000, 0.9238795325112867385, 1.000000000000000000, 0.9238795325112867385, 1.000000000000000000, 0.9238795325112867385, 1.000000000000000000, 0.9238795325112867385, 1.000000000000000000, 0.9238795325112867385, 1.000000000000000000, 0.9238795325112867385, 1.000000000000000000, 0.9238795325112867385, 1.000000000000000000, 0.9238795325112867385, 1.000000000000000000, 0.9238795325112867385, 1.000000000000000000, 0.9238795325112867385, 1.000000000000000000, 0.9238795325112867385, 1.000000000000000000, 0.9238795325112867385, 1.000000000000000000, 0.9238795325112867385, 1.000000000000000000, 0.9238795325112867385, 1.000000000000000000, 0.9238795325112867385, 1.000000000000000000, 0.9238795325112867385, 1.000000000000000000, 0.9238795325112867385, 1.000000000000000000, 0.9238795325112867385, 1.000000000000000000, 0.9238795325112867385, 1.000000000000000000, 0.9238795325112867385, 1.000000000000000000, 0.9238795325112867385, 1.000000000000000000, 0.9238795325112867385, 1.000000000000000000, 0.9238795325112867385, 1.000000000000000000, 0.9238795325112867385, 1.000000000000000000, 0.9238795325112867385, 1.000000000000000000, 0.9238795325112867385, 1.000000000000000000, 0.9238795325112867385, 1.000000000000000000, 0.9238795325112867385, 1.000000000000000000, 0.9238795325112867385, 1.000000000000000000, 0.9238795325112867385, 1.000000000000000000, 0.9238795325112867385, 1.000000000000000000, 0.9238795325112867385, 1.000000000000000000, 0.9238795325112867385, 1.000000000000000000, 0.9238795325112867385, 1.000000000000000000, 0.9238795325112867385, 1.000000000000000000, 0.9238795325112867385, 1.000000000000000000, 0.9238795325112867385, 1.000000000000000000, 0.9238795325112867385, 1.000000000000000000, 0.9238795325112867385, 1.000000000000000000, 0.9238795325112867385, 1.000000000000000000, 0.9238795325112867385, 1.000000000000000000, 0.9238795325112867385, 1.000000000000000000, 0.9238795325112867385, 1.000000000000000000, 0.9238795325112867385, 1.000000000000000000, 0.9238795325112867385, 1.000000000000000000, 0.9238795325112867385, 1.000000000000000000, 0.9238795325112867385, 1.000000000000000000, 0.9238795325112867385, 1.000000000000000000, 0.9238795325112867385, 1.000000000000000000, 0.9238795325112867385, 1.000000000000000000, 0.9238795325112867385, 1.000000000000000000, 0.9238795325112867385, 1.000000000000000000, 0.9238795325112867385, 1.000000000000000000, 0.9238795325112867385, 1.000000000000000000, 0.9238795325112867385, 1.000000000000000000, 0.9238795325112867385, 1.000000000000000000, 0.9238795325112867385, 1.000000000000000000, 0.9238795325112867385, 1.000000000000000000, 0.9238795325112867385, 1.000000000000000000, 0.9238795325112867385, 1.000000000000000000, 0.9238795325112867385, 1.000000000000000000, 0.9238795325112867385, 1.000000000000000000, 0.9238795325112867385, 1.000000000000000000, 0.9238795325112867385, 1.000000000000000000, 0.9238795325112867385, 1.000000000000000000, 0.9238795325112867385, 1.000000000000000000, 0.9238795325112867385, 1.000000000000000000, 0.9238795325112867385, 1.000000000000000000, 0.9238795325112867385, 1.000000000000000000, 0.9238795325112867385, 1.000000000000000000, 0.9238795325112867385, 1.000000000000000000, 0.9238795325112867385, 1.000000000000000000, 0.9238795325112867385, 1.000000000000000000, 0.9238795325112867385, 1.000000000000000000, 0.9238795325112867385, 1.000000000000000000, 0.9238795325112867385, 1.000000000000000000, 0.9238795325112867385, 1.000000000000000000, 0.9238795325112867385, 1.000000000000000000, 0.9238795325112867385, 1.000000000000000000, 0.9238795325112867385, 1.000000000000000000, 0.9238795325112867385, 1.000000000000000000, 0.9238795325112867385, 1.000000000000000000, 0.9238795325112867385, 1.000000000000000000, 0.9238795325112867385, 1.000000000000000000, 0.9238795325112867385, 1.000000000000000000, 0.9238795325112867385, 1.000000000000000000, 0.9238795325112867385, 1.000000000000000000, 0.9238795325112867385, 1.000000000000000000, 0.9238795325112867385, 1.000000000000000000, 0.9238795325112867385, 1.000000000000000000, 0.9238795325112867385, 1.000000000000000000, 0.9238795325112867385, 1.000000000000000000, 0.9238795325112867385, 1.000000000000000000, 0.9238795325112867385, 1.000000000000000000, 0.9238795325112867385, 1.000000000000000000, 0.9238795325112867385, 1.000000000000000000),
 ( 1.000000000000000000, 0.9238795325112867385, 1.000000000000000000, 0.9238795325112867385, 1.000000000000000000, 0.9238795325112867385, 1.000000000000000000, 0.9238795325112867385, 1.000000000000000000, 0.9238795325112867385, 1.000000000000000000, 0.9238795325112867385, 1.000000000000000000, 0.9238795325112867385, 1.000000000000000000, 0.9238795325112867385, 1.000000000000000000, 0.9238795325112867385, 1.000000000000000000, 0.9238795325112867385, 1.000000000000000000, 0.9238795325112867385, 1.000000000000000000, 0.9238795325112867385, 1.000000000000000000, 0.9238795325112867385, 1.000000000000000000, 0.9238795325112867385, 1.000000000000000000, 0.9238795325112867385, 1.000000000000000000, 0.9238795325112867385, 1.000000000000000000, 0.9238795325112867385, 1.000000000000000000, 0.9238795325112867385, 1.000000000000000000, 0.9238795325112867385, 1.000000000000000000, 0.9238795325112867385, 1.000000000000000000, 0.9238795325112867385, 1.000000000000000000, 0.9238795325112867385, 1.000000000000000000, 0.9238795325112867385, 1.000000000000000000, 0.9238795325112867385, 1.000000000000000000, 0.9238795325112867385, 1.000000000000000000, 0.9238795325112867385, 1.000000000000000000, 0.9238795325112867385, 1.000000000000000000, 0.9238795325112867385, 1.000000000000000000, 0.9238795325112867385, 1.000000000000000000, 0.9238795325112867385, 1.000000000000000000, 0.9238795325112867385, 1.000000000000000000, 0.9238795325112867385, 1.000000000000000000, 0.9238795325112867385, 1.000000000000000000, 0.9238795325112867385, 1.000000000000000000, 0.9238795325112867385, 1.000000000000000000, 0.9238795325112867385, 1.000000000000000000, 0.9238795325112867385, 1.000000000000000000, 0.9238795325112867385, 1.000000000000000000, 0.9238795325112867385, 1.000000000000000000, 0.9238795325112867385, 1.000000000000000000, 0.9238795325112867385, 1.000000000000000000, 0.9238795325112867385, 1.000000000000000000, 0.9238795325112867385, 1.000000000000000000, 0.9238795325112867385, 1.000000000000000000, 0.9238795325112867385, 1.000000000000000000, 0.9238795325112867385, 1.000000000000000000, 0.9238795325112867385, 1.000000000000000000, 0.9238795325112867385, 1.000000000000000000, 0.9238795325112867385, 1.000000000000000000, 0.9238795325112867385, 1.000000000000000000, 0.9238795325112867385, 1.000000000000000000, 0.9238795325112867385, 1.000000000000000000, 0.9238795325112867385, 1.000000000000000000, 0.9238795325112867385, 1.000000000000000000, 0.9238795325112867385, 1.000000000000000000, 0.9238795325112867385, 1.000000000000000000, 0.9238795325112867385, 1.000000000000000000, 0.9238795325112867385, 1.000000000000000000, 0.9238795325112867385, 1.000000000000000000, 0.9238795325112867385, 1.000000000000000000, 0.9238795325112867385, 1.000000000000000000, 0.9238795325112867385, 1.000000000000000000, 0.9238795325112867385, 1.000000000000000000, 0.9238795325112867385, 1.000000000000000000, 0.9238795325112867385, 1.000000000000000000, 0.9238795325112867385, 1.000000000000000000, 0.9238795325112867385, 1.000000000000000000, 0.9238795325112867385, 1.000000000000000000, 0.9238795325112867385, 1.000000000000000000, 0.9238795325112867385, 1.000000000000000000, 0.9238795325112867385, 1.000000000000000000, 0.9238795325112867385, 1.000000000000000000, 0.9238795325112867385, 1.000000000000000000, 0.9238795325112867385, 1.000000000000000000, 0.9238795325112867385, 1.000000000000000000, 0.9238795325112867385, 1.000000000000000000, 0.9238795325112867385, 1.000000000000000000, 0.9238795325112867385, 1.000000000000000000, 0.9238795325112867385, 1.000000000000000000, 0.9238795325112867385, 1.000000000000000000, 0.9238795325112867385, 1.000000000000000000, 0.9238795325112867385, 1.000000000000000000, 0.9238795325112867385, 1.000000000000000000, 0.9238795325112867385, 1.000000000000000000, 0.9238795325112867385, 1.000000000000000000, 0.9238795325112867385, 1.000000000000000000, 0.9238795325112867385, 1.000000000000000000, 0.9238795325112867385, 1.000000000000000000, 0.9238795325112867385, 1.000000000000000000, 0.9238795325112867385, 1.000000000000000000, 0.9238795325112867385, 1.000000000000000000, 0.9238795325112867385, 1.000000000000000000, 0.9238795325112867385, 1.000000000000000000, 0.9238795325112867385, 1.000000000000000000, 0.9238795325112867385, 1.000000000000000000, 0.9238795325112867385, 1.000000000000000000, 0.9238795325112867385, 1.000000000000000000, 0.9238795325112867385, 1.000000000000000000, 0.9238795325112867385, 1.000000000000000000, 0.9238795325112867385, 1.000000000000000000, 0.9238795325112867385, 1.000000000000000000, 0.9238795325112867385, 1.000000000000000000, 0.9238795325112867385, 1.000000000000000000, 0.9238795325112867385, 1.000000000000000000, 0.9238795325112867385, 1.000000000000000000, 0.9238795325112867385, 1.000000000000000000, 0.9238795325112867385, 1.000000000000000000, 0.9238795325112867385, 1.000000000000000000, 0.9238795325112867385, 1.000000000000000000, 0.9238795325112867385, 1.000000000000000000, 0.9238795325112867385, 1.000000000000000000, 0.9238795325112867385, 1.000000000000000000, 0.9238795325112867385, 1.000000000000000000, 0.9238795325112867385, 1.000000000000000000, 0.9238795325112867385, 1.000000000000000000, 0.9238795325112867385, 1.000000000000000000, 0.9238795325112867385, 1.000000000000000000, 0.9238795325112867385, 1.000000000000000000, 0.9238795325112867385, 1.000000000000000000, 0.9238795325112867385, 1.000000000000000000, 0.9238795325112867385, 1.000000000000000000, 0.9238795325112867385, 1.000000000000000000, 0.9238795325112867385, 1.000000000000000000, 0.9238795325112867385, 1.000000000000000000, 0.9238795325112867385, 1.000000000000000000, 0.9238795325112867385, 1.000000000000000000, 0.9238795325112867385, 1.000000000000000000, 0.9238795325112867385, 1.000000000000000000) ) ) 
 REPRESENTATION_ITEM ( '' )  SURFACE ( )  );
#3990 = CARTESIAN_POINT ( 'NONE',  ( -1.980384757729338085, 0.8203022253684389975, -4.750000000000001776 ) ) ;
#3991 = EDGE_CURVE ( 'NONE', #1559, #4422, #1674, .T. ) ;
#3992 = CYLINDRICAL_SURFACE ( 'NONE', #1247, 2.500000000000003997 ) ;
#3993 = CARTESIAN_POINT ( 'NONE',  ( -1.053469879313099211, -2.543301270189239904, -0.07500000000000213440 ) ) ;
#3994 = CARTESIAN_POINT ( 'NONE',  ( 1.400343491548893260, 1.400343491548883490, -1.000000000000000888 ) ) ;
#3995 = FACE_OUTER_BOUND ( 'NONE', #2640, .T. ) ;
#3996 = CARTESIAN_POINT ( 'NONE',  ( 1.035533905932741749, -2.500000000000019984, 2.350000000000000533 ) ) ;
#3997 = ORIENTED_EDGE ( 'NONE', *, *, #2719, .F. ) ;
#3998 = CARTESIAN_POINT ( 'NONE',  ( 1.980384757729337641, -0.8203022253684580933, -5.850000000000003197 ) ) ;
#3999 = CARTESIAN_POINT ( 'NONE',  ( -2.425271854633440422E-16, -1.980384757729347189, -7.700000000000001954 ) ) ;
#4000 = DIRECTION ( 'NONE',  ( -1.000000000000000000, 0.000000000000000000, 0.000000000000000000 ) ) ;
#4001 = EDGE_LOOP ( 'NONE', ( #1483, #2933, #2841, #3410, #3889, #1868, #2421, #3389, #3232, #157, #4327, #1749, #2253, #1196, #3670, #2276, #4089, #586, #736, #3341, #2450, #1688, #3168, #83, #235, #995, #1959, #2777, #194, #1920, #1075, #3360, #2319, #3533, #1275, #494, #104 ) ) ;
#4002 = CARTESIAN_POINT ( 'NONE',  ( -1.798385574751164562, 1.798385574751155458, -2.775000000000001243 ) ) ;
#4003 = ORIENTED_EDGE ( 'NONE', *, *, #3179, .T. ) ;
#4004 = CARTESIAN_POINT ( 'NONE',  ( 2.543301270189230578, 1.053469879313090551, -3.775000000000002132 ) ) ;
#4005 = EDGE_CURVE ( 'NONE', #2751, #329, #158, .T. ) ;
#4006 = CARTESIAN_POINT ( 'NONE',  ( -0.8203022253684481013, -1.980384757729346967, -7.650000000000002132 ) ) ;
#4007 = CYLINDRICAL_SURFACE ( 'NONE', #1379, 2.500000000000003997 ) ;
#4008 = CARTESIAN_POINT ( 'NONE',  ( -2.425271854633440422E-16, -1.980384757729347189, -6.100000000000001421 ) ) ;
#4009 = VERTEX_POINT ( 'NONE', #1656 ) ;
#4010 = CARTESIAN_POINT ( 'NONE',  ( 2.335623297503816698, 0.7983824393382583651, -7.736939742383930785 ) ) ;
#4011 = CARTESIAN_POINT ( 'NONE',  ( -2.425271854633440422E-16, -1.980384757729347189, -4.400000000000002132 ) ) ;
#4012 = CARTESIAN_POINT ( 'NONE',  ( -1.767766952966376426, 1.767766952966367100, 2.099999999999997868 ) ) ;
#4013 = CARTESIAN_POINT ( 'NONE',  ( -0.8203022253684481013, -1.980384757729346967, -2.950000000000001510 ) ) ;
#4014 = CARTESIAN_POINT ( 'NONE',  ( -2.500000000000010658, -8.959823386657123714E-15, -6.699999999999999289 ) ) ;
#4015 = CARTESIAN_POINT ( 'NONE',  ( -2.543301270189231023, 1.053469879313089885, 2.124999999999998668 ) ) ;
#4016 = CARTESIAN_POINT ( 'NONE',  ( -1.980384757729338085, -0.8203022253684569831, -2.250000000000001332 ) ) ;
#4017 = CARTESIAN_POINT ( 'NONE',  ( -2.500000000000010658, -8.959823386657123714E-15, -5.100000000000000533 ) ) ;
#4018 = CARTESIAN_POINT ( 'NONE',  ( -1.999999999999997335, -1.154700538379250796, 8.337322042762473018 ) ) ;
#4019 = VERTEX_POINT ( 'NONE', #3394 ) ;
#4020 = CARTESIAN_POINT ( 'NONE',  ( -1.980384757729338085, 0.8203022253684389975, 0.9499999999999977351 ) ) ;
#4021 = CARTESIAN_POINT ( 'NONE',  ( 1.980384757729337641, -0.8203022253684580933, -4.250000000000001776 ) ) ;
#4022 = CARTESIAN_POINT ( 'NONE',  ( 0.000000000000000000, 2.500000000000001332, -3.600000000000003197 ) ) ;
#4023 = CARTESIAN_POINT ( 'NONE',  ( -1.400343491548893038, 1.400343491548883934, 1.699999999999998401 ) ) ;
#4024 = ORIENTED_EDGE ( 'NONE', *, *, #3091, .T. ) ;
#4025 = CARTESIAN_POINT ( 'NONE',  ( 0.000000000000000000, 2.543301270189221253, -3.675000000000001155 ) ) ;
#4026 = VERTEX_POINT ( 'NONE', #3059 ) ;
#4027 = CARTESIAN_POINT ( 'NONE',  ( -1.053469879313099211, -2.543301270189239904, -4.075000000000001954 ) ) ;
#4028 = CARTESIAN_POINT ( 'NONE',  ( -0.8203022253684478793, 1.980384757729328982, -6.350000000000001421 ) ) ;
#4029 = CARTESIAN_POINT ( 'NONE',  ( 1.296838501424196988, -1.535354319255683331, 1.980038652436421298 ) ) ;
#4030 = CARTESIAN_POINT ( 'NONE',  ( 2.500000000000010214, -1.035533905932752630, -3.050000000000004263 ) ) ;
#4031 = CARTESIAN_POINT ( 'NONE',  ( 0.000000000000000000, 1.980384757729328982, -1.700000000000001066 ) ) ;
#4032 = DIRECTION ( 'NONE',  ( -1.000000000000000000, 0.000000000000000000, 0.000000000000000000 ) ) ;
#4033 = CARTESIAN_POINT ( 'NONE',  ( -0.8203022253684478793, 1.980384757729328982, -3.950000000000001954 ) ) ;
#4034 = FACE_OUTER_BOUND ( 'NONE', #369, .T. ) ;
#4035 = CARTESIAN_POINT ( 'NONE',  ( -0.8203022253684478793, 1.980384757729328982, -1.650000000000001465 ) ) ;
#4036 = EDGE_CURVE ( 'NONE', #2328, #812, #2596, .T. ) ;
#4037 = CARTESIAN_POINT ( 'NONE',  ( 1.035533905932743970, 2.500000000000000444, -4.450000000000004619 ) ) ;
#4038 =( BOUNDED_SURFACE ( )  B_SPLINE_SURFACE ( 1, 2, ( 
 ( #4117, #719, #2101, #2420, #1023, #2723, #4078, #1000, #2378, #1741, #295, #2123, #3474, #378, #1761, #3148, #46, #3745, #2039, #2806, #4428, #2461, #1427, #3824, #743, #1357, #1699, #2742, #2400, #3763, #2062, #765, #2578, #3539, #3580, #1803, #3560, #3167, #1510, #154, #2215, #1446, #2509, #2148, #2192, #2554, #2850, #468, #4221, #134, #786, #4201, #4241, #3229, #3188, #2828, #490, #1169, #3497, #1123, #1489, #447, #2893, #1849, #112, #3911, #66, #4179, #836, #3517, #1826, #1875, #424, #3867, #3250, #2917, #1535, #4266, #2168, #1101, #89, #3207, #2485, #2872, #1146, #2531, #3846, #1466, #1194, #3886, #3932, #859, #809, #405, #1783, #2671, #4025, #3272, #884, #3033, #2326, #244, #4334, #2963, #587, #4289, #3671, #3366, #1991, #1215, #3976, #1600, #612, #1258, #4002, #177, #928, #2645, #3298, #2304, #221, #266, #1965, #2598, #3342, #1652, #4379, #3952, #906, #2985, #1303, #1627, #3011, #1558, #4357, #1281, #200, #950, #3692, #2693, #2258, #4049, #3626, #2237, #3603, #4310, #1943, #513, #1896, #3650, #1580, #2939, #541, #1922, #1235, #2623, #2283, #565, #3320, #1058, #1373, #1400, #2076, #1671, #2718, #3469, #3741, #3141, #2057, #3449, #4096, #2036, #697, #1019, #1695, #2396, #4443, #4075, #40, #3760, #2436, #658, #1037, #636, #355, #2094, #4134, #3390, #4423, #996, #4114, #18, #312, #2416, #1715, #1737, #2739, #3077, #3118, #2778, #3409, #291, #3797, #714, #973, #1351, #3433, #679, #373, #3779, #336, #1755, #2015, #3055, #1422, #2374, #3099, #2799, #2756, #2353, #3717, #4400, #1325, #130, #84, #3491, #3839, #4195, #399, #1118, #780, #3202, #3817, #1778, #3904, #760, #829, #3882, #2504, #2210, #1441, #1505, #2888, #737, #2823, #483, #4237, #2186, #1819, #419, #3575, #2117, #4174, #1867, #3245, #804, #148 ),
 ( #2456, #1076, #3161, #61, #105, #1095, #2479, #1798, #3555, #463, #2142, #3860, #3512, #3183, #1529, #1461, #4154, #2162, #2843, #1163, #3532, #441, #1484, #2867, #4216, #1140, #2526, #1844, #3224, #2548, #195, #1575, #2958, #2911, #2641, #3315, #3619, #1187, #4306, #3007, #582, #2277, #3927, #3267, #3970, #2594, #3362, #946, #1231, #3948, #507, #2934, #2618, #3646, #1938, #172, #1253, #1277, #901, #3998, #1554, #1891, #3688, #535, #3597, #1211, #217, #1916, #239, #560, #853, #3294, #1596, #2981, #2572, #4284, #4353, #879, #2321, #262, #2232, #607, #4328, #924, #2300, #3667, #1961, #3339, #1621, #2667, #2254, #4021, #1985, #4260, #2347, #1647, #2011, #3029, #3713, #4045, #2689, #968, #632, #3385, #4375, #1299, #2803, #445, #741, #1167, #2891, #834, #3884, #2529, #4199, #3164, #2166, #1464, #2870, #1121, #1080, #2459, #2848, #3186, #87, #2507, #1425, #1144, #1824, #2146, #4157, #3865, #1508, #3558, #784, #3822, #1781, #3537, #1099, #1873, #3909, #3205, #2483, #3495, #1444, #110, #1487, #4219, #64, #807, #4239, #2190, #466, #2826, #403, #2213, #3515, #2121, #4177, #1847, #422, #3227, #132, #3844, #1801, #2552, #3578, #763, #488, #3248, #1091, #823, #1523, #1839, #3571, #2179, #776, #478, #4170, #2883, #4233, #3487, #2473, #3240, #2543, #458, #101, #3178, #798, #56, #3877, #1862, #2205, #1436, #4191, #1815, #142, #1478, #4211, #394, #1135, #2862, #3507, #2521, #436, #2906, #2819, #3550, #3835, #125, #4254, #80, #2157, #3218, #1500, #3856, #1793, #2113, #1774, #3158, #756, #1158, #2452, #3813, #3897, #732, #2137, #415, #1457, #2838, #1114, #2500, #3528, #3198, #2270, #3661, #4300, #2248, #917, #1226, #1910, #2612, #527, #2929, #3287, #2952, #873, #211, #189, #2567, #1590, #502, #939, #2659, #600, #576, #2294 ) ),
 .UNSPECIFIED., .F., .F., .F. ) 
 B_SPLINE_SURFACE_WITH_KNOTS ( ( 2, 2 ),
 ( 3, 2, 2, 2, 2, 2, 2, 2, 2, 2, 2, 2, 2, 2, 2, 2, 2, 2, 2, 2, 2, 2, 2, 2, 2, 2, 2, 2, 2, 2, 2, 2, 2, 2, 2, 2, 2, 2, 2, 2, 2, 2, 2, 2, 2, 2, 2, 2, 2, 2, 2, 2, 2, 2, 2, 2, 2, 2, 2, 2, 2, 2, 2, 2, 2, 2, 2, 2, 2, 2, 2, 2, 2, 2, 2, 2, 2, 2, 2, 2, 2, 2, 2, 2, 2, 2, 2, 2, 2, 2, 2, 2, 2, 2, 2, 2, 2, 2, 2, 2, 2, 2, 2, 2, 2, 2, 2, 2, 2, 2, 2, 2, 2, 2, 2, 2, 2, 2, 2, 2, 2, 2, 2, 2, 2, 2, 2, 2, 3 ),
 ( 0.000000000000000000, 1.000000000000000000 ),
 ( 0.000000000000000000, 0.007812500000000000000, 0.01562500000000000000, 0.02343750000000000000, 0.03125000000000000000, 0.03906250000000000000, 0.04687500000000000000, 0.05468750000000000000, 0.06250000000000000000, 0.07031250000000000000, 0.07812500000000000000, 0.08593750000000000000, 0.09375000000000000000, 0.1015625000000000000, 0.1093750000000000000, 0.1171875000000000000, 0.1250000000000000000, 0.1328125000000000000, 0.1406250000000000000, 0.1484375000000000000, 0.1562500000000000000, 0.1640625000000000000, 0.1718750000000000000, 0.1796875000000000000, 0.1875000000000000000, 0.1953125000000000000, 0.2031250000000000000, 0.2109375000000000000, 0.2187500000000000000, 0.2265625000000000000, 0.2343750000000000000, 0.2421875000000000000, 0.2500000000000000000, 0.2578125000000000000, 0.2656250000000000000, 0.2734375000000000000, 0.2812500000000000000, 0.2890625000000000000, 0.2968750000000000000, 0.3046875000000000000, 0.3125000000000000000, 0.3203125000000000000, 0.3281250000000000000, 0.3359375000000000000, 0.3437500000000000000, 0.3515625000000000000, 0.3593750000000000000, 0.3671875000000000000, 0.3750000000000000000, 0.3828125000000000000, 0.3906250000000000000, 0.3984375000000000000, 0.4062500000000000000, 0.4140625000000000000, 0.4218750000000000000, 0.4296875000000000000, 0.4375000000000000000, 0.4453125000000000000, 0.4531250000000000000, 0.4609375000000000000, 0.4687500000000000000, 0.4765625000000000000, 0.4843750000000000000, 0.4921875000000000000, 0.5000000000000000000, 0.5078125000000000000, 0.5156250000000000000, 0.5234375000000000000, 0.5312500000000000000, 0.5390625000000000000, 0.5468750000000000000, 0.5546875000000000000, 0.5625000000000000000, 0.5703125000000000000, 0.5781250000000000000, 0.5859375000000000000, 0.5937500000000000000, 0.6015625000000000000, 0.6093750000000000000, 0.6171875000000000000, 0.6250000000000000000, 0.6328125000000000000, 0.6406250000000000000, 0.6484375000000000000, 0.6562500000000000000, 0.6640625000000000000, 0.6718750000000000000, 0.6796875000000000000, 0.6875000000000000000, 0.6953125000000000000, 0.7031250000000000000, 0.7109375000000000000, 0.7187500000000000000, 0.7265625000000000000, 0.7343750000000000000, 0.7421875000000000000, 0.7500000000000000000, 0.7578125000000000000, 0.7656250000000000000, 0.7734375000000000000, 0.7812500000000000000, 0.7890625000000000000, 0.7968750000000000000, 0.8046875000000000000, 0.8125000000000000000, 0.8203125000000000000, 0.8281250000000000000, 0.8359375000000000000, 0.8437500000000000000, 0.8515625000000000000, 0.8593750000000000000, 0.8671875000000000000, 0.8750000000000000000, 0.8828125000000000000, 0.8906250000000000000, 0.8984375000000000000, 0.9062500000000000000, 0.9140625000000000000, 0.9218750000000000000, 0.9296875000000000000, 0.9375000000000000000, 0.9453125000000000000, 0.9531250000000000000, 0.9609375000000000000, 0.9687500000000000000, 0.9765625000000000000, 0.9843750000000000000, 0.9921875000000000000, 1.000000000000000000 ),
 .UNSPECIFIED. ) 
 GEOMETRIC_REPRESENTATION_ITEM ( )  RATIONAL_B_SPLINE_SURFACE ( (
 ( 1.000000000000000000, 0.9238795325112867385, 1.000000000000000000, 0.9238795325112867385, 1.000000000000000000, 0.9238795325112867385, 1.000000000000000000, 0.9238795325112867385, 1.000000000000000000, 0.9238795325112867385, 1.000000000000000000, 0.9238795325112867385, 1.000000000000000000, 0.9238795325112867385, 1.000000000000000000, 0.9238795325112867385, 1.000000000000000000, 0.9238795325112867385, 1.000000000000000000, 0.9238795325112867385, 1.000000000000000000, 0.9238795325112867385, 1.000000000000000000, 0.9238795325112867385, 1.000000000000000000, 0.9238795325112867385, 1.000000000000000000, 0.9238795325112867385, 1.000000000000000000, 0.9238795325112867385, 1.000000000000000000, 0.9238795325112867385, 1.000000000000000000, 0.9238795325112867385, 1.000000000000000000, 0.9238795325112867385, 1.000000000000000000, 0.9238795325112867385, 1.000000000000000000, 0.9238795325112867385, 1.000000000000000000, 0.9238795325112867385, 1.000000000000000000, 0.9238795325112867385, 1.000000000000000000, 0.9238795325112867385, 1.000000000000000000, 0.9238795325112867385, 1.000000000000000000, 0.9238795325112867385, 1.000000000000000000, 0.9238795325112867385, 1.000000000000000000, 0.9238795325112867385, 1.000000000000000000, 0.9238795325112867385, 1.000000000000000000, 0.9238795325112867385, 1.000000000000000000, 0.9238795325112867385, 1.000000000000000000, 0.9238795325112867385, 1.000000000000000000, 0.9238795325112867385, 1.000000000000000000, 0.9238795325112867385, 1.000000000000000000, 0.9238795325112867385, 1.000000000000000000, 0.9238795325112867385, 1.000000000000000000, 0.9238795325112867385, 1.000000000000000000, 0.9238795325112867385, 1.000000000000000000, 0.9238795325112867385, 1.000000000000000000, 0.9238795325112867385, 1.000000000000000000, 0.9238795325112867385, 1.000000000000000000, 0.9238795325112867385, 1.000000000000000000, 0.9238795325112867385, 1.000000000000000000, 0.9238795325112867385, 1.000000000000000000, 0.9238795325112867385, 1.000000000000000000, 0.9238795325112867385, 1.000000000000000000, 0.9238795325112867385, 1.000000000000000000, 0.9238795325112867385, 1.000000000000000000, 0.9238795325112867385, 1.000000000000000000, 0.9238795325112867385, 1.000000000000000000, 0.9238795325112867385, 1.000000000000000000, 0.9238795325112867385, 1.000000000000000000, 0.9238795325112867385, 1.000000000000000000, 0.9238795325112867385, 1.000000000000000000, 0.9238795325112867385, 1.000000000000000000, 0.9238795325112867385, 1.000000000000000000, 0.9238795325112867385, 1.000000000000000000, 0.9238795325112867385, 1.000000000000000000, 0.9238795325112867385, 1.000000000000000000, 0.9238795325112867385, 1.000000000000000000, 0.9238795325112867385, 1.000000000000000000, 0.9238795325112867385, 1.000000000000000000, 0.9238795325112867385, 1.000000000000000000, 0.9238795325112867385, 1.000000000000000000, 0.9238795325112867385, 1.000000000000000000, 0.9238795325112867385, 1.000000000000000000, 0.9238795325112867385, 1.000000000000000000, 0.9238795325112867385, 1.000000000000000000, 0.9238795325112867385, 1.000000000000000000, 0.9238795325112867385, 1.000000000000000000, 0.9238795325112867385, 1.000000000000000000, 0.9238795325112867385, 1.000000000000000000, 0.9238795325112867385, 1.000000000000000000, 0.9238795325112867385, 1.000000000000000000, 0.9238795325112867385, 1.000000000000000000, 0.9238795325112867385, 1.000000000000000000, 0.9238795325112867385, 1.000000000000000000, 0.9238795325112867385, 1.000000000000000000, 0.9238795325112867385, 1.000000000000000000, 0.9238795325112867385, 1.000000000000000000, 0.9238795325112867385, 1.000000000000000000, 0.9238795325112867385, 1.000000000000000000, 0.9238795325112867385, 1.000000000000000000, 0.9238795325112867385, 1.000000000000000000, 0.9238795325112867385, 1.000000000000000000, 0.9238795325112867385, 1.000000000000000000, 0.9238795325112867385, 1.000000000000000000, 0.9238795325112867385, 1.000000000000000000, 0.9238795325112867385, 1.000000000000000000, 0.9238795325112867385, 1.000000000000000000, 0.9238795325112867385, 1.000000000000000000, 0.9238795325112867385, 1.000000000000000000, 0.9238795325112867385, 1.000000000000000000, 0.9238795325112867385, 1.000000000000000000, 0.9238795325112867385, 1.000000000000000000, 0.9238795325112867385, 1.000000000000000000, 0.9238795325112867385, 1.000000000000000000, 0.9238795325112867385, 1.000000000000000000, 0.9238795325112867385, 1.000000000000000000, 0.9238795325112867385, 1.000000000000000000, 0.9238795325112867385, 1.000000000000000000, 0.9238795325112867385, 1.000000000000000000, 0.9238795325112867385, 1.000000000000000000, 0.9238795325112867385, 1.000000000000000000, 0.9238795325112867385, 1.000000000000000000, 0.9238795325112867385, 1.000000000000000000, 0.9238795325112867385, 1.000000000000000000, 0.9238795325112867385, 1.000000000000000000, 0.9238795325112867385, 1.000000000000000000, 0.9238795325112867385, 1.000000000000000000, 0.9238795325112867385, 1.000000000000000000, 0.9238795325112867385, 1.000000000000000000, 0.9238795325112867385, 1.000000000000000000, 0.9238795325112867385, 1.000000000000000000, 0.9238795325112867385, 1.000000000000000000, 0.9238795325112867385, 1.000000000000000000, 0.9238795325112867385, 1.000000000000000000, 0.9238795325112867385, 1.000000000000000000, 0.9238795325112867385, 1.000000000000000000, 0.9238795325112867385, 1.000000000000000000, 0.9238795325112867385, 1.000000000000000000, 0.9238795325112867385, 1.000000000000000000, 0.9238795325112867385, 1.000000000000000000, 0.9238795325112867385, 1.000000000000000000, 0.9238795325112867385, 1.000000000000000000, 0.9238795325112867385, 1.000000000000000000, 0.9238795325112867385, 1.000000000000000000, 0.9238795325112867385, 1.000000000000000000, 0.9238795325112867385, 1.000000000000000000),
 ( 1.000000000000000000, 0.9238795325112867385, 1.000000000000000000, 0.9238795325112867385, 1.000000000000000000, 0.9238795325112867385, 1.000000000000000000, 0.9238795325112867385, 1.000000000000000000, 0.9238795325112867385, 1.000000000000000000, 0.9238795325112867385, 1.000000000000000000, 0.9238795325112867385, 1.000000000000000000, 0.9238795325112867385, 1.000000000000000000, 0.9238795325112867385, 1.000000000000000000, 0.9238795325112867385, 1.000000000000000000, 0.9238795325112867385, 1.000000000000000000, 0.9238795325112867385, 1.000000000000000000, 0.9238795325112867385, 1.000000000000000000, 0.9238795325112867385, 1.000000000000000000, 0.9238795325112867385, 1.000000000000000000, 0.9238795325112867385, 1.000000000000000000, 0.9238795325112867385, 1.000000000000000000, 0.9238795325112867385, 1.000000000000000000, 0.9238795325112867385, 1.000000000000000000, 0.9238795325112867385, 1.000000000000000000, 0.9238795325112867385, 1.000000000000000000, 0.9238795325112867385, 1.000000000000000000, 0.9238795325112867385, 1.000000000000000000, 0.9238795325112867385, 1.000000000000000000, 0.9238795325112867385, 1.000000000000000000, 0.9238795325112867385, 1.000000000000000000, 0.9238795325112867385, 1.000000000000000000, 0.9238795325112867385, 1.000000000000000000, 0.9238795325112867385, 1.000000000000000000, 0.9238795325112867385, 1.000000000000000000, 0.9238795325112867385, 1.000000000000000000, 0.9238795325112867385, 1.000000000000000000, 0.9238795325112867385, 1.000000000000000000, 0.9238795325112867385, 1.000000000000000000, 0.9238795325112867385, 1.000000000000000000, 0.9238795325112867385, 1.000000000000000000, 0.9238795325112867385, 1.000000000000000000, 0.9238795325112867385, 1.000000000000000000, 0.9238795325112867385, 1.000000000000000000, 0.9238795325112867385, 1.000000000000000000, 0.9238795325112867385, 1.000000000000000000, 0.9238795325112867385, 1.000000000000000000, 0.9238795325112867385, 1.000000000000000000, 0.9238795325112867385, 1.000000000000000000, 0.9238795325112867385, 1.000000000000000000, 0.9238795325112867385, 1.000000000000000000, 0.9238795325112867385, 1.000000000000000000, 0.9238795325112867385, 1.000000000000000000, 0.9238795325112867385, 1.000000000000000000, 0.9238795325112867385, 1.000000000000000000, 0.9238795325112867385, 1.000000000000000000, 0.9238795325112867385, 1.000000000000000000, 0.9238795325112867385, 1.000000000000000000, 0.9238795325112867385, 1.000000000000000000, 0.9238795325112867385, 1.000000000000000000, 0.9238795325112867385, 1.000000000000000000, 0.9238795325112867385, 1.000000000000000000, 0.9238795325112867385, 1.000000000000000000, 0.9238795325112867385, 1.000000000000000000, 0.9238795325112867385, 1.000000000000000000, 0.9238795325112867385, 1.000000000000000000, 0.9238795325112867385, 1.000000000000000000, 0.9238795325112867385, 1.000000000000000000, 0.9238795325112867385, 1.000000000000000000, 0.9238795325112867385, 1.000000000000000000, 0.9238795325112867385, 1.000000000000000000, 0.9238795325112867385, 1.000000000000000000, 0.9238795325112867385, 1.000000000000000000, 0.9238795325112867385, 1.000000000000000000, 0.9238795325112867385, 1.000000000000000000, 0.9238795325112867385, 1.000000000000000000, 0.9238795325112867385, 1.000000000000000000, 0.9238795325112867385, 1.000000000000000000, 0.9238795325112867385, 1.000000000000000000, 0.9238795325112867385, 1.000000000000000000, 0.9238795325112867385, 1.000000000000000000, 0.9238795325112867385, 1.000000000000000000, 0.9238795325112867385, 1.000000000000000000, 0.9238795325112867385, 1.000000000000000000, 0.9238795325112867385, 1.000000000000000000, 0.9238795325112867385, 1.000000000000000000, 0.9238795325112867385, 1.000000000000000000, 0.9238795325112867385, 1.000000000000000000, 0.9238795325112867385, 1.000000000000000000, 0.9238795325112867385, 1.000000000000000000, 0.9238795325112867385, 1.000000000000000000, 0.9238795325112867385, 1.000000000000000000, 0.9238795325112867385, 1.000000000000000000, 0.9238795325112867385, 1.000000000000000000, 0.9238795325112867385, 1.000000000000000000, 0.9238795325112867385, 1.000000000000000000, 0.9238795325112867385, 1.000000000000000000, 0.9238795325112867385, 1.000000000000000000, 0.9238795325112867385, 1.000000000000000000, 0.9238795325112867385, 1.000000000000000000, 0.9238795325112867385, 1.000000000000000000, 0.9238795325112867385, 1.000000000000000000, 0.9238795325112867385, 1.000000000000000000, 0.9238795325112867385, 1.000000000000000000, 0.9238795325112867385, 1.000000000000000000, 0.9238795325112867385, 1.000000000000000000, 0.9238795325112867385, 1.000000000000000000, 0.9238795325112867385, 1.000000000000000000, 0.9238795325112867385, 1.000000000000000000, 0.9238795325112867385, 1.000000000000000000, 0.9238795325112867385, 1.000000000000000000, 0.9238795325112867385, 1.000000000000000000, 0.9238795325112867385, 1.000000000000000000, 0.9238795325112867385, 1.000000000000000000, 0.9238795325112867385, 1.000000000000000000, 0.9238795325112867385, 1.000000000000000000, 0.9238795325112867385, 1.000000000000000000, 0.9238795325112867385, 1.000000000000000000, 0.9238795325112867385, 1.000000000000000000, 0.9238795325112867385, 1.000000000000000000, 0.9238795325112867385, 1.000000000000000000, 0.9238795325112867385, 1.000000000000000000, 0.9238795325112867385, 1.000000000000000000, 0.9238795325112867385, 1.000000000000000000, 0.9238795325112867385, 1.000000000000000000, 0.9238795325112867385, 1.000000000000000000, 0.9238795325112867385, 1.000000000000000000, 0.9238795325112867385, 1.000000000000000000, 0.9238795325112867385, 1.000000000000000000, 0.9238795325112867385, 1.000000000000000000, 0.9238795325112867385, 1.000000000000000000, 0.9238795325112867385, 1.000000000000000000, 0.9238795325112867385, 1.000000000000000000) ) ) 
 REPRESENTATION_ITEM ( '' )  SURFACE ( )  );
#4039 = CARTESIAN_POINT ( 'NONE',  ( -1.053469879313099211, -2.543301270189239904, 2.324999999999998845 ) ) ;
#4040 = CARTESIAN_POINT ( 'NONE',  ( -1.980384757729338085, 0.8203022253684388865, -1.550000000000001155 ) ) ;
#4041 = LINE ( 'NONE', #942, #381 ) ;
#4042 = CARTESIAN_POINT ( 'NONE',  ( -1.035533905932741972, 2.500000000000001776, -6.850000000000000533 ) ) ;
#4043 = ORIENTED_EDGE ( 'NONE', *, *, #3693, .T. ) ;
#4044 = CARTESIAN_POINT ( 'NONE',  ( -2.425271854633440422E-16, -1.980384757729347189, 3.599999999999999201 ) ) ;
#4045 = CARTESIAN_POINT ( 'NONE',  ( -1.980384757729338085, 0.8203022253684389975, -3.850000000000002309 ) ) ;
#4046 = DIRECTION ( 'NONE',  ( -1.000000000000000000, 0.000000000000000000, 0.000000000000000000 ) ) ;
#4047 = CARTESIAN_POINT ( 'NONE',  ( -2.047527193692113556, -0.7143725499566572212, 2.436667080175744626 ) ) ;
#4048 = EDGE_LOOP ( 'NONE', ( #3098, #3010, #2410, #3574, #354, #1619, #34, #3365, #1280, #3490, #514, #3666, #2793, #3271, #2889, #905, #1057, #2140, #839, #2986, #1302, #1533, #2031, #4442, #2231, #428, #3686, #2938, #2009, #1730, #117, #462, #4356, #2503, #3383, #3027 ) ) ;
#4049 = CARTESIAN_POINT ( 'NONE',  ( 2.543301270189230134, 1.053469879313090329, -1.425000000000001155 ) ) ;
#4050 = EDGE_CURVE ( 'NONE', #1601, #656, #271, .T. ) ;
#4051 = AXIS2_PLACEMENT_3D ( 'NONE', #4093, #4420, #3386 ) ;
#4052 = CARTESIAN_POINT ( 'NONE',  ( -1.798385574751164784, 1.798385574751155680, -3.525000000000002132 ) ) ;
#4053 = CARTESIAN_POINT ( 'NONE',  ( -1.980384757729338085, 0.8203022253684389975, -5.450000000000001954 ) ) ;
#4054 = FACE_OUTER_BOUND ( 'NONE', #482, .T. ) ;
#4055 = CARTESIAN_POINT ( 'NONE',  ( -1.767766952966376426, 1.767766952966367100, 0.4999999999999967804 ) ) ;
#4056 = VECTOR ( 'NONE', #3790, 1000.000000000000000 ) ;
#4057 = CARTESIAN_POINT ( 'NONE',  ( -1.400343491548893038, -1.400343491548901920, -0.6000000000000015321 ) ) ;
#4058 = CARTESIAN_POINT ( 'NONE',  ( 0.000000000000000000, 1.980384757729328982, -2.400000000000002132 ) ) ;
#4059 = EDGE_CURVE ( 'NONE', #709, #4223, #3038, .T. ) ;
#4060 = CARTESIAN_POINT ( 'NONE',  ( 0.000000000000000000, -9.107298248878237246E-15, 3.500000000000001332 ) ) ;
#4061 = AXIS2_PLACEMENT_3D ( 'NONE', #3826, #71, #702 ) ;
#4062 = CARTESIAN_POINT ( 'NONE',  ( -1.980384757729338085, -8.991640643818871886E-15, -0.7000000000000009548 ) ) ;
#4063 = CARTESIAN_POINT ( 'NONE',  ( -0.3265611723794544230, 2.120860895978343486, 8.228468318634163836 ) ) ;
#4064 = VECTOR ( 'NONE', #933, 1000.000000000000000 ) ;
#4065 = CARTESIAN_POINT ( 'NONE',  ( 0.000000000000000000, -2.602085213965210642E-15, -8.499999999999996447 ) ) ;
#4066 = CARTESIAN_POINT ( 'NONE',  ( -1.980384757729338085, -0.8203022253684569831, -1.450000000000001732 ) ) ;
#4067 = EDGE_CURVE ( 'NONE', #927, #713, #3818, .T. ) ;
#4068 = FACE_OUTER_BOUND ( 'NONE', #2234, .T. ) ;
#4069 = ORIENTED_EDGE ( 'NONE', *, *, #769, .F. ) ;
#4070 = CARTESIAN_POINT ( 'NONE',  ( 0.8203022253684477683, -1.980384757729347633, 3.649999999999998579 ) ) ;
#4071 =( BOUNDED_CURVE ( )  B_SPLINE_CURVE ( 2, ( #2682, #2003, #364, #2706, #3787, #4085, #1314, #3107, #985 ),
 .UNSPECIFIED., .F., .F. ) 
 B_SPLINE_CURVE_WITH_KNOTS ( ( 3, 2, 2, 2, 3 ),
 ( 0.04687499999999998612, 0.05468750000000001388, 0.06250000000000004163, 0.07031250000000006939, 0.07812500000000009714 ),
 .UNSPECIFIED. ) 
 CURVE ( )  GEOMETRIC_REPRESENTATION_ITEM ( )  RATIONAL_B_SPLINE_CURVE ( ( 1.000000000000000222, 0.9238795325112866275, 1.000000000000000000, 0.9238795325112867385, 1.000000000000000000, 0.9238795325112867385, 1.000000000000000000, 0.9238795325112857393, 1.000000000000000888 ) ) 
 REPRESENTATION_ITEM ( '' )  );
#4072 = CARTESIAN_POINT ( 'NONE',  ( -6.044837128638120346E-16, -2.309401076758500260, 8.337322042762473018 ) ) ;
#4073 = LINE ( 'NONE', #2434, #1104 ) ;
#4074 = ORIENTED_EDGE ( 'NONE', *, *, #3021, .T. ) ;
#4075 = CARTESIAN_POINT ( 'NONE',  ( -1.053469879313098545, 2.543301270189220809, 0.3749999999999986677 ) ) ;
#4076 = CARTESIAN_POINT ( 'NONE',  ( 1.798385574751165228, 1.798385574751155236, -6.125000000000001776 ) ) ;
#4077 = CARTESIAN_POINT ( 'NONE',  ( -1.400343491548893038, -1.400343491548901920, -6.900000000000002132 ) ) ;
#4078 = CARTESIAN_POINT ( 'NONE',  ( -1.798385574751164562, -1.798385574751173444, -8.175000000000002487 ) ) ;
#4079 = DIRECTION ( 'NONE',  ( -0.000000000000000000, -0.000000000000000000, -1.000000000000000000 ) ) ;
#4080 = VERTEX_POINT ( 'NONE', #1677 ) ;
#4081 = CARTESIAN_POINT ( 'NONE',  ( -2.425271854633440422E-16, -1.980384757729347189, -2.900000000000001688 ) ) ;
#4082 = CARTESIAN_POINT ( 'NONE',  ( 1.980384757729337641, -0.8203022253684580933, -3.450000000000001510 ) ) ;
#4083 = FACE_OUTER_BOUND ( 'NONE', #2513, .T. ) ;
#4084 = CARTESIAN_POINT ( 'NONE',  ( 1.980384757729338085, -9.476695014745558097E-15, -0.3000000000000016542 ) ) ;
#4085 = CARTESIAN_POINT ( 'NONE',  ( 1.035533905932743970, 2.500000000000000444, 2.749999999999996891 ) ) ;
#4086 = CARTESIAN_POINT ( 'NONE',  ( -1.767766952966376204, -1.767766952966385086, 1.400000000000000577 ) ) ;
#4087 = CARTESIAN_POINT ( 'NONE',  ( 1.980384757729338085, -9.476695014745558097E-15, -0.3000000000000016542 ) ) ;
#4088 = CARTESIAN_POINT ( 'NONE',  ( 0.000000000000000000, -2.602085213965210642E-15, -8.500000000000000000 ) ) ;
#4089 = ORIENTED_EDGE ( 'NONE', *, *, #4180, .F. ) ;
#4090 = CARTESIAN_POINT ( 'NONE',  ( -2.500000000000010658, -8.959823386657123714E-15, -6.699999999999999289 ) ) ;
#4091 = ORIENTED_EDGE ( 'NONE', *, *, #4225, .T. ) ;
#4092 = CARTESIAN_POINT ( 'NONE',  ( 1.980384757729337641, 0.8203022253684393306, 3.849999999999998312 ) ) ;
#4093 = CARTESIAN_POINT ( 'NONE',  ( 0.000000000000000000, -2.602085213965210642E-15, -8.500000000000000000 ) ) ;
#4094 = CARTESIAN_POINT ( 'NONE',  ( -2.150980966305386932, -2.195378302250400453E-13, 2.401506233055900275 ) ) ;
#4095 = ORIENTED_EDGE ( 'NONE', *, *, #3124, .T. ) ;
#4096 = CARTESIAN_POINT ( 'NONE',  ( 1.798385574751164340, -1.798385574751173888, 0.02499999999999898137 ) ) ;
#4097 = CARTESIAN_POINT ( 'NONE',  ( -1.798385574751164784, -1.798385574751173666, -5.725000000000002309 ) ) ;
#4098 = CARTESIAN_POINT ( 'NONE',  ( 1.980384757729337641, -0.8203022253684580933, -2.650000000000002132 ) ) ;
#4099 = CARTESIAN_POINT ( 'NONE',  ( 2.011967161234127222, -0.1052253075179712949, -8.188032838765867183 ) ) ;
#4100 = EDGE_CURVE ( 'NONE', #2415, #3404, #2651, .T. ) ;
#4101 = CARTESIAN_POINT ( 'NONE',  ( -1.980384757729338085, -8.991640643818871886E-15, -0.7000000000000009548 ) ) ;
#4102 = CARTESIAN_POINT ( 'NONE',  ( -2.500000000000003997, -2.602085213965210642E-15, -8.500000000000000000 ) ) ;
#4103 = CARTESIAN_POINT ( 'NONE',  ( 1.980384757729337641, -0.8203022253684580933, -1.150000000000001910 ) ) ;
#4104 = EDGE_CURVE ( 'NONE', #540, #2390, #954, .T. ) ;
#4105 = CARTESIAN_POINT ( 'NONE',  ( 0.000000000000000000, -9.107298248878237246E-15, 3.360428147091730100 ) ) ;
#4106 = CARTESIAN_POINT ( 'NONE',  ( -2.500000000000022204, -1.035533905932739529, 1.350000000000000311 ) ) ;
#4107 = CARTESIAN_POINT ( 'NONE',  ( -0.8203022253684478793, 1.980384757729328982, -0.05000000000000143219 ) ) ;
#4108 = CARTESIAN_POINT ( 'NONE',  ( 0.000000000000000000, 2.500000000000001332, -5.299999999999999822 ) ) ;
#4109 = CARTESIAN_POINT ( 'NONE',  ( -0.6620079119860269312, -1.927190630567706453, 8.175613142459678073 ) ) ;
#4110 = EDGE_LOOP ( 'NONE', ( #1797, #3134, #4395, #3802 ) ) ;
#4111 = CARTESIAN_POINT ( 'NONE',  ( -1.980384757729338085, -0.8203022253684568721, 2.649999999999998135 ) ) ;
#4112 = CARTESIAN_POINT ( 'NONE',  ( -2.500000000000010658, -8.959823386657123714E-15, 2.900000000000000355 ) ) ;
#4113 = VERTEX_POINT ( 'NONE', #3371 ) ;
#4114 = CARTESIAN_POINT ( 'NONE',  ( 1.798385574751164784, 1.798385574751154792, 1.024999999999998135 ) ) ;
#4115 = CARTESIAN_POINT ( 'NONE',  ( 2.543301270189230578, -1.053469879313109425, -3.075000000000002398 ) ) ;
#4116 = CARTESIAN_POINT ( 'NONE',  ( -1.400343491548893038, 1.400343491548883934, -3.100000000000001865 ) ) ;
#4117 = CARTESIAN_POINT ( 'NONE',  ( 0.000000000000000000, 2.543301270189221253, -8.475000000000001421 ) ) ;
#4118 = AXIS2_PLACEMENT_3D ( 'NONE', #4367, #1745, #688 ) ;
#4119 = CARTESIAN_POINT ( 'NONE',  ( 1.980384757729337641, -0.8203022253684580933, -2.750000000000001332 ) ) ;
#4120 = VECTOR ( 'NONE', #609, 1000.000000000000000 ) ;
#4121 = CYLINDRICAL_SURFACE ( 'NONE', #3634, 2.500000000000003997 ) ;
#4122 = CARTESIAN_POINT ( 'NONE',  ( 1.400343491548892816, -1.400343491548902364, 1.199999999999999734 ) ) ;
#4123 = CARTESIAN_POINT ( 'NONE',  ( -1.035533905932742194, -2.500000000000019540, -7.349999999999999645 ) ) ;
#4124 = CARTESIAN_POINT ( 'NONE',  ( 2.499999999999998224, -1.035533905932763954, 3.249999999999999556 ) ) ;
#4125 = CARTESIAN_POINT ( 'NONE',  ( 1.980384757729338085, -9.476695014745558097E-15, 0.4999999999999987232 ) ) ;
#4126 = CARTESIAN_POINT ( 'NONE',  ( 1.980384757729338085, -0.1567720282667291187, -8.209555748077871584 ) ) ;
#4127 = CARTESIAN_POINT ( 'NONE',  ( 0.000000000000000000, 2.500000000000001332, 1.100000000000000755 ) ) ;
#4128 = VERTEX_POINT ( 'NONE', #1969 ) ;
#4129 = CARTESIAN_POINT ( 'NONE',  ( 1.980384757729338085, -9.476695014745558097E-15, 1.399999999999998579 ) ) ;
#4130 = AXIS2_PLACEMENT_3D ( 'NONE', #1405, #360, #2760 ) ;
#4131 = DIRECTION ( 'NONE',  ( -1.000000000000000000, 0.000000000000000000, 0.000000000000000000 ) ) ;
#4132 = CARTESIAN_POINT ( 'NONE',  ( 0.7601976657303680662, -2.095500451263378139, 2.603268766266271239 ) ) ;
#4133 = ORIENTED_EDGE ( 'NONE', *, *, #889, .T. ) ;
#4134 = CARTESIAN_POINT ( 'NONE',  ( 1.798385574751164340, -1.798385574751173888, 0.8249999999999992895 ) ) ;
#4135 = CARTESIAN_POINT ( 'NONE',  ( 2.543301270189230578, -9.580101100521239259E-15, -2.225000000000002309 ) ) ;
#4136 = CARTESIAN_POINT ( 'NONE',  ( -1.980384757729338085, -8.991640643818871886E-15, -5.500000000000001776 ) ) ;
#4137 = CARTESIAN_POINT ( 'NONE',  ( 1.980384757729337641, -0.8203022253684580933, -5.050000000000001599 ) ) ;
#4138 = CARTESIAN_POINT ( 'NONE',  ( 1.955718431022360981, -0.3115914106745070744, -8.219615242271586908 ) ) ;
#4139 = CARTESIAN_POINT ( 'NONE',  ( -1.400343491548893038, -1.400343491548901920, 0.1999999999999987899 ) ) ;
#4140 = DIRECTION ( 'NONE',  ( 1.000000000000000000, 0.000000000000000000, 0.000000000000000000 ) ) ;
#4141 = CARTESIAN_POINT ( 'NONE',  ( 1.980384757729338085, -9.476695014745558097E-15, 2.899999999999998135 ) ) ;
#4142 = CARTESIAN_POINT ( 'NONE',  ( -0.8203022253684481013, -1.980384757729346967, -8.550000000000002487 ) ) ;
#4143 = CARTESIAN_POINT ( 'NONE',  ( 2.500000000000021760, -1.035533905932741305, -0.7499999999999995559 ) ) ;
#4144 = B_SPLINE_CURVE_WITH_KNOTS ( 'NONE', 3,
 ( #2287, #639, #1655, #4029, #2942, #1261, #4293, #2262, #2020, #4315 ),
 .UNSPECIFIED., .F., .F.,
 ( 4, 2, 2, 2, 4 ),
 ( 1.102999746707426885E-16, 0.0006549748897206734456, 0.001309949779441236736, 0.001964924669161799593, 0.002619899558882362884 ),
 .UNSPECIFIED. ) ;
#4145 = CARTESIAN_POINT ( 'NONE',  ( -1.980384757729338085, -8.991640643818871886E-15, 1.699999999999998401 ) ) ;
#4146 = CARTESIAN_POINT ( 'NONE',  ( 1.035533905932743970, 2.500000000000000444, -2.050000000000003819 ) ) ;
#4147 = CARTESIAN_POINT ( 'NONE',  ( 2.500000000000000444, -1.035533905932762400, 2.549999999999996270 ) ) ;
#4148 = ORIENTED_EDGE ( 'NONE', *, *, #915, .F. ) ;
#4149 = CARTESIAN_POINT ( 'NONE',  ( 1.400343491548892816, -1.400343491548902364, -6.000000000000001776 ) ) ;
#4150 = EDGE_CURVE ( 'NONE', #1753, #564, #2489, .T. ) ;
#4151 = DIRECTION ( 'NONE',  ( -0.000000000000000000, -0.000000000000000000, -1.000000000000000000 ) ) ;
#4152 = CARTESIAN_POINT ( 'NONE',  ( -1.503200961305082739, -1.798622926544218847, 2.917888893195653921 ) ) ;
#4153 = ORIENTED_EDGE ( 'NONE', *, *, #2016, .T. ) ;
#4154 = CARTESIAN_POINT ( 'NONE',  ( 0.000000000000000000, 1.980384757729328982, -8.000000000000001776 ) ) ;
#4155 = CARTESIAN_POINT ( 'NONE',  ( 2.543301270189230578, -9.580101100521239259E-15, -0.6250000000000023315 ) ) ;
#4156 = CARTESIAN_POINT ( 'NONE',  ( 1.980384757729337641, 0.8203022253684392195, 0.6499999999999978018 ) ) ;
#4157 = CARTESIAN_POINT ( 'NONE',  ( -1.400343491548893038, 1.400343491548883934, -2.300000000000001599 ) ) ;
#4158 = CARTESIAN_POINT ( 'NONE',  ( -1.980384757729338085, -8.991640643818871886E-15, -5.400000000000002132 ) ) ;
#4159 = DIRECTION ( 'NONE',  ( 0.000000000000000000, 0.000000000000000000, 1.000000000000000000 ) ) ;
#4160 = CARTESIAN_POINT ( 'NONE',  ( 1.980384757729338085, -9.476695014745558097E-15, 2.099999999999999645 ) ) ;
#4161 = CARTESIAN_POINT ( 'NONE',  ( 1.767766952966375982, -1.767766952966385752, -3.900000000000003464 ) ) ;
#4162 = CC_DESIGN_PERSON_AND_ORGANIZATION_ASSIGNMENT ( #1200, #596, ( #3842 ) ) ;
#4163 = CARTESIAN_POINT ( 'NONE',  ( -0.8203022253684481013, -1.980384757729346967, 1.049999999999998712 ) ) ;
#4164 = CARTESIAN_POINT ( 'NONE',  ( 0.8203022253684493226, 1.980384757729328538, -7.350000000000001421 ) ) ;
#4165 = CARTESIAN_POINT ( 'NONE',  ( 1.865541348353408013, 1.169432281352480674, -8.003148906814105956 ) ) ;
#4166 = APPROVAL_ROLE ( '' ) ;
#4167 = CARTESIAN_POINT ( 'NONE',  ( 0.000000000000000000, -2.602085213965210642E-15, -8.499999999999996447 ) ) ;
#4168 = DIRECTION ( 'NONE',  ( -1.000000000000000000, 0.000000000000000000, 0.000000000000000000 ) ) ;
#4169 = CARTESIAN_POINT ( 'NONE',  ( 1.980384757729337641, -0.8203022253684580933, -6.750000000000002665 ) ) ;
#4170 = CARTESIAN_POINT ( 'NONE',  ( -1.400343491548893038, 1.400343491548883934, 0.09999999999999766020 ) ) ;
#4171 = CARTESIAN_POINT ( 'NONE',  ( -0.6591559600136912556, 2.267909298106316474, 2.926729999571524132 ) ) ;
#4172 = CYLINDRICAL_SURFACE ( 'NONE', #2193, 2.500000000000003997 ) ;
#4173 = ORIENTED_EDGE ( 'NONE', *, *, #664, .T. ) ;
#4174 = CARTESIAN_POINT ( 'NONE',  ( 2.543301270189230134, -9.580101100521239259E-15, 4.124999999999998224 ) ) ;
#4175 = CARTESIAN_POINT ( 'NONE',  ( 2.543301270189230578, -1.053469879313109425, -2.275000000000001688 ) ) ;
#4176 = CARTESIAN_POINT ( 'NONE',  ( 1.400343491548892816, -1.400343491548902364, 1.299999999999999156 ) ) ;
#4177 = CARTESIAN_POINT ( 'NONE',  ( 1.400343491548893260, 1.400343491548883490, -0.9000000000000014655 ) ) ;
#4178 = CARTESIAN_POINT ( 'NONE',  ( 1.400343491548892816, -1.400343491548902364, -2.700000000000001954 ) ) ;
#4179 = CARTESIAN_POINT ( 'NONE',  ( -2.543301270189230578, 1.053469879313089663, -5.125000000000000888 ) ) ;
#4180 = EDGE_CURVE ( 'NONE', #2415, #4026, #3226, .T. ) ;
#4181 = CARTESIAN_POINT ( 'NONE',  ( 1.980384757729337641, -0.8203022253684580933, 1.249999999999999334 ) ) ;
#4182 = CARTESIAN_POINT ( 'NONE',  ( 1.999999999999997113, -1.331202777560457422E-24, 8.158689247808391443 ) ) ;
#4183 = CARTESIAN_POINT ( 'NONE',  ( -0.8203022253684481013, -1.980384757729346967, 3.449999999999998845 ) ) ;
#4184 = CARTESIAN_POINT ( 'NONE',  ( 1.400343491548893260, 1.400343491548883490, -6.600000000000001421 ) ) ;
#4185 = EDGE_CURVE ( 'NONE', #2050, #3277, #2133, .T. ) ;
#4186 = CARTESIAN_POINT ( 'NONE',  ( -0.6277445790791124081, -2.364248149390800080, 3.200907115906010070 ) ) ;
#4187 = AXIS2_PLACEMENT_3D ( 'NONE', #4386, #2677, #4032 ) ;
#4188 = CARTESIAN_POINT ( 'NONE',  ( -1.999999999999997335, 1.154700538379249908, 6.000000000000000000 ) ) ;
#4189 = CARTESIAN_POINT ( 'NONE',  ( -2.550799999999995293, -9.107298248878237246E-15, 3.500000000000001332 ) ) ;
#4190 = CARTESIAN_POINT ( 'NONE',  ( 1.400343491548892816, -1.400343491548902364, -6.800000000000001599 ) ) ;
#4191 = CARTESIAN_POINT ( 'NONE',  ( -1.400343491548893038, 1.400343491548883934, 0.8999999999999980238 ) ) ;
#4192 = EDGE_CURVE ( 'NONE', #3584, #3881, #2128, .T. ) ;
#4193 = CARTESIAN_POINT ( 'NONE',  ( 2.214459264898529511, -1.050539889723819842, 3.212310530147349574 ) ) ;
#4194 = ORIENTED_EDGE ( 'NONE', *, *, #1077, .T. ) ;
#4195 = CARTESIAN_POINT ( 'NONE',  ( -2.543301270189230578, 1.053469879313089663, 2.874999999999999556 ) ) ;
#4196 = CARTESIAN_POINT ( 'NONE',  ( -1.798385574751164784, 1.798385574751155680, -1.925000000000002265 ) ) ;
#4197 = AXIS2_PLACEMENT_3D ( 'NONE', #750, #2200, #1474 ) ;
#4198 = CARTESIAN_POINT ( 'NONE',  ( -1.400343491548893038, 1.400343491548883934, -0.7000000000000027311 ) ) ;
#4199 = CARTESIAN_POINT ( 'NONE',  ( -1.400343491548893038, 1.400343491548883934, -3.100000000000001865 ) ) ;
#4200 = CARTESIAN_POINT ( 'NONE',  ( -1.400343491548893038, -1.400343491548901920, -1.300000000000001599 ) ) ;
#4201 = CARTESIAN_POINT ( 'NONE',  ( -2.543301270189230578, 1.053469879313089663, -5.925000000000001599 ) ) ;
#4202 = CARTESIAN_POINT ( 'NONE',  ( 1.400343491548893260, 1.400343491548883490, 2.999999999999999112 ) ) ;
#4203 = CARTESIAN_POINT ( 'NONE',  ( -2.500000000000010658, -8.959823386657123714E-15, -4.200000000000002842 ) ) ;
#4204 = CARTESIAN_POINT ( 'NONE',  ( 1.980384757729337641, 0.8203022253684393306, 3.749999999999997780 ) ) ;
#4205 = CARTESIAN_POINT ( 'NONE',  ( -0.8203022253684481013, -1.980384757729346967, -7.750000000000001776 ) ) ;
#4206 = CARTESIAN_POINT ( 'NONE',  ( -2.500000000000003997, -2.602085213965210642E-15, -8.500000000000000000 ) ) ;
#4207 = COORDINATED_UNIVERSAL_TIME_OFFSET ( 6, 0, .BEHIND. ) ;
#4208 = CARTESIAN_POINT ( 'NONE',  ( -2.500000000000010658, -8.959823386657123714E-15, -5.000000000000002665 ) ) ;
#4209 = CARTESIAN_POINT ( 'NONE',  ( 2.500000000000010658, -9.572146786230802611E-15, -6.200000000000003730 ) ) ;
#4210 = CARTESIAN_POINT ( 'NONE',  ( -1.980384757729338085, 0.8203022253684389975, -6.350000000000000533 ) ) ;
#4211 = CARTESIAN_POINT ( 'NONE',  ( -1.400343491548893038, -1.400343491548901920, 1.099999999999998535 ) ) ;
#4212 = CARTESIAN_POINT ( 'NONE',  ( 1.400343491548892816, -1.400343491548902364, -5.200000000000001066 ) ) ;
#4213 = CARTESIAN_POINT ( 'NONE',  ( 1.767766952966375982, -1.767766952966385530, -4.800000000000000711 ) ) ;
#4214 = CARTESIAN_POINT ( 'NONE',  ( 1.963849563192176184, -1.447401739854101477, 3.180843621521717068 ) ) ;
#4215 = ORIENTED_EDGE ( 'NONE', *, *, #2719, .T. ) ;
#4216 = CARTESIAN_POINT ( 'NONE',  ( -2.425271854633440422E-16, -1.980384757729347189, -7.600000000000002309 ) ) ;
#4217 = CARTESIAN_POINT ( 'NONE',  ( 1.798385574751165228, 1.798385574751155236, 1.074999999999997735 ) ) ;
#4218 = CARTESIAN_POINT ( 'NONE',  ( 0.000000000000000000, 1.980384757729328982, -1.734723475976807094E-15 ) ) ;
#4219 = CARTESIAN_POINT ( 'NONE',  ( -1.980384757729338085, 0.8203022253684389975, -1.450000000000001510 ) ) ;
#4220 = CARTESIAN_POINT ( 'NONE',  ( 1.980384757729337641, -0.8203022253684580933, -0.2500000000000019984 ) ) ;
#4221 = CARTESIAN_POINT ( 'NONE',  ( 0.000000000000000000, 2.543301270189221253, -6.075000000000001066 ) ) ;
#4222 = CARTESIAN_POINT ( 'NONE',  ( 0.8203022253684477683, -1.980384757729347633, 2.749999999999999112 ) ) ;
#4223 = VERTEX_POINT ( 'NONE', #197 ) ;
#4224 = CARTESIAN_POINT ( 'NONE',  ( -1.035533905932742194, -2.500000000000019540, -3.350000000000000089 ) ) ;
#4225 = EDGE_CURVE ( 'NONE', #564, #285, #2278, .T. ) ;
#4226 = CARTESIAN_POINT ( 'NONE',  ( -2.425271854633440422E-16, -1.980384757729347189, -7.700000000000001954 ) ) ;
#4227 = CARTESIAN_POINT ( 'NONE',  ( -1.035533905932741972, 2.500000000000001776, 2.750000000000001776 ) ) ;
#4228 = PERSON_AND_ORGANIZATION ( #3541, #4267 ) ;
#4229 = CARTESIAN_POINT ( 'NONE',  ( 1.400343491548893260, 1.400343491548883490, -6.500000000000002665 ) ) ;
#4230 = CARTESIAN_POINT ( 'NONE',  ( -2.178284140588929940, -0.3012969609253507985, -8.006238739616350131 ) ) ;
#4231 = CARTESIAN_POINT ( 'NONE',  ( 0.000000000000000000, 1.980384757729328982, -5.700000000000001954 ) ) ;
#4232 = EDGE_CURVE ( 'NONE', #1601, #1094, #1381, .T. ) ;
#4233 = CARTESIAN_POINT ( 'NONE',  ( -1.980384757729338085, -8.991640643818871886E-15, 0.1999999999999987899 ) ) ;
#4234 = CARTESIAN_POINT ( 'NONE',  ( -1.400343491548893038, 1.400343491548883934, -4.800000000000001599 ) ) ;
#4235 = CARTESIAN_POINT ( 'NONE',  ( 2.500000000000004441, -1.035533905932758181, -0.6500000000000037970 ) ) ;
#4236 = ORIENTED_EDGE ( 'NONE', *, *, #2145, .T. ) ;
#4237 = CARTESIAN_POINT ( 'NONE',  ( -1.798385574751164562, -1.798385574751173444, 3.824999999999998401 ) ) ;
#4238 = CARTESIAN_POINT ( 'NONE',  ( 0.8203022253684492116, 1.980384757729328538, 0.7499999999999990008 ) ) ;
#4239 = CARTESIAN_POINT ( 'NONE',  ( -1.400343491548893038, -1.400343491548901920, -1.300000000000001599 ) ) ;
#4240 = CARTESIAN_POINT ( 'NONE',  ( -1.400343491548893038, -1.400343491548901920, -2.100000000000001865 ) ) ;
#4241 = CARTESIAN_POINT ( 'NONE',  ( -2.543301270189230134, -8.957171948560311498E-15, -5.875000000000001776 ) ) ;
#4242 = CARTESIAN_POINT ( 'NONE',  ( -1.053469879313098989, 2.543301270189221253, -9.175000000000002487 ) ) ;
#4243 = CARTESIAN_POINT ( 'NONE',  ( -2.500000000000010658, -8.959823386657123714E-15, 0.5999999999999962030 ) ) ;
#4244 = DIRECTION ( 'NONE',  ( 1.000000000000000000, 0.000000000000000000, 0.000000000000000000 ) ) ;
#4245 = CARTESIAN_POINT ( 'NONE',  ( -2.500000000000010658, -8.959823386657123714E-15, -4.299999999999998934 ) ) ;
#4246 = CARTESIAN_POINT ( 'NONE',  ( 1.980384757729338085, -9.476695014745558097E-15, -5.100000000000002309 ) ) ;
#4247 = CARTESIAN_POINT ( 'NONE',  ( -2.201597963546311210, -0.9855075773523048754, 3.106959821745292061 ) ) ;
#4248 = AXIS2_PLACEMENT_3D ( 'NONE', #978, #2359, #2674 ) ;
#4249 = CARTESIAN_POINT ( 'NONE',  ( -2.500000000000003997, -2.602085213965210642E-15, -8.500000000000000000 ) ) ;
#4250 = CARTESIAN_POINT ( 'NONE',  ( -0.8203022253684478793, 1.980384757729328982, -7.150000000000002132 ) ) ;
#4251 = CARTESIAN_POINT ( 'NONE',  ( -2.126914590526819637, -0.6011978949224731084, -7.994984944266587235 ) ) ;
#4252 = CARTESIAN_POINT ( 'NONE',  ( -0.8203022253684481013, -1.980384757729346967, -4.550000000000000711 ) ) ;
#4253 = CIRCLE ( 'NONE', #2701, 2.500000000000003997 ) ;
#4254 = CARTESIAN_POINT ( 'NONE',  ( -1.400343491548893038, 1.400343491548883934, 1.699999999999998401 ) ) ;
#4255 = CARTESIAN_POINT ( 'NONE',  ( -0.8203022253684478793, 1.980384757729328982, -6.450000000000001954 ) ) ;
#4256 = CARTESIAN_POINT ( 'NONE',  ( 1.767766952966375982, -1.767766952966385530, 0.8000000000000008216 ) ) ;
#4257 = CYLINDRICAL_SURFACE ( 'NONE', #1762, 2.500000000000003997 ) ;
#4258 = ORIENTED_EDGE ( 'NONE', *, *, #1242, .T. ) ;
#4259 = VECTOR ( 'NONE', #1229, 1000.000000000000000 ) ;
#4260 = CARTESIAN_POINT ( 'NONE',  ( 1.980384757729337641, 0.8203022253684393306, -4.150000000000002132 ) ) ;
#4261 = CARTESIAN_POINT ( 'NONE',  ( 0.000000000000000000, 2.500000000000001332, -2.100000000000000089 ) ) ;
#4262 = CARTESIAN_POINT ( 'NONE',  ( -1.999999999999997780, -0.9670087662599936573, 8.283140095183595619 ) ) ;
#4263 = AXIS2_PLACEMENT_3D ( 'NONE', #4060, #3376, #4388 ) ;
#4264 = ORIENTED_EDGE ( 'NONE', *, *, #2322, .F. ) ;
#4265 = CARTESIAN_POINT ( 'NONE',  ( 0.000000000000000000, 1.980384757729328982, -0.8000000000000020428 ) ) ;
#4266 = CARTESIAN_POINT ( 'NONE',  ( 2.543301270189230134, 1.053469879313090329, -4.625000000000001776 ) ) ;
#4267 = ORGANIZATION ( 'UNSPECIFIED', 'UNSPECIFIED', '' ) ;
#4268 = CARTESIAN_POINT ( 'NONE',  ( -2.543301270189230578, -8.957171948560311498E-15, -8.225000000000003197 ) ) ;
#4269 = FACE_OUTER_BOUND ( 'NONE', #949, .T. ) ;
#4270 = VERTEX_POINT ( 'NONE', #1190 ) ;
#4271 = CARTESIAN_POINT ( 'NONE',  ( -1.410156929825599592, 1.740970264481607632, 2.634712337059489595 ) ) ;
#4272 =( BOUNDED_CURVE ( )  B_SPLINE_CURVE ( 2, ( #276, #666, #4012, #598, #1360, #4365, #1025, #2042, #1336 ),
 .UNSPECIFIED., .F., .F. ) 
 B_SPLINE_CURVE_WITH_KNOTS ( ( 3, 2, 2, 2, 3 ),
 ( 0.1093750000000000416, 0.1171875000000000278, 0.1250000000000000000, 0.1328125000000000000, 0.1406249999999999722 ),
 .UNSPECIFIED. ) 
 CURVE ( )  GEOMETRIC_REPRESENTATION_ITEM ( )  RATIONAL_B_SPLINE_CURVE ( ( 0.9999999999999995559, 0.9238795325112871826, 1.000000000000000000, 0.9238795325112867385, 1.000000000000000000, 0.9238795325112867385, 1.000000000000000000, 0.9238795325112869605, 0.9999999999999997780 ) ) 
 REPRESENTATION_ITEM ( '' )  );
#4273 = CARTESIAN_POINT ( 'NONE',  ( 0.8203022253684477683, -1.980384757729347633, -4.450000000000002842 ) ) ;
#4274 = EDGE_CURVE ( 'NONE', #1701, #2915, #2351, .T. ) ;
#4275 = CARTESIAN_POINT ( 'NONE',  ( 1.195108935244350690, -2.167703961745252705, 3.281178570595704169 ) ) ;
#4276 = CARTESIAN_POINT ( 'NONE',  ( -1.980384757729338085, 0.8203022253684388865, -7.850000000000003197 ) ) ;
#4277 = CARTESIAN_POINT ( 'NONE',  ( 0.6977184512012433171, -2.232437841026731817, -7.865923902816084556 ) ) ;
#4278 = CARTESIAN_POINT ( 'NONE',  ( 0.000000000000000000, 1.980384757729328982, -3.300000000000001599 ) ) ;
#4279 = CARTESIAN_POINT ( 'NONE',  ( -2.500000000000010658, -8.959823386657123714E-15, 2.100000000000000089 ) ) ;
#4280 = CARTESIAN_POINT ( 'NONE',  ( -1.980384757729338085, -8.991640643818871886E-15, -7.100000000000001421 ) ) ;
#4281 = CARTESIAN_POINT ( 'NONE',  ( -2.500000000000010658, -8.959823386657123714E-15, 0.5000000000000008882 ) ) ;
#4282 = CARTESIAN_POINT ( 'NONE',  ( -0.5174753097153550474, -1.929067299233822030, 1.932797002148636700 ) ) ;
#4283 = EDGE_LOOP ( 'NONE', ( #2463, #3123, #2325, #1756 ) ) ;
#4284 = CARTESIAN_POINT ( 'NONE',  ( 1.980384757729337641, -0.8203022253684580933, -5.050000000000001599 ) ) ;
#4285 = EDGE_CURVE ( 'NONE', #2962, #2581, #2642, .T. ) ;
#4286 = CARTESIAN_POINT ( 'NONE',  ( -2.500000000000010658, -8.959823386657123714E-15, -1.800000000000003153 ) ) ;
#4287 = DIRECTION ( 'NONE',  ( -1.000000000000000000, 0.000000000000000000, 0.000000000000000000 ) ) ;
#4288 = VERTEX_POINT ( 'NONE', #926 ) ;
#4289 = CARTESIAN_POINT ( 'NONE',  ( 1.053469879313098323, -2.543301270189239904, -3.225000000000001421 ) ) ;
#4290 = ORIENTED_EDGE ( 'NONE', *, *, #2239, .F. ) ;
#4291 = CARTESIAN_POINT ( 'NONE',  ( 2.543301270189230578, -1.053469879313109425, -7.075000000000002842 ) ) ;
#4292 = CARTESIAN_POINT ( 'NONE',  ( 2.500000000000010214, -1.035533905932752630, -5.450000000000003730 ) ) ;
#4293 = CARTESIAN_POINT ( 'NONE',  ( 1.838745797799540949, -0.8508157011563235450, 2.025255950561094309 ) ) ;
#4294 = CARTESIAN_POINT ( 'NONE',  ( 1.582966283818666886, 1.457914154103868487, 2.391329884586753440 ) ) ;
#4295 = CARTESIAN_POINT ( 'NONE',  ( -1.980384757729338085, 0.8203022253684389975, -3.950000000000001066 ) ) ;
#4296 = CARTESIAN_POINT ( 'NONE',  ( -1.767766952966376426, 1.767766952966367100, -0.3000000000000035416 ) ) ;
#4297 = CARTESIAN_POINT ( 'NONE',  ( -1.980384757729338085, -0.8203022253684569831, -7.750000000000001776 ) ) ;
#4298 = CARTESIAN_POINT ( 'NONE',  ( -1.905231344011345085, -1.164206292152926370, -7.972391094325282701 ) ) ;
#4299 = CARTESIAN_POINT ( 'NONE',  ( 1.400343491548893260, 1.400343491548883490, -4.200000000000001066 ) ) ;
#4300 = CARTESIAN_POINT ( 'NONE',  ( 1.980384757729338085, -9.476695014745558097E-15, 2.999999999999997335 ) ) ;
#4301 = CARTESIAN_POINT ( 'NONE',  ( 2.543301270189230578, -1.053469879313109425, 2.524999999999997691 ) ) ;
#4302 = CARTESIAN_POINT ( 'NONE',  ( 0.8203022253684492116, 1.980384757729328538, -3.350000000000001421 ) ) ;
#4303 = CARTESIAN_POINT ( 'NONE',  ( 2.500000000000010214, 1.035533905932733534, -5.350000000000002309 ) ) ;
#4304 = CARTESIAN_POINT ( 'NONE',  ( 1.725524322177471426, 0.9939253564465462265, -8.219615242270538857 ) ) ;
#4305 = ORIENTED_EDGE ( 'NONE', *, *, #115, .T. ) ;
#4306 = CARTESIAN_POINT ( 'NONE',  ( -1.400343491548893038, -1.400343491548901920, -6.900000000000002132 ) ) ;
#4307 = CARTESIAN_POINT ( 'NONE',  ( -1.767766952966376426, -1.767766952966385308, -3.300000000000003819 ) ) ;
#4308 = CARTESIAN_POINT ( 'NONE',  ( -1.767766952966376204, 1.767766952966367322, 0.3999999999999996891 ) ) ;
#4309 = ORIENTED_EDGE ( 'NONE', *, *, #1716, .T. ) ;
#4310 = CARTESIAN_POINT ( 'NONE',  ( -1.053469879313098545, 2.543301270189220809, -1.225000000000001643 ) ) ;
#4311 = EDGE_LOOP ( 'NONE', ( #3564, #3691, #1651, #4335 ) ) ;
#4312 = CARTESIAN_POINT ( 'NONE',  ( 1.053469879313100765, 2.543301270189220809, -6.875000000000003553 ) ) ;
#4313 = EDGE_CURVE ( 'NONE', #1186, #3796, #1354, .T. ) ;
#4314 = DIRECTION ( 'NONE',  ( -0.000000000000000000, -0.000000000000000000, -1.000000000000000000 ) ) ;
#4315 = CARTESIAN_POINT ( 'NONE',  ( 2.030673979761034698, -9.485932994964468277E-15, 2.070965504122662892 ) ) ;
#4316 = CARTESIAN_POINT ( 'NONE',  ( 1.400343491548892816, -1.400343491548902364, -6.000000000000001776 ) ) ;
#4317 = DIRECTION ( 'NONE',  ( -0.000000000000000000, -0.000000000000000000, -1.000000000000000000 ) ) ;
#4318 = CARTESIAN_POINT ( 'NONE',  ( 0.8203022253684492116, 1.980384757729328538, -4.850000000000002309 ) ) ;
#4319 =( BOUNDED_CURVE ( )  B_SPLINE_CURVE ( 2, ( #4281, #1526, #1913, #2591, #2908, #192, #4256, #1250, #2297 ),
 .UNSPECIFIED., .F., .F. ) 
 B_SPLINE_CURVE_WITH_KNOTS ( ( 3, 2, 2, 2, 3 ),
 ( 0.7031250000000000000, 0.7109375000000000000, 0.7187500000000000000, 0.7265625000000000000, 0.7343750000000000000 ),
 .UNSPECIFIED. ) 
 CURVE ( )  GEOMETRIC_REPRESENTATION_ITEM ( )  RATIONAL_B_SPLINE_CURVE ( ( 1.000000000000000000, 0.9238795325112867385, 1.000000000000000000, 0.9238795325112867385, 1.000000000000000000, 0.9238795325112867385, 1.000000000000000000, 0.9238795325112867385, 1.000000000000000000 ) ) 
 REPRESENTATION_ITEM ( '' )  );
#4320 = FACE_OUTER_BOUND ( 'NONE', #611, .T. ) ;
#4321 = CARTESIAN_POINT ( 'NONE',  ( 1.980384757729337641, 0.8203022253684393306, -3.450000000000001510 ) ) ;
#4322 = DIRECTION ( 'NONE',  ( -1.000000000000000000, 0.000000000000000000, 0.000000000000000000 ) ) ;
#4323 = CARTESIAN_POINT ( 'NONE',  ( -2.543301270189231023, 1.053469879313089885, 2.924999999999998934 ) ) ;
#4324 = CARTESIAN_POINT ( 'NONE',  ( 1.980384757729337641, -0.8203022253684580933, -2.750000000000001776 ) ) ;
#4325 = CARTESIAN_POINT ( 'NONE',  ( -1.035533905932742194, 2.500000000000001776, -5.150000000000004796 ) ) ;
#4326 = FACE_OUTER_BOUND ( 'NONE', #2646, .T. ) ;
#4327 = ORIENTED_EDGE ( 'NONE', *, *, #3775, .F. ) ;
#4328 = CARTESIAN_POINT ( 'NONE',  ( -1.400343491548893038, 1.400343491548883934, -4.700000000000001954 ) ) ;
#4329 = EDGE_CURVE ( 'NONE', #1899, #2887, #1718, .T. ) ;
#4330 = CARTESIAN_POINT ( 'NONE',  ( -1.400343491548893038, 1.400343491548883934, -8.000000000000001776 ) ) ;
#4331 = CIRCLE ( 'NONE', #2842, 1.700000000000003730 ) ;
#4332 = DIRECTION ( 'NONE',  ( -0.000000000000000000, -0.000000000000000000, -1.000000000000000000 ) ) ;
#4333 = EDGE_LOOP ( 'NONE', ( #3926, #1350, #1598, #3314 ) ) ;
#4334 = CARTESIAN_POINT ( 'NONE',  ( -1.798385574751164562, -1.798385574751173444, -3.375000000000001332 ) ) ;
#4335 = ORIENTED_EDGE ( 'NONE', *, *, #544, .F. ) ;
#4336 = CARTESIAN_POINT ( 'NONE',  ( 1.798385574751165228, 1.798385574751155236, -6.925000000000002487 ) ) ;
#4337 = CARTESIAN_POINT ( 'NONE',  ( 1.980384757729338085, -9.476695014745558097E-15, -8.200000000000002842 ) ) ;
#4338 = DIRECTION ( 'NONE',  ( -0.000000000000000000, -0.000000000000000000, -1.000000000000000000 ) ) ;
#4339 = CARTESIAN_POINT ( 'NONE',  ( 1.767766952966376870, 1.767766952966366656, 0.2999999999999962141 ) ) ;
#4340 = ORIENTED_EDGE ( 'NONE', *, *, #733, .T. ) ;
#4341 = CARTESIAN_POINT ( 'NONE',  ( -1.400343491548893038, -1.400343491548901920, -6.200000000000001954 ) ) ;
#4342 = DIRECTION ( 'NONE',  ( -1.000000000000000000, 0.000000000000000000, 0.000000000000000000 ) ) ;
#4343 = CARTESIAN_POINT ( 'NONE',  ( 1.400343491548892816, -1.400343491548902364, -2.700000000000001954 ) ) ;
#4344 = DIRECTION ( 'NONE',  ( -1.000000000000000000, 0.000000000000000000, 0.000000000000000000 ) ) ;
#4345 = CARTESIAN_POINT ( 'NONE',  ( 1.980384757729337641, 0.8203022253684393306, -5.050000000000000711 ) ) ;
#4346 = CARTESIAN_POINT ( 'NONE',  ( 1.767766952966376870, 1.767766952966366656, 1.099999999999996536 ) ) ;
#4347 = CARTESIAN_POINT ( 'NONE',  ( 0.000000000000000000, 2.543301270189221697, 0.3749999999999986122 ) ) ;
#4348 = CARTESIAN_POINT ( 'NONE',  ( -1.980384757729338085, -0.8203022253684569831, -3.050000000000001599 ) ) ;
#4349 = CARTESIAN_POINT ( 'NONE',  ( 2.499999999999998668, -1.035533905932763954, -7.050000000000004263 ) ) ;
#4350 = CARTESIAN_POINT ( 'NONE',  ( -3.061616997868395960E-16, -2.500000000000019540, 2.300000000000000266 ) ) ;
#4351 = ORIENTED_EDGE ( 'NONE', *, *, #1794, .F. ) ;
#4352 = CARTESIAN_POINT ( 'NONE',  ( 1.400343491548893260, 1.400343491548883490, 0.6999999999999975131 ) ) ;
#4353 = CARTESIAN_POINT ( 'NONE',  ( 1.980384757729338085, -9.476695014745558097E-15, -5.000000000000002665 ) ) ;
#4354 = CYLINDRICAL_SURFACE ( 'NONE', #4051, 2.500000000000003997 ) ;
#4355 = CARTESIAN_POINT ( 'NONE',  ( -1.999999999999997335, -1.154700538379250796, 8.337322042762473018 ) ) ;
#4356 = ORIENTED_EDGE ( 'NONE', *, *, #2239, .T. ) ;
#4357 = CARTESIAN_POINT ( 'NONE',  ( -1.798385574751164562, -1.798385574751173444, -1.775000000000001465 ) ) ;
#4358 = CARTESIAN_POINT ( 'NONE',  ( -3.114645759804639297E-16, -2.543301270189239904, -6.425000000000001599 ) ) ;
#4359 = CARTESIAN_POINT ( 'NONE',  ( 0.8203022253684493226, 1.980384757729328538, -8.050000000000002487 ) ) ;
#4360 = CARTESIAN_POINT ( 'NONE',  ( 0.000000000000000000, -2.602085213965210642E-15, -8.500000000000000000 ) ) ;
#4361 = CARTESIAN_POINT ( 'NONE',  ( 1.035533905932743970, 2.500000000000000444, 0.3499999999999976463 ) ) ;
#4362 = CARTESIAN_POINT ( 'NONE',  ( -0.8203022253684478793, 1.980384757729328982, -0.05000000000000143219 ) ) ;
#4363 = CARTESIAN_POINT ( 'NONE',  ( 1.773113594276209293, -1.743000438604836111, 3.311422401869551724 ) ) ;
#4364 = CARTESIAN_POINT ( 'NONE',  ( 1.980384757729337641, -0.8203022253684580933, -4.250000000000001776 ) ) ;
#4365 = CARTESIAN_POINT ( 'NONE',  ( 1.035533905932743970, 2.500000000000000444, 1.949999999999996625 ) ) ;
#4366 = CARTESIAN_POINT ( 'NONE',  ( 0.000000000000000000, 1.980384757729328982, 0.6999999999999992895 ) ) ;
#4367 = CARTESIAN_POINT ( 'NONE',  ( 0.000000000000000000, -2.602085213965210642E-15, -8.500000000000000000 ) ) ;
#4368 = CARTESIAN_POINT ( 'NONE',  ( -2.543301270189230578, -8.957171948560311498E-15, 2.174999999999998046 ) ) ;
#4369 = CARTESIAN_POINT ( 'NONE',  ( -1.980384757729338085, -8.991640643818871886E-15, -2.300000000000001599 ) ) ;
#4370 = CARTESIAN_POINT ( 'NONE',  ( -2.500000000000010658, -1.035533905932750853, -0.2499999999999997780 ) ) ;
#4371 = CARTESIAN_POINT ( 'NONE',  ( 2.500000000000010658, -9.572146786230802611E-15, -7.099999999999999645 ) ) ;
#4372 = EDGE_CURVE ( 'NONE', #4418, #1722, #3481, .T. ) ;
#4373 = ORIENTED_EDGE ( 'NONE', *, *, #2409, .T. ) ;
#4374 = CARTESIAN_POINT ( 'NONE',  ( 0.8203022253684493226, 1.980384757729328538, 1.549999999999997380 ) ) ;
#4375 = CARTESIAN_POINT ( 'NONE',  ( -2.425271854633440422E-16, -1.980384757729347189, -3.600000000000001421 ) ) ;
#4376 = CARTESIAN_POINT ( 'NONE',  ( 2.500000000000010658, -9.572146786230802611E-15, 2.500000000000000444 ) ) ;
#4377 = CARTESIAN_POINT ( 'NONE',  ( -2.141507235646912033, -0.2882590297985428984, 2.415128358102156980 ) ) ;
#4378 = ORIENTED_EDGE ( 'NONE', *, *, #3501, .T. ) ;
#4379 = CARTESIAN_POINT ( 'NONE',  ( 1.798385574751164784, 1.798385574751154792, -2.175000000000001599 ) ) ;
#4380 = CARTESIAN_POINT ( 'NONE',  ( 1.798385574751165228, 1.798385574751155236, -3.725000000000001865 ) ) ;
#4381 = CARTESIAN_POINT ( 'NONE',  ( -1.980384757729338085, 0.8203022253684389975, -6.250000000000003553 ) ) ;
#4382 = CARTESIAN_POINT ( 'NONE',  ( 2.500000000000010658, -9.572146786230802611E-15, -3.900000000000000355 ) ) ;
#4383 = CARTESIAN_POINT ( 'NONE',  ( -2.500000000000010658, -8.959823386657123714E-15, 0.5999999999999962030 ) ) ;
#4384 = ADVANCED_FACE ( 'NONE', ( #1087 ), #1789, .F. ) ;
#4385 = CARTESIAN_POINT ( 'NONE',  ( -1.980384757729338085, 0.8203022253684389975, 0.04999999999999796274 ) ) ;
#4386 = CARTESIAN_POINT ( 'NONE',  ( 0.000000000000000000, -2.602085213965210642E-15, -8.500000000000000000 ) ) ;
#4387 = CARTESIAN_POINT ( 'NONE',  ( -1.980384757729338085, -0.8203022253684569831, -2.150000000000001688 ) ) ;
#4388 = DIRECTION ( 'NONE',  ( -1.000000000000000000, 0.000000000000000000, 0.000000000000000000 ) ) ;
#4389 = CARTESIAN_POINT ( 'NONE',  ( -1.980384757729338085, -8.991640643818871886E-15, 0.09999999999999939493 ) ) ;
#4390 = CARTESIAN_POINT ( 'NONE',  ( -1.999999999999997335, 1.154700538379249686, 8.337322042762471241 ) ) ;
#4391 = CARTESIAN_POINT ( 'NONE',  ( 2.500000000000010658, -9.572146786230802611E-15, -1.500000000000000000 ) ) ;
#4392 = CARTESIAN_POINT ( 'NONE',  ( 0.8203022253684477683, -1.980384757729347633, -2.050000000000001599 ) ) ;
#4393 = CARTESIAN_POINT ( 'NONE',  ( 2.500000000000010658, -9.572146786230802611E-15, 0.09999999999999982514 ) ) ;
#4394 = FACE_OUTER_BOUND ( 'NONE', #3281, .T. ) ;
#4395 = ORIENTED_EDGE ( 'NONE', *, *, #1189, .T. ) ;
#4396 = CARTESIAN_POINT ( 'NONE',  ( 0.000000000000000000, 1.980384757729328982, 1.599999999999998979 ) ) ;
#4397 = LINE ( 'NONE', #2323, #3417 ) ;
#4398 = CARTESIAN_POINT ( 'NONE',  ( 2.271287952849731617, -9.530133064760446952E-15, 2.732046961989118561 ) ) ;
#4399 = ORIENTED_EDGE ( 'NONE', *, *, #922, .F. ) ;
#4400 = CARTESIAN_POINT ( 'NONE',  ( 2.543301270189230134, 1.053469879313090329, 2.574999999999999289 ) ) ;
#4401 = AXIS2_PLACEMENT_3D ( 'NONE', #1712, #3096, #2033 ) ;
#4402 = CARTESIAN_POINT ( 'NONE',  ( 1.798385574751164562, -1.798385574751174332, -5.525000000000002132 ) ) ;
#4403 = CARTESIAN_POINT ( 'NONE',  ( 1.980384757729337641, 0.8203022253684393306, -7.350000000000002309 ) ) ;
#4404 = CARTESIAN_POINT ( 'NONE',  ( 0.000000000000000000, -9.107298248878237246E-15, 3.500000000000001332 ) ) ;
#4405 = CARTESIAN_POINT ( 'NONE',  ( -1.035533905932742194, 2.500000000000001776, -6.750000000000003553 ) ) ;
#4406 = B_SPLINE_CURVE_WITH_KNOTS ( 'NONE', 3,
 ( #771, #2199, #2132, #4247, #3523, #1517, #410, #1176, #51, #726, #2106, #3479, #3173, #4186, #1108, #3851, #2995, #3282, #3985, #206, #572, #497, #4275, #549, #3609, #4363, #1971, #3350, #2244, #1635 ),
 .UNSPECIFIED., .F., .F.,
 ( 4, 2, 2, 2, 2, 2, 2, 2, 2, 2, 2, 2, 2, 2, 4 ),
 ( 0.02340650007038888245, 0.02426934218111932370, 0.02470076323648454780, 0.02513218429184976843, 0.02556360534721498906, 0.02599502640258020969, 0.02642644745794543379, 0.02685786851331065442, 0.02728928956867587852, 0.02772071062404109915, 0.02815213167940631978, 0.02858355273477154040, 0.02901497379013676450, 0.02944639484550198860, 0.03030923695623242986 ),
 .UNSPECIFIED. ) ;
#4407 = AXIS2_PLACEMENT_3D ( 'NONE', #4167, #2495, #1389 ) ;
#4408 = CARTESIAN_POINT ( 'NONE',  ( -1.400343491548893038, 1.400343491548883934, -1.600000000000001643 ) ) ;
#4409 = CARTESIAN_POINT ( 'NONE',  ( -2.425271854633440422E-16, -1.980384757729347189, -3.600000000000001421 ) ) ;
#4410 = CARTESIAN_POINT ( 'NONE',  ( 1.700000000000003730, -2.602085213965210642E-15, -8.499999999999996447 ) ) ;
#4411 = CARTESIAN_POINT ( 'NONE',  ( -0.8203022253684481013, -1.980384757729346967, -0.5500000000000020428 ) ) ;
#4412 = CARTESIAN_POINT ( 'NONE',  ( -0.6580159112963303025, 1.929495413240507551, 8.158939748639948419 ) ) ;
#4413 = VECTOR ( 'NONE', #1918, 1000.000000000000000 ) ;
#4414 = CARTESIAN_POINT ( 'NONE',  ( -2.500000000000010658, -8.959823386657123714E-15, 2.900000000000000355 ) ) ;
#4415 = CARTESIAN_POINT ( 'NONE',  ( 0.000000000000000000, 1.980384757729328982, 0.6999999999999992895 ) ) ;
#4416 = CARTESIAN_POINT ( 'NONE',  ( -1.767766952966376426, -1.767766952966385308, -7.300000000000003375 ) ) ;
#4417 = EDGE_LOOP ( 'NONE', ( #3554, #944, #3297, #883, #3627 ) ) ;
#4418 = VERTEX_POINT ( 'NONE', #1858 ) ;
#4419 = CARTESIAN_POINT ( 'NONE',  ( 0.8203022253684477683, -1.980384757729347633, 2.049999999999998046 ) ) ;
#4420 = DIRECTION ( 'NONE',  ( -0.000000000000000000, -0.000000000000000000, -1.000000000000000000 ) ) ;
#4421 = CARTESIAN_POINT ( 'NONE',  ( -1.622331322554584343, 1.377654844918051014, 2.327054023725827481 ) ) ;
#4422 = VERTEX_POINT ( 'NONE', #411 ) ;
#4423 = CARTESIAN_POINT ( 'NONE',  ( 2.543301270189230134, -9.580101100521239259E-15, 0.9249999999999987121 ) ) ;
#4424 = EDGE_CURVE ( 'NONE', #3947, #3951, #2469, .T. ) ;
#4425 = ORIENTED_EDGE ( 'NONE', *, *, #2487, .T. ) ;
#4426 = CARTESIAN_POINT ( 'NONE',  ( -2.543301270189230578, -8.957171948560311498E-15, -4.225000000000002309 ) ) ;
#4427 = CARTESIAN_POINT ( 'NONE',  ( 0.000000000000000000, 1.980384757729328982, -7.200000000000002842 ) ) ;
#4428 = CARTESIAN_POINT ( 'NONE',  ( -2.543301270189230134, -8.957171948560311498E-15, -7.475000000000001421 ) ) ;
#4429 = ORIENTED_EDGE ( 'NONE', *, *, #4150, .T. ) ;
#4430 = CARTESIAN_POINT ( 'NONE',  ( 1.980384757729338085, -9.476695014745558097E-15, -2.700000000000001066 ) ) ;
#4431 = CARTESIAN_POINT ( 'NONE',  ( 0.000000000000000000, 2.500000000000001332, -2.900000000000000355 ) ) ;
#4432 = CARTESIAN_POINT ( 'NONE',  ( -0.8203022253684478793, 1.980384757729328982, -0.05000000000000143219 ) ) ;
#4433 = FACE_OUTER_BOUND ( 'NONE', #2440, .T. ) ;
#4434 = CARTESIAN_POINT ( 'NONE',  ( -1.767766952966376204, -1.767766952966385086, 2.999999999999999556 ) ) ;
#4435 = CARTESIAN_POINT ( 'NONE',  ( 2.476534132618023687, 0.1946466444678689733, 3.295956206331824845 ) ) ;
#4436 = CARTESIAN_POINT ( 'NONE',  ( 1.035533905932743748, 2.500000000000001776, -5.350000000000000533 ) ) ;
#4437 = DIRECTION ( 'NONE',  ( 1.000000000000000000, 0.000000000000000000, -0.000000000000000000 ) ) ;
#4438 = VERTEX_POINT ( 'NONE', #2174 ) ;
#4439 = CARTESIAN_POINT ( 'NONE',  ( 1.980384757729337641, 0.8203022253684393306, 3.049999999999998934 ) ) ;
#4440 = DIRECTION ( 'NONE',  ( -0.000000000000000000, -0.000000000000000000, 1.000000000000000000 ) ) ;
#4441 = CARTESIAN_POINT ( 'NONE',  ( -2.132924988207570483, 0.2749317786323564605, 2.388479757177952134 ) ) ;
#4442 = ORIENTED_EDGE ( 'NONE', *, *, #1939, .F. ) ;
#4443 = CARTESIAN_POINT ( 'NONE',  ( 0.000000000000000000, 2.543301270189221253, 0.3249999999999989009 ) ) ;
#4444 = CARTESIAN_POINT ( 'NONE',  ( 2.543301270189230578, -1.053469879313109425, -0.6750000000000020428 ) ) ;
#4445 = CARTESIAN_POINT ( 'NONE',  ( -1.980384757729338085, 0.8203022253684389975, -2.250000000000001776 ) ) ;
#4446 = FACE_OUTER_BOUND ( 'NONE', #4311, .T. ) ;
ENDSEC;
END-ISO-10303-21;
